pathtime,mj_vx,mj_vy,cc_tgt,px,py,pz,vx,vy,vz,ax,ay,az
0,0.0,0.0,0,-0.009115340188145638,0.020618386566638947,-2.58984375,0.01200478058308363,0.006354046985507011,0.0014579022536054254,-0.0028007852379232645,-0.017575670033693314,0.015108845196664333
0,0.0,0.0,0,-0.00876501016318798,0.02073662541806698,-2.58984375,0.012163020670413971,0.006195647642016411,0.0015489938668906689,0.00239269039593637,-0.02477138303220272,0.009581445716321468
0,0.0,0.0,0,-0.008419298566877842,0.020852165296673775,-2.5898590087890625,0.012307533994317055,0.006099071353673935,0.0016240420518442988,0.0011280184844508767,-0.016902396455407143,0.007625668775290251
0,0.0,0.0,0,-0.0080783786252141,0.02096531353890896,-2.5898590087890625,0.012371417135000229,0.005986930802464485,0.0017845940310508013,-0.008511723950505257,-0.018710363656282425,0.018361954018473625
0,0.0,0.0,0,-0.007410546764731407,0.021184271201491356,-2.5898590087890625,0.012603893876075745,0.005744487978518009,0.0020380448549985886,-0.0009629292762838304,-0.020801544189453125,0.015939584001898766
0,0.0,0.0,0,-0.00703964289277792,0.021274195984005928,-2.58984375,0.012715911492705345,0.0056191314943134785,0.002186786849051714,-0.005617773160338402,-0.018697340041399002,0.01627206616103649
0,0.0,0.0,0,-0.006674005184322596,0.02136201225221157,-2.5898284912109375,0.012818926014006138,0.005473117344081402,0.0022688836324959993,-0.0062332358211278915,-0.021189406514167786,0.008006113581359386
0,0.0,0.0,0,-0.006313276011496782,0.02144778147339821,-2.589813232421875,0.012956627644598484,0.005377748981118202,0.0022831950336694717,-0.0014016976347193122,-0.014768886379897594,-0.0004041939682792872
0,0.0,0.0,0,-0.005559203214943409,0.021595943719148636,-2.5897674560546875,0.013150806538760662,0.005078679416328669,0.0024888175539672375,-0.006250389385968447,-0.01945302076637745,0.01289322879165411
0,0.0,0.0,0,-0.005166160874068737,0.02165861241519451,-2.589752197265625,0.01333297323435545,0.004937313962727785,0.0025906201917678118,0.0010957882041111588,-0.018908310681581497,0.010513699613511562
0,0.0,0.0,0,-0.0047784242779016495,0.02171955071389675,-2.5897216796875,0.013419108465313911,0.004797634668648243,0.0026696703862398863,-0.010344868525862694,-0.018651025369763374,0.007731373887509108
0,0.0,0.0,0,-0.004396260716021061,0.02177875116467476,-2.5897064208984375,0.01350459922105074,0.004667563829571009,0.0027872673235833645,-0.009877231903374195,-0.01740431971848011,0.012731178663671017
0,0.0,0.0,0,-0.003571008564904332,0.021838529035449028,-2.58966064453125,0.013674813322722912,0.004288571886718273,0.0029673248063772917,-0.0136836227029562,-0.020943494513630867,0.008572823368012905
0,0.0,0.0,0,-0.003167730523273349,0.02186622843146324,-2.589630126953125,0.013705305755138397,0.0040887463837862015,0.002989697502925992,-0.018792415037751198,-0.0236711073666811,0.000698491872753948
0,0.0,0.0,0,-0.002770515624433756,0.02189246192574501,-2.589599609375,0.013773881830275059,0.003919659182429314,0.003076211316511035,-0.013444755226373672,-0.019848022609949112,0.008774920366704464
0,0.0,0.0,0,-0.002333403332158923,0.021902162581682205,-2.5895843505859375,0.013870076276361942,0.003748509334400296,0.0031272126361727715,-0.013517099432647228,-0.019170841202139854,0.004931352566927671
0,0.0,0.0,0,-0.001477822894230485,0.02191820554435253,-2.5895538330078125,0.014072573743760586,0.00336897699162364,0.0032122337725013494,-0.01692681573331356,-0.02466605417430401,0.005060340743511915
0,0.0,0.0,0,-0.0010594374034553766,0.021924244239926338,-2.58953857421875,0.014161515049636364,0.0031802598387002945,0.003260966157540679,-0.012481684796512127,-0.021492794156074524,0.004685483407229185
0,0.0,0.0,0,-0.000603013439103961,0.021910814568400383,-2.5895233154296875,0.014195987954735756,0.0029830250423401594,0.0032451001461595297,-0.022661499679088593,-0.021674610674381256,-0.0030305234249681234
0,0.0,0.0,0,-0.00015392729255836457,0.02189662493765354,-2.589508056640625,0.014230044558644295,0.0028241602703928947,0.0032509134616702795,-0.022010279819369316,-0.01694026030600071,-0.00029196959803812206
0,0.0,0.0,0,0.0007230925257317722,0.021867282688617706,-2.5894775390625,0.01422725711017847,0.0025027391966432333,0.003161225700750947,-0.030763881281018257,-0.018578223884105682,-0.006955116521567106
0,0.0,0.0,0,0.0011906627332791686,0.02184438705444336,-2.5894775390625,0.014259974472224712,0.0023340624757111073,0.0030827070586383343,-0.023976458236575127,-0.01884591579437256,-0.010052229277789593
0,0.0,0.0,0,0.0016507746186107397,0.021820982918143272,-2.5894622802734375,0.01428863126784563,0.0021763434633612633,0.0030728252604603767,-0.023753762245178223,-0.01751864142715931,-0.0014672985998913646
0,0.0,0.0,0,0.0021035049576312304,0.02179681695997715,-2.5894622802734375,0.01430793758481741,0.001950049540027976,0.003036974696442485,-0.024212053045630455,-0.026131438091397285,-0.004778150003403425
0,0.0,0.0,0,0.0030094189569354057,0.021741418167948723,-2.5894622802734375,0.014347653836011887,0.0016592518659308553,0.0030127207282930613,-0.0198578629642725,-0.01679448038339615,-0.007224734406918287
0,0.0,0.0,0,0.0034625970292836428,0.021710732951760292,-2.589447021484375,0.014328435994684696,0.0015109202358871698,0.0029998861718922853,-0.028793498873710632,-0.017277508974075317,-0.0018938443390652537
0,0.0,0.0,0,0.003908646292984486,0.0216798335313797,-2.589447021484375,0.014332153834402561,0.0013632432091981173,0.002986519830301404,-0.025300461798906326,-0.01724846474826336,-0.0019534488674253225
0,0.0,0.0,0,0.004347467795014381,0.021648747846484184,-2.589447021484375,0.014324905350804329,0.0012392112985253334,0.003026221413165331,-0.026002421975135803,-0.014306513592600822,0.004686880391091108
0,0.0,0.0,0,0.005252533126622438,0.021558858454227448,-2.5894317626953125,0.014300324954092503,0.0009526247740723193,0.003016136586666107,-0.026728112250566483,-0.014441434293985367,-0.005869194399565458
0,0.0,0.0,0,0.005693684332072735,0.021514052525162697,-2.58941650390625,0.014256580732762814,0.0008135035750456154,0.003027309663593769,-0.030538946390151978,-0.016088660806417465,0.000991392764262855
0,0.0,0.0,0,0.006127403117716312,0.021469103172421455,-2.58941650390625,0.01420960295945406,0.0006458395509980619,0.00297977845184505,-0.030291523784399033,-0.019674038514494896,-0.006336252670735121
0,0.0,0.0,0,0.006553516257554293,0.021424049511551857,-2.5894012451171875,0.014112153090536594,0.0005182850873097777,0.00299507612362504,-0.035966161638498306,-0.014677219092845917,0.001527368905954063
0,0.0,0.0,0,0.007438704837113619,0.021302461624145508,-2.5893707275390625,0.013926913030445576,0.0003147902898490429,0.0030445284210145473,-0.03277362138032913,-0.010014217346906662,-0.001189764472655952
0,0.0,0.0,0,0.007869861088693142,0.021242553368210793,-2.5893707275390625,0.013848170638084412,0.00016594499174971133,0.003037075512111187,-0.03418229520320892,-0.016928542405366898,-0.0012409872142598033
0,0.0,0.0,0,0.008293498307466507,0.021182894706726074,-2.58935546875,0.01379396952688694,3.101094625890255e-05,0.002975849900394678,-0.03048039600253105,-0.01521827932447195,-0.007954890839755535
0,0.0,0.0,0,0.00872940756380558,0.021102186292409897,-2.589324951171875,0.013712024316191673,-6.363466673064977e-05,0.002907038666307926,-0.03478593751788139,-0.009219261817634106,-0.009221955202519894
0,0.0,0.0,0,0.009576790034770966,0.020944178104400635,-2.58929443359375,0.013447149656713009,-0.000248193449806422,0.002877595601603389,-0.03735877946019173,-0.00954555906355381,0.0006379559054039419
0,0.0,0.0,0,0.009988582693040371,0.020866645500063896,-2.589263916015625,0.013331694528460503,-0.0003751132171601057,0.0028725338634103537,-0.037097733467817307,-0.013416106812655926,-0.0012046656338497996
0,0.0,0.0,0,0.010410549119114876,0.02077002078294754,-2.5892486572265625,0.013244420289993286,-0.0004727393970824778,0.0028720851987600327,-0.03436519578099251,-0.008853952400386333,-0.0011320224730297923
0.0,0.008774268,0.062152155,0,0.010824423283338547,0.02067486010491848,-2.5892181396484375,0.013069689273834229,-0.0005761245847679675,0.002872430020943284,-0.044680897146463394,-0.009650307707488537,-0.0010030342964455485
0.0,0.008774268,0.062152155,0,0.011629332788288593,0.02048790082335472,-2.5891571044921875,0.012899119406938553,-0.0008132827933877707,0.00280245253816247,-0.031436171382665634,-0.0100456103682518,-0.008453148417174816
0.0,0.008774268,0.062152155,0,0.012046191841363907,0.020369097590446472,-2.589141845703125,0.012754105031490326,-0.0009429394849576056,0.002804242540150881,-0.04163609817624092,-0.01116663683205843,-0.0002910382754635066
0.0,0.008774268,0.062152155,0,0.012454833835363388,0.02025163173675537,-2.589111328125,0.012627880088984966,-0.001135531929321587,0.002814092906191945,-0.03866644948720932,-0.01915586367249489,0.0007301568402908742
0.0,0.008774268,0.062152155,0,0.012855615466833115,0.020135456696152687,-2.5890960693359375,0.012479446828365326,-0.0012697729980573058,0.002814561128616333,-0.04083741456270218,-0.01198033057153225,-0.00042933967779390514
0.0,0.008774268,0.062152155,0,0.013668647967278957,0.019887402653694153,-2.5890350341796875,0.012165099382400513,-0.0015377390664070845,0.002832930302247405,-0.04189978539943695,-0.010140582919120789,0.0037481074687093496
0.0,0.008774268,0.062152155,0,0.014080568216741085,0.019756056368350983,-2.589019775390625,0.01198613177984953,-0.0016804005717858672,0.0028686325531452894,-0.046140436083078384,-0.01220120768994093,0.004011205863207579
0.0,0.008774268,0.062152155,0,0.014483500272035599,0.01962633803486824,-2.5889892578125,0.011716428212821484,-0.001786549692042172,0.002604316221550107,-0.05685090273618698,-0.0077758063562214375,-0.03347918018698692
0.0,0.008774268,0.062152155,0,0.014877467416226864,0.019498851150274277,-2.588958740234375,0.01150132343173027,-0.0018106178613379598,0.0019867196679115295,-0.0494106262922287,0.0023493748158216476,-0.07777660340070724
0.0,0.008774268,0.062152155,0,0.01572825387120247,0.01921643316745758,-2.5889129638671875,0.011189793236553669,-0.0018218240002170205,-0.0002125537139363587,-0.04653104767203331,0.007811983115971088,-0.15594856441020966
0.0,0.008774268,0.062152155,0,0.0161404050886631,0.0190800242125988,-2.588897705078125,0.011045785620808601,-0.001737915095873177,-0.0017035433556884527,-0.042951181530952454,0.016417117789387703,-0.18703144788742065
0.0,0.008774268,0.062152155,0,0.01654425635933876,0.018947193399071693,-2.588897705078125,0.010933706536889076,-0.0016094797756522894,-0.0033838243689388037,-0.0382937490940094,0.021836519241333008,-0.2106749266386032
0.0,0.008774268,0.062152155,0,0.016991963610053062,0.01880260929465294,-2.588897705078125,0.01083599217236042,-0.0013752077938988805,-0.00512103084474802,-0.04118158295750618,0.03560503572225571,-0.21832062304019928
0.0,0.008774268,0.062152155,0,0.017860250547528267,0.01853048987686634,-2.588958740234375,0.01055106334388256,-0.0005731811979785562,-0.008940630592405796,-0.04836265370249748,0.061364710330963135,-0.24100857973098755
0.0,0.008774268,0.062152155,0,0.018280623480677605,0.01840425655245781,-2.5890045166015625,0.010356585495173931,-7.705870666541159e-05,-0.010781693272292614,-0.0510147362947464,0.06787542253732681,-0.23118777573108673
0.0,0.008774268,0.062152155,0,0.018731005489826202,0.018262440338730812,-2.5890655517578125,0.01021480280905962,0.0006057426799088717,-0.012626231648027897,-0.04754134267568588,0.09251128882169724,-0.23263971507549286
0.0,0.008774268,0.062152155,0,0.01917188987135887,0.01812971569597721,-2.5891265869140625,0.010041487403213978,0.0013596597127616405,-0.014423281885683537,-0.05068592727184296,0.10122141242027283,-0.22664478421211243
0.0,0.008774268,0.062152155,0,0.020025206729769707,0.01789500191807747,-2.58929443359375,0.009707585908472538,0.0032565994188189507,-0.017796453088521957,-0.04590344801545143,0.12764014303684235,-0.21334503591060638
0.0,0.008774268,0.062152155,0,0.020438177511096,0.01779431849718094,-2.5894012451171875,0.009515912272036076,0.0043556829914450645,-0.019361134618520737,-0.050713419914245605,0.14385700225830078,-0.1974319964647293
0.0,0.008774268,0.062152155,0,0.020888878032565117,0.01768953539431095,-2.5895233154296875,0.009314579889178276,0.005554737523198128,-0.020863251760601997,-0.05594112351536751,0.15691238641738892,-0.1899529993534088
0.0,0.008774268,0.062152155,0,0.021329320967197418,0.01759803295135498,-2.58966064453125,0.009065413847565651,0.006856878753751516,-0.022220471873879433,-0.061096955090761185,0.1696223020553589,-0.17144577205181122
0.0,0.008774268,0.062152155,0,0.02217983640730381,0.017458181828260422,-2.5899658203125,0.008543426170945168,0.009813589043915272,-0.02462725341320038,-0.06584048271179199,0.2014731764793396,-0.14465627074241638
0.0,0.008774268,0.062152155,0,0.02264304645359516,0.017398033291101456,-2.590118408203125,0.008264419622719288,0.011411226354539394,-0.025705039501190186,-0.06755661964416504,0.20677737891674042,-0.13716937601566315
0.0,0.008774268,0.062152155,0,0.02309514209628105,0.017354439944028854,-2.59027099609375,0.007982115261256695,0.013127727434039116,-0.026604535058140755,-0.06709305942058563,0.22147676348686218,-0.11481297761201859
0.0,0.008774268,0.062152155,0,0.023535894230008125,0.01732814311981201,-2.5904388427734375,0.0075868577696383,0.014919547364115715,-0.027392521500587463,-0.08035874366760254,0.23075872659683228,-0.1008063480257988
0.0,0.008774268,0.062152155,0,0.024417880922555923,0.01731478050351143,-2.5907745361328125,0.006796904839575291,0.018579600378870964,-0.028599610552191734,-0.08243551850318909,0.23583278059959412,-0.0700419694185257
0.0,0.008774268,0.062152155,0,0.024858849123120308,0.017328331246972084,-2.5909576416015625,0.0064193145371973515,0.020492542535066605,-0.02909952774643898,-0.07901139557361603,0.24599482119083405,-0.06520421802997589
0.0,0.008774268,0.062152155,0,0.025287600234150887,0.01736072637140751,-2.59112548828125,0.005927482154220343,0.022473258897662163,-0.02950059436261654,-0.09243515133857727,0.25439924001693726,-0.05276966467499733
0.0,0.008774268,0.062152155,0,0.025703858584165573,0.01741260290145874,-2.59130859375,0.0053965081460773945,0.024557214230298996,-0.029817719012498856,-0.09649518132209778,0.26724401116371155,-0.04220055043697357
0.0,0.008774268,0.062152155,0,0.026559721678495407,0.017547715455293655,-2.5916595458984375,0.004167672712355852,0.028651103377342224,-0.03025776334106922,-0.10931118577718735,0.2657040059566498,-0.02861069329082966
0.0,0.008774268,0.062152155,0,0.026966555044054985,0.017643960192799568,-2.591827392578125,0.003563330974429846,0.030705779790878296,-0.030314337462186813,-0.10570402443408966,0.26393407583236694,-0.010400078259408474
0.0,0.008774268,0.062152155,0,0.027359848842024803,0.017760179936885834,-2.5919952392578125,0.002890582662075758,0.03285209462046623,-0.03031432069838047,-0.11345183849334717,0.27532628178596497,-0.0032288951333612204
0.0,0.008774268,0.062152155,0,0.027761226519942284,0.017883777618408203,-2.5921478271484375,0.0021542629692703485,0.03505013883113861,-0.030270637944340706,-0.12215621769428253,0.28179657459259033,0.0013867391971871257
0.0,0.008774268,0.062152155,0,0.028520962223410606,0.01819327473640442,-2.59246826171875,0.0007119301008060575,0.039388906210660934,-0.030111990869045258,-0.1191171258687973,0.28007423877716064,0.008036847226321697
0.0,0.008774268,0.062152155,0,0.028879821300506592,0.018378786742687225,-2.592620849609375,-3.7159770727157593e-07,0.04150242730975151,-0.02988496422767639,-0.11683662235736847,0.27102795243263245,0.024653038010001183
0.0,0.008774268,0.062152155,0,0.029229948297142982,0.01857227087020874,-2.5927581787109375,-0.0007294764509424567,0.043622616678476334,-0.029580578207969666,-0.11782689392566681,0.2721571922302246,0.033101994544267654
0.0,0.008774268,0.062152155,0,0.029565976932644844,0.018786223605275154,-2.5928955078125,-0.001563460798934102,0.045782290399074554,-0.02925085462629795,-0.13024166226387024,0.2770060896873474,0.036414243280887604
0.0,0.008774268,0.062152155,0,0.030187619850039482,0.019267112016677856,-2.5931549072265625,-0.0032660828437656164,0.050085604190826416,-0.028369884938001633,-0.1309317797422409,0.27359285950660706,0.05197012424468994
0.0,0.008774268,0.062152155,0,0.030461473390460014,0.019518587738275528,-2.59326171875,-0.004183831624686718,0.05213650315999985,-0.027816446498036385,-0.13527870178222656,0.2654150426387787,0.0630444809794426
0.0,0.008774268,0.062152155,0,0.030720774084329605,0.019789934158325195,-2.593353271484375,-0.005140906665474176,0.05416629835963249,-0.02729114331305027,-0.13966004550457,0.26261892914772034,0.05970755219459534
0.0,0.008774268,0.062152155,0,0.030965618789196014,0.020080910995602608,-2.59344482421875,-0.0060477363876998425,0.05616018921136856,-0.02670397236943245,-0.13285884261131287,0.25797027349472046,0.06761587411165237
0.0,0.008774268,0.062152155,0,0.03140728548169136,0.020703580230474472,-2.593597412109375,-0.007741269189864397,0.060062676668167114,-0.02527097798883915,-0.12442989647388458,0.24687829613685608,0.08851615339517593
0.0,0.008774268,0.062152155,0,0.031604379415512085,0.021034618839621544,-2.5936431884765625,-0.008628327399492264,0.0619393028318882,-0.0244609322398901,-0.12722288072109222,0.24386706948280334,0.09399838000535965
0.0,0.008774268,0.062152155,0,0.031784407794475555,0.021377921104431152,-2.5937042236328125,-0.009467671625316143,0.06380946934223175,-0.02369076944887638,-0.11997061967849731,0.2442675083875656,0.08922721445560455
0.0,0.008774268,0.062152155,0,0.031951479613780975,0.021739555522799492,-2.59375,-0.010339787229895592,0.06562044471502304,-0.022915925830602646,-0.12366066873073578,0.23664076626300812,0.09010405838489532
0.0,0.008774268,0.062152155,0,0.0322350449860096,0.022486960515379906,-2.59381103515625,-0.011974595487117767,0.06914659589529037,-0.02128874883055687,-0.11394361406564713,0.23023571074008942,0.09430339187383652
0.0,0.008774268,0.062152155,0,0.03235232084989548,0.022872580215334892,-2.59381103515625,-0.012756047770380974,0.0708208680152893,-0.02036808244884014,-0.10905034095048904,0.22140644490718842,0.1068711206316948
0.0,0.008774268,0.062152155,0,0.03245815634727478,0.023275159299373627,-2.59381103515625,-0.01347767561674118,0.07243336737155914,-0.019500024616718292,-0.10124742984771729,0.21339040994644165,0.10053440183401108
0.0,0.008774268,0.062152155,0,0.032552994787693024,0.02369403839111328,-2.59381103515625,-0.014158699661493301,0.07396591454744339,-0.01861577294766903,-0.09585138410329819,0.20310623943805695,0.10279099643230438
0.0,0.008774268,0.062152155,0,0.032696355134248734,0.024522608146071434,-2.59368896484375,-0.015678219497203827,0.07700471580028534,-0.0167199969291687,-0.10450314730405807,0.20204980671405792,0.10369903594255447
0.0,0.008774268,0.062152155,0,0.03274846076965332,0.024954024702310562,-2.5936279296875,-0.016457173973321915,0.07846961170434952,-0.015874864533543587,-0.10472285002470016,0.19809335470199585,0.09611155092716217
0.0,0.008774268,0.062152155,0,0.03278987109661102,0.025401070713996887,-2.59356689453125,-0.017119763419032097,0.07986356317996979,-0.01502692885696888,-0.08992541581392288,0.18884432315826416,0.096739262342453
0.0,0.008774268,0.062152155,0,0.03280285373330116,0.02582930028438568,-2.593475341796875,-0.017723744735121727,0.0812615156173706,-0.014193231239914894,-0.07895109057426453,0.19256184995174408,0.09307637065649033
0.0,0.008774268,0.062152155,0,0.032801952213048935,0.026731381192803383,-2.59326171875,-0.018855368718504906,0.08381104469299316,-0.012432396411895752,-0.07442045956850052,0.1733485460281372,0.10028667002916336
0.0,0.008774268,0.062152155,0,0.0327884815633297,0.027204258367419243,-2.5931549072265625,-0.019379986450076103,0.08508314937353134,-0.011602576822042465,-0.06855178624391556,0.17547468841075897,0.09353365004062653
0.0,0.008774268,0.062152155,0,0.03275230526924133,0.02765931375324726,-2.5930023193359375,-0.01985025778412819,0.08622270077466965,-0.010809673927724361,-0.05887775868177414,0.16178876161575317,0.0871238261461258
0.0,0.008774268,0.062152155,0,0.03270891308784485,0.028128381818532944,-2.5928497314453125,-0.020243125036358833,0.08737385272979736,-0.010050228796899319,-0.049113642424345016,0.16272872686386108,0.08334498107433319
0.0,0.008774268,0.062152155,0,0.03259994089603424,0.029099958017468452,-2.592559814453125,-0.02097827009856701,0.08943302929401398,-0.008531155996024609,-0.042353153228759766,0.14779150485992432,0.0809929296374321
0.0,0.008774268,0.062152155,0,0.032514479011297226,0.029561875388026237,-2.5923614501953125,-0.021282199770212173,0.09037613868713379,-0.0077813840471208096,-0.0339069701731205,0.14089733362197876,0.08105579018592834
0.0,0.008774268,0.062152155,0,0.03242352604866028,0.030036531388759613,-2.5921783447265625,-0.02156798355281353,0.0912642851471901,-0.007142925634980202,-0.031638458371162415,0.13342326879501343,0.0675092414021492
0.0,0.008774268,0.062152155,0,0.03232725337147713,0.03052355907857418,-2.59197998046875,-0.02182711474597454,0.09216555953025818,-0.006543497089296579,-0.028303949162364006,0.13447481393814087,0.06298767030239105
0.0,0.008774268,0.062152155,0,0.03209389001131058,0.031509749591350555,-2.5915679931640625,-0.022191820666193962,0.09391392022371292,-0.0054720500484108925,-0.009989980608224869,0.13133853673934937,0.0498797707259655
0.0,0.008774268,0.062152155,0,0.03195811063051224,0.03200913965702057,-2.5913543701171875,-0.022350406274199486,0.09481294453144073,-0.004981041885912418,-0.012099556624889374,0.13480256497859955,0.048745885491371155
0.0,0.008774268,0.062152155,0,0.031818926334381104,0.03252049908041954,-2.5911407470703125,-0.022456271573901176,0.09558533877134323,-0.004518748726695776,-0.0055946228094398975,0.1183793693780899,0.0455235093832016
0.0,0.008774268,0.062152155,0,0.03167688101530075,0.03304322808980942,-2.5909271240234375,-0.022483106702566147,0.09637270867824554,-0.004108804743736982,0.004204056691378355,0.11967534571886063,0.03933626785874367
0.0,0.008774268,0.062152155,0,0.03133947029709816,0.03407719358801842,-2.5904388427734375,-0.02254410833120346,0.09780573099851608,-0.0033499952405691147,0.011400818824768066,0.10956832766532898,0.028669366613030434
0.0,0.008774268,0.062152155,0,0.031168248504400253,0.03461050987243652,-2.5901947021484375,-0.022478505969047546,0.09848006814718246,-0.0030569774098694324,0.019115451723337173,0.10651321709156036,0.024350358173251152
0.0,0.008774268,0.062152155,0,0.03099566139280796,0.0351543202996254,-2.5899658203125,-0.022435365244746208,0.09914737939834595,-0.0027901332359761,0.01614896021783352,0.10505452007055283,0.02143624983727932
0.0,0.008774268,0.062152155,0,0.03079984150826931,0.03568590432405472,-2.5897216796875,-0.02232549339532852,0.09973260760307312,-0.0025377057027071714,0.027678141370415688,0.09642487019300461,0.019074881449341774
0.0,0.008774268,0.062152155,0,0.030406981706619263,0.036779094487428665,-2.5892333984375,-0.022091450169682503,0.10089021921157837,-0.0021215789020061493,0.029810186475515366,0.09671284258365631,0.011278781108558178
0.0,0.008774268,0.062152155,0,0.03021049313247204,0.03734060749411583,-2.5889892578125,-0.021876417100429535,0.1014801561832428,-0.002023240551352501,0.04012347012758255,0.09522707015275955,0.0008740461780689657
0.0,0.008774268,0.062152155,0,0.030014408752322197,0.0379076711833477,-2.5887603759765625,-0.02164342813193798,0.10196613520383835,-0.002027672016993165,0.042313992977142334,0.08253249526023865,-0.011633149348199368
0.0,0.008774268,0.062152155,0,0.029794855043292046,0.03846270591020584,-2.588531494140625,-0.021441087126731873,0.10248897969722748,-0.002030134666711092,0.041641734540462494,0.08866517245769501,-0.011208000592887402
0.0,0.008774268,0.062152155,0,0.029358839616179466,0.03960133343935013,-2.5880889892578125,-0.02095233090221882,0.10351838171482086,-0.002175837755203247,0.05273444205522537,0.08559107035398483,-0.023638827726244926
0.0,0.008774268,0.062152155,0,0.02914329618215561,0.04018442705273628,-2.587860107421875,-0.020628932863473892,0.10399343818426132,-0.0022513174917548895,0.05587058514356613,0.0808984711766243,-0.019568482413887978
0.0,0.008774268,0.062152155,0,0.028917409479618073,0.04075802490115166,-2.587646484375,-0.020276017487049103,0.10442884266376495,-0.0023052601609379053,0.06148604303598404,0.07735401391983032,-0.01635495387017727
0.0,0.008774268,0.062152155,0,0.02869373746216297,0.04134019836783409,-2.587432861328125,-0.01993943378329277,0.10479220747947693,-0.0024236300960183144,0.059102851897478104,0.06774184107780457,-0.02412590943276882
0.0,0.008774268,0.062152155,0,0.028254356235265732,0.0425293855369091,-2.5870208740234375,-0.019195927307009697,0.10560214519500732,-0.0027401656843721867,0.059520889073610306,0.07321605086326599,-0.028759239241480827
0.0,0.008774268,0.062152155,0,0.02801452949643135,0.043115805834531784,-2.586822509765625,-0.018816208466887474,0.10598771274089813,-0.0029001738876104355,0.06668972223997116,0.07127645611763,-0.028423497453331947
0.0,0.008774268,0.062152155,0,0.027778014540672302,0.04371054843068123,-2.5866241455078125,-0.01842229627072811,0.10633780062198639,-0.0030304077081382275,0.06806445866823196,0.06622718274593353,-0.024452803656458855
0.0,0.008774268,0.062152155,0,0.02754477597773075,0.044313397258520126,-2.5864410400390625,-0.018038513138890266,0.10672000795602798,-0.0031791299115866423,0.06640610098838806,0.06964396685361862,-0.02647656761109829
0.0,0.008774268,0.062152155,0,0.02706962823867798,0.04552655294537544,-2.586090087890625,-0.017161384224891663,0.1074010580778122,-0.003603310789912939,0.07698293030261993,0.06364547461271286,-0.03389967232942581
0.0,0.008774268,0.062152155,0,0.026828598231077194,0.04613686352968216,-2.5859222412109375,-0.0167015939950943,0.10776996612548828,-0.00383859989233315,0.07748308032751083,0.06772477924823761,-0.03618374094367027
0.0,0.008774268,0.062152155,0,0.02659144438803196,0.04675521329045296,-2.5857696533203125,-0.016325650736689568,0.10809320956468582,-0.004107707645744085,0.06656426936388016,0.0614314079284668,-0.04020938277244568
0.0,0.008774268,0.062152155,0,0.026357989758253098,0.04738103225827217,-2.5856170654296875,-0.015922538936138153,0.10836222022771835,-0.004399028141051531,0.06953102350234985,0.05408447980880737,-0.04279007762670517
0.0,0.008774268,0.062152155,0,0.025889264419674873,0.04863351956009865,-2.5853271484375,-0.015005482360720634,0.10889677703380585,-0.004967269953340292,0.07922552525997162,0.05244140326976776,-0.04261312633752823
0.0,0.008774268,0.062152155,0,0.025661811232566833,0.04927006736397743,-2.5851898193359375,-0.01451656874269247,0.10916315764188766,-0.005274180322885513,0.08021479099988937,0.053134895861148834,-0.044220589101314545
0.0,0.008774268,0.062152155,0,0.025438863784074783,0.04991370439529419,-2.585052490234375,-0.014060153625905514,0.10942444950342178,-0.00556821608915925,0.07572119683027267,0.051956430077552795,-0.04243570938706398
0.0,0.008774268,0.062152155,0,0.025203054770827293,0.050546567887067795,-2.5849151611328125,-0.013603894039988518,0.10966236889362335,-0.005882167723029852,0.07810529321432114,0.05049477890133858,-0.044621989130973816
0.0,0.008774268,0.062152155,0,0.024745870381593704,0.05183354392647743,-2.58465576171875,-0.012630644254386425,0.1101645976305008,-0.0064274524338543415,0.08314786106348038,0.05079304054379463,-0.041882969439029694
0.0,0.008774268,0.062152155,0,0.024524904787540436,0.05248764157295227,-2.5845489501953125,-0.012136374600231647,0.11045221239328384,-0.006678430829197168,0.08142012357711792,0.05503799766302109,-0.036278270184993744
0.0,0.008774268,0.062152155,0,0.02430083230137825,0.05313411355018616,-2.584442138671875,-0.011750622652471066,0.11064767837524414,-0.006891143042594194,0.06947999447584152,0.04455048218369484,-0.03132316842675209
0.0,0.008774268,0.062152155,0,0.024081306532025337,0.053787194192409515,-2.5843353271484375,-0.011279870755970478,0.11084961146116257,-0.00719938101246953,0.07959999144077301,0.044801101088523865,-0.04319427162408829
0.0,0.008774268,0.062152155,0,0.023867052048444748,0.05444711446762085,-2.584228515625,-0.010858823545277119,0.11108570545911789,-0.00751063646748662,0.07252304255962372,0.048426441848278046,-0.043429896235466
0.0,0.008774268,0.062152155,0,0.023435957729816437,0.05577210709452629,-2.5840606689453125,-0.00998848956078291,0.11149033159017563,-0.007886428385972977,0.0772138386964798,0.042316775768995285,-0.02576177753508091
0.0,0.008774268,0.062152155,0,0.023219680413603783,0.0564371719956398,-2.5839996337890625,-0.009536715224385262,0.1117020696401596,-0.008127505891025066,0.07777809351682663,0.04518905654549599,-0.03308616206049919
0.0,0.008774268,0.062152155,0,0.02300841361284256,0.05710863694548607,-2.58392333984375,-0.00907802116125822,0.11189484596252441,-0.008307013660669327,0.07812115550041199,0.042293731123209,-0.0252979788929224
0.0,0.008774268,0.062152155,0,0.022600745782256126,0.058470021933317184,-2.5838165283203125,-0.008256886154413223,0.11220701038837433,-0.008713512681424618,0.0671193078160286,0.037586770951747894,-0.02312753163278103
0.0,0.008774268,0.062152155,0,0.02239207550883293,0.05914723873138428,-2.5838165283203125,-0.007850132882595062,0.11243836581707001,-0.008922400884330273,0.07214637100696564,0.046755351126194,-0.026619525626301765
0.0,0.008774268,0.062152155,0,0.022189388051629066,0.05983142927289009,-2.5838165283203125,-0.007446489296853542,0.11261686682701111,-0.00914620142430067,0.0705498531460762,0.039465177804231644,-0.02846214734017849
0.0,0.008774268,0.062152155,0,0.021991414949297905,0.06052149087190628,-2.5838165283203125,-0.007064185105264187,0.11278360337018967,-0.009407563135027885,0.06737882643938065,0.03751350939273834,-0.03313645347952843
0.0,0.008774268,0.062152155,0,0.021589061245322227,0.06190894544124603,-2.5838470458984375,-0.0063227335922420025,0.1130821704864502,-0.009804750792682171,0.06606762856245041,0.03271211311221123,-0.01907395012676716
0.0,0.008774268,0.062152155,0,0.02138492465019226,0.0626060962677002,-2.583892822265625,-0.005958904512226582,0.11324770003557205,-0.010030456818640232,0.0664985328912735,0.036798860877752304,-0.026682855561375618
0.0,0.008774268,0.062152155,0,0.021185819059610367,0.06330922245979309,-2.5839385986328125,-0.005562272388488054,0.11341633647680283,-0.01020143274217844,0.0700635239481926,0.036730412393808365,-0.01987907849252224
0.0,0.008774268,0.062152155,0,0.020991571247577667,0.0640181377530098,-2.583984375,-0.005223267711699009,0.11357153952121735,-0.010369179770350456,0.06233644858002663,0.03460729122161865,-0.019423196092247963
0.0,0.008774268,0.062152155,0,0.020578743889927864,0.06543194502592087,-2.5840911865234375,-0.004643587861210108,0.11382915824651718,-0.010550618171691895,0.055886410176754,0.03223724290728569,-0.010500195436179638
0.0,0.008774268,0.062152155,0,0.020380841568112373,0.06614775955677032,-2.5841522216796875,-0.004314539488404989,0.11391487717628479,-0.010632854886353016,0.06134190782904625,0.025073865428566933,-0.007753259968012571
0.0,0.008774268,0.062152155,0,0.02018789015710354,0.06686883419752121,-2.5842132568359375,-0.0039708297699689865,0.11404384672641754,-0.010716109536588192,0.0626489445567131,0.03007456287741661,-0.007946974597871304
0.0,0.008774268,0.062152155,0,0.019975556060671806,0.06758994609117508,-2.58428955078125,-0.003621132578700781,0.11414831876754761,-0.010766380466520786,0.06612647324800491,0.026366762816905975,-0.0028666106518357992
0.0,0.008774268,0.062152155,0,0.019565271213650703,0.06904765218496323,-2.584442138671875,-0.0031240705866366625,0.11435122042894363,-0.010881252586841583,0.05583447217941284,0.025863029062747955,-0.0033034009393304586
0.0,0.008774268,0.062152155,0,0.019367525354027748,0.06978403776884079,-2.584503173828125,-0.002811125246807933,0.11443864554166794,-0.010937711223959923,0.059819310903549194,0.023124760016798973,-0.0039222645573318005
0.0,0.008774268,0.062152155,0,0.0191555917263031,0.07051907479763031,-2.5845947265625,-0.0025715124793350697,0.11451396346092224,-0.01092605758458376,0.052451252937316895,0.021184859797358513,0.005248002242296934
0.0,0.008774268,0.062152155,0,0.01894858479499817,0.07125897705554962,-2.5846710205078125,-0.0023331353440880775,0.11460555344820023,-0.010918539017438889,0.05170484259724617,0.02287779562175274,0.0046277414076030254
0.0,0.008774268,0.062152155,0,0.018551364541053772,0.0727538913488388,-2.5848236083984375,-0.0018274264875799417,0.11473973840475082,-0.010901959612965584,0.05231823772192001,0.017607685178518295,0.0037271527107805014
0.0,0.008774268,0.062152155,0,0.018342752009630203,0.07351332157850266,-2.5849151611328125,-0.0016342878807336092,0.11480119079351425,-0.010893996804952621,0.045260630548000336,0.01659316197037697,0.005625187885016203
0.0,0.008774268,0.062152155,0,0.01813911460340023,0.07427701354026794,-2.5850067138671875,-0.0013759732246398926,0.11484693735837936,-0.010850976221263409,0.05284588038921356,0.014366606250405312,0.009879468940198421
0.0,0.008774268,0.062152155,0,0.01794072426855564,0.0750449001789093,-2.5850982666015625,-0.0011157803237438202,0.11490830779075623,-0.010828590020537376,0.052533555775880814,0.016062341630458832,0.007119960617274046
0.1,0.0175559,0.11928379,0,0.017538709565997124,0.0765945166349411,-2.5852813720703125,-0.0007300762226805091,0.11507359892129898,-0.010678031481802464,0.04128735512495041,0.021479273214936256,0.013986601494252682
0.1,0.0175559,0.11928379,0,0.017334697768092155,0.07737640291452408,-2.5853729248046875,-0.0005872587789781392,0.11513909697532654,-0.010650655254721642,0.038588352501392365,0.015134495683014393,0.008054542355239391
0.1,0.0175559,0.11928379,0,0.017135003581643105,0.07816199213266373,-2.5854644775390625,-0.00047967879800125957,0.11511679738759995,-0.010481677018105984,0.03362840414047241,0.003946925513446331,0.025626270100474358
0.1,0.0175559,0.11928379,0,0.016939856112003326,0.07895106077194214,-2.5855712890625,-0.00029616185929626226,0.11518080532550812,-0.010337505489587784,0.04258091002702713,0.01452682726085186,0.022400634363293648
0.1,0.0175559,0.11928379,0,0.01653224229812622,0.08050521463155746,-2.58575439453125,-5.521978891920298e-05,0.11518111079931259,-0.010038954205811024,0.03277796134352684,0.004523306153714657,0.0247564148157835
0.1,0.0175559,0.11928379,0,0.01633503846824169,0.08128777891397476,-2.5858306884765625,3.727940202225e-05,0.11520469188690186,-0.010006513446569443,0.03086395561695099,0.01017242856323719,0.008121597580611706
0.1,0.0175559,0.11928379,0,0.01614205166697502,0.08207409083843231,-2.585906982421875,0.00014438775542657822,0.1152239516377449,-0.010196574963629246,0.03217215836048126,0.009418492205440998,-0.019803641363978386
0.1,0.0175559,0.11928379,0,0.015953321009874344,0.08286434412002563,-2.5859832763671875,0.00024293316528201103,0.11531989276409149,-0.010346611961722374,0.030597077682614326,0.01879490725696087,-0.014910007826983929
0.1,0.0175559,0.11928379,0,0.015529905445873737,0.08444739133119583,-2.5861358642578125,0.0003654810425359756,0.1156117171049118,-0.010312999598681927,0.025575730949640274,0.025713348761200905,0.008321831934154034
0.1,0.0175559,0.11928379,0,0.015324335545301437,0.08524607867002487,-2.5862274169921875,0.0003711558529175818,0.11580055952072144,-0.010302972979843616,0.02110784687101841,0.029720066115260124,0.0051758247427642345
0.1,0.0175559,0.11928379,0,0.015126241371035576,0.08605053275823593,-2.5863037109375,0.0004288537602405995,0.11603664606809616,-0.010367809794843197,0.025523554533720016,0.03534507751464844,-0.00429106829687953
0.1,0.0175559,0.11928379,0,0.014909560792148113,0.0868479385972023,-2.586395263671875,0.00040801402064971626,0.11639754474163055,-0.010329696349799633,0.01836429350078106,0.05157201737165451,0.008715781383216381
0.1,0.0175559,0.11928379,0,0.014488890767097473,0.08846335858106613,-2.5865631103515625,0.0005046144360676408,0.1172819510102272,-0.010038895532488823,0.02639828436076641,0.059799324721097946,0.027786007151007652
0.1,0.0175559,0.11928379,0,0.014285223558545113,0.0892820954322815,-2.5866546630859375,0.0005823402898386121,0.11790703237056732,-0.009803686290979385,0.029048308730125427,0.08404030650854111,0.03303307667374611
0.1,0.0175559,0.11928379,0,0.01406800001859665,0.0900961235165596,-2.58673095703125,0.0005892716581001878,0.11854208260774612,-0.009554918855428696,0.022294066846370697,0.08592060208320618,0.034300606697797775
0.1,0.0175559,0.11928379,0,0.013854917138814926,0.09091916680335999,-2.5868072509765625,0.000574238714762032,0.11928390711545944,-0.009275631047785282,0.018978185951709747,0.09907330572605133,0.03802729398012161
0.1,0.0175559,0.11928379,0,0.013440647162497044,0.09259536117315292,-2.586944580078125,0.0006059285369701684,0.12107411026954651,-0.00864733662456274,0.025325533002614975,0.12235260009765625,0.04281708598136902
0.1,0.0175559,0.11928379,0,0.013231695629656315,0.09345059096813202,-2.587005615234375,0.0006374567747116089,0.12212547659873962,-0.00833851471543312,0.02393936738371849,0.13651518523693085,0.041338611394166946
0.1,0.0175559,0.11928379,0,0.01302683912217617,0.09431768208742142,-2.587066650390625,0.0006076468271203339,0.12323909252882004,-0.00793454423546791,0.01574028842151165,0.14414715766906738,0.05315709486603737
0.1,0.0175559,0.11928379,0,0.01282551884651184,0.09519708156585693,-2.5871124267578125,0.0005542089929804206,0.12442610412836075,-0.007569239940494299,0.012270331382751465,0.1531728357076645,0.04825088754296303
0.1,0.0175559,0.11928379,0,0.012427263893187046,0.09699248522520065,-2.58721923828125,0.0005538587574847043,0.12694786489009857,-0.006808340549468994,0.020136546343564987,0.1616017073392868,0.05112029239535332
0.1,0.0175559,0.11928379,0,0.012230378575623035,0.0979088693857193,-2.5872802734375,0.0005266662919893861,0.12825839221477509,-0.006514049135148525,0.015674954280257225,0.16740769147872925,0.03959517553448677
0.1,0.0175559,0.11928379,0,0.012036984786391258,0.09883889555931091,-2.5873260498046875,0.000493582512717694,0.12962044775485992,-0.006221214309334755,0.014430384151637554,0.17376413941383362,0.03933580219745636
0.1,0.0175559,0.11928379,0,0.011847161687910557,0.09978265315294266,-2.587371826171875,0.00048516562674194574,0.13098262250423431,-0.005851448979228735,0.01701970398426056,0.1737193465232849,0.048879530280828476
0.1,0.0175559,0.11928379,0,0.011468044482171535,0.10172216594219208,-2.58746337890625,0.00037570821586996317,0.13393795490264893,-0.005126394797116518,0.012497111223638058,0.18689529597759247,0.04926742613315582
0.1,0.0175559,0.11928379,0,0.011284892447292805,0.10271383076906204,-2.5875091552734375,0.0003133488353341818,0.1354704201221466,-0.0047844466753304005,0.00873598549515009,0.19368906319141388,0.04540010914206505
0.1,0.0175559,0.11928379,0,0.011104661971330643,0.10372020304203033,-2.587554931640625,0.00022982151131145656,0.13698238134384155,-0.004420205485075712,0.005643744487315416,0.19114123284816742,0.04811398312449455
0.1,0.0175559,0.11928379,0,0.010925624519586563,0.10475286096334457,-2.58758544921875,0.00018317191279493272,0.13855908811092377,-0.004107033368200064,0.01033217366784811,0.19728980958461761,0.04196585714817047
0.1,0.0175559,0.11928379,0,0.010749462991952896,0.10580023378133774,-2.587615966796875,8.612462261226028e-05,0.14011497795581818,-0.0037819724529981613,0.0035909044090658426,0.19476187229156494,0.04337448254227638
0.1,0.0175559,0.11928379,0,0.010405000299215317,0.10793909430503845,-2.5876922607421875,-8.565740427002311e-05,0.14329223334789276,-0.0032699888106435537,0.002695788163691759,0.1992272287607193,0.03452039882540703
0.1,0.0175559,0.11928379,0,0.010226444341242313,0.1090615838766098,-2.5877227783203125,-0.00014930689940229058,0.14491979777812958,-0.0030079141724854708,0.008044294081628323,0.1996115744113922,0.035645436495542526
0.1,0.0175559,0.11928379,0,0.010050439275801182,0.11019834131002426,-2.5877532958984375,-0.0003046769998036325,0.14652089774608612,-0.0027176609728485346,-0.0038829382974654436,0.19647325575351715,0.03908853605389595
0.1,0.0175559,0.11928379,0,0.009877044707536697,0.11134807020425797,-2.5877838134765625,-0.00044573069317266345,0.14808842539787292,-0.002481103641912341,-0.002777051879093051,0.1927224099636078,0.03230152279138565
0.1,0.0175559,0.11928379,0,0.009536410681903362,0.11368848383426666,-2.5878448486328125,-0.0007664883742108941,0.15119342505931854,-0.0019563441164791584,-0.004965657368302345,0.19316409528255463,0.035231463611125946
0.1,0.0175559,0.11928379,0,0.009361684322357178,0.11491015553474426,-2.5878753662109375,-0.0008474497008137405,0.15273192524909973,-0.0016869085375219584,0.004839572124183178,0.1852489858865738,0.03621494024991989
0.1,0.0175559,0.11928379,0,0.009189564734697342,0.11614474654197693,-2.587890625,-0.0009395086672157049,0.1542833149433136,-0.0014189905487000942,0.002994018606841564,0.1870836317539215,0.03611808270215988
0.1,0.0175559,0.11928379,0,0.008852137252688408,0.11865291744470596,-2.58795166015625,-0.0012079526204615831,0.1573633849620819,-0.0009770805481821299,-0.0032968921586871147,0.18289917707443237,0.030833294615149498
0.1,0.0175559,0.11928379,0,0.008672067895531654,0.11995429545640945,-2.587982177734375,-0.0013854311546310782,0.15886928141117096,-0.000803524861112237,-0.007379773538559675,0.17849546670913696,0.024532897397875786
0.1,0.0175559,0.11928379,0,0.008492441847920418,0.12126592546701431,-2.5879974365234375,-0.0015800264663994312,0.16036160290241241,-0.0006044196779839694,-0.009512979537248611,0.17743006348609924,0.0276504997164011
0.1,0.0175559,0.11928379,0,0.00831462349742651,0.12258933484554291,-2.5880279541015625,-0.0017795076128095388,0.1618141233921051,-0.0003917690773960203,-0.010584401898086071,0.17270608246326447,0.029266810044646263
0.1,0.0175559,0.11928379,0,0.007936247624456882,0.125301793217659,-2.5880584716796875,-0.002108614193275571,0.16459961235523224,-3.3317512134090066e-05,-0.005307461600750685,0.1605605036020279,0.0257492046803236
0.1,0.0175559,0.11928379,0,0.007736076135188341,0.12668994069099426,-2.5880584716796875,-0.0023345109075307846,0.16598962247371674,0.00014581526920665056,-0.012009399943053722,0.1616315394639969,0.02430751733481884
0.1,0.0175559,0.11928379,0,0.007537652272731066,0.1280883550643921,-2.5880584716796875,-0.002576848492026329,0.1673336923122406,0.0003193127049598843,-0.01456317026168108,0.1561940759420395,0.023549886420369148
0.1,0.0175559,0.11928379,0,0.007341132499277592,0.12949684262275696,-2.5880584716796875,-0.0027858042158186436,0.16866858303546906,0.000450581283075735,-0.010871229693293571,0.15533839166164398,0.018219461664557457
0.1,0.0175559,0.11928379,0,0.007104614283889532,0.13094650208950043,-2.588043212890625,-0.0030632612761110067,0.1699834167957306,0.0005718265892937779,-0.015435644425451756,0.14922991394996643,0.016281845048069954
0.1,0.0175559,0.11928379,0,0.006636437028646469,0.13387098908424377,-2.5880126953125,-0.003693107981234789,0.1725127249956131,0.0008818567148409784,-0.02399265766143799,0.14329206943511963,0.026982275769114494
0.1,0.0175559,0.11928379,0,0.006404233630746603,0.13534541428089142,-2.5879974365234375,-0.003987803589552641,0.17372193932533264,0.0010181281249970198,-0.01880773715674877,0.1375131756067276,0.018073244020342827
0.1,0.0175559,0.11928379,0,0.006147928070276976,0.13685667514801025,-2.587982177734375,-0.00430466141551733,0.17492370307445526,0.0012070657685399055,-0.019436141476035118,0.13357149064540863,0.025067010894417763
0.1,0.0175559,0.11928379,0,0.005641385447233915,0.13990157842636108,-2.5879669189453125,-0.004982767626643181,0.17712879180908203,0.001407223055139184,-0.025860581547021866,0.1205434575676918,0.021276528015732765
0.1,0.0175559,0.11928379,0,0.005390896927565336,0.1414344310760498,-2.5879364013671875,-0.005282205063849688,0.17816495895385742,0.001547367894090712,-0.018949298188090324,0.11402194947004318,0.01884903572499752
0.1,0.0175559,0.11928379,0,0.005098179914057255,0.1429930180311203,-2.587921142578125,-0.005665294826030731,0.17923018336296082,0.0016572864260524511,-0.02503897249698639,0.11603023111820221,0.01509720366448164
0.1,0.0175559,0.11928379,0,0.004807817284017801,0.1445581465959549,-2.5879058837890625,-0.005999213084578514,0.18029184639453888,0.0017468768637627363,-0.01952766254544258,0.11598482728004456,0.012517905794084072
0.1,0.0175559,0.11928379,0,0.004234032705426216,0.14770497381687164,-2.5878753662109375,-0.006628330331295729,0.18220354616641998,0.0019602624233812094,-0.019454216584563255,0.10014985501766205,0.014155636541545391
0.1,0.0175559,0.11928379,0,0.0039029663894325495,0.14930662512779236,-2.5878753662109375,-0.0070088827051222324,0.18310336768627167,0.0019473062129691243,-0.021822212263941765,0.09546340256929398,8.288770186481997e-05
0.1,0.0175559,0.11928379,0,0.0035749459639191628,0.1509130746126175,-2.5878753662109375,-0.007298614364117384,0.1839829832315445,0.0019873895216733217,-0.011164254508912563,0.09333446621894836,0.006664543878287077
0.1,0.0175559,0.11928379,0,0.0032499907538294792,0.15252436697483063,-2.587860107421875,-0.0076748076826334,0.1848376840353012,0.002093639923259616,-0.022647343575954437,0.09060736000537872,0.014888587407767773
0.1,0.0175559,0.11928379,0,0.0025678237434476614,0.15577955543994904,-2.587860107421875,-0.008383013308048248,0.18642263114452362,0.002157163107767701,-0.020291127264499664,0.08053034543991089,0.009987968020141125
0.1,0.0175559,0.11928379,0,0.002211116487160325,0.15742267668247223,-2.587860107421875,-0.008745638653635979,0.1871635764837265,0.0021958600264042616,-0.0187432449311018,0.07549012452363968,0.006950459908694029
0.1,0.0175559,0.11928379,0,0.0018577228765934706,0.15906912088394165,-2.5878753662109375,-0.009051540866494179,0.18786220252513885,0.002200865186750889,-0.012353482656180859,0.07060325145721436,0.0026789491530507803
0.1,0.0175559,0.11928379,0,0.0015075852861627936,0.16071848571300507,-2.5878753662109375,-0.009408941492438316,0.18850523233413696,0.0021759229712188244,-0.01947118155658245,0.06404684484004974,-0.0009764916612766683
0.1,0.0175559,0.11928379,0,0.0011608470231294632,0.1623692661523819,-2.587890625,-0.009756846353411674,0.1892000138759613,0.0022057017777115107,-0.019123051315546036,0.07129281759262085,0.005806795787066221
0.1,0.0175559,0.11928379,0,0.00037815613904967904,0.1657114326953888,-2.5879364013671875,-0.010501141659915447,0.19045469164848328,0.002329709706827998,-0.018483944237232208,0.061077605932950974,0.007729976903647184
0.1,0.0175559,0.11928379,0,-7.865432962717023e-06,0.1673857569694519,-2.58795166015625,-0.0108284717425704,0.19098320603370667,0.0023776106536388397,-0.013009683229029179,0.05016419664025307,0.00876746978610754
0.1,0.0175559,0.11928379,0,-0.00039020751137286425,0.16906169056892395,-2.5879669189453125,-0.011145664379000664,0.191508486866951,0.0023680401500314474,-0.012459725141525269,0.05014754831790924,0.0015045515028759837
0.1,0.0175559,0.11928379,0,-0.0012496142880991101,0.17246206104755402,-2.588043212890625,-0.011850864626467228,0.1924809217453003,0.0024491525255143642,-0.012855904176831245,0.03997942805290222,0.009950715117156506
0.1,0.0175559,0.11928379,0,-0.0016730779316276312,0.17416328191757202,-2.5880889892578125,-0.01219109259545803,0.19289851188659668,0.002464711433276534,-0.011197606101632118,0.03569119796156883,0.006072222720831633
0.1,0.0175559,0.11928379,0,-0.002091143047437072,0.1758638173341751,-2.588134765625,-0.012545154429972172,0.19332198798656464,0.0024855504743754864,-0.01428491622209549,0.03714999929070473,0.006617512088268995
0.1,0.0175559,0.11928379,0,-0.0025464072823524475,0.17757557332515717,-2.58819580078125,-0.0128563167527318,0.19369687139987946,0.002501496346667409,-0.004799106623977423,0.03044363111257553,0.006768386345356703
0.2,0.026352255,0.17637871,0,-0.0034432720858603716,0.18099841475486755,-2.5883026123046875,-0.013535927049815655,0.1943425089120865,0.0024872589856386185,-0.006837902590632439,0.02351205423474312,0.00674836291000247
0.2,0.026352255,0.17637871,0,-0.0038851043209433556,0.18270906805992126,-2.588348388671875,-0.013864507898688316,0.19459983706474304,0.002511922735720873,-0.009530008770525455,0.016959434375166893,0.007460359018296003
0.2,0.026352255,0.17637871,0,-0.004360871389508247,0.18442969024181366,-2.588409423828125,-0.014182688668370247,0.19487522542476654,0.0025905994698405266,-0.004598927218466997,0.018701324239373207,0.01444201823323965
0.2,0.026352255,0.17637871,0,-0.004831328522413969,0.18614934384822845,-2.588470458984375,-0.014430858194828033,0.1950937658548355,0.0026163652073591948,0.0032510445453226566,0.012002665549516678,0.007966066710650921
0.2,0.026352255,0.17637871,0,-0.005757194943726063,0.18958404660224915,-2.588592529296875,-0.01497185230255127,0.19541038572788239,0.002718288218602538,0.004156763199716806,0.004964971449226141,0.012544914148747921
0.2,0.026352255,0.17637871,0,-0.006253798957914114,0.19130496680736542,-2.588653564453125,-0.015262290835380554,0.1955205798149109,0.0027060743886977434,7.367043144768104e-05,-0.000674477603752166,0.00320840603671968
0.2,0.026352255,0.17637871,0,-0.00674492958933115,0.19302377104759216,-2.588714599609375,-0.015530911274254322,0.19564686715602875,0.0027374648489058018,0.0018697549821808934,0.0017166802426800132,0.008523463271558285
0.2,0.026352255,0.17637871,0,-0.007230464369058609,0.19474054872989655,-2.588775634765625,-0.015754185616970062,0.1957259178161621,0.0027482302393764257,0.006630849093198776,-0.0038198346737772226,0.005813780706375837
0.2,0.026352255,0.17637871,0,-0.007710526697337627,0.1964549571275711,-2.5888214111328125,-0.0160110741853714,0.1957823485136032,0.0026711062528192997,0.001545172301121056,-0.006288877222687006,-0.005300156306475401
0.2,0.026352255,0.17637871,0,-0.008242026902735233,0.1981699913740158,-2.588897705078125,-0.016270756721496582,0.19585752487182617,0.0023469470907002687,0.007398796733468771,-0.0034758062101900578,-0.03550247848033905
0.2,0.026352255,0.17637871,0,-0.009286010637879372,0.20159322023391724,-2.58905029296875,-0.016674285754561424,0.19599874317646027,0.0017775548622012138,0.01733744516968727,-0.0019865308422595263,-0.024963168427348137
0.2,0.026352255,0.17637871,0,-0.009798339568078518,0.20330190658569336,-2.5891265869140625,-0.016884375363588333,0.19614453613758087,0.0015123642515391111,0.010610104538500309,0.006367325782775879,-0.028531530871987343
0.2,0.026352255,0.17637871,0,-0.01090456172823906,0.20671823620796204,-2.58929443359375,-0.01734902895987034,0.19638092815876007,0.0009720900561660528,0.012509244494140148,0.011557608842849731,-0.025758983567357063
0.2,0.026352255,0.17637871,0,-0.011445923708379269,0.20842421054840088,-2.589385986328125,-0.017485350370407104,0.1966145634651184,0.000729269115254283,0.022410016506910324,0.01870039477944374,-0.025242099538445473
0.2,0.026352255,0.17637871,0,-0.011980308219790459,0.21012969315052032,-2.5894775390625,-0.017649231478571892,0.19692134857177734,0.0005603376775979996,0.017952993512153625,0.028137875720858574,-0.016152391210198402
0.2,0.026352255,0.17637871,0,-0.012549533508718014,0.21182310581207275,-2.589569091796875,-0.01776018925011158,0.19734032452106476,0.00044393574353307486,0.028931764885783195,0.044792741537094116,-0.008723231963813305
0.2,0.026352255,0.17637871,0,-0.013665098696947098,0.21521331369876862,-2.5897674560546875,-0.017990920692682266,0.1982807219028473,0.0004326743073761463,0.03201691806316376,0.05840151757001877,0.010202637873589993
0.2,0.026352255,0.17637871,0,-0.014211131259799004,0.2169112116098404,-2.5898590087890625,-0.018046321347355843,0.19885863363742828,0.0005820145015604794,0.03265751153230667,0.0653235986828804,0.02400670014321804
0.2,0.026352255,0.17637871,0,-0.014749458990991116,0.21861174702644348,-2.5899505615234375,-0.018094288185238838,0.1995091736316681,0.0006879405700601637,0.03256908431649208,0.07462245225906372,0.0184266809374094
0.2,0.026352255,0.17637871,0,-0.01530422456562519,0.22030779719352722,-2.5900421142578125,-0.018067507073283195,0.20014286041259766,0.0008003452094271779,0.04430806636810303,0.07431098818778992,0.01914193667471409
0.2,0.026352255,0.17637871,0,-0.016381796449422836,0.22371149063110352,-2.5902099609375,-0.01798301190137863,0.20176845788955688,0.0011626299237832427,0.04162892326712608,0.10069138556718826,0.029785556718707085
0.2,0.026352255,0.17637871,0,-0.016908127814531326,0.22542040050029755,-2.5902862548828125,-0.01793382316827774,0.20265014469623566,0.0013038389151915908,0.04307378828525543,0.10580386966466904,0.02226000465452671
0.2,0.026352255,0.17637871,0,-0.017443012446165085,0.22712473571300507,-2.590362548828125,-0.017841888591647148,0.20352119207382202,0.0014613517560064793,0.050434838980436325,0.10685291886329651,0.023928003385663033
0.2,0.026352255,0.17637871,0,-0.017969319596886635,0.22883448004722595,-2.590423583984375,-0.017762361094355583,0.2044813185930252,0.0016468033427372575,0.04788161814212799,0.11808827519416809,0.02729845978319645
0.2,0.026352255,0.17637871,0,-0.018996259197592735,0.23227210342884064,-2.590545654296875,-0.017543867230415344,0.20649948716163635,0.002022508764639497,0.049277693033218384,0.12816084921360016,0.026761552318930626
0.2,0.026352255,0.17637871,0,-0.0195147767663002,0.2340034693479538,-2.5905914306640625,-0.01749422401189804,0.20757871866226196,0.002212867606431246,0.04400596395134926,0.1339448094367981,0.026590654626488686
0.2,0.026352255,0.17637871,0,-0.020022138953208923,0.23574191331863403,-2.5906219482421875,-0.017328811809420586,0.20864970982074738,0.0024036187678575516,0.05670738220214844,0.133005291223526,0.02655898965895176
0.2,0.026352255,0.17637871,0,-0.020520860329270363,0.2374868243932724,-2.5906524658203125,-0.01720835268497467,0.20969119668006897,0.0025896041188389063,0.05016148462891579,0.12947671115398407,0.025715677067637444
0.2,0.026352255,0.17637871,0,-0.021532347425818443,0.24098719656467438,-2.5906829833984375,-0.01683722250163555,0.2118379771709442,0.0028998383786529303,0.06194375082850456,0.12864911556243896,0.02577993832528591
0.2,0.026352255,0.17637871,0,-0.02204408496618271,0.24274271726608276,-2.5906982421875,-0.016634026542305946,0.212969109416008,0.0031025900971144438,0.062342386692762375,0.1429295688867569,0.02691522054374218
0.2,0.026352255,0.17637871,0,-0.0225461907684803,0.24450555443763733,-2.5906982421875,-0.01638711243867874,0.21407507359981537,0.00326336151920259,0.06684210896492004,0.1399039924144745,0.02162344567477703
0.2,0.026352255,0.17637871,0,-0.023038789629936218,0.24627549946308136,-2.5907135009765625,-0.016168849542737007,0.21516062319278717,0.003496428020298481,0.062311138957738876,0.1374756544828415,0.030617227777838707
0.2,0.026352255,0.17637871,0,-0.02406400628387928,0.24982957541942596,-2.5906982421875,-0.015667611733078957,0.2173134982585907,0.0037358275149017572,0.07117249816656113,0.13425913453102112,0.013021285645663738
0.2,0.026352255,0.17637871,0,-0.024561380967497826,0.2516167461872101,-2.5906829833984375,-0.015384913422167301,0.21835756301879883,0.0038537594955414534,0.07079056650400162,0.13360027968883514,0.01526391040533781
0.2,0.026352255,0.17637871,0,-0.025048494338989258,0.25341081619262695,-2.590667724609375,-0.015061120502650738,0.21941454708576202,0.004020769149065018,0.07498227804899216,0.13528427481651306,0.02138502709567547
0.2,0.026352255,0.17637871,0,-0.02555883675813675,0.25520139932632446,-2.59063720703125,-0.014777726493775845,0.22040578722953796,0.004225009121000767,0.07216925919055939,0.12862420082092285,0.0254423338919878
0.2,0.026352255,0.17637871,0,-0.02654772438108921,0.2588014602661133,-2.5905914306640625,-0.01416866946965456,0.22223171591758728,0.004485922399908304,0.07445988804101944,0.11625465005636215,0.01398473884910345
0.2,0.026352255,0.17637871,0,-0.027026377618312836,0.2606104910373688,-2.5905609130859375,-0.013852079398930073,0.22312282025814056,0.004633316304534674,0.07341961562633514,0.1161358430981636,0.018349381163716316
0.2,0.026352255,0.17637871,0,-0.027511777356266975,0.26242539286613464,-2.5905303955078125,-0.013500894419848919,0.2240462303161621,0.004666977096349001,0.07839559763669968,0.12024236470460892,0.003645661985501647
0.2,0.026352255,0.17637871,0,-0.027986666187644005,0.2642463445663452,-2.5905303955078125,-0.013223724439740181,0.22491852939128876,0.004769903142005205,0.06819871068000793,0.113843634724617,0.01288717519491911
0.2,0.026352255,0.17637871,0,-0.02845088206231594,0.2660728693008423,-2.59051513671875,-0.012826201505959034,0.2257433831691742,0.004906659014523029,0.08232078701257706,0.10789752751588821,0.017117241397500038
0.2,0.026352255,0.17637871,0,-0.029374588280916214,0.2697393298149109,-2.590484619140625,-0.011950558982789516,0.22726848721504211,0.005173081997781992,0.09174226224422455,0.10022713243961334,0.012420116923749447
0.2,0.026352255,0.17637871,0,-0.029830968007445335,0.2715793251991272,-2.5904693603515625,-0.011479795910418034,0.2279902547597885,0.005297520663589239,0.09109829366207123,0.09518208354711533,0.015269032679498196
0.2,0.026352255,0.17637871,0,-0.03027595393359661,0.2734241187572479,-2.5904541015625,-0.011074288748204708,0.2287350594997406,0.005463053472340107,0.08204992115497589,0.09801359474658966,0.020415985956788063
0.2,0.026352255,0.17637871,0,-0.03070981428027153,0.2752736508846283,-2.5904388427734375,-0.01063153799623251,0.2294166088104248,0.005554577335715294,0.0858369991183281,0.09005262702703476,0.011174472980201244
0.2,0.026352255,0.17637871,0,-0.031132269650697708,0.277127206325531,-2.590423583984375,-0.010126692242920399,0.22998090088367462,0.005624972749501467,0.09274619072675705,0.0753449946641922,0.00854302104562521
0.2,0.026352255,0.17637871,0,-0.03201637417078018,0.28085678815841675,-2.59039306640625,-0.009164678864181042,0.2311018705368042,0.0057868026196956635,0.09185744822025299,0.07629352062940598,0.012212431989610195
0.2,0.026352255,0.17637871,0,-0.03244064375758171,0.2827267348766327,-2.5903778076171875,-0.008723482489585876,0.23163577914237976,0.005836721044033766,0.08523400872945786,0.07057946175336838,0.006321817170828581
0.2,0.026352255,0.17637871,0,-0.03329380601644516,0.2864757776260376,-2.5903472900390625,-0.007740210276097059,0.23259080946445465,0.00584972370415926,0.09478718042373657,0.06044159457087517,-0.002013053512200713
0.30000000000000004,0.03517067,0.23342064,0,-0.03371938318014145,0.28835463523864746,-2.5903472900390625,-0.007303719408810139,0.23299936950206757,0.005841726437211037,0.08501610904932022,0.05454692989587784,-1.3969837709737476e-05
0.30000000000000004,0.03517067,0.23342064,0,-0.03413313627243042,0.2902355194091797,-2.5903472900390625,-0.006841381546109915,0.2333316206932068,0.005857426673173904,0.08739503473043442,0.044952861964702606,0.0029210930224508047
0.30000000000000004,0.03517067,0.23342064,0,-0.03453495725989342,0.29211804270744324,-2.59033203125,-0.006349193397909403,0.23362590372562408,0.005880188662558794,0.09029263257980347,0.0401514507830143,0.0035231930669397116
0.30000000000000004,0.03517067,0.23342064,0,-0.03539316728711128,0.2958929240703583,-2.59033203125,-0.005418024957180023,0.23419280350208282,0.005882672034204006,0.0888647735118866,0.040735818445682526,-0.0005005858256481588
0.30000000000000004,0.03517067,0.23342064,0,-0.03580344095826149,0.2977823317050934,-2.59033203125,-0.004910463001579046,0.23443076014518738,0.005876727867871523,0.09294652193784714,0.03281260281801224,0.0004833563871216029
0.30000000000000004,0.03517067,0.23342064,0,-0.03620326519012451,0.2996726930141449,-2.59033203125,-0.004393565468490124,0.23460350930690765,0.005847782827913761,0.09384718537330627,0.024535488337278366,-0.002426095074042678
0.30000000000000004,0.03517067,0.23342064,0,-0.036645952612161636,0.3015649616718292,-2.5903472900390625,-0.003918023779988289,0.23478157818317413,0.005831700284034014,0.09230197966098785,0.02512027509510517,-0.0006081535830162466
0.30000000000000004,0.03517067,0.23342064,0,-0.037491194903850555,0.3053509593009949,-2.590362548828125,-0.002919302089139819,0.23501254618167877,0.005804849788546562,0.0934760794043541,0.008288421668112278,0.0011827795533463359
0.30000000000000004,0.03517067,0.23342064,0,-0.0378938727080822,0.3072439432144165,-2.590362548828125,-0.002353494055569172,0.2351420521736145,0.005592267960309982,0.10090392827987671,0.018841633573174477,-0.02540554665029049
0.30000000000000004,0.03517067,0.23342064,0,-0.03833211958408356,0.30913665890693665,-2.5903778076171875,-0.0018528475193306804,0.2352619171142578,0.005117382388561964,0.09589291363954544,0.01765339821577072,-0.05796365067362785
0.30000000000000004,0.03517067,0.23342064,0,-0.03875645622611046,0.31102973222732544,-2.59039306640625,-0.001299778581596911,0.23539960384368896,0.004691259004175663,0.10151588916778564,0.019809376448392868,-0.051907725632190704
0.30000000000000004,0.03517067,0.23342064,0,-0.03956275060772896,0.31481701135635376,-2.590423583984375,-0.0001696209073998034,0.23564384877681732,0.004042674787342548,0.10102539509534836,0.017860420048236847,-0.03914814069867134
0.30000000000000004,0.03517067,0.23342064,0,-0.03999635949730873,0.31671783328056335,-2.5904541015625,0.000371822010492906,0.23582549393177032,0.0037182020023465157,0.10222318023443222,0.024497225880622864,-0.039396803826093674
0.30000000000000004,0.03517067,0.23342064,0,-0.040415313094854355,0.3186197280883789,-2.590484619140625,0.0009636510512791574,0.23608121275901794,0.003449940588325262,0.10756194591522217,0.03369812294840813,-0.03240303695201874
0.30000000000000004,0.03517067,0.23342064,0,-0.0408196747303009,0.32052332162857056,-2.5904998779296875,0.0015291149029508233,0.23641856014728546,0.0031919004395604134,0.10333293676376343,0.04384492337703705,-0.03125099092721939
0.30000000000000004,0.03517067,0.23342064,0,-0.04164514318108559,0.32432836294174194,-2.5905609130859375,0.0025947054382413626,0.2371554970741272,0.002950004767626524,0.10129886120557785,0.0506998747587204,-0.01044012513011694
0.30000000000000004,0.03517067,0.23342064,0,-0.0420658104121685,0.32623058557510376,-2.5905914306640625,0.003108932636678219,0.2376214861869812,0.0028628238942474127,0.09984630346298218,0.06097712740302086,-0.009770038537681103
0.30000000000000004,0.03517067,0.23342064,0,-0.04247196763753891,0.32813650369644165,-2.5906219482421875,0.0036247149109840393,0.2381668984889984,0.0028643456753343344,0.09905560314655304,0.07081899791955948,0.001286156359128654
0.30000000000000004,0.03517067,0.23342064,0,-0.042863525450229645,0.3300466239452362,-2.59063720703125,0.004229377023875713,0.2387605905532837,0.002901269355788827,0.10920737683773041,0.0767650455236435,0.005680601578205824
0.30000000000000004,0.03517067,0.23342064,0,-0.04329666122794151,0.3319571614265442,-2.590667724609375,0.00480873417109251,0.23937910795211792,0.0029520858079195023,0.11078362166881561,0.08013974875211716,0.006653368007391691
0.30000000000000004,0.03517067,0.23342064,0,-0.0437144860625267,0.33387380838394165,-2.5906829833984375,0.0054450202733278275,0.24010016024112701,0.0029712070245295763,0.11690697818994522,0.09265831112861633,0.0026817431207746267
0.30000000000000004,0.03517067,0.23342064,0,-0.04450436308979988,0.3377241790294647,-2.5906982421875,0.00656344648450613,0.2416611611843109,0.0031791534274816513,0.1065894365310669,0.10496709495782852,0.015005468390882015
0.30000000000000004,0.03517067,0.23342064,0,-0.04487701877951622,0.33965903520584106,-2.5906982421875,0.007148100528866053,0.24257034063339233,0.0033345643896609545,0.10744418203830719,0.11592964082956314,0.019531695172190666
0.30000000000000004,0.03517067,0.23342064,0,-0.04568710923194885,0.34356969594955444,-2.5906829833984375,0.00831182487308979,0.24450324475765228,0.003609736915677786,0.11192329972982407,0.12015868723392487,0.01367600541561842
0.30000000000000004,0.03517067,0.23342064,0,-0.046068839728832245,0.3455362617969513,-2.590667724609375,0.008925212547183037,0.24555565416812897,0.003704663598909974,0.11322086304426193,0.13250601291656494,0.011250375770032406
0.30000000000000004,0.03517067,0.23342064,0,-0.0464351549744606,0.3475109934806824,-2.590667724609375,0.00951876025646925,0.24663624167442322,0.0038845401722937822,0.1097375750541687,0.13602657616138458,0.021887941285967827
0.30000000000000004,0.03517067,0.23342064,0,-0.046830009669065475,0.3495142161846161,-2.5906524658203125,0.010045862756669521,0.24771614372730255,0.004094802774488926,0.10448166728019714,0.13365109264850616,0.025373416021466255
0.30000000000000004,0.03517067,0.23342064,0,-0.04757513478398323,0.353547602891922,-2.5906219482421875,0.011158043518662453,0.2500303387641907,0.004343915265053511,0.10661839693784714,0.14500147104263306,0.016629228368401527
0.30000000000000004,0.03517067,0.23342064,0,-0.047924961894750595,0.3555770218372345,-2.590606689453125,0.011741110123693943,0.2511925995349884,0.004461498931050301,0.10850991308689117,0.14400680363178253,0.013866460882127285
0.30000000000000004,0.03517067,0.23342064,0,-0.048281148076057434,0.35763439536094666,-2.5905914306640625,0.012281270697712898,0.2524011731147766,0.00463302293792367,0.10395018011331558,0.1476980447769165,0.020010394975543022
0.30000000000000004,0.03517067,0.23342064,0,-0.04862227290868759,0.35970038175582886,-2.590576171875,0.012851699255406857,0.25362926721572876,0.0047632125206291676,0.10674115270376205,0.15031740069389343,0.014886259101331234
0.30000000000000004,0.03517067,0.23342064,0,-0.04925989732146263,0.3638572692871094,-2.5905303955078125,0.014054052531719208,0.25598105788230896,0.005011995788663626,0.1103910282254219,0.14893610775470734,0.011921393685042858
0.30000000000000004,0.03517067,0.23342064,0,-0.0495794415473938,0.3659665584564209,-2.59051513671875,0.014649057760834694,0.25718772411346436,0.005114144179970026,0.10851388424634933,0.14635984599590302,0.010876915417611599
0.30000000000000004,0.03517067,0.23342064,0,-0.049886554479599,0.36808449029922485,-2.5904998779296875,0.015207896009087563,0.2583622336387634,0.005220208317041397,0.1035892441868782,0.14229795336723328,0.011421739123761654
0.30000000000000004,0.03517067,0.23342064,0,-0.05017893388867378,0.3702104091644287,-2.590484619140625,0.01583029143512249,0.25950926542282104,0.005313284695148468,0.11060954630374908,0.13905930519104004,0.00985292624682188
0.30000000000000004,0.03517067,0.23342064,0,-0.050744473934173584,0.3745049238204956,-2.5904388427734375,0.017097586765885353,0.2618153691291809,0.005468592047691345,0.10899291932582855,0.14063310623168945,0.011540948413312435
0.30000000000000004,0.03517067,0.23342064,0,-0.05101791396737099,0.37667346000671387,-2.5904083251953125,0.017666712403297424,0.2629458010196686,0.005491913761943579,0.10329671204090118,0.13534362614154816,0.0005280598415993154
0.30000000000000004,0.03517067,0.23342064,0,-0.05127706751227379,0.378849059343338,-2.5903778076171875,0.018249882385134697,0.26400551199913025,0.005551889538764954,0.10416894406080246,0.12672606110572815,0.005180481355637312
0.30000000000000004,0.03517067,0.23342064,0,-0.05152176320552826,0.38103145360946655,-2.59033203125,0.0188961960375309,0.26505330204963684,0.0055691394954919815,0.11120245605707169,0.12544237077236176,-0.00061979511519894
0.30000000000000004,0.03517067,0.23342064,0,-0.051988765597343445,0.38543838262557983,-2.5902557373046875,0.020176082849502563,0.26703760027885437,0.005680555943399668,0.11051560193300247,0.1134759932756424,0.006346031557768583
0.4,0.044018473,0.29039314,0,-0.05220399424433708,0.38765087723731995,-2.5902099609375,0.020824594423174858,0.26793956756591797,0.0057466765865683556,0.11001873016357422,0.10644255578517914,0.005551147740334272
0.4,0.044018473,0.29039314,0,-0.0524049811065197,0.3898690640926361,-2.5901641845703125,0.021457739174365997,0.26888683438301086,0.005846031475812197,0.10730525106191635,0.11230528354644775,0.009785405360162258
0.4,0.044018473,0.29039314,0,-0.05259598791599274,0.3921060562133789,-2.590118408203125,0.022142408415675163,0.26976698637008667,0.005899379029870033,0.11202182620763779,0.10261012613773346,0.0036736016627401114
0.4,0.044018473,0.29039314,0,-0.05293494090437889,0.3965945243835449,-2.59002685546875,0.023515280336141586,0.2713727056980133,0.005955750588327646,0.1114412397146225,0.09185442328453064,-0.0031981614883989096
0.4,0.044018473,0.29039314,0,-0.053083378821611404,0.3988456428050995,-2.5899810791015625,0.024192025884985924,0.2721743881702423,0.005984652787446976,0.10892056673765182,0.09343300759792328,0.0008475034846924245
0.4,0.044018473,0.29039314,0,-0.05322622135281563,0.40111851692199707,-2.589935302734375,0.024856144562363625,0.27294450998306274,0.006005996372550726,0.10646983981132507,0.0876975804567337,-0.00038789582322351635
0.4,0.044018473,0.29039314,0,-0.05335523188114166,0.4033951163291931,-2.58990478515625,0.025540407747030258,0.2736230492591858,0.006038596387952566,0.10834470391273499,0.07648272067308426,0.0011087394086644053
0.4,0.044018473,0.29039314,0,-0.0535757839679718,0.4079589247703552,-2.589813232421875,0.02694127708673477,0.27497780323028564,0.005493680946528912,0.10975348949432373,0.07611586898565292,-0.047699544578790665
0.4,0.044018473,0.29039314,0,-0.05366754159331322,0.41024646162986755,-2.5897674560546875,0.027641169726848602,0.2757153809070587,0.005038942210376263,0.10934935510158539,0.08420000970363617,-0.0595548152923584
0.4,0.044018473,0.29039314,0,-0.05374696105718613,0.4125608801841736,-2.5897369384765625,0.028334040194749832,0.2763921022415161,0.004697890020906925,0.10734783858060837,0.07408727705478668,-0.0455537773668766
0.4,0.044018473,0.29039314,0,-0.053813181817531586,0.41487839818000793,-2.589691162109375,0.02902287244796753,0.2770569920539856,0.004269399680197239,0.10627605766057968,0.07285802811384201,-0.05659646913409233
0.4,0.044018473,0.29039314,0,-0.053906142711639404,0.41952377557754517,-2.589630126953125,0.030462775379419327,0.27855390310287476,0.003532325616106391,0.1091073527932167,0.08775152266025543,-0.05004414916038513
0.4,0.044018473,0.29039314,0,-0.0539197139441967,0.42185646295547485,-2.589599609375,0.031221341341733932,0.27928978204727173,0.003220213344320655,0.1111358255147934,0.08203534036874771,-0.04166271165013313
0.4,0.044018473,0.29039314,0,-0.05392022803425789,0.4241931140422821,-2.5895843505859375,0.03199540451169014,0.28010398149490356,0.002905837493017316,0.11261947453022003,0.09205098450183868,-0.041868068277835846
0.4,0.044018473,0.29039314,0,-0.05390799418091774,0.42653438448905945,-2.589569091796875,0.03275681659579277,0.28096362948417664,0.0027341002132743597,0.1105937585234642,0.09795142710208893,-0.023962927982211113
0.4,0.044018473,0.29039314,0,-0.05388595908880234,0.42888113856315613,-2.5895538330078125,0.03352311998605728,0.2818510830402374,0.002546961884945631,0.11146797239780426,0.1013314351439476,-0.025814862921833992
0.4,0.044018473,0.29039314,0,-0.053792212158441544,0.4335922598838806,-2.58953857421875,0.03515127673745155,0.2837395966053009,0.002509197685867548,0.11215892434120178,0.11601337790489197,0.0053616235964000225
0.4,0.044018473,0.29039314,0,-0.05372630059719086,0.43595707416534424,-2.58953857421875,0.035981129854917526,0.28483736515045166,0.0025028905365616083,0.11639443784952164,0.12832224369049072,-0.0027352941688150167
0.4,0.044018473,0.29039314,0,-0.05364800617098808,0.4383288323879242,-2.5895538330078125,0.036724239587783813,0.28595948219299316,0.0024822442792356014,0.10518716275691986,0.1315443217754364,-0.00447034789249301
0.4,0.044018473,0.29039314,0,-0.05343577265739441,0.4431079924106598,-2.5895538330078125,0.03838635981082916,0.28825366497039795,0.0025667683221399784,0.11916540563106537,0.1396315097808838,-0.0013783572940155864
0.4,0.044018473,0.29039314,0,-0.053310904651880264,0.4455088675022125,-2.5895538330078125,0.03926992788910866,0.2894745469093323,0.0026271487586200237,0.11957898736000061,0.14387814700603485,0.005410518031567335
0.4,0.044018473,0.29039314,0,-0.053175464272499084,0.44791874289512634,-2.5895538330078125,0.04009582847356796,0.29078999161720276,0.0026955523062497377,0.11248951405286789,0.1556045114994049,0.006475485395640135
0.4,0.044018473,0.29039314,0,-0.0530257374048233,0.45033836364746094,-2.589569091796875,0.040885258466005325,0.2920632064342499,0.0026935297064483166,0.10582441836595535,0.15074677765369415,-0.0017676501302048564
0.4,0.044018473,0.29039314,0,-0.05286445468664169,0.45276638865470886,-2.5895843505859375,0.04166145622730255,0.29333728551864624,0.002743495162576437,0.10394170880317688,0.151030495762825,0.0047758216969668865
0.4,0.044018473,0.29039314,0,-0.052508216351270676,0.45764848589897156,-2.589599609375,0.04320540279150009,0.29600790143013,0.003007530700415373,0.105406254529953,0.15684780478477478,0.014537478797137737
0.4,0.044018473,0.29039314,0,-0.052310530096292496,0.4601139426231384,-2.5896148681640625,0.04404720664024353,0.2973329424858093,0.0030559683218598366,0.1097620278596878,0.15670645236968994,0.004964880179613829
0.4,0.044018473,0.29039314,0,-0.052101317793130875,0.4625879228115082,-2.589630126953125,0.04484012350440025,0.2986461818218231,0.0031408309005200863,0.10349302738904953,0.1554875373840332,0.009551177732646465
0.4,0.044018473,0.29039314,0,-0.05164945870637894,0.46756237745285034,-2.58966064453125,0.04644789546728134,0.30139803886413574,0.003220098093152046,0.1034906879067421,0.16815237700939178,0.007321126293390989
0.4,0.044018473,0.29039314,0,-0.05141013488173485,0.4700876772403717,-2.5897064208984375,0.047230567783117294,0.30272987484931946,0.00331377936527133,0.10099785029888153,0.15531474351882935,0.010920687578618526
0.4,0.044018473,0.29039314,0,-0.05115994065999985,0.47262126207351685,-2.5897369384765625,0.04799408093094826,0.30406680703163147,0.0034230672754347324,0.09847740083932877,0.15627790987491608,0.012896022759377956
0.4,0.044018473,0.29039314,0,-0.050899192690849304,0.4751632511615753,-2.5897674560546875,0.04873916134238243,0.30540814995765686,0.0034611790906637907,0.09604976326227188,0.15714570879936218,0.004022847395390272
0.4,0.044018473,0.29039314,0,-0.05035049095749855,0.48029056191444397,-2.589813232421875,0.050172384828329086,0.30804383754730225,0.0036616104189306498,0.08948827534914017,0.15016987919807434,0.012099276296794415
0.4,0.044018473,0.29039314,0,-0.05006294324994087,0.482875257730484,-2.58984375,0.05085724592208862,0.3093523681163788,0.003733659628778696,0.08741741627454758,0.15177880227565765,0.008283182047307491
0.4,0.044018473,0.29039314,0,-0.04976570978760719,0.4854678511619568,-2.5898590087890625,0.0515439435839653,0.31064674258232117,0.0037821130827069283,0.08755043894052505,0.15033742785453796,0.00535603566095233
0.4,0.044018473,0.29039314,0,-0.04945880547165871,0.48806801438331604,-2.58990478515625,0.05221664905548096,0.3118569254875183,0.003816635115072131,0.08570440858602524,0.14013458788394928,0.0039078290574252605
0.4,0.044018473,0.29039314,0,-0.049142416566610336,0.4906752407550812,-2.589935302734375,0.05290491506457329,0.31300652027130127,0.003910563886165619,0.08755820989608765,0.13286010921001434,0.011346767656505108
0.4,0.044018473,0.29039314,0,-0.04881909489631653,0.49331018328666687,-2.5899505615234375,0.053582608699798584,0.3141935467720032,0.003992609679698944,0.08531701564788818,0.13497111201286316,0.00948412250727415
0.4,0.044018473,0.29039314,0,-0.048144932836294174,0.4985993802547455,-2.5900115966796875,0.05490953475236893,0.3164066672325134,0.004139435011893511,0.08676876127719879,0.1214255765080452,0.005183275323361158
0.4,0.044018473,0.29039314,0,-0.04779399558901787,0.5012530088424683,-2.59002685546875,0.05557490140199661,0.31746119260787964,0.004196545109152794,0.08359117060899734,0.11941128969192505,0.0064349728636443615
0.5,0.05290296,0.34727976,0,-0.047077957540750504,0.5066061615943909,-2.590057373046875,0.05684822052717209,0.3193967938423157,0.004342895466834307,0.0754423663020134,0.10574965178966522,0.010233371518552303
0.5,0.05290296,0.34727976,0,-0.04670676961541176,0.5092900991439819,-2.5900726318359375,0.05748574435710907,0.3203352689743042,0.004427862353622913,0.07900496572256088,0.10418082773685455,0.00975001510232687
0.5,0.05290296,0.34727976,0,-0.04632680490612984,0.5119786262512207,-2.5900726318359375,0.05810244381427765,0.32120591402053833,0.004476433154195547,0.07637135684490204,0.09600591659545898,0.00522611616179347
0.5,0.05290296,0.34727976,0,-0.04595721885561943,0.5146905183792114,-2.590087890625,0.05869002640247345,0.322065532207489,0.004526439588516951,0.07327105849981308,0.09277596324682236,0.005140434484928846
0.5,0.05290296,0.34727976,0,-0.04520018771290779,0.5201254487037659,-2.590087890625,0.059743043035268784,0.32361939549446106,0.0046273209154605865,0.06456314772367477,0.07818519324064255,0.0029639338608831167
0.5,0.05290296,0.34727976,0,-0.04480969160795212,0.5228477120399475,-2.590087890625,0.06027292087674141,0.3243213891983032,0.004649278242141008,0.06679583340883255,0.07370420545339584,0.0017299315659329295
0.5,0.05290296,0.34727976,0,-0.04443015903234482,0.525579571723938,-2.5900726318359375,0.06079752743244171,0.32500913739204407,0.004704766906797886,0.06664244085550308,0.0714351087808609,0.004877801518887281
0.5,0.05290296,0.34727976,0,-0.04404270648956299,0.5283136963844299,-2.5900726318359375,0.06120642274618149,0.325595498085022,0.004761704709380865,0.05210890620946884,0.05908751115202904,0.005314126145094633
0.5,0.05290296,0.34727976,0,-0.0436478927731514,0.531049907207489,-2.590057373046875,0.06168027222156525,0.3262285888195038,0.004574776627123356,0.06015995144844055,0.06524298340082169,-0.02511683665215969
0.5,0.05290296,0.34727976,0,-0.042846765369176865,0.5365496873855591,-2.59002685546875,0.06268687546253204,0.3272961378097534,0.003831811249256134,0.06227932497859001,0.05270550400018692,-0.0488208569586277
0.5,0.05290296,0.34727976,0,-0.04244333505630493,0.5393127799034119,-2.589996337890625,0.06316143274307251,0.3278443217277527,0.0034866270143538713,0.060645055025815964,0.053176626563072205,-0.04560639709234238
0.5,0.05290296,0.34727976,0,-0.042032282799482346,0.5420771837234497,-2.5899810791015625,0.0636163204908371,0.32838162779808044,0.003203367115929723,0.058111898601055145,0.05215609073638916,-0.03779446333646774
0.5,0.05290296,0.34727976,0,-0.04120493307709694,0.5476332306861877,-2.589935302734375,0.06451151520013809,0.3295314610004425,0.002566833281889558,0.05937342718243599,0.0569702684879303,-0.04351930320262909
0.5,0.05290296,0.34727976,0,-0.04078845679759979,0.5504247546195984,-2.5899200439453125,0.06494083255529404,0.33013826608657837,0.002319367602467537,0.0553259551525116,0.0596090666949749,-0.03380747139453888
0.5,0.05290296,0.34727976,0,-0.04036468267440796,0.5532180070877075,-2.58990478515625,0.06534675508737564,0.3307698667049408,0.002075462369248271,0.052320659160614014,0.06306009739637375,-0.033278945833444595
0.5,0.05290296,0.34727976,0,-0.03993355855345726,0.5560134053230286,-2.5898895263671875,0.06581971794366837,0.33146217465400696,0.0019380914745852351,0.06061922013759613,0.07099784165620804,-0.01988094113767147
0.5,0.05290296,0.34727976,0,-0.03910740464925766,0.5616805553436279,-2.58984375,0.06662429869174957,0.3331373631954193,0.001798959681764245,0.050909530371427536,0.08849147707223892,-0.01048110332340002
0.5,0.05290296,0.34727976,0,-0.03868473321199417,0.5645191073417664,-2.5898284912109375,0.06696592271327972,0.33401644229888916,0.0018875666428357363,0.04645298048853874,0.0917416512966156,0.008047557435929775
0.5,0.05290296,0.34727976,0,-0.03825528919696808,0.5673614144325256,-2.5897979736328125,0.0672815665602684,0.33496391773223877,0.00197605206631124,0.04306698590517044,0.1006925106048584,0.00812066625803709
0.5,0.05290296,0.34727976,0,-0.03785361349582672,0.5702345967292786,-2.5897674560546875,0.06756484508514404,0.3359971046447754,0.0019842078909277916,0.042012397199869156,0.10871902108192444,-0.0020088625606149435
0.5,0.05290296,0.34727976,0,-0.037444818764925,0.5731120109558105,-2.5897369384765625,0.067882239818573,0.3370191752910614,0.0020099312532693148,0.046065617352724075,0.10780076682567596,0.0002756714529823512
0.5,0.05290296,0.34727976,0,-0.037028878927230835,0.5759940147399902,-2.5897064208984375,0.06823981553316116,0.338123619556427,0.0020871530286967754,0.05088016390800476,0.1185528039932251,0.006799119990319014
0.5,0.05290296,0.34727976,0,-0.03617625683546066,0.5817733407020569,-2.5896453857421875,0.06883623450994492,0.3403870761394501,0.00218864600174129,0.04321930930018425,0.12753891944885254,0.004848464857786894
0.5,0.05290296,0.34727976,0,-0.035768624395132065,0.5846872925758362,-2.589599609375,0.0691332146525383,0.3415438234806061,0.0022515365853905678,0.045446787029504776,0.12442004680633545,0.005073379259556532
0.5,0.05290296,0.34727976,0,-0.0353538952767849,0.5876064896583557,-2.589569091796875,0.06944511830806732,0.34270548820495605,0.0023378003388643265,0.04705361649394035,0.12551800906658173,0.00807735975831747
0.5,0.05290296,0.34727976,0,-0.034503668546676636,0.5934640169143677,-2.5894622802734375,0.06999644637107849,0.34520700573921204,0.0025966132525354624,0.04292970523238182,0.13165132701396942,0.014862976036965847
0.5,0.05290296,0.34727976,0,-0.034077778458595276,0.5964298248291016,-2.58941650390625,0.07029052078723907,0.34645265340805054,0.0027343330439180136,0.0443551130592823,0.13409806787967682,0.014517921023070812
0.5,0.05290296,0.34727976,0,-0.033645328134298325,0.5994012355804443,-2.58935546875,0.07051839679479599,0.3476528525352478,0.0027837895322591066,0.035848554223775864,0.12901389598846436,0.003565102582797408
0.5,0.05290296,0.34727976,0,-0.0327618308365345,0.6053608059883118,-2.5892486572265625,0.07102824747562408,0.3500054180622101,0.0030516504775732756,0.036921460181474686,0.12058580666780472,0.016434116289019585
0.6000000000000001,0.06183138,0.40406382,0,-0.032348401844501495,0.6083638072013855,-2.589202880859375,0.07121390104293823,0.3512159287929535,0.003200147533789277,0.03356780856847763,0.12980830669403076,0.016759147867560387
0.6000000000000001,0.06183138,0.40406382,0,-0.031928643584251404,0.611372172832489,-2.589141845703125,0.07140865176916122,0.3523654639720917,0.0032800764311105013,0.03440733253955841,0.12279997020959854,0.008242669515311718
0.6000000000000001,0.06183138,0.40406382,0,-0.03150279447436333,0.6143857836723328,-2.589111328125,0.07159423828125,0.35352861881256104,0.003320220857858658,0.03297152370214462,0.12510614097118378,0.0035716218408197165
0.6000000000000001,0.06183138,0.40406382,0,-0.030660461634397507,0.620444118976593,-2.58905029296875,0.07200762629508972,0.3557901680469513,0.0034883711487054825,0.03560023009777069,0.12142510712146759,0.011576804332435131
0.6000000000000001,0.06183138,0.40406382,0,-0.030243171378970146,0.6234886646270752,-2.589019775390625,0.07212681323289871,0.35690179467201233,0.003470070892944932,0.026253843680024147,0.1183687224984169,-0.0028717329259961843
0.6000000000000001,0.06183138,0.40406382,0,-0.02982017956674099,0.6265377998352051,-2.5890045166015625,0.07226057350635529,0.35794705152511597,0.0034447861835360527,0.027759067714214325,0.11066700518131256,-0.0037252900656312704
0.6000000000000001,0.06183138,0.40406382,0,-0.029391368851065636,0.6295912265777588,-2.5889739990234375,0.07244673371315002,0.3589922785758972,0.003296343609690666,0.0340065099298954,0.11124479025602341,-0.019100958481431007
0.6000000000000001,0.06183138,0.40406382,0,-0.028574416413903236,0.6357441544532776,-2.5889739990234375,0.0728268101811409,0.3610563576221466,0.002441098215058446,0.03854603320360184,0.10469251871109009,-0.06187613680958748
0.6000000000000001,0.06183138,0.40406382,0,-0.02815650776028633,0.6388266086578369,-2.5889892578125,0.07294738292694092,0.36207255721092224,0.0020661798771470785,0.027540037408471107,0.10740841925144196,-0.04609627276659012
0.6000000000000001,0.06183138,0.40406382,0,-0.027734385803341866,0.6419129371643066,-2.589019775390625,0.073111891746521,0.3630911409854889,0.001738134422339499,0.0330672524869442,0.10819543153047562,-0.04025455191731453
0.6000000000000001,0.06183138,0.40406382,0,-0.02732946164906025,0.6450203061103821,-2.58905029296875,0.07327896356582642,0.3641470968723297,0.001403521397151053,0.03486821427941322,0.11170735955238342,-0.04042917490005493
0.6000000000000001,0.06183138,0.40406382,0,-0.026501242071390152,0.6512470841407776,-2.5891265869140625,0.07353593409061432,0.36623501777648926,0.0007570622838102281,0.03193797543644905,0.11506462097167969,-0.04007154703140259
0.6000000000000001,0.06183138,0.40406382,0,-0.02607825957238674,0.6543671488761902,-2.58917236328125,0.07364016771316528,0.3673160672187805,0.000551873235963285,0.025902949273586273,0.1164870336651802,-0.024361534044146538
0.6000000000000001,0.06183138,0.40406382,0,-0.025680752471089363,0.6574932336807251,-2.5892333984375,0.07369359582662582,0.36845576763153076,0.0003567159583326429,0.021754901856184006,0.12470263242721558,-0.022537538781762123
0.6000000000000001,0.06183138,0.40406382,0,-0.025277376174926758,0.6606248021125793,-2.5892791748046875,0.07376115769147873,0.3696906268596649,0.00026365325902588665,0.023117821663618088,0.13708174228668213,-0.009899958036839962
0.6000000000000001,0.06183138,0.40406382,0,-0.02445366606116295,0.6669059991836548,-2.5893707275390625,0.07392990589141846,0.3721950352191925,0.00024160605971701443,0.02642512135207653,0.1445576697587967,0.004406552296131849
0.6000000000000001,0.06183138,0.40406382,0,-0.024067210033535957,0.6700636744499207,-2.5894317626953125,0.07401982694864273,0.3735124468803406,0.00034664192935451865,0.02767699584364891,0.14819227159023285,0.01574074663221836
0.6000000000000001,0.06183138,0.40406382,0,-0.023674586787819862,0.6732282638549805,-2.5894927978515625,0.07409708201885223,0.37489354610443115,0.00040875456761568785,0.02565428987145424,0.1566019356250763,0.010302289389073849
0.6000000000000001,0.06183138,0.40406382,0,-0.023275764659047127,0.6764001250267029,-2.5895538330078125,0.07421694695949554,0.37626612186431885,0.0004509233986027539,0.030550913885235786,0.15596316754817963,0.007738358806818724
0.6000000000000001,0.06183138,0.40406382,0,-0.022460022941231728,0.6827651858329773,-2.58966064453125,0.07437288016080856,0.3790346384048462,0.0006967353401705623,0.023064715787768364,0.1642581671476364,0.021264420822262764
0.7000000000000001,0.070810966,0.46072876,0,-0.02208365872502327,0.6859780550003052,-2.5897064208984375,0.07441288232803345,0.38042810559272766,0.0007641963893547654,0.023289237171411514,0.1577407419681549,0.011193565092980862
0.7000000000000001,0.070810966,0.46072876,0,-0.021701114252209663,0.6891982555389404,-2.589752197265625,0.07447429746389389,0.38189178705215454,0.000871985568664968,0.02547425404191017,0.1669495552778244,0.01615704782307148
0.7000000000000001,0.070810966,0.46072876,0,-0.02131255902349949,0.6924264430999756,-2.5897979736328125,0.07449356466531754,0.3833766281604767,0.0009339332464151084,0.019730757921934128,0.1700345277786255,0.010351649485528469
0.7000000000000001,0.070810966,0.46072876,0,-0.020549360662698746,0.6989240050315857,-2.5898895263671875,0.07457658648490906,0.38638442754745483,0.001145447138696909,0.020769692957401276,0.17128735780715942,0.015860887244343758
0.7000000000000001,0.070810966,0.46072876,0,-0.020174596458673477,0.7021931409835815,-2.589935302734375,0.07459314167499542,0.3878614902496338,0.0012752541806548834,0.02115136757493019,0.16887661814689636,0.019051598384976387
0.7000000000000001,0.070810966,0.46072876,0,-0.019793793559074402,0.7054699063301086,-2.5899810791015625,0.07461779564619064,0.3893046975135803,0.0013982860837131739,0.021656831726431847,0.16514316201210022,0.0181258637458086
0.7000000000000001,0.070810966,0.46072876,0,-0.019407281652092934,0.708754301071167,-2.5900421142578125,0.07461871206760406,0.39074093103408813,0.0014716017758473754,0.018198927864432335,0.16476687788963318,0.012357252649962902
0.7000000000000001,0.070810966,0.46072876,0,-0.018679313361644745,0.7153675556182861,-2.590179443359375,0.07459425926208496,0.3937099874019623,0.000987744308076799,0.018944788724184036,0.17258785665035248,-0.03958260267972946
0.7000000000000001,0.070810966,0.46072876,0,-0.018306417390704155,0.7186861634254456,-2.590240478515625,0.07460367679595947,0.3951855003833771,0.0006345924339257181,0.020802553743124008,0.16998378932476044,-0.040887851268053055
0.7000000000000001,0.070810966,0.46072876,0,-0.017927739769220352,0.7220125198364258,-2.590301513671875,0.07459820806980133,0.39666250348091125,0.0004629251779988408,0.018418798223137856,0.17064310610294342,-0.018293501809239388
0.7000000000000001,0.070810966,0.46072876,0,-0.017575664445757866,0.7253701686859131,-2.5903778076171875,0.07451620697975159,0.3982042968273163,0.0002631396637298167,0.011677499860525131,0.1768750548362732,-0.021651851013302803
0.7000000000000001,0.070810966,0.46072876,0,-0.016857696697115898,0.7321088314056396,-2.59051513671875,0.07445959746837616,0.4012925922870636,-0.0002072045608656481,0.021813763305544853,0.18033213913440704,-0.029229557141661644
0.7000000000000001,0.070810966,0.46072876,0,-0.016489950940012932,0.7354908585548401,-2.5905914306640625,0.07441826909780502,0.40290412306785583,-0.0004246164462529123,0.01537156943231821,0.18710283935070038,-0.024063045158982277
0.7000000000000001,0.070810966,0.46072876,0,-0.01614096574485302,0.7388932704925537,-2.5906829833984375,0.07441972196102142,0.40458905696868896,-0.0005989407072775066,0.022568561136722565,0.19582386314868927,-0.018120741471648216
0.7000000000000001,0.070810966,0.46072876,0,-0.015785908326506615,0.7423050403594971,-2.59075927734375,0.07438605278730392,0.40628695487976074,-0.0007165005663409829,0.0175782423466444,0.1979072540998459,-0.011128838174045086
0.7000000000000001,0.070810966,0.46072876,0,-0.015058672986924648,0.7491573691368103,-2.5909271240234375,0.0743294432759285,0.4097626507282257,-0.0006645726971328259,0.018114760518074036,0.20909631252288818,0.004402827005833387
0.7000000000000001,0.070810966,0.46072876,0,-0.01471666432917118,0.7526037096977234,-2.59100341796875,0.07430925965309143,0.41158196330070496,-0.0005733573925681412,0.020650217309594154,0.2141668051481247,0.01533189695328474
0.7000000000000001,0.070810966,0.46072876,0,-0.014370683580636978,0.7560602426528931,-2.591094970703125,0.0742824599146843,0.41342660784721375,-0.0004526626144070178,0.019701164215803146,0.21776065230369568,0.018909571692347527
0.7000000000000001,0.070810966,0.46072876,0,-0.0140188904479146,0.7595276832580566,-2.5911712646484375,0.07422205805778503,0.4153016209602356,-0.0002619982697069645,0.014884562231600285,0.22195518016815186,0.027425585314631462
0.7000000000000001,0.070810966,0.46072876,0,-0.013661577366292477,0.7630065679550171,-2.59124755859375,0.07417993247509003,0.41721585392951965,-6.632795702898875e-05,0.01656782627105713,0.22723323106765747,0.02794945426285267
0.7000000000000001,0.070810966,0.46072876,0,-0.013337742537260056,0.766511857509613,-2.5913238525390625,0.07410887628793716,0.41918396949768066,7.882736099418253e-05,0.016221551224589348,0.23263558745384216,0.02216500975191593
0.7000000000000001,0.070810966,0.46072876,0,-0.012672366574406624,0.7735576629638672,-2.591461181640625,0.07395823299884796,0.4231294095516205,0.0005113158840686083,0.016285723075270653,0.23696838319301605,0.023581551387906075
0.7000000000000001,0.070810966,0.46072876,0,-0.012330854311585426,0.7770986557006836,-2.5915374755859375,0.07391558587551117,0.42511433362960815,0.00071357237175107,0.017804602161049843,0.23588575422763824,0.02896878682076931
0.7000000000000001,0.070810966,0.46072876,0,-0.011690139770507812,0.7842362523078918,-2.5916900634765625,0.0738249197602272,0.429058313369751,0.0011905072024092078,0.021486418321728706,0.23418748378753662,0.036016568541526794
0.7000000000000001,0.070810966,0.46072876,0,-0.011362516321241856,0.7878222465515137,-2.5917816162109375,0.07378752529621124,0.4309532642364502,0.0013947641709819436,0.020163644105196,0.224691241979599,0.030544118955731392
0.7000000000000001,0.070810966,0.46072876,0,-0.011028827168047428,0.7914199233055115,-2.5918731689453125,0.07376803457736969,0.432889848947525,0.0015728697180747986,0.021742044016718864,0.23030853271484375,0.027132684364914894
0.7000000000000001,0.070810966,0.46072876,0,-0.010689065791666508,0.7950291037559509,-2.5919647216796875,0.0737198144197464,0.43476852774620056,0.0017687174258753657,0.01751234568655491,0.22348111867904663,0.029212327674031258
0.7000000000000001,0.070810966,0.46072876,0,-0.01003914326429367,0.8022695183753967,-2.592132568359375,0.07360661029815674,0.4384608864784241,0.0021795129869133234,0.021011848002672195,0.2196827530860901,0.03600073605775833
0.7000000000000001,0.070810966,0.46072876,0,-0.009705248288810253,0.8059067130088806,-2.5922088623046875,0.07349814474582672,0.4402732253074646,0.002455639885738492,0.009992547333240509,0.21702778339385986,0.039359550923109055
0.8,0.07984887,0.51725775,0,-0.009365945123136044,0.8095546960830688,-2.59228515625,0.07341384887695312,0.44196611642837524,0.0027123980689793825,0.012390981428325176,0.20245963335037231,0.036801207810640335
0.8,0.07984887,0.51725775,0,-0.009040161967277527,0.8132044076919556,-2.5923614501953125,0.07333022356033325,0.4436672329902649,0.0028943452052772045,0.013185073621571064,0.2049012929201126,0.027733387425541878
0.8,0.07984887,0.51725775,0,-0.008708418346941471,0.8168648481369019,-2.5924224853515625,0.07329782843589783,0.44537240266799927,0.0031070217955857515,0.01896042749285698,0.2057131677865982,0.03143306449055672
0.8,0.07984887,0.51725775,0,-0.00803364347666502,0.8242151737213135,-2.592559814453125,0.07323004305362701,0.4485522210597992,0.0034721100237220526,0.022143004462122917,0.1894659847021103,0.02410542033612728
0.8,0.07984887,0.51725775,0,-0.0077185784466564655,0.8278906941413879,-2.592620849609375,0.07313548773527145,0.45003288984298706,0.0036511574871838093,0.012815183028578758,0.1800791621208191,0.02735806442797184
0.8,0.07984887,0.51725775,0,-0.007397736422717571,0.8315755128860474,-2.5926971435546875,0.07302752882242203,0.45148009061813354,0.0038522868417203426,0.010486755520105362,0.1761087328195572,0.029976943507790565
0.8,0.07984887,0.51725775,0,-0.006738871335983276,0.8389713168144226,-2.5928192138671875,0.07287350296974182,0.4541718065738678,0.003882702672854066,0.014826404862105846,0.16033945977687836,-0.0035818663891404867
0.8,0.07984887,0.51725775,0,-0.0064362469129264355,0.8426814079284668,-2.5929107666015625,0.07281234115362167,0.4554605782032013,0.0035697801504284143,0.017447451129555702,0.15738257765769958,-0.0337245836853981
0.8,0.07984887,0.51725775,0,-0.006126989610493183,0.8463994860649109,-2.592987060546875,0.07278486341238022,0.45672768354415894,0.0032676467671990395,0.020988164469599724,0.15483379364013672,-0.03252969682216644
0.8,0.07984887,0.51725775,0,-0.005811457056552172,0.8501254916191101,-2.59307861328125,0.07269813120365143,0.4580232799053192,0.0030291378498077393,0.012927635572850704,0.15854878723621368,-0.024726146832108498
0.8,0.07984887,0.51725775,0,-0.005493530072271824,0.8538588881492615,-2.593170166015625,0.07263053953647614,0.4592667818069458,0.002863931702449918,0.015566226094961166,0.15223772823810577,-0.015701165422797203
0.8,0.07984887,0.51725775,0,-0.004885757341980934,0.8613763451576233,-2.5933685302734375,0.07245317846536636,0.46169742941856384,0.0024028343614190817,0.01373223401606083,0.14911021292209625,-0.022372694686055183
0.8,0.07984887,0.51725775,0,-0.004572626668959856,0.8651462197303772,-2.5934600830078125,0.07239529490470886,0.4629782438278198,0.00226382608525455,0.01660148985683918,0.15602369606494904,-0.012251547537744045
0.8,0.07984887,0.51725775,0,-0.004253372084349394,0.8689242601394653,-2.5935821533203125,0.07233792543411255,0.4643067419528961,0.0021283947862684727,0.016028564423322678,0.1621282398700714,-0.011432449333369732
0.8,0.07984887,0.51725775,0,-0.0036533859092742205,0.8765055537223816,-2.5938568115234375,0.07221249490976334,0.4668786823749542,0.0020593965891748667,0.015169903635978699,0.1617729514837265,0.008245463483035564
0.8,0.07984887,0.51725775,0,-0.003343892516568303,0.8803086280822754,-2.593994140625,0.07216018438339233,0.468235582113266,0.0021377878729254007,0.01743120327591896,0.16637934744358063,0.01626414991915226
0.8,0.07984887,0.51725775,0,-0.003031184198334813,0.8841201663017273,-2.5941314697265625,0.07208530604839325,0.46964651346206665,0.0022058894392102957,0.014723168686032295,0.17329108715057373,0.014798249118030071
0.8,0.07984887,0.51725775,0,-0.0027208724059164524,0.8879401683807373,-2.594268798828125,0.07204637676477432,0.47104912996292114,0.002294264966621995,0.019439179450273514,0.17293183505535126,0.01793447695672512
0.8,0.07984887,0.51725775,0,-0.002080837730318308,0.8956080079078674,-2.59454345703125,0.07201492786407471,0.47389185428619385,0.002590063028037548,0.017108485102653503,0.17353394627571106,0.029907559975981712
0.8,0.07984887,0.51725775,0,-0.00175161671359092,0.8994559049606323,-2.5946502685546875,0.07201247662305832,0.475350022315979,0.0028147869743406773,0.02206345647573471,0.18007513880729675,0.034141816198825836
0.9,0.08895221,0.5736341,0,-0.001445956528186798,0.9033176898956299,-2.59478759765625,0.07197093963623047,0.47680428624153137,0.0030552269890904427,0.019950220361351967,0.18008437752723694,0.0369255393743515
0.9,0.08895221,0.5736341,0,-0.001133867190219462,0.9071887731552124,-2.59490966796875,0.07194600999355316,0.47823238372802734,0.003309907391667366,0.021333614364266396,0.17685775458812714,0.038506925106048584
0.9,0.08895221,0.5736341,0,-0.0008156605763360858,0.9110693335533142,-2.59503173828125,0.07187090814113617,0.4796794354915619,0.003459803992882371,0.014386853203177452,0.1792723387479782,0.02521602250635624
0.9,0.08895221,0.5736341,0,-0.0001645116863073781,0.9188598394393921,-2.595245361328125,0.07169244438409805,0.4826699197292328,0.004000096581876278,0.014908449724316597,0.18344181776046753,0.037237998098134995
0.9,0.08895221,0.5736341,0,0.00013189984019845724,0.9227707386016846,-2.595367431640625,0.07160648703575134,0.48412424325942993,0.004240971524268389,0.015670133754611015,0.18098823726177216,0.03629410266876221
0.9,0.08895221,0.5736341,0,0.00043461431050673127,0.9266915917396545,-2.595458984375,0.0715598464012146,0.4855949580669403,0.004510495811700821,0.019857756793498993,0.18312281370162964,0.03950902819633484
0.9,0.08895221,0.5736341,0,0.0010588389122858644,0.9345624446868896,-2.59564208984375,0.07147698849439621,0.48851388692855835,0.004381457809358835,0.01708470843732357,0.18384647369384766,-0.024100298061966896
0.9,0.08895221,0.5736341,0,0.0013518889900296926,0.9385136365890503,-2.595733642578125,0.07141251116991043,0.48995035886764526,0.004177330993115902,0.018478643149137497,0.17987167835235596,-0.02002762444317341
0.9,0.08895221,0.5736341,0,0.0016515138559043407,0.9424746632575989,-2.5958404541015625,0.07139241695404053,0.49144843220710754,0.004062115680426359,0.02329723723232746,0.1876532882452011,-0.009071546606719494
0.9,0.08895221,0.5736341,0,0.0019571944139897823,0.9464457631111145,-2.5959320068359375,0.07129337638616562,0.49289020895957947,0.003986035939306021,0.012715861201286316,0.1806851476430893,-0.0043329778127372265
0.9,0.08895221,0.5736341,0,0.0022689050529152155,0.9504265189170837,-2.5960235595703125,0.0712595283985138,0.4943261742591858,0.003873511916026473,0.02017025463283062,0.18003427982330322,-0.009037553332746029
0.9,0.08895221,0.5736341,0,0.0028482337947934866,0.9584235548973083,-2.5962066650390625,0.07120894640684128,0.49742481112480164,0.0036512892693281174,0.01919231377542019,0.19915170967578888,-0.012368428520858288
0.9,0.08895221,0.5736341,0,0.003147529438138008,0.9624385833740234,-2.5963134765625,0.0711648166179657,0.49906274676322937,0.0035614471416920424,0.020955078303813934,0.20615065097808838,-0.006389803718775511
0.9,0.08895221,0.5736341,0,0.0034530777484178543,0.9664648175239563,-2.596405029296875,0.07112247496843338,0.5006784796714783,0.0036124230828136206,0.02044793590903282,0.20341497659683228,0.011072958819568157
0.9,0.08895221,0.5736341,0,0.0040273782797157764,0.9745857119560242,-2.596588134765625,0.07105295360088348,0.5041611194610596,0.0038954720366746187,0.024345746263861656,0.2215556651353836,0.026941297575831413
0.9,0.08895221,0.5736341,0,0.004324228037148714,0.978664219379425,-2.5966644287109375,0.07098947465419769,0.5059145092964172,0.004159151576459408,0.018644554540514946,0.21968625485897064,0.03724312037229538
0.9,0.08895221,0.5736341,0,0.004627334885299206,0.9827547669410706,-2.59674072265625,0.07096704840660095,0.5076717734336853,0.004400546662509441,0.023036988452076912,0.22021839022636414,0.034333668649196625
0.9,0.08895221,0.5736341,0,0.004906597547233105,0.986876368522644,-2.5968475341796875,0.07099632918834686,0.509513258934021,0.0046655843034386635,0.03233041614294052,0.2294500768184662,0.03792624548077583
0.9,0.08895221,0.5736341,0,0.00519044091925025,0.9910102486610413,-2.5969390869140625,0.07098909467458725,0.5113793611526489,0.004896709229797125,0.027628369629383087,0.2326856404542923,0.03355461731553078
0.9,0.08895221,0.5736341,0,0.005777472630143166,0.9993162751197815,-2.59710693359375,0.07087906450033188,0.5151811838150024,0.005403661634773016,0.021925972774624825,0.23975254595279694,0.035637520253658295
1.0,0.09812805,0.6298409,0,0.006047912873327732,1.0035072565078735,-2.5971832275390625,0.07083313912153244,0.5170801281929016,0.005669774487614632,0.024593936279416084,0.23558230698108673,0.03751553222537041
1.0,0.09812805,0.6298409,0,0.006325026508420706,1.0077110528945923,-2.597259521484375,0.07078678905963898,0.5189950466156006,0.005990088451653719,0.023702844977378845,0.23766303062438965,0.044167038053274155
1.0,0.09812805,0.6298409,0,0.006899198982864618,1.0161571502685547,-2.5973968505859375,0.07075522840023041,0.5228444337844849,0.006572225596755743,0.026847142726182938,0.2407587170600891,0.04087807238101959
1.0,0.09812805,0.6298409,0,0.007168095093220472,1.020418643951416,-2.5974578857421875,0.0707298144698143,0.5247480273246765,0.00687346700578928,0.0276617631316185,0.23500557243824005,0.041676681488752365
1.0,0.09812805,0.6298409,0,0.007441025692969561,1.0246922969818115,-2.597503662109375,0.07065340876579285,0.5266274213790894,0.007116640917956829,0.021156806498765945,0.23221582174301147,0.03430852293968201
1.0,0.09812805,0.6298409,0,0.007720320951193571,1.0289784669876099,-2.5975494384765625,0.07060033828020096,0.5285428166389465,0.007340424228459597,0.023236151784658432,0.23688733577728271,0.03177160024642944
1.0,0.09812805,0.6298409,0,0.008006115444004536,1.033277153968811,-2.59759521484375,0.07060131430625916,0.530409574508667,0.007205903064459562,0.029177194461226463,0.2309676706790924,-0.01312605943530798
1.0,0.09812805,0.6298409,0,0.008281797170639038,1.0375959873199463,-2.59765625,0.0705636590719223,0.5323371887207031,0.007015816867351532,0.025972846895456314,0.23882022500038147,-0.019851138815283775
1.0,0.09812805,0.6298409,0,0.008852722123265266,1.0462706089019775,-2.597747802734375,0.07051197439432144,0.536010205745697,0.006764988414943218,0.026810618117451668,0.22802115976810455,-0.011320224963128567
1.0,0.09812805,0.6298409,0,0.009147943928837776,1.0506263971328735,-2.5977935791015625,0.07053330540657043,0.5379132032394409,0.00663424888625741,0.030904430896043777,0.23617735505104065,-0.012773088179528713
1.0,0.09812805,0.6298409,0,0.009449543431401253,1.0549949407577515,-2.5978240966796875,0.07051588594913483,0.5397965312004089,0.006483213976025581,0.025289250537753105,0.23385269939899445,-0.015412922017276287
1.0,0.09812805,0.6298409,0,0.009728074073791504,1.059383749961853,-2.597869873046875,0.07050135731697083,0.5416643619537354,0.006331115961074829,0.028286749497056007,0.23216386139392853,-0.015968455001711845
1.0,0.09812805,0.6298409,0,0.010297680273652077,1.068198561668396,-2.5979461669921875,0.07054037600755692,0.5455152988433838,0.0063061947003006935,0.03778811916708946,0.2461310178041458,0.00560935540124774
1.0,0.09812805,0.6298409,0,0.010592751204967499,1.0726258754730225,-2.5979766845703125,0.07055395841598511,0.5474964380264282,0.006340325810015202,0.03038519248366356,0.2467569261789322,0.007062684278935194
1.0,0.09812805,0.6298409,0,0.01114325039088726,1.0815629959106445,-2.5980377197265625,0.07059185951948166,0.55149906873703,0.006566700059920549,0.036977678537368774,0.2522001266479492,0.0217901524156332
1.0,0.09812805,0.6298409,0,0.011429156176745892,1.0860518217086792,-2.59808349609375,0.07062666118144989,0.5535553693771362,0.006799684837460518,0.0337948203086853,0.2549639642238617,0.03229360654950142
1.0,0.09812805,0.6298409,0,0.011721811257302761,1.0905543565750122,-2.598114013671875,0.07063089311122894,0.555586040019989,0.006980841048061848,0.029180239886045456,0.2518661320209503,0.02572266198694706
1.0,0.09812805,0.6298409,0,0.011988887563347816,1.0950850248336792,-2.5981597900390625,0.07062442600727081,0.5576915740966797,0.007192046381533146,0.03067154251039028,0.2606073319911957,0.029693355783820152
1.0,0.09812805,0.6298409,0,0.01254099141806364,1.1041884422302246,-2.5982208251953125,0.07072943449020386,0.5618948936462402,0.007631621323525906,0.03324645385146141,0.25944778323173523,0.03125704452395439
1.0,0.09812805,0.6298409,0,0.0128256781026721,1.1087610721588135,-2.5982513427734375,0.07074841856956482,0.5639875531196594,0.007868235930800438,0.03248453885316849,0.25938913226127625,0.032599080353975296
1.1,0.107383355,0.68586135,0,0.013079364784061909,1.113372802734375,-2.5982818603515625,0.07076779007911682,0.5661411881446838,0.008043719455599785,0.0363670252263546,0.2649877965450287,0.02486957050859928
1.1,0.107383355,0.68586135,0,0.013340471312403679,1.117998480796814,-2.598297119140625,0.07076296955347061,0.5682267546653748,0.00831700675189495,0.03243708983063698,0.2566089630126953,0.036879438906908035
1.1,0.107383355,0.68586135,0,0.013883745297789574,1.1272906064987183,-2.5983123779296875,0.07076580077409744,0.5723819136619568,0.008784799836575985,0.032034069299697876,0.2546827793121338,0.033134590834379196
1.1,0.107383355,0.68586135,0,0.01414053700864315,1.1319855451583862,-2.59832763671875,0.07076437026262283,0.5743919014930725,0.009024549275636673,0.03341972455382347,0.24504995346069336,0.032487787306308746
1.1,0.107383355,0.68586135,0,0.01440432108938694,1.1366926431655884,-2.59832763671875,0.07073294371366501,0.5763600468635559,0.009265949949622154,0.02877657674252987,0.24005107581615448,0.03262096643447876
1.1,0.107383355,0.68586135,0,0.014675170183181763,1.1414121389389038,-2.59832763671875,0.07075721770524979,0.5783118009567261,0.00930167268961668,0.03486891835927963,0.23823218047618866,0.006840098183602095
1.1,0.107383355,0.68586135,0,0.014948931522667408,1.1461436748504639,-2.59832763671875,0.07077169418334961,0.5802448391914368,0.009048236533999443,0.033982545137405396,0.23623482882976532,-0.029362736269831657
1.1,0.107383355,0.68586135,0,0.015456094406545162,1.1557213068008423,-2.5983428955078125,0.07075666636228561,0.5843110084533691,0.008702155202627182,0.03774144500494003,0.2413148283958435,-0.01042988058179617
1.1,0.107383355,0.68586135,0,0.01572086289525032,1.1605284214019775,-2.598358154296875,0.07081550359725952,0.5863018035888672,0.008545654825866222,0.04068556800484657,0.24070006608963013,-0.01686764694750309
1.1,0.107383355,0.68586135,0,0.01599285751581192,1.1653475761413574,-2.5983734130859375,0.07084139436483383,0.5882846713066101,0.008398637175559998,0.03568560630083084,0.23998653888702393,-0.015760770067572594
1.1,0.107383355,0.68586135,0,0.016475029289722443,1.1750863790512085,-2.5984039306640625,0.07080820947885513,0.5922843813896179,0.00808936357498169,0.032833270728588104,0.24233002960681915,-0.014418735168874264
1.1,0.107383355,0.68586135,0,0.016727082431316376,1.1799734830856323,-2.598419189453125,0.07080359011888504,0.5942614078521729,0.007973282597959042,0.03414925932884216,0.23754163086414337,-0.01218682061880827
1.1,0.107383355,0.68586135,0,0.01698174700140953,1.1848721504211426,-2.5984344482421875,0.07082388550043106,0.5962937474250793,0.007963293232023716,0.03775091841816902,0.24488410353660583,0.0010193324415013194
1.1,0.107383355,0.68586135,0,0.01719668321311474,1.189824104309082,-2.5984344482421875,0.07076402008533478,0.5984005331993103,0.008022553287446499,0.032247334718704224,0.25091731548309326,0.009246169589459896
1.1,0.107383355,0.68586135,0,0.017649270594120026,1.1997647285461426,-2.59844970703125,0.07066863030195236,0.6026628017425537,0.008105597458779812,0.028903409838676453,0.2519073188304901,0.01110322680324316
1.1,0.107383355,0.68586135,0,0.01788652315735817,1.2047535181045532,-2.59844970703125,0.0706404596567154,0.6048086285591125,0.0082216402515769,0.033162545412778854,0.2568446099758148,0.01618405617773533
1.1,0.107383355,0.68586135,0,0.018131073564291,1.209755301475525,-2.59844970703125,0.07062768191099167,0.6069933176040649,0.008372653275728226,0.034121859818696976,0.2620234489440918,0.02050492726266384
1.1,0.107383355,0.68586135,0,0.01831274852156639,1.2148088216781616,-2.59844970703125,0.07057124376296997,0.6091505289077759,0.008538102731108665,0.035320915281772614,0.25544795393943787,0.02240855060517788
1.1,0.107383355,0.68586135,0,0.018502691760659218,1.2198747396469116,-2.5984344482421875,0.07052818685770035,0.6113392114639282,0.008667790330946445,0.0358765572309494,0.2597735524177551,0.017886048182845116
1.2000000000000002,0.11672504,0.7416785,0,0.018903033807873726,1.2300430536270142,-2.5984344482421875,0.07052507251501083,0.6156565546989441,0.00906477402895689,0.040987055748701096,0.2601930499076843,0.027946660295128822
1.2000000000000002,0.11672504,0.7416785,0,0.019046956673264503,1.2351973056793213,-2.59844970703125,0.0705096572637558,0.61781907081604,0.009258548729121685,0.044620972126722336,0.2524164319038391,0.02614687941968441
1.2000000000000002,0.11672504,0.7416785,0,0.0192002784460783,1.2403631210327148,-2.59844970703125,0.07051096111536026,0.6200324892997742,0.00950306560844183,0.04548971727490425,0.2592621147632599,0.03243144229054451
1.2000000000000002,0.11672504,0.7416785,0,0.01953301578760147,1.2507301568984985,-2.5984344482421875,0.07037593424320221,0.6242285370826721,0.009942766278982162,0.040088143199682236,0.23813587427139282,0.02434244193136692
1.2000000000000002,0.11672504,0.7416785,0,0.019646812230348587,1.2559806108474731,-2.5984344482421875,0.07026633620262146,0.6262987852096558,0.010091829113662243,0.03510741889476776,0.23776642978191376,0.020352190360426903
1.2000000000000002,0.11672504,0.7416785,0,0.01976972445845604,1.2612413167953491,-2.5984344482421875,0.07014638930559158,0.6283425688743591,0.010266094468533993,0.03253919631242752,0.23506873846054077,0.023451166227459908
1.2000000000000002,0.11672504,0.7416785,0,0.01990176923573017,1.2665120363235474,-2.598419189453125,0.07009247690439224,0.6303733587265015,0.010473089292645454,0.039549943059682846,0.23404692113399506,0.027340369299054146
1.2000000000000002,0.11672504,0.7416785,0,0.02004307322204113,1.271793007850647,-2.598388671875,0.07003619521856308,0.6323732137680054,0.01048877090215683,0.038044966757297516,0.23076386749744415,0.0033825633581727743
1.2000000000000002,0.11672504,0.7416785,0,0.020199449732899666,1.2824863195419312,-2.5983428955078125,0.06990086287260056,0.6363708972930908,0.009882621467113495,0.04589168727397919,0.22817878425121307,-0.04052463546395302
1.2000000000000002,0.11672504,0.7416785,0,0.02029266208410263,1.287846565246582,-2.59832763671875,0.06977742910385132,0.638276219367981,0.009648560546338558,0.035457734018564224,0.21565456688404083,-0.028534790500998497
1.3,0.12615992,0.79727536,0,0.020395420491695404,1.2932153940200806,-2.598297119140625,0.06969481706619263,0.6401687264442444,0.009413391351699829,0.039243653416633606,0.21470195055007935,-0.028695909306406975
1.3,0.12615992,0.79727536,0,0.02048550546169281,1.3040845394134521,-2.5982666015625,0.06952513009309769,0.6441546082496643,0.00901777669787407,0.04377862438559532,0.22165566682815552,-0.022117046639323235
1.3,0.12615992,0.79727536,0,0.02054635062813759,1.3095319271087646,-2.5982513427734375,0.06942310929298401,0.6460949182510376,0.008849706500768661,0.041000813245773315,0.21751107275485992,-0.020529141649603844
1.3,0.12615992,0.79727536,0,0.020617477595806122,1.3149878978729248,-2.598236083984375,0.06935839354991913,0.6480383276939392,0.008712937124073505,0.044264692813158035,0.21858325600624084,-0.01663295365869999
1.3,0.12615992,0.79727536,0,0.020628144964575768,1.3204962015151978,-2.5982208251953125,0.06922059506177902,0.650018036365509,0.00860487949103117,0.042136672884225845,0.21939703822135925,-0.012819654308259487
1.3,0.12615992,0.79727536,0,0.02067348174750805,1.3315372467041016,-2.59820556640625,0.0690469890832901,0.6539981961250305,0.008400180377066135,0.04738825187087059,0.22498664259910583,-0.01876707933843136
1.3,0.12615992,0.79727536,0,0.020712411031126976,1.3370709419250488,-2.5981903076171875,0.06896428763866425,0.6560211181640625,0.008063552901148796,0.04587310925126076,0.22716660797595978,-0.04144338518381119
1.3,0.12615992,0.79727536,0,0.020697150379419327,1.3426575660705566,-2.5981903076171875,0.06888912618160248,0.6581653952598572,0.007753369864076376,0.05312583968043327,0.23850007355213165,-0.037928108125925064
1.3,0.12615992,0.79727536,0,0.02069377340376377,1.3482537269592285,-2.5981903076171875,0.06884843111038208,0.6603400707244873,0.007522392552345991,0.05580864101648331,0.24308891594409943,-0.02814689464867115
1.3,0.12615992,0.79727536,0,0.020701903849840164,1.3538594245910645,-2.5981903076171875,0.06875204294919968,0.662477433681488,0.0073448652401566505,0.04726029559969902,0.23918402194976807,-0.02148980088531971
1.3,0.12615992,0.79727536,0,0.020721077919006348,1.3594752550125122,-2.5981903076171875,0.06867262721061707,0.6647462844848633,0.007141058798879385,0.04783407226204872,0.25636017322540283,-0.024798324331641197
1.3,0.12615992,0.79727536,0,0.020665854215621948,1.3707993030548096,-2.598175048828125,0.06852541118860245,0.669442892074585,0.006743232719600201,0.053615618497133255,0.2659209668636322,-0.02010166458785534
1.3,0.12615992,0.79727536,0,0.020654374733567238,1.3764783143997192,-2.598175048828125,0.06852706521749496,0.6718658208847046,0.006645245477557182,0.0617402084171772,0.2752625048160553,-0.011802184395492077
1.3,0.12615992,0.79727536,0,0.02066797763109207,1.3878732919692993,-2.598175048828125,0.06857145577669144,0.6768461465835571,0.006640155334025621,0.058930546045303345,0.2843533456325531,0.008458270691335201
1.3,0.12615992,0.79727536,0,0.02064509503543377,1.393621563911438,-2.5981597900390625,0.06856018304824829,0.6794013977050781,0.006735769100487232,0.06103616952896118,0.29104021191596985,0.012004281394183636
1.3,0.12615992,0.79727536,0,0.020634232088923454,1.3993829488754272,-2.59814453125,0.06850890815258026,0.6820462346076965,0.0068664392456412315,0.054409898817539215,0.3030312955379486,0.016382893547415733
1.3,0.12615992,0.79727536,0,0.0206353310495615,1.4051584005355835,-2.5981292724609375,0.06852136552333832,0.6847717761993408,0.00704396003857255,0.060792673379182816,0.3138986825942993,0.022236255928874016
1.3,0.12615992,0.79727536,0,0.020636605098843575,1.4167839288711548,-2.5980987548828125,0.0685616284608841,0.6901917457580566,0.007389335427433252,0.0619545578956604,0.3106880784034729,0.01947767846286297
1.3,0.12615992,0.79727536,0,0.02063320390880108,1.4226337671279907,-2.5980682373046875,0.0686415433883667,0.692925214767456,0.007646520156413317,0.07018636912107468,0.31457093358039856,0.032012347131967545
1.4000000000000001,0.13569474,0.8526351,0,0.020642239600419998,1.4284981489181519,-2.5980377197265625,0.06869393587112427,0.6957175731658936,0.007935873232781887,0.06517896056175232,0.3227144777774811,0.03603612631559372
1.4000000000000001,0.13569474,0.8526351,0,0.020663492381572723,1.4343770742416382,-2.597991943359375,0.06876159459352493,0.6984691619873047,0.008188718929886818,0.06555899232625961,0.318389356136322,0.03122817538678646
1.4000000000000001,0.13569474,0.8526351,0,0.020667664706707,1.4462476968765259,-2.5978851318359375,0.06884545832872391,0.7039584517478943,0.00865744799375534,0.06928985565900803,0.3103730380535126,0.027556436136364937
1.4000000000000001,0.13569474,0.8526351,0,0.020688487216830254,1.4522038698196411,-2.5978240966796875,0.06893528997898102,0.7066733837127686,0.00887822825461626,0.06792233884334564,0.31304100155830383,0.027091706171631813
1.4000000000000001,0.13569474,0.8526351,0,0.020721478387713432,1.4581739902496338,-2.5977783203125,0.06901248544454575,0.7093431353569031,0.00907518994063139,0.06486903131008148,0.30819928646087646,0.024129169061779976
1.4000000000000001,0.13569474,0.8526351,0,0.020735476166009903,1.4641928672790527,-2.5977020263671875,0.06912457197904587,0.7119869589805603,0.00928579457104206,0.07159583270549774,0.3021408021450043,0.02546747960150242
1.4000000000000001,0.13569474,0.8526351,0,0.020762037485837936,1.4702248573303223,-2.597625732421875,0.06920690834522247,0.7145934104919434,0.009470818564295769,0.06638016551733017,0.2983468472957611,0.02229492925107479
1.4000000000000001,0.13569474,0.8526351,0,0.020795434713363647,1.4762696027755737,-2.5975494384765625,0.0692923367023468,0.7171615362167358,0.009428588673472404,0.06699714809656143,0.2945261001586914,-0.006070825736969709
1.4000000000000001,0.13569474,0.8526351,0,0.02087230607867241,1.488440752029419,-2.5973968505859375,0.06947758793830872,0.7223026752471924,0.008873765356838703,0.06688841432332993,0.2890087068080902,-0.04272441938519478
1.4000000000000001,0.13569474,0.8526351,0,0.020915985107421875,1.4945660829544067,-2.597320556640625,0.06959819793701172,0.7247788310050964,0.008695915341377258,0.07016775757074356,0.28089386224746704,-0.022878868505358696
1.5,0.14533615,0.9077407,0,0.021041275933384895,1.5068517923355103,-2.5971832275390625,0.07001900672912598,0.7297471165657043,0.008310255594551563,0.08035845309495926,0.2831580340862274,-0.028010455891489983
1.5,0.14533615,0.9077407,0,0.02109636180102825,1.5130571126937866,-2.59710693359375,0.07015153765678406,0.73222815990448,0.00810936652123928,0.07064353674650192,0.2790623605251312,-0.0256709735840559
1.5,0.14533615,0.9077407,0,0.021163973957300186,1.5192736387252808,-2.5970458984375,0.07033687829971313,0.734734833240509,0.007968844845890999,0.07584198564291,0.28318098187446594,-0.018109099939465523
1.5,0.14533615,0.9077407,0,0.021243928000330925,1.5255014896392822,-2.5969696044921875,0.070505790412426,0.73716139793396,0.007862000726163387,0.07241611182689667,0.2740432322025299,-0.013870651833713055
1.5,0.14533615,0.9077407,0,0.021329369395971298,1.5317405462265015,-2.5969085693359375,0.07069642841815948,0.7396187782287598,0.0077782077714800835,0.07594744861125946,0.2788989245891571,-0.010953749530017376
1.5,0.14533615,0.9077407,0,0.021501092240214348,1.5443419218063354,-2.5967864990234375,0.07101725041866302,0.7446229457855225,0.00782260112464428,0.07054328173398972,0.282004177570343,0.000612810195889324
1.5,0.14533615,0.9077407,0,0.021604984998703003,1.5506590604782104,-2.5967254638671875,0.07120116800069809,0.7470426559448242,0.007867655716836452,0.07347933948040009,0.2720370888710022,0.005600507836788893
1.5,0.14533615,0.9077407,0,0.02172083780169487,1.5569875240325928,-2.5966644287109375,0.07142320275306702,0.7495556473731995,0.007885840721428394,0.07693634927272797,0.28452950716018677,0.0022407618816941977
1.5,0.14533615,0.9077407,0,0.021817248314619064,1.5633606910705566,-2.596588134765625,0.07170946896076202,0.7520408034324646,0.007985207252204418,0.08741771429777145,0.27816078066825867,0.012043396942317486
1.5,0.14533615,0.9077407,0,0.02192644029855728,1.5697448253631592,-2.596527099609375,0.07191861420869827,0.7545120716094971,0.007934385910630226,0.07643213868141174,0.27729523181915283,-0.006721354555338621
1.5,0.14533615,0.9077407,0,0.022174904122948647,1.5825468301773071,-2.59637451171875,0.07244743406772614,0.7594399452209473,0.007397564128041267,0.08660873025655746,0.27747246623039246,-0.03794580325484276
1.5,0.14533615,0.9077407,0,0.022314464673399925,1.5889647006988525,-2.5962982177734375,0.07271189242601395,0.7618649005889893,0.007174286525696516,0.08160486817359924,0.274049311876297,-0.02848449908196926
1.5,0.14533615,0.9077407,0,0.022567790001630783,1.6018834114074707,-2.5961761474609375,0.07324136048555374,0.7668019533157349,0.006802049931138754,0.08084716647863388,0.281453937292099,-0.025330109521746635
1.5,0.14533615,0.9077407,0,0.022713297978043556,1.6083598136901855,-2.5961151123046875,0.07355901598930359,0.7692283391952515,0.006539887748658657,0.08822405338287354,0.27402979135513306,-0.03334832936525345
1.5,0.14533615,0.9077407,0,0.02287113107740879,1.6148477792739868,-2.5960540771484375,0.07381078600883484,0.771726667881012,0.006336128804832697,0.07871906459331512,0.2838161587715149,-0.026032792404294014
1.5,0.14533615,0.9077407,0,0.022996677085757256,1.6213698387145996,-2.5959930419921875,0.07412681728601456,0.7742317914962769,0.006218351423740387,0.09113670885562897,0.28317496180534363,-0.01496961247175932
1.5,0.14533615,0.9077407,0,0.02313552238047123,1.627903699874878,-2.595947265625,0.07444508373737335,0.776745080947876,0.006134600378572941,0.0900627002120018,0.2850243151187897,-0.010710208676755428
1.5,0.14533615,0.9077407,0,0.023287052288651466,1.6344497203826904,-2.59588623046875,0.07472462207078934,0.7793044447898865,0.006130001042038202,0.08389873802661896,0.2915962040424347,-0.0008102505817078054
1.5,0.14533615,0.9077407,0,0.023571442812681198,1.6476130485534668,-2.595794677734375,0.07530851662158966,0.7844913005828857,0.006231711246073246,0.09027663618326187,0.2948460578918457,0.012570525519549847
1.5,0.14533615,0.9077407,0,0.02371145784854889,1.6542295217514038,-2.5957489013671875,0.07563159614801407,0.7870503664016724,0.006355781573802233,0.09264063835144043,0.2906363308429718,0.015734227374196053
1.6,0.15509064,0.9625754,0,0.02386443503201008,1.6608586311340332,-2.595703125,0.07590300589799881,0.7896583676338196,0.006460921373218298,0.08481083810329437,0.297561377286911,0.013360287062823772
1.6,0.15509064,0.9625754,0,0.024030089378356934,1.667500615119934,-2.5956573486328125,0.07621593773365021,0.7922459244728088,0.006699407938867807,0.08866866677999496,0.295783668756485,0.0300211813300848
1.6,0.15509064,0.9625754,0,0.024328747764229774,1.6808887720108032,-2.5955963134765625,0.07683774083852768,0.797453761100769,0.006980189122259617,0.09102212637662888,0.298132061958313,0.01953122951090336
1.6,0.15509064,0.9625754,0,0.024497920647263527,1.6876018047332764,-2.595550537109375,0.0772140696644783,0.8000317811965942,0.007184457965195179,0.09675755351781845,0.29364854097366333,0.026691237464547157
1.6,0.15509064,0.9625754,0,0.024838317185640335,1.7011018991470337,-2.595489501953125,0.07795528322458267,0.8051403164863586,0.00749925198033452,0.09775920957326889,0.28734728693962097,0.019278841093182564
1.6,0.15509064,0.9625754,0,0.025009440258145332,1.707888126373291,-2.5954742431640625,0.07825420051813126,0.8076184988021851,0.00748388422653079,0.08900652080774307,0.2798764109611511,0.0003958120651077479
1.6,0.15509064,0.9625754,0,0.025193242356181145,1.7146857976913452,-2.5954437255859375,0.07856474071741104,0.8101163506507874,0.007287702523171902,0.08909922093153,0.2831610441207886,-0.022273508831858635
1.6,0.15509064,0.9625754,0,0.025389840826392174,1.721495270729065,-2.595428466796875,0.07888592034578323,0.8125638961791992,0.006968463305383921,0.08910246193408966,0.27768415212631226,-0.03757653385400772
1.6,0.15509064,0.9625754,0,0.025756267830729485,1.7352256774902344,-2.5954437255859375,0.07937741279602051,0.8174624443054199,0.006418808829039335,0.08004812151193619,0.27308279275894165,-0.03306148201227188
1.6,0.15509064,0.9625754,0,0.02595800720155239,1.7421072721481323,-2.5954437255859375,0.07967730611562729,0.8199079632759094,0.0061604976654052734,0.08666136860847473,0.2761206030845642,-0.02910475991666317
1.7000000000000002,0.16496469,1.017122,0,0.0261723343282938,1.749000072479248,-2.5954437255859375,0.08003748208284378,0.8222816586494446,0.005934539716690779,0.09289240837097168,0.2679842710494995,-0.025152692571282387
1.7000000000000002,0.16496469,1.017122,0,0.026369629427790642,1.7559399604797363,-2.5954742431640625,0.08036433160305023,0.824700117111206,0.0057486738078296185,0.09134960919618607,0.2706284523010254,-0.019374767318367958
1.7000000000000002,0.16496469,1.017122,0,0.026788435876369476,1.769852638244629,-2.5955047607421875,0.08100546151399612,0.8294747471809387,0.005564361810684204,0.09308218210935593,0.26311615109443665,-0.008092260919511318
1.7000000000000002,0.16496469,1.017122,0,0.02701672352850437,1.7768248319625854,-2.5955047607421875,0.0813637301325798,0.8318621516227722,0.005302456207573414,0.09355571120977402,0.2693198323249817,-0.029373912140727043
1.7000000000000002,0.16496469,1.017122,0,0.027230698615312576,1.783837080001831,-2.595550537109375,0.08166787773370743,0.8342472314834595,0.004957638680934906,0.08931092172861099,0.2669197916984558,-0.03805476799607277
1.7000000000000002,0.16496469,1.017122,0,0.027457162737846375,1.7908598184585571,-2.5955963134765625,0.08199004083871841,0.8366597294807434,0.00460880296304822,0.09020589292049408,0.2712029814720154,-0.03870389983057976
1.7000000000000002,0.16496469,1.017122,0,0.02794697880744934,1.804938554763794,-2.595672607421875,0.08267249912023544,0.8415708541870117,0.004175176844000816,0.09431414306163788,0.2808941602706909,-0.02161925472319126
1.7000000000000002,0.16496469,1.017122,0,0.028210407122969627,1.8119957447052002,-2.595703125,0.08303498476743698,0.8441339731216431,0.00394447473809123,0.09136627614498138,0.2924143671989441,-0.024354083463549614
1.7000000000000002,0.16496469,1.017122,0,0.028465747833251953,1.819093108177185,-2.5957794189453125,0.08343026787042618,0.8467316627502441,0.003729968797415495,0.09895634651184082,0.29430997371673584,-0.02069445140659809
1.7000000000000002,0.16496469,1.017122,0,0.028733398765325546,1.8262032270431519,-2.5958404541015625,0.08375054597854614,0.849386990070343,0.0034776178654283285,0.08826853334903717,0.3023199141025543,-0.025840939953923225
1.8,0.17496459,1.0713639,0,0.029304224997758865,1.8404630422592163,-2.595947265625,0.08450495451688766,0.8547502160072327,0.003222239436581731,0.09413053095340729,0.31314218044281006,-0.012793577276170254
1.8,0.17496459,1.0713639,0,0.029587429016828537,1.8476377725601196,-2.596038818359375,0.08491737395524979,0.8575451374053955,0.003233078634366393,0.0992104560136795,0.31915128231048584,0.008083879016339779
1.8,0.17496459,1.0713639,0,0.029883068054914474,1.85482656955719,-2.5961151123046875,0.08536062389612198,0.8602839112281799,0.0032965552527457476,0.10179032385349274,0.3129290044307709,0.014467163942754269
1.8,0.17496459,1.0713639,0,0.030191076919436455,1.8620294332504272,-2.59619140625,0.08578585088253021,0.8630766272544861,0.003371300408616662,0.09829667210578918,0.3204615116119385,0.01568533293902874
1.8,0.17496459,1.0713639,0,0.030511219054460526,1.8692470788955688,-2.5962677001953125,0.08620839565992355,0.8658979535102844,0.003547799540683627,0.0967525765299797,0.32483091950416565,0.028220003470778465
1.8,0.17496459,1.0713639,0,0.031142452731728554,1.8837987184524536,-2.596466064453125,0.08697705715894699,0.8715583682060242,0.003955923952162266,0.09207794815301895,0.3264763355255127,0.03341352194547653
1.8,0.17496459,1.0713639,0,0.031472258269786835,1.8910967111587524,-2.5965423583984375,0.08736910670995712,0.8744027614593506,0.00417326670140028,0.09498155117034912,0.3259821832180023,0.03408779948949814
1.8,0.17496459,1.0713639,0,0.03181355074048042,1.8984097242355347,-2.5966339111328125,0.08774571120738983,0.8772544860839844,0.00423708138987422,0.09182439744472504,0.32772454619407654,0.014695803634822369
1.8,0.17496459,1.0713639,0,0.0324534997344017,1.9131771326065063,-2.596832275390625,0.08849440515041351,0.8831685781478882,0.00385186355561018,0.09705092012882233,0.3344428539276123,-0.019148455932736397
1.8,0.17496459,1.0713639,0,0.0327913723886013,1.920583724975586,-2.596923828125,0.08890606462955475,0.8861327767372131,0.0037838309071958065,0.0982060357928276,0.3391558825969696,-0.0014994292287155986
1.9000000000000001,0.18509653,1.1252841,0,0.03314126282930374,1.9280054569244385,-2.597015380859375,0.08934008330106735,0.8890619277954102,0.003753606928512454,0.09974772483110428,0.3356677293777466,0.0030230728443711996
1.9000000000000001,0.18509653,1.1252841,0,0.0334542952477932,1.9354900121688843,-2.5971221923828125,0.08967724442481995,0.8920289874076843,0.0036829402670264244,0.09279817342758179,0.33613571524620056,-0.001713167759589851
1.9000000000000001,0.18509653,1.1252841,0,0.03410919010639191,1.9505040645599365,-2.5972900390625,0.09042413532733917,0.8979395627975464,0.003622846445068717,0.09550902992486954,0.338111013174057,0.009226611815392971
1.9000000000000001,0.18509653,1.1252841,0,0.03445100411772728,1.958033800125122,-2.597381591796875,0.09084433317184448,0.9008758068084717,0.003662314498797059,0.1016315296292305,0.3351176679134369,0.011475290171802044
1.9000000000000001,0.18509653,1.1252841,0,0.03476791828870773,1.9656389951705933,-2.59747314453125,0.09119447320699692,0.9038695693016052,0.0037599762436002493,0.09661094844341278,0.3365018963813782,0.018951015546917915
1.9000000000000001,0.18509653,1.1252841,0,0.035097286105155945,1.9732584953308105,-2.597564697265625,0.09160999208688736,0.9068703055381775,0.003877070965245366,0.10338463634252548,0.33845797181129456,0.021183861419558525
1.9000000000000001,0.18509653,1.1252841,0,0.035792890936136246,1.988542914390564,-2.59771728515625,0.09239836782217026,0.9130004048347473,0.003688441589474678,0.09918375313282013,0.350778192281723,-0.014272051863372326
1.9000000000000001,0.18509653,1.1252841,0,0.036118123680353165,1.9962750673294067,-2.597808837890625,0.09277059882879257,0.916187047958374,0.0035087079741060734,0.09944434463977814,0.35747382044792175,-0.01611141301691532
1.9000000000000001,0.18509653,1.1252841,0,0.03645559400320053,2.0040225982666016,-2.5978851318359375,0.09311298280954361,0.9193593859672546,0.0033885498996824026,0.09431292861700058,0.3568218946456909,-0.008850823156535625
1.9000000000000001,0.18509653,1.1252841,0,0.036805134266614914,2.0117857456207275,-2.5979766845703125,0.09345795959234238,0.9225274324417114,0.003372841514647007,0.09327308088541031,0.35738328099250793,0.004024244379252195
2.0,0.19536659,1.1788658,0,0.03748152405023575,2.0274195671081543,-2.5981292724609375,0.09408982843160629,0.9290041923522949,0.003220632905140519,0.09223676472902298,0.3665160536766052,-0.0019446014193817973
2.0,0.19536659,1.1788658,0,0.03781750053167343,2.035289764404297,-2.59820556640625,0.09448909014463425,0.9322893023490906,0.003189170965924859,0.10430613160133362,0.36906155943870544,0.0014384276000782847
2.0,0.19536659,1.1788658,0,0.03816628083586693,2.0431759357452393,-2.5982666015625,0.09492405503988266,0.9355867505073547,0.0032690237276256084,0.10734410583972931,0.37170711159706116,0.015193129889667034
2.0,0.19536659,1.1788658,0,0.03852769732475281,2.051079034805298,-2.5983428955078125,0.09533052891492844,0.9389746785163879,0.0033936207182705402,0.1023997962474823,0.3840964138507843,0.02078153006732464
2.0,0.19536659,1.1788658,0,0.03924264386296272,2.0669848918914795,-2.598480224609375,0.09608083963394165,0.9457023739814758,0.0037412596866488457,0.09510605782270432,0.37714681029319763,0.029124783352017403
2.0,0.19536659,1.1788658,0,0.03959599882364273,2.0749871730804443,-2.5985565185546875,0.09642677754163742,0.9491222500801086,0.004043665248900652,0.0966988131403923,0.3859121799468994,0.04272674769163132
2.0,0.19536659,1.1788658,0,0.039952538907527924,2.0830070972442627,-2.5986175537109375,0.09675634652376175,0.9525330066680908,0.004397276323288679,0.09621664881706238,0.38582032918930054,0.04901270940899849
2.0,0.19536659,1.1788658,0,0.04032097011804581,2.0910444259643555,-2.5986785888671875,0.0970994085073471,0.9560016393661499,0.004549529403448105,0.09648394584655762,0.39418038725852966,0.023701226338744164
2.0,0.19536659,1.1788658,0,0.040985096246004105,2.1072444915771484,-2.598785400390625,0.09778884798288345,0.9629713892936707,0.00438825273886323,0.10131373256444931,0.3926710784435272,-0.004990025889128447
2.1,0.20578068,1.2320923,0,0.04133644700050354,2.115370988845825,-2.598846435546875,0.09817350655794144,0.9664146304130554,0.00438710255548358,0.1040671169757843,0.39046186208724976,0.004162080120295286
2.1,0.20578068,1.2320923,0,0.041700344532728195,2.1235146522521973,-2.5988922119140625,0.09850867837667465,0.9698044061660767,0.004498448222875595,0.09643396735191345,0.3848673403263092,0.018096061423420906
2.1,0.20578068,1.2320923,0,0.042027004063129425,2.1317105293273926,-2.5989532470703125,0.0987803041934967,0.9732955098152161,0.004486548714339733,0.0935259684920311,0.3953201472759247,0.002929474925622344
2.1,0.20578068,1.2320923,0,0.0427187904715538,2.148155927658081,-2.59906005859375,0.09949671477079391,0.9803572297096252,0.004472391214221716,0.10390980541706085,0.4013423025608063,0.009105539880692959
2.1,0.20578068,1.2320923,0,0.04307398200035095,2.1564066410064697,-2.5991058349609375,0.0998416393995285,0.9838582873344421,0.004567909054458141,0.10147102177143097,0.3997576832771301,0.016010364517569542
2.1,0.20578068,1.2320923,0,0.04339529573917389,2.1647167205810547,-2.5991668701171875,0.10014989972114563,0.9873436689376831,0.004746154882013798,0.10177304595708847,0.3949419856071472,0.026754101738333702
2.1,0.20578068,1.2320923,0,0.04372971132397652,2.173044443130493,-2.599212646484375,0.10047899931669235,0.9908254742622375,0.00498062651604414,0.10276948660612106,0.3956502676010132,0.03352667763829231
2.1,0.20578068,1.2320923,0,0.0444374717772007,2.1897544860839844,-2.59930419921875,0.10117603093385696,0.9979968070983887,0.0049715531058609486,0.09964580833911896,0.4134092628955841,-0.009780283086001873
2.1,0.20578068,1.2320923,0,0.044767484068870544,2.198195695877075,-2.599365234375,0.10146969556808472,1.0016107559204102,0.004854172468185425,0.10003086179494858,0.4098943769931793,-0.009873881004750729
2.1,0.20578068,1.2320923,0,0.04511028528213501,2.206655263900757,-2.59942626953125,0.1017838567495346,1.005277156829834,0.004818193148821592,0.10098841041326523,0.4176180064678192,0.00015972180699463934
2.2,0.21634461,1.2849467,0,0.045466504991054535,2.2151334285736084,-2.5994873046875,0.10219929367303848,1.0089181661605835,0.004773186054080725,0.11208058893680573,0.4155581593513489,-0.0011064111022278666
2.2,0.21634461,1.2849467,0,0.04616609215736389,2.2321982383728027,-2.5996246337890625,0.10293585062026978,1.0162583589553833,0.004761113319545984,0.10911569744348526,0.4180780053138733,0.0015231779543682933
2.2,0.21634461,1.2849467,0,0.04650956019759178,2.2407844066619873,-2.5996856689453125,0.10328295826911926,1.0199471712112427,0.004819633439183235,0.10853859037160873,0.41996604204177856,0.012394505552947521
2.2,0.21634461,1.2849467,0,0.04686591029167175,2.249389171600342,-2.599761962890625,0.10358170419931412,1.0236988067626953,0.00491711962968111,0.10085877031087875,0.42892464995384216,0.017113981768488884
2.2,0.21634461,1.2849467,0,0.04723518341779709,2.2580134868621826,-2.599822998046875,0.10394898056983948,1.027463436126709,0.005143213085830212,0.1078316941857338,0.4316474497318268,0.03304332122206688
2.2,0.21634461,1.2849467,0,0.04793904721736908,2.275406837463379,-2.5999908447265625,0.10465291142463684,1.0349783897399902,0.005659924354404211,0.10861560702323914,0.43278205394744873,0.04179449379444122
2.2,0.21634461,1.2849467,0,0.04831051453948021,2.2841320037841797,-2.6000518798828125,0.10494891554117203,1.0388078689575195,0.005699408706277609,0.09971106797456741,0.4394330084323883,0.009996815584599972
2.2,0.21634461,1.2849467,0,0.04869469627737999,2.292877435684204,-2.6001129150390625,0.10530493408441544,1.0426204204559326,0.005639116279780865,0.10563212633132935,0.4383995831012726,-0.002624466782435775
2.2,0.21634461,1.2849467,0,0.04905670881271362,2.3016839027404785,-2.6002044677734375,0.10567955672740936,1.0464775562286377,0.0055361343547701836,0.11187321692705154,0.44182413816452026,-0.007534399162977934
2.2,0.21634461,1.2849467,0,0.04979894682765007,2.31935715675354,-2.600341796875,0.10632183402776718,1.0542643070220947,0.005610371008515358,0.09853476285934448,0.448168009519577,0.01035770308226347
2.3000000000000003,0.22706403,1.3374125,0,0.050188858062028885,2.328223943710327,-2.6004180908203125,0.10666779428720474,1.0581210851669312,0.005631738342344761,0.10709812492132187,0.4449253976345062,0.007592606823891401
2.3000000000000003,0.22706403,1.3374125,0,0.05059163272380829,2.337111234664917,-2.6004791259765625,0.10705816745758057,1.0620131492614746,0.005703383591026068,0.11105193942785263,0.45037248730659485,0.013731884770095348
2.3000000000000003,0.22706403,1.3374125,0,0.0509677454829216,2.346059560775757,-2.600555419921875,0.10740475356578827,1.0658949613571167,0.00577728683128953,0.10964365303516388,0.4468136727809906,0.014169140718877316
2.3000000000000003,0.22706403,1.3374125,0,0.05175933986902237,2.364016532897949,-2.600677490234375,0.10817041248083115,1.0736751556396484,0.006093072704970837,0.11095622181892395,0.4499379098415375,0.032805368304252625
2.3000000000000003,0.22706403,1.3374125,0,0.05217468738555908,2.37302565574646,-2.6007537841796875,0.10857395827770233,1.0775644779205322,0.00629686051979661,0.11190812289714813,0.45085665583610535,0.030273569747805595
2.3000000000000003,0.22706403,1.3374125,0,0.052545852959156036,2.382106065750122,-2.600830078125,0.10892238467931747,1.0814909934997559,0.006339690648019314,0.11345680803060532,0.45178136229515076,0.010821967385709286
2.3000000000000003,0.22706403,1.3374125,0,0.0529303140938282,2.391206979751587,-2.600921630859375,0.10925249010324478,1.0854583978652954,0.006189438048750162,0.1094350814819336,0.4579828977584839,-0.013472977094352245
2.3000000000000003,0.22706403,1.3374125,0,0.05332781746983528,2.4003283977508545,-2.6009979248046875,0.10960797220468521,1.0894322395324707,0.006101050414144993,0.11091680079698563,0.45986208319664,-0.005894805770367384
2.3000000000000003,0.22706403,1.3374125,0,0.05373845249414444,2.409471035003662,-2.6010589599609375,0.10998867452144623,1.093446135520935,0.006063428241759539,0.11242265999317169,0.46591514348983765,0.0002998858399223536
2.4000000000000004,0.23794441,1.3894731,0,0.05450955405831337,2.427900552749634,-2.601226806640625,0.11077426373958588,1.1015276908874512,0.006100205704569817,0.12338218837976456,0.46751129627227783,0.008772592060267925
2.4000000000000004,0.23794441,1.3894731,0,0.0549161359667778,2.4371469020843506,-2.601318359375,0.11121669411659241,1.105568766593933,0.006097607314586639,0.12086191028356552,0.4689144194126129,0.005008652340620756
2.4000000000000004,0.23794441,1.3894731,0,0.05533653497695923,2.4464149475097656,-2.6013946533203125,0.1116405501961708,1.109649658203125,0.006140825804322958,0.1169058308005333,0.4748844504356384,0.010578426532447338
2.4000000000000004,0.23794441,1.3894731,0,0.05571970343589783,2.455752372741699,-2.6014862060546875,0.11203033477067947,1.1136935949325562,0.006264158990234137,0.11753523349761963,0.46663424372673035,0.020847653970122337
2.4000000000000004,0.23794441,1.3894731,0,0.05650253966450691,2.4744913578033447,-2.6016387939453125,0.11266019940376282,1.1218878030776978,0.006791184656322002,0.10908597707748413,0.4755018651485443,0.04255678132176399
2.4000000000000004,0.23794441,1.3894731,0,0.05691391974687576,2.483893394470215,-2.601715087890625,0.11299090832471848,1.1259305477142334,0.007130743004381657,0.10934801399707794,0.46948009729385376,0.04745926335453987
2.4000000000000004,0.23794441,1.3894731,0,0.05770585313439369,2.5028183460235596,-2.6018218994140625,0.11376307159662247,1.1340363025665283,0.007967900484800339,0.1196451336145401,0.46892115473747253,0.05881860479712486
2.4000000000000004,0.23794441,1.3894731,0,0.05812279134988785,2.512312650680542,-2.6018829345703125,0.11414097994565964,1.138049840927124,0.008375457488000393,0.1148407980799675,0.46681085228919983,0.055545005947351456
2.4000000000000004,0.23794441,1.3894731,0,0.05855357274413109,2.5218286514282227,-2.6019287109375,0.11460024863481522,1.1420798301696777,0.00855381228029728,0.12333160638809204,0.46987009048461914,0.026759224012494087
2.4000000000000004,0.23794441,1.3894731,0,0.05894094333052635,2.5313992500305176,-2.6019744873046875,0.1149686872959137,1.1460164785385132,0.008524533361196518,0.11716663092374802,0.4561038315296173,0.00014808027481194586
2.5,0.24899113,1.441112,0,0.05974528566002846,2.5506036281585693,-2.6020355224609375,0.1157200038433075,1.1539547443389893,0.008594217710196972,0.11921169608831406,0.46017059683799744,0.007295980583876371
2.5,0.24899113,1.441112,0,0.06016227602958679,2.560237407684326,-2.6020660400390625,0.11616791784763336,1.1578493118286133,0.008666268549859524,0.12658989429473877,0.45354971289634705,0.012540257535874844
2.5,0.24899113,1.441112,0,0.060546498745679855,2.569916009902954,-2.602081298828125,0.11653660237789154,1.1617392301559448,0.008735583163797855,0.12088360637426376,0.4518904387950897,0.011895316652953625
2.5,0.24899113,1.441112,0,0.06094537302851677,2.5796148777008057,-2.602081298828125,0.11691711097955704,1.1655691862106323,0.008804574608802795,0.1205102950334549,0.44532275199890137,0.011042690835893154
2.5,0.24899113,1.441112,0,0.06178657338023186,2.5990734100341797,-2.6020355224609375,0.11773082613945007,1.1731631755828857,0.009067806415259838,0.12133871018886566,0.4414825737476349,0.024734528735280037
2.5,0.24899113,1.441112,0,0.0621875524520874,2.6088523864746094,-2.602020263671875,0.1181185320019722,1.176895022392273,0.009297327138483524,0.120974101126194,0.4341014623641968,0.030881723389029503
2.5,0.24899113,1.441112,0,0.06260324269533157,2.6186513900756836,-2.60198974609375,0.11847720295190811,1.1806573867797852,0.009347553364932537,0.11554177850484848,0.4388399124145508,0.008404719643294811
2.5,0.24899113,1.441112,0,0.0630333423614502,2.6284706592559814,-2.6019744873046875,0.11887724697589874,1.184447169303894,0.009245384484529495,0.11895507574081421,0.44316330552101135,-0.010708346031606197
2.5,0.24899113,1.441112,0,0.06390872597694397,2.6481709480285645,-2.6019134521484375,0.11972774565219879,1.1918662786483765,0.00907305907458067,0.12630008161067963,0.42898842692375183,-0.007768626790493727
2.5,0.24899113,1.441112,0,0.06432361155748367,2.6580653190612793,-2.6018524169921875,0.1201324388384819,1.1956027746200562,0.009064038284122944,0.12487722188234329,0.4378937780857086,-0.00032503154943697155
2.6,0.26020932,1.4923128,0,0.06475324183702469,2.6679799556732178,-2.6017913818359375,0.12051519006490707,1.199312686920166,0.009055067785084248,0.12029509991407394,0.43536505103111267,-0.00034552064607851207
2.6,0.26020932,1.4923128,0,0.06519749760627747,2.67791485786438,-2.6017303466796875,0.1209488958120346,1.2030054330825806,0.009025364182889462,0.12486935406923294,0.4339824318885803,-0.002963468199595809
2.6,0.26020932,1.4923128,0,0.06608371436595917,2.697849750518799,-2.6016082763671875,0.12180740386247635,1.2102829217910767,0.009071907959878445,0.11843839287757874,0.4319360554218292,0.003918073605746031
2.6,0.26020932,1.4923128,0,0.0665256455540657,2.7078499794006348,-2.601531982421875,0.12225821614265442,1.2139525413513184,0.009213889017701149,0.1275676041841507,0.4334016442298889,0.017927957698702812
2.6,0.26020932,1.4923128,0,0.06696874648332596,2.71787166595459,-2.6014556884765625,0.1226932629942894,1.2176040410995483,0.00947620254009962,0.1289057433605194,0.4315430521965027,0.03302236646413803
2.6,0.26020932,1.4923128,0,0.06742671877145767,2.7279138565063477,-2.6013641357421875,0.12313826382160187,1.2212885618209839,0.009688159450888634,0.12830154597759247,0.4363380968570709,0.02618366666138172
2.6,0.26020932,1.4923128,0,0.06831879913806915,2.7480478286743164,-2.60113525390625,0.12396597862243652,1.228528618812561,0.010030479170382023,0.12864258885383606,0.43159231543540955,0.007909256033599377
2.6,0.26020932,1.4923128,0,0.06878706812858582,2.758146286010742,-2.6010284423828125,0.12434708327054977,1.2321563959121704,0.009861926548182964,0.11907114088535309,0.4326306879520416,-0.021857207641005516
2.6,0.26020932,1.4923128,0,0.0692698284983635,2.768265962600708,-2.6009063720703125,0.1247856616973877,1.2357639074325562,0.009758561849594116,0.12445548176765442,0.43067508935928345,-0.013688112609088421
2.6,0.26020932,1.4923128,0,0.06972644478082657,2.778419017791748,-2.6007843017578125,0.12523861229419708,1.2393360137939453,0.009723125025629997,0.12897813320159912,0.42598283290863037,-0.005870125722140074
2.8000000000000003,0.28318012,1.593335,0,0.07068552076816559,2.798788070678711,-2.600555419921875,0.12616035342216492,1.2465040683746338,0.009565192274749279,0.12912364304065704,0.4284818470478058,-0.007106922101229429
2.8000000000000003,0.28318012,1.593335,0,0.07117359340190887,2.809004783630371,-2.6004486083984375,0.1266021728515625,1.250038981437683,0.009511358104646206,0.12728141248226166,0.42266300320625305,-0.007808673661202192
2.8000000000000003,0.28318012,1.593335,0,0.0716361254453659,2.8192570209503174,-2.600311279296875,0.1270638108253479,1.2535852193832397,0.009523728862404823,0.1321539431810379,0.42365360260009766,-0.0004647299356292933
2.8000000000000003,0.28318012,1.593335,0,0.07211419939994812,2.8295302391052246,-2.600189208984375,0.1274959146976471,1.2571347951889038,0.009614843875169754,0.1265757828950882,0.4246179461479187,0.009435228072106838
2.8000000000000003,0.28318012,1.593335,0,0.07311698794364929,2.850139856338501,-2.5999298095703125,0.12853237986564636,1.2641663551330566,0.009862286038696766,0.13164517283439636,0.42268621921539307,0.017988959327340126
2.8000000000000003,0.28318012,1.593335,0,0.07360927015542984,2.8604888916015625,-2.5997772216796875,0.12899138033390045,1.2676259279251099,0.010070313699543476,0.12781131267547607,0.41420918703079224,0.023861413821578026
2.8000000000000003,0.28318012,1.593335,0,0.07411694526672363,2.870858669281006,-2.599639892578125,0.1294427514076233,1.271174430847168,0.009897430427372456,0.1250501275062561,0.42586061358451843,-0.023690981790423393
2.8000000000000003,0.28318012,1.593335,0,0.07464004307985306,2.8812499046325684,-2.5995025634765625,0.12994693219661713,1.2747244834899902,0.009233144111931324,0.12987685203552246,0.42656210064888,-0.08497852087020874
2.8000000000000003,0.28318012,1.593335,0,0.07568596303462982,2.9021003246307373,-2.5992431640625,0.13101543486118317,1.2818398475646973,0.007874014787375927,0.1360899657011032,0.4324176609516144,-0.08350516855716705
2.8000000000000003,0.28318012,1.593335,0,0.07620905339717865,2.91256046295166,-2.599090576171875,0.13152524828910828,1.285481572151184,0.0072923689149320126,0.13437111675739288,0.4394895136356354,-0.07565831393003464
2.9000000000000004,0.2949422,1.6431241,0,0.07674773037433624,2.9230430126190186,-2.5989532470703125,0.13201814889907837,1.289124846458435,0.006680064368993044,0.13043750822544098,0.440122127532959,-0.07940688729286194
2.9000000000000004,0.2949422,1.6431241,0,0.07730159908533096,2.93354868888855,-2.5988311767578125,0.13251589238643646,1.2928125858306885,0.006044927053153515,0.1292647421360016,0.4460771679878235,-0.08217989653348923
2.9000000000000004,0.2949422,1.6431241,0,0.07844133675098419,2.9546539783477783,-2.5985565185546875,0.1337425857782364,1.300394058227539,0.005112896207720041,0.14021916687488556,0.4616193175315857,-0.05628307908773422
2.9000000000000004,0.2949422,1.6431241,0,0.07903482764959335,2.965243101119995,-2.5984039306640625,0.1343344897031784,1.3042861223220825,0.004834627732634544,0.13730782270431519,0.47199198603630066,-0.03865360841155052
2.9000000000000004,0.2949422,1.6431241,0,0.0796438530087471,2.975857973098755,-2.5982666015625,0.13493946194648743,1.3082398176193237,0.004718712996691465,0.13727924227714539,0.4801029860973358,-0.018248332664370537
2.9000000000000004,0.2949422,1.6431241,0,0.08026821166276932,2.9864983558654785,-2.5981292724609375,0.13554564118385315,1.3122433423995972,0.004736034665256739,0.1358097344636917,0.4867415726184845,-0.0014854593900963664
2.9000000000000004,0.2949422,1.6431241,0,0.08089370280504227,2.9971811771392822,-2.5979766845703125,0.13617783784866333,1.316318154335022,0.0046837469562888145,0.14306271076202393,0.49436381459236145,-0.010613816790282726
2.9000000000000004,0.2949422,1.6431241,0,0.08153468370437622,3.0078909397125244,-2.5978240966796875,0.13685055077075958,1.3204764127731323,0.004452572204172611,0.14645536243915558,0.5052444338798523,-0.032856591045856476
2.9000000000000004,0.2949422,1.6431241,0,0.0828619971871376,3.0293946266174316,-2.5975494384765625,0.13813915848731995,1.329117774963379,0.004212119150906801,0.14400146901607513,0.5330871343612671,-0.014405696652829647
2.9000000000000004,0.2949422,1.6431241,0,0.08354488015174866,3.040208578109741,-2.597412109375,0.13885058462619781,1.3334931135177612,0.004132605157792568,0.1469029039144516,0.5318112373352051,-0.013542826287448406
3.0,0.30689475,1.6924105,0,0.08424300700426102,3.051051616668701,-2.5972900390625,0.1395382285118103,1.3379194736480713,0.0040494706481695175,0.1423952877521515,0.5385926365852356,-0.013892537914216518
3.0,0.30689475,1.6924105,0,0.08495639264583588,3.061924457550049,-2.5971527099609375,0.14031167328357697,1.342328429222107,0.00405243830755353,0.15161655843257904,0.5368281006813049,-0.0030300577636808157
3.0,0.30689475,1.6924105,0,0.08640246093273163,3.083791971206665,-2.5969085693359375,0.14184188842773438,1.3514472246170044,0.004111086949706078,0.15132826566696167,0.5555400252342224,-0.0010696238605305552
3.0,0.30689475,1.6924105,0,0.08713465183973312,3.094787120819092,-2.5967864990234375,0.14255283772945404,1.3560271263122559,0.004220014903694391,0.14589595794677734,0.555876612663269,0.010529066435992718
3.0,0.30689475,1.6924105,0,0.08864466100931168,3.1168711185455322,-2.5965576171875,0.1440616399049759,1.365381121635437,0.004118598997592926,0.14672663807868958,0.5734658241271973,-0.01889886148273945
3.0,0.30689475,1.6924105,0,0.08941446989774704,3.12799334526062,-2.596435546875,0.14482730627059937,1.3702212572097778,0.003975651226937771,0.14965802431106567,0.5863068699836731,-0.020636243745684624
3.0,0.30689475,1.6924105,0,0.09019942581653595,3.139148235321045,-2.5963134765625,0.14560841023921967,1.375053882598877,0.003828168148174882,0.1501670777797699,0.5859901309013367,-0.021120065823197365
3.0,0.30689475,1.6924105,0,0.09099988639354706,3.1503355503082275,-2.59619140625,0.14647038280963898,1.3798823356628418,0.003753630444407463,0.15889319777488708,0.5860475897789001,-0.01192092802375555
3.0,0.30689475,1.6924105,0,0.09263664484024048,3.172844409942627,-2.5959930419921875,0.14812785387039185,1.389661431312561,0.0036562986206263304,0.15365703403949738,0.5939923524856567,-0.004609580617398024
3.0,0.30689475,1.6924105,0,0.09345575422048569,3.184166669845581,-2.59588623046875,0.14888405799865723,1.3945653438568115,0.00364172225818038,0.14991571009159088,0.5929224491119385,-0.0035576520022004843
3.2,0.3313883,1.789412,0,0.09428942203521729,3.195521593093872,-2.595794677734375,0.14963826537132263,1.3994327783584595,0.0036699557676911354,0.14823883771896362,0.5889624357223511,0.001846812549047172
3.2,0.3313883,1.789412,0,0.09513764828443527,3.206909656524658,-2.595672607421875,0.1503954976797104,1.4043136835098267,0.0037940850015729666,0.14722833037376404,0.5912314653396606,0.013346782885491848
3.2,0.3313883,1.789412,0,0.09598743915557861,3.2183566093444824,-2.5955657958984375,0.15112067759037018,1.4092069864273071,0.003988353535532951,0.14411868155002594,0.5906985402107239,0.022148245945572853
3.2,0.3313883,1.789412,0,0.09773018211126328,3.2413480281829834,-2.5953369140625,0.15268033742904663,1.418900489807129,0.0045806970447301865,0.15089525282382965,0.5814735293388367,0.03826850652694702
3.2,0.3313883,1.789412,0,0.09862345457077026,3.25289249420166,-2.59521484375,0.1535021960735321,1.4237133264541626,0.004885183647274971,0.15222468972206116,0.5824644565582275,0.03611249476671219
3.2,0.3313883,1.789412,0,0.0995195135474205,3.264488458633423,-2.5950927734375,0.15423022210597992,1.4285078048706055,0.005148708820343018,0.14142702519893646,0.578682005405426,0.030473804101347923
3.2,0.3313883,1.789412,0,0.10133375972509384,3.287775754928589,-2.5948486328125,0.1557174026966095,1.4378358125686646,0.005897573661059141,0.144897922873497,0.5589144825935364,0.04154350236058235
3.2,0.3313883,1.789412,0,0.10225183516740799,3.299466371536255,-2.5947265625,0.15649668872356415,1.4424866437911987,0.005791815463453531,0.15109620988368988,0.5619903802871704,-0.01551117654889822
3.2,0.3313883,1.789412,0,0.10317026823759079,3.311211585998535,-2.5945892333984375,0.1571597009897232,1.4471657276153564,0.005159526597708464,0.13783055543899536,0.5636979937553406,-0.0819498598575592
3.3000000000000003,0.3439373,1.8370957,0,0.10410220921039581,3.3229877948760986,-2.5944671630859375,0.15791676938533783,1.4517536163330078,0.004502194933593273,0.14823782444000244,0.5528520941734314,-0.08499575406312943
3.3000000000000003,0.3439373,1.8370957,0,0.10600654780864716,3.3466315269470215,-2.59423828125,0.15932638943195343,1.4608241319656372,0.0033964631147682667,0.13770826160907745,0.5430388450622559,-0.07078284025192261
3.3000000000000003,0.3439373,1.8370957,0,0.10697846114635468,3.3584985733032227,-2.5941314697265625,0.16008159518241882,1.4652875661849976,0.00281333876773715,0.1441836804151535,0.5389447212219238,-0.07547949999570847
3.3000000000000003,0.3439373,1.8370957,0,0.1079511046409607,3.3704185485839844,-2.5940399169921875,0.16074462234973907,1.4696928262710571,0.0022294684313237667,0.13410872220993042,0.5298728942871094,-0.07552466541528702
3.3000000000000003,0.3439373,1.8370957,0,0.10893643647432327,3.3823678493499756,-2.593963623046875,0.1614319235086441,1.4741747379302979,0.0017132277134805918,0.13589584827423096,0.5400274395942688,-0.06665195524692535
3.3000000000000003,0.3439373,1.8370957,0,0.11090193688869476,3.406358003616333,-2.5938262939453125,0.16269652545452118,1.4831068515777588,0.001039136666804552,0.13489939272403717,0.5350958704948425,-0.03534182533621788
3.3000000000000003,0.3439373,1.8370957,0,0.11188537627458572,3.418417453765869,-2.59375,0.16331391036510468,1.4876775741577148,0.0009382741409353912,0.1343434453010559,0.5502671599388123,-0.014413612894713879
3.3000000000000003,0.3439373,1.8370957,0,0.11288092285394669,3.4305074214935303,-2.5937042236328125,0.16390977799892426,1.4921988248825073,0.0009349063038825989,0.13029611110687256,0.5446239113807678,-0.0021751036401838064
3.3000000000000003,0.3439373,1.8370957,0,0.1138884648680687,3.4426276683807373,-2.5936431884765625,0.1645243912935257,1.4966751337051392,0.001088340999558568,0.13131441175937653,0.5395205616950989,0.017474869266152382
3.3000000000000003,0.3439373,1.8370957,0,0.11592116951942444,3.466970443725586,-2.593536376953125,0.16584652662277222,1.5057306289672852,0.0008278933819383383,0.1340099424123764,0.5492345094680786,-0.03320863097906113
3.4000000000000004,0.35669276,1.8842142,0,0.11694616824388504,3.4791932106018066,-2.593505859375,0.16645701229572296,1.510221242904663,0.0006186902173794806,0.1302829384803772,0.5419533252716064,-0.026800667867064476
3.4000000000000004,0.35669276,1.8842142,0,0.11796201020479202,3.4914474487304688,-2.593475341796875,0.16703423857688904,1.5147720575332642,0.0005185612244531512,0.13251887261867523,0.5493403673171997,-0.013039912097156048
3.4000000000000004,0.35669276,1.8842142,0,0.11898926645517349,3.503732442855835,-2.5934295654296875,0.16757063567638397,1.5192862749099731,0.0004781958123203367,0.12598109245300293,0.5452064275741577,-0.005556735675781965
3.4000000000000004,0.35669276,1.8842142,0,0.12101499736309052,3.528413772583008,-2.593414306640625,0.16871477663516998,1.5283252000808716,0.00042088207555934787,0.1327352374792099,0.5481700897216797,-0.004689674358814955
3.4000000000000004,0.35669276,1.8842142,0,0.12204579263925552,3.5408012866973877,-2.593414306640625,0.1693328619003296,1.5329110622406006,0.0004330029769334942,0.13656878471374512,0.5546582937240601,0.002179294591769576
3.4000000000000004,0.35669276,1.8842142,0,0.12308871001005173,3.55322003364563,-2.5933990478515625,0.16997164487838745,1.5374321937561035,0.0005046952283009887,0.13772842288017273,0.5469955801963806,0.009604728780686855
3.4000000000000004,0.35669276,1.8842142,0,0.12410187721252441,3.5656898021698,-2.593414306640625,0.17052127420902252,1.5419511795043945,0.000695538823492825,0.13127753138542175,0.5453502535820007,0.026118939742445946
3.4000000000000004,0.35669276,1.8842142,0,0.12616516649723053,3.590721368789673,-2.59344482421875,0.17171107232570648,1.5508447885513306,0.0011704758508130908,0.13033786416053772,0.5309661626815796,0.03480445221066475
3.4000000000000004,0.35669276,1.8842142,0,0.1271943897008896,3.603283405303955,-2.5934600830078125,0.17225578427314758,1.5552970170974731,0.0012696055928245187,0.13359257578849792,0.5379552245140076,0.01457799132913351
3.4000000000000004,0.35669276,1.8842142,0,0.12820899486541748,3.6159071922302246,-2.5934906005859375,0.1727677583694458,1.55979585647583,0.0011755544692277908,0.1325158178806305,0.5410490036010742,-0.008793081156909466
3.6,0.3828369,1.9766943,0,0.12923547625541687,3.62856125831604,-2.593505859375,0.17328594624996185,1.5642309188842773,0.0010674995137378573,0.13163511455059052,0.5336667895317078,-0.01062545832246542
3.6,0.3828369,1.9766943,0,0.13132275640964508,3.6539580821990967,-2.5935516357421875,0.17428867518901825,1.5728964805603027,0.0009854878298938274,0.12892277538776398,0.5218537449836731,-0.001189764472655952
3.6,0.3828369,1.9766943,0,0.1323619931936264,3.6667253971099854,-2.5936126708984375,0.17483161389827728,1.5772159099578857,0.000971904955804348,0.13396286964416504,0.5182580351829529,0.0021108423825353384
3.6,0.3828369,1.9766943,0,0.13341307640075684,3.6795217990875244,-2.593658447265625,0.17535731196403503,1.5815105438232422,0.0010186128783971071,0.1301860809326172,0.5157247185707092,0.009538139216601849
3.6,0.3828369,1.9766943,0,0.13447561860084534,3.6923468112945557,-2.5937042236328125,0.17587193846702576,1.5857411623001099,0.001060976181179285,0.12722180783748627,0.50825434923172,0.00888900738209486
3.6,0.3828369,1.9766943,0,0.1355498731136322,3.705199956893921,-2.59375,0.1764644831418991,1.5899147987365723,0.001164139132015407,0.13541550934314728,0.501682698726654,0.016386153176426888
3.6,0.3828369,1.9766943,0,0.13764819502830505,3.7310352325439453,-2.5938873291015625,0.17734631896018982,1.598124384880066,0.0015262311790138483,0.1263381987810135,0.4876762330532074,0.026141291484236717
3.6,0.3828369,1.9766943,0,0.1387137919664383,3.7439935207366943,-2.593963623046875,0.17777594923973083,1.6021604537963867,0.0018038938287645578,0.1217477023601532,0.4831797182559967,0.039893198758363724
3.6,0.3828369,1.9766943,0,0.13979019224643707,3.756978750228882,-2.594024658203125,0.17827042937278748,1.6062015295028687,0.001681232126429677,0.12819170951843262,0.48436039686203003,-0.010326038114726543
3.6,0.3828369,1.9766943,0,0.14087778329849243,3.769990921020508,-2.594085693359375,0.1787780076265335,1.6102067232131958,0.0011143652955070138,0.12820586562156677,0.4804302155971527,-0.06599491089582443
3.7,0.39623195,2.022026,0,0.14306843280792236,3.7961227893829346,-2.594268798828125,0.17972560226917267,1.6181646585464478,-5.068529208074324e-05,0.1232205480337143,0.46883365511894226,-0.05400506407022476
3.7,0.39623195,2.022026,0,0.1441797912120819,3.8092281818389893,-2.5943603515625,0.1802193969488144,1.6220958232879639,-0.0004906555986963212,0.12506365776062012,0.4710035026073456,-0.049470920115709305
3.7,0.39623195,2.022026,0,0.1453017145395279,3.8223602771759033,-2.594451904296875,0.18069413304328918,1.6260617971420288,-0.0009551927796564996,0.12111005187034607,0.4758751392364502,-0.0527016781270504
3.7,0.39623195,2.022026,0,0.14753568172454834,3.848738431930542,-2.59466552734375,0.18166926503181458,1.6339821815490723,-0.0017563238507136703,0.13099440932273865,0.4721027612686157,-0.0431528277695179
3.7,0.39623195,2.022026,0,0.14866827428340912,3.8619675636291504,-2.5947723388671875,0.18214797973632812,1.6379992961883545,-0.0019811000674962997,0.12641064822673798,0.4811652898788452,-0.02264557220041752
3.7,0.39623195,2.022026,0,0.14981119334697723,3.8752238750457764,-2.594879150390625,0.18266287446022034,1.6420100927352905,-0.0020228514913469553,0.1292872428894043,0.48088088631629944,7.357447611866519e-05
3.7,0.39623195,2.022026,0,0.15096232295036316,3.8885209560394287,-2.595001220703125,0.18312053382396698,1.6460624933242798,-0.0019469760591164231,0.12281085550785065,0.48499026894569397,0.01520616840571165
3.7,0.39623195,2.022026,0,0.1532946228981018,3.915198564529419,-2.59521484375,0.184161975979805,1.654388189315796,-0.0020013421308249235,0.12984487414360046,0.5068204998970032,-0.004780478309839964
3.7,0.39623195,2.022026,0,0.15447629988193512,3.9285805225372314,-2.5953216552734375,0.1847376674413681,1.6586127281188965,-0.00207700883038342,0.13274088501930237,0.5080969929695129,-0.004219822119921446
3.7,0.39623195,2.022026,0,0.1556558907032013,3.9419922828674316,-2.5954437255859375,0.18524521589279175,1.662771463394165,-0.0020209846552461386,0.13063852488994598,0.4997072219848633,0.013036652468144894
3.9000000000000004,0.4236822,2.1107984,0,0.1568453013896942,3.9554331302642822,-2.5955810546875,0.1857656091451645,1.6670159101486206,-0.0018906231271103024,0.13054963946342468,0.5109137296676636,0.02230098284780979
3.9000000000000004,0.4236822,2.1107984,0,0.1580447256565094,3.9689035415649414,-2.5956878662109375,0.18633416295051575,1.671302318572998,-0.0017564456211403012,0.13490983843803406,0.5166563391685486,0.02260412834584713
3.9000000000000004,0.4236822,2.1107984,0,0.15925422310829163,3.9824037551879883,-2.5958099365234375,0.18689608573913574,1.6755682229995728,-0.0016211142065003514,0.1324523538351059,0.5145397186279297,0.02257758565247059
3.9000000000000004,0.4236822,2.1107984,0,0.16170892119407654,4.009512424468994,-2.5960540771484375,0.18812188506126404,1.6841514110565186,-0.001249453634954989,0.14176931977272034,0.5171482563018799,0.03451201692223549
3.9000000000000004,0.4236822,2.1107984,0,0.16295181214809418,4.023111820220947,-2.5961761474609375,0.18874892592430115,1.6884859800338745,-0.0009588677203282714,0.13783308863639832,0.5233718752861023,0.04213908314704895
3.9000000000000004,0.4236822,2.1107984,0,0.1642046570777893,4.036741733551025,-2.596282958984375,0.18932749330997467,1.6928308010101318,-0.0005743850488215685,0.13023564219474792,0.5251413583755493,0.05370750650763512
3.9000000000000004,0.4236822,2.1107984,0,0.1667594611644745,4.064110279083252,-2.5964813232421875,0.1903875768184662,1.701419711112976,0.0003633225860539824,0.11982995271682739,0.5138410925865173,0.0630984976887703
3.9000000000000004,0.4236822,2.1107984,0,0.16804082691669464,4.0778398513793945,-2.5965576171875,0.19103026390075684,1.7056457996368408,0.000899183563888073,0.14060920476913452,0.5102075934410095,0.07185665518045425
3.9000000000000004,0.4236822,2.1107984,0,0.16933205723762512,4.091598987579346,-2.5966339111328125,0.1916694939136505,1.7098106145858765,0.0014787929831072688,0.13861365616321564,0.5031067728996277,0.07718800753355026
4.1000000000000005,0.45202917,2.196953,0,0.17197713255882263,4.119236469268799,-2.59674072265625,0.19284318387508392,1.7180359363555908,0.0023423838429152966,0.1339031159877777,0.4990122616291046,0.03171665221452713
4.1000000000000005,0.45202917,2.196953,0,0.1733129918575287,4.133098125457764,-2.5967864990234375,0.19343377649784088,1.7221102714538574,0.0021169455721974373,0.12874992191791534,0.49125784635543823,-0.02490263245999813
4.1000000000000005,0.45202917,2.196953,0,0.1746576428413391,4.1469879150390625,-2.5968475341796875,0.19405533373355865,1.7261241674423218,0.0017402503872290254,0.1311788707971573,0.4842256009578705,-0.043903008103370667
4.1000000000000005,0.45202917,2.196953,0,0.1760309487581253,4.160910129547119,-2.59686279296875,0.19468986988067627,1.7301766872406006,0.0014557464746758342,0.1317315548658371,0.4890742301940918,-0.03375345468521118
4.1000000000000005,0.45202917,2.196953,0,0.1774129569530487,4.174860954284668,-2.596893310546875,0.1953662931919098,1.7341618537902832,0.0012778709642589092,0.13559415936470032,0.4811418056488037,-0.02047605626285076
4.1000000000000005,0.45202917,2.196953,0,0.18016107380390167,4.202845573425293,-2.5969390869140625,0.19650965929031372,1.741906762123108,0.0008514899527654052,0.12600813806056976,0.4629185199737549,-0.02173892967402935
4.1000000000000005,0.45202917,2.196953,0,0.1815478801727295,4.216878890991211,-2.5969696044921875,0.19721519947052002,1.7458240985870361,0.00045320639037527144,0.14212019741535187,0.4736328125,-0.048055775463581085
4.1000000000000005,0.45202917,2.196953,0,0.1829548180103302,4.2309370040893555,-2.59698486328125,0.1978398561477661,1.7498406171798706,-0.0002318932965863496,0.13160358369350433,0.48666274547576904,-0.08509261161088943
4.1000000000000005,0.45202917,2.196953,0,0.18579407036304474,4.259140491485596,-2.5970306396484375,0.19917504489421844,1.7580397129058838,-0.0014190524816513062,0.13363483548164368,0.5008751749992371,-0.06331595778465271
4.1000000000000005,0.45202917,2.196953,0,0.18722668290138245,4.273286819458008,-2.5970611572265625,0.19985462725162506,1.7623194456100464,-0.0018600698094815016,0.1343861073255539,0.5208306908607483,-0.054764557629823685
4.3,0.4812893,2.2803774,0,0.18866102397441864,4.2874555587768555,-2.597076416015625,0.20057283341884613,1.7665988206863403,-0.0023236526176333427,0.14094334840774536,0.5223011374473572,-0.05852058157324791
4.3,0.4812893,2.2803774,0,0.1901046484708786,4.301656723022461,-2.5970916748046875,0.20132896304130554,1.771060585975647,-0.002779079135507345,0.14433859288692474,0.5454151630401611,-0.05748448520898819
4.3,0.4812893,2.2803774,0,0.1915358006954193,4.315891265869141,-2.59710693359375,0.20202003419399261,1.7756047248840332,-0.003099281108006835,0.14218588173389435,0.5555688738822937,-0.04043709114193916
4.3,0.4812893,2.2803774,0,0.1929762214422226,4.3301591873168945,-2.597137451171875,0.20277217030525208,1.7802181243896484,-0.0033084547612816095,0.14836443960666656,0.5645462274551392,-0.026546882465481758
4.3,0.4812893,2.2803774,0,0.19585919380187988,4.3587870597839355,-2.5971527099609375,0.20423710346221924,1.789710521697998,-0.0031970625277608633,0.1413148045539856,0.5817497968673706,0.014020594768226147
4.3,0.4812893,2.2803774,0,0.19731494784355164,4.373154163360596,-2.5971527099609375,0.20503170788288116,1.7945876121520996,-0.0029549608007073402,0.15285111963748932,0.5995321869850159,0.028725245967507362
4.3,0.4812893,2.2803774,0,0.20024658739566803,4.402001857757568,-2.5971527099609375,0.20664933323860168,1.8047162294387817,-0.003539793426170945,0.15397009253501892,0.63226717710495,-0.05649122968316078
4.3,0.4812893,2.2803774,0,0.20172259211540222,4.416484832763672,-2.5971527099609375,0.20745746791362762,1.8099664449691772,-0.0040053632110357285,0.15329307317733765,0.6470990180969238,-0.06040045619010925
4.3,0.4812893,2.2803774,0,0.20318830013275146,4.431008815765381,-2.5971527099609375,0.20820468664169312,1.815361499786377,-0.004287790972739458,0.15100517868995667,0.6649428606033325,-0.037324145436286926
4.3,0.4812893,2.2803774,0,0.2046639323234558,4.445572853088379,-2.5971527099609375,0.20898999273777008,1.8207757472991943,-0.0045609744265675545,0.1542438566684723,0.6676180958747864,-0.03610783815383911
4.4,0.49626598,2.321031,0,0.20763197541236877,4.47483491897583,-2.5971527099609375,0.21060711145401,1.8320304155349731,-0.005050810519605875,0.1535758227109909,0.7022110223770142,-0.03251107037067413
4.4,0.49626598,2.321031,0,0.20913122594356537,4.489530086517334,-2.597137451171875,0.2113843411207199,1.8377889394760132,-0.0052154152654111385,0.1512417197227478,0.7115705609321594,-0.023907048627734184
4.4,0.49626598,2.321031,0,0.21064044535160065,4.504269123077393,-2.5971221923828125,0.21216776967048645,1.8436167240142822,-0.005222943611443043,0.15058059990406036,0.7205058932304382,-0.0041723246686160564
4.4,0.49626598,2.321031,0,0.21215103566646576,4.519056797027588,-2.59710693359375,0.2130178064107895,1.8495298624038696,-0.005025812424719334,0.1597561091184616,0.7315629720687866,0.02080388180911541
4.4,0.49626598,2.321031,0,0.21520332992076874,4.548767566680908,-2.5970611572265625,0.2146320641040802,1.8616583347320557,-0.0041548507288098335,0.154056578874588,0.7547849416732788,0.05982257053256035
4.4,0.49626598,2.321031,0,0.21672111749649048,4.563693523406982,-2.5970306396484375,0.21541081368923187,1.867746114730835,-0.0036137031856924295,0.15443143248558044,0.7538517713546753,0.06429664045572281
4.4,0.49626598,2.321031,0,0.21824201941490173,4.578675746917725,-2.597015380859375,0.21622931957244873,1.8739737272262573,-0.003164698602631688,0.16013264656066895,0.7709603905677795,0.05314172804355621
4.4,0.49626598,2.321031,0,0.219773530960083,4.593705654144287,-2.59698486328125,0.21705181896686554,1.88021719455719,-0.0029226343613117933,0.1591585874557495,0.7732988595962524,0.027301719412207603
4.4,0.49626598,2.321031,0,0.22131562232971191,4.608782768249512,-2.5969696044921875,0.217886283993721,1.8864701986312866,-0.002649948000907898,0.1592247188091278,0.7747817635536194,0.031224915757775307
4.4,0.49626598,2.321031,0,0.2244371473789215,4.639115810394287,-2.596923828125,0.21961362659931183,1.8989969491958618,-0.0019877832382917404,0.1555723398923874,0.7747315764427185,0.04139542207121849
4.6000000000000005,0.5269187,2.4001546,0,0.226016104221344,4.654371738433838,-2.596893310546875,0.22045113146305084,1.905266523361206,-0.0015157111920416355,0.15584899485111237,0.7739981412887573,0.056159213185310364
4.6000000000000005,0.5269187,2.4001546,0,0.22760535776615143,4.669673919677734,-2.59686279296875,0.22125740349292755,1.9114680290222168,-0.001065004151314497,0.1506570726633072,0.765816867351532,0.05357898399233818
4.6000000000000005,0.5269187,2.4001546,0,0.23078615963459015,4.700418472290039,-2.5968017578125,0.22292207181453705,1.9238890409469604,-0.00011122300929855555,0.15720167756080627,0.7685145735740662,0.06144726276397705
4.6000000000000005,0.5269187,2.4001546,0,0.23238100111484528,4.7158966064453125,-2.596771240234375,0.22375741600990295,1.9300718307495117,0.0005071097984910011,0.15960444509983063,0.7599849700927734,0.07536587864160538
4.6000000000000005,0.5269187,2.4001546,0,0.23398609459400177,4.731420516967773,-2.59674072265625,0.22454474866390228,1.9362083673477173,0.001151845557615161,0.152290940284729,0.7546601891517639,0.07873354107141495
4.6000000000000005,0.5269187,2.4001546,0,0.23560123145580292,4.746989727020264,-2.596710205078125,0.22530387341976166,1.9422725439071655,0.001849521417170763,0.14749927818775177,0.7460728287696838,0.08541717380285263
4.6000000000000005,0.5269187,2.4001546,0,0.2388583868741989,4.778294086456299,-2.59661865234375,0.22686265408992767,1.9540674686431885,0.0032924681436270475,0.148062601685524,0.716332733631134,0.0907941684126854
4.6000000000000005,0.5269187,2.4001546,0,0.24050037562847137,4.794027805328369,-2.5965728759765625,0.22758854925632477,1.9599326848983765,0.0034968508407473564,0.14018601179122925,0.718860387802124,0.023947561159729958
4.6000000000000005,0.5269187,2.4001546,0,0.24215222895145416,4.809804439544678,-2.596527099609375,0.2284003496170044,1.965752124786377,0.0032341359183192253,0.14978265762329102,0.7136189937591553,-0.034383028745651245
4.6000000000000005,0.5269187,2.4001546,0,0.24381422996520996,4.825623035430908,-2.5964813232421875,0.229202538728714,1.9714936017990112,0.0028777867555618286,0.14747466146945953,0.7043191194534302,-0.04601338505744934
4.800000000000001,0.5585094,2.4762795,0,0.24708759784698486,4.857460975646973,-2.59637451171875,0.23064196109771729,1.982743740081787,0.0023531634360551834,0.14742204546928406,0.6756657361984253,-0.030840279534459114
4.800000000000001,0.5585094,2.4762795,0,0.24873904883861542,4.873439788818359,-2.5963287353515625,0.23139294981956482,1.988244652748108,0.002152442466467619,0.14920391142368317,0.6707904934883118,-0.027266329154372215
4.800000000000001,0.5585094,2.4762795,0,0.250400573015213,4.889458179473877,-2.596282958984375,0.2321520298719406,1.99372398853302,0.001942673698067665,0.14900508522987366,0.668537437915802,-0.0283303651958704
4.800000000000001,0.5585094,2.4762795,0,0.25206059217453003,4.905551910400391,-2.596221923828125,0.2328699380159378,1.9991071224212646,0.0018074038671329618,0.14452126622200012,0.6529123187065125,-0.020257195457816124
4.800000000000001,0.5585094,2.4762795,0,0.25540992617607117,4.937853813171387,-2.596099853515625,0.2343054860830307,2.009826183319092,0.0018862099386751652,0.1446492224931717,0.6493868827819824,0.000944826693739742
4.800000000000001,0.5585094,2.4762795,0,0.257099449634552,4.954061985015869,-2.5960235595703125,0.2350529283285141,2.015214204788208,0.0014237298164516687,0.14467953145503998,0.6550370454788208,-0.06152409687638283
4.800000000000001,0.5585094,2.4762795,0,0.25875359773635864,4.9703497886657715,-2.595916748046875,0.23569518327713013,2.020622730255127,0.0007805661880411208,0.1440148502588272,0.6534353494644165,-0.08547212183475494
4.800000000000001,0.5585094,2.4762795,0,0.26041704416275024,4.986674785614014,-2.5958251953125,0.23631250858306885,2.025956392288208,0.00025098270270973444,0.13951756060123444,0.6446642875671387,-0.0711250975728035
4.800000000000001,0.5585094,2.4762795,0,0.2637728452682495,5.019437789916992,-2.59564208984375,0.237677663564682,2.036639451980591,-0.0004352502292022109,0.14307944476604462,0.6455346941947937,-0.04799849912524223
4.800000000000001,0.5585094,2.4762795,0,0.26546409726142883,5.035905838012695,-2.5955352783203125,0.2383674532175064,2.042076587677002,-0.0007864172803238034,0.14566023647785187,0.6563950777053833,-0.05006277561187744
5.0,0.5910412,2.5493054,0,0.2671646773815155,5.0524115562438965,-2.595428466796875,0.23897935450077057,2.0475032329559326,-0.001005612313747406,0.13461700081825256,0.6556236743927002,-0.033392101526260376
5.0,0.5910412,2.5493054,0,0.26887422800064087,5.068955421447754,-2.5953216552734375,0.23960767686367035,2.0529448986053467,-0.0010926885297521949,0.1353779286146164,0.6580011248588562,-0.016701871529221535
5.0,0.5910412,2.5493054,0,0.27059313654899597,5.085537910461426,-2.5952301025390625,0.24031437933444977,2.0584335327148438,-0.001076195272617042,0.14389744400978088,0.664279043674469,-0.0035930422600358725
5.0,0.5910412,2.5493054,0,0.27232328057289124,5.102201461791992,-2.5950927734375,0.241048663854599,2.0639429092407227,-0.00094499287661165,0.1467248499393463,0.6633743643760681,0.00874278973788023
5.0,0.5910412,2.5493054,0,0.2757522463798523,5.135644435882568,-2.5948486328125,0.2423872947692871,2.074956178665161,-0.0002885853173211217,0.14349505305290222,0.6597089171409607,0.03917375206947327
5.0,0.5910412,2.5493054,0,0.2774805426597595,5.152423858642578,-2.5947113037109375,0.24303148686885834,2.0805246829986572,-0.0002988518390338868,0.14174707233905792,0.6720061302185059,-0.008095054887235165
5.0,0.5910412,2.5493054,0,0.2809907793998718,5.186191082000732,-2.59442138671875,0.24453221261501312,2.0919089317321777,-0.0010384742636233568,0.1607321798801422,0.6837264895439148,-0.060401853173971176
5.0,0.5910412,2.5493054,0,0.2827606797218323,5.2031331062316895,-2.5942535400390625,0.24529609084129333,2.097517251968384,-0.0012935466365888715,0.15202024579048157,0.674643874168396,-0.04037143290042877
5.0,0.5910412,2.5493054,0,0.2845400869846344,5.220114707946777,-2.5941009521484375,0.24606922268867493,2.10322642326355,-0.0015048411441966891,0.15186674892902374,0.6879051923751831,-0.03465357795357704
5.2,0.6245132,2.6191347,0,0.2863294184207916,5.237135887145996,-2.593963623046875,0.2468811720609665,2.1089797019958496,-0.001749645103700459,0.15543171763420105,0.6940348744392395,-0.038603782653808594
5.2,0.6245132,2.6191347,0,0.28813567757606506,5.254232406616211,-2.5937957763671875,0.24770069122314453,2.1147313117980957,-0.0019663560669869184,0.15493711829185486,0.6914479732513428,-0.036358363926410675
5.2,0.6245132,2.6191347,0,0.29171955585479736,5.288546085357666,-2.593475341796875,0.2492382824420929,2.12630558013916,-0.0021781171672046185,0.15703916549682617,0.6973059773445129,-0.013404990546405315
5.2,0.6245132,2.6191347,0,0.2935261130332947,5.305763244628906,-2.59332275390625,0.2500557005405426,2.1320974826812744,-0.002038442064076662,0.16038480401039124,0.6980995535850525,0.00917725171893835
5.2,0.6245132,2.6191347,0,0.2953450083732605,5.323071002960205,-2.5931549072265625,0.2508639097213745,2.1379172801971436,-0.0018140878528356552,0.15836548805236816,0.6974616050720215,0.018751246854662895
5.2,0.6245132,2.6191347,0,0.29901203513145447,5.3578057289123535,-2.592803955078125,0.2524864375591278,2.149524450302124,-0.0011061147088184953,0.15598592162132263,0.7003519535064697,0.03835092857480049
5.2,0.6245132,2.6191347,0,0.3008604943752289,5.375232696533203,-2.5926361083984375,0.2533552348613739,2.1554207801818848,-0.0012561279581859708,0.16197086870670319,0.7094169855117798,-0.027246305719017982
5.2,0.6245132,2.6191347,0,0.30270692706108093,5.392751216888428,-2.59246826171875,0.25423571467399597,2.161365032196045,-0.001657781656831503,0.1645439714193344,0.711181104183197,-0.059883106499910355
5.2,0.6245132,2.6191347,0,0.304563969373703,5.410309791564941,-2.59228515625,0.25513607263565063,2.16727876663208,-0.001983723370358348,0.1657201051712036,0.7082265019416809,-0.05013448745012283
5.2,0.6245132,2.6191347,0,0.3082466125488281,5.4455485343933105,-2.5919647216796875,0.25669702887535095,2.1791343688964844,-0.0024066464975476265,0.16206298768520355,0.7080205082893372,-0.03493623435497284
5.3999999999999995,0.6589205,2.6856751,0,0.3100898265838623,5.463276386260986,-2.5918121337890625,0.2574840188026428,2.1850759983062744,-0.0025890395045280457,0.15997746586799622,0.7091240286827087,-0.03203795850276947
5.3999999999999995,0.6589205,2.6856751,0,0.3119434416294098,5.481043338775635,-2.591644287109375,0.25831449031829834,2.1909897327423096,-0.0027520228177309036,0.16393665969371796,0.7064852118492126,-0.029343178495764732
5.3999999999999995,0.6589205,2.6856751,0,0.3138076961040497,5.4988508224487305,-2.5915069580078125,0.2591571509838104,2.1969563961029053,-0.002823332091793418,0.16402088105678558,0.7139381766319275,-0.017622483894228935
5.3999999999999995,0.6589205,2.6856751,0,0.3156825006008148,5.516697406768799,-2.5913543701171875,0.26000112295150757,2.2028353214263916,-0.00275432295165956,0.1627780646085739,0.7038111090660095,0.00017276032303925604
5.3999999999999995,0.6589205,2.6856751,0,0.31942301988601685,5.552610874176025,-2.591064453125,0.2617189884185791,2.2146143913269043,-0.0023304217029362917,0.16657748818397522,0.6991909742355347,0.02095242775976658
5.3999999999999995,0.6589205,2.6856751,0,0.32127735018730164,5.5706257820129395,-2.5909271240234375,0.2625270485877991,2.220531702041626,-0.001951225334778428,0.16805912554264069,0.7060976028442383,0.03960961103439331
5.3999999999999995,0.6589205,2.6856751,0,0.323142945766449,5.588680267333984,-2.590789794921875,0.2634306252002716,2.2263147830963135,-0.0015259755309671164,0.17840391397476196,0.6902458667755127,0.04545598849654198
5.3999999999999995,0.6589205,2.6856751,0,0.32500672340393066,5.6068291664123535,-2.59063720703125,0.2642481327056885,2.2320618629455566,-0.0010095540201291442,0.16860176622867584,0.6809841990470886,0.0566486231982708
5.3999999999999995,0.6589205,2.6856751,0,0.32876718044281006,5.643237590789795,-2.590362548828125,0.26589345932006836,2.2434418201446533,-0.00042431059409864247,0.16901209950447083,0.668731153011322,0.005420762579888105
5.3999999999999995,0.6589205,2.6856751,0,0.3306642472743988,5.661496639251709,-2.5902099609375,0.2667551338672638,2.249046564102173,-0.0007428763201460242,0.16946597397327423,0.6660462617874146,-0.047046221792697906
5.599999999999999,0.6942543,2.7488375,0,0.33256369829177856,5.67985725402832,-2.590087890625,0.26757073402404785,2.2546863555908203,-0.0011090213665738702,0.1638627052307129,0.6648179292678833,-0.052812039852142334
5.599999999999999,0.6942543,2.7488375,0,0.33447420597076416,5.6982526779174805,-2.5899658203125,0.26839399337768555,2.2601916790008545,-0.001383061520755291,0.16332368552684784,0.6489897966384888,-0.04109413921833038
5.599999999999999,0.6942543,2.7488375,0,0.3363957107067108,5.716682434082031,-2.5898590087890625,0.26922157406806946,2.2655551433563232,-0.0015373857459053397,0.1624029129743576,0.6322425007820129,-0.02593081258237362
5.599999999999999,0.6942543,2.7488375,0,0.3401740789413452,5.753714084625244,-2.589630126953125,0.270763099193573,2.2762842178344727,-0.0020327314268797636,0.1660979986190796,0.6282589435577393,-0.03298557922244072
5.599999999999999,0.6942543,2.7488375,0,0.3420654833316803,5.772314071655273,-2.58953857421875,0.27157682180404663,2.28159236907959,-0.0021719750948250294,0.17133164405822754,0.6209025382995605,-0.023829283192753792
5.599999999999999,0.6942543,2.7488375,0,0.3458825647830963,5.8096113204956055,-2.5893402099609375,0.27313488721847534,2.292140245437622,-0.002508635865524411,0.16254694759845734,0.6201925873756409,-0.043075062334537506
5.599999999999999,0.6942543,2.7488375,0,0.34780824184417725,5.828308582305908,-2.5892486572265625,0.2739979326725006,2.2974295616149902,-0.0031091556884348392,0.17262780666351318,0.6217853426933289,-0.08093378692865372
5.599999999999999,0.6942543,2.7488375,0,0.3497375547885895,5.847101211547852,-2.58917236328125,0.27485141158103943,2.3026843070983887,-0.003712714882567525,0.17150437831878662,0.6119865775108337,-0.08149909973144531
5.599999999999999,0.6942543,2.7488375,0,0.3516787588596344,5.8659257888793945,-2.589111328125,0.2757328450679779,2.3079586029052734,-0.004127783235162497,0.173434317111969,0.6156187653541565,-0.05772942304611206
5.599999999999999,0.6942543,2.7488375,0,0.3555608093738556,5.903669357299805,-2.5889739990234375,0.27732914686203003,2.31839919090271,-0.004891055170446634,0.1677055060863495,0.6127689480781555,-0.0575934499502182
5.899999999999998,0.74896234,2.8358393,0,0.35748597979545593,5.92264986038208,-2.5889129638671875,0.278119295835495,2.3237059116363525,-0.005188430193811655,0.17098753154277802,0.6163129210472107,-0.04300661012530327
5.899999999999998,0.74896234,2.8358393,0,0.3594231903553009,5.941661357879639,-2.5888519287109375,0.2789444625377655,2.3289666175842285,-0.005470287054777145,0.17361898720264435,0.6116884350776672,-0.040899958461523056
5.899999999999998,0.74896234,2.8358393,0,0.36137208342552185,5.960704326629639,-2.5887908935546875,0.27973002195358276,2.3342268466949463,-0.00560615211725235,0.16695311665534973,0.6127516627311707,-0.022489575669169426
5.899999999999998,0.74896234,2.8358393,0,0.3633328080177307,5.97977876663208,-2.5887451171875,0.2805844843387604,2.3394830226898193,-0.005566245410591364,0.17388954758644104,0.6132802963256836,-0.0003622844524215907
5.899999999999998,0.74896234,2.8358393,0,0.36725756525993347,6.018116474151611,-2.5886077880859375,0.28225991129875183,2.3498799800872803,-0.0050870799459517,0.17372556030750275,0.5983826518058777,0.03011012263596058
5.899999999999998,0.74896234,2.8358393,0,0.36923858523368835,6.0373311042785645,-2.5885467529296875,0.28316304087638855,2.355121612548828,-0.005345984827727079,0.17738661170005798,0.6100220680236816,-0.038180962204933167
5.899999999999998,0.74896234,2.8358393,0,0.37123212218284607,6.056578159332275,-2.5884857177734375,0.2840426564216614,2.3604846000671387,-0.0061945607885718346,0.17283570766448975,0.6263126730918884,-0.11172191798686981
5.899999999999998,0.74896234,2.8358393,0,0.37518182396888733,6.0952653884887695,-2.58837890625,0.28579893708229065,2.3712620735168457,-0.007981279864907265,0.18450139462947845,0.6250466108322144,-0.10859639942646027
5.899999999999998,0.74896234,2.8358393,0,0.37717607617378235,6.114656925201416,-2.588348388671875,0.2867538332939148,2.3766348361968994,-0.008754457347095013,0.18792252242565155,0.6258116960525513,-0.10224803537130356
6.099999999999997,0.78654546,2.890573,0,0.379183828830719,6.13408088684082,-2.58831787109375,0.28777289390563965,2.382039785385132,-0.009504971094429493,0.19421452283859253,0.6309434175491333,-0.09925244003534317
6.099999999999997,0.78654546,2.890573,0,0.3811877369880676,6.153589248657227,-2.5883026123046875,0.2887461185455322,2.387568712234497,-0.010189863853156567,0.18814513087272644,0.6426894664764404,-0.09112665057182312
6.099999999999997,0.78654546,2.890573,0,0.38523754477500916,6.192705154418945,-2.588287353515625,0.29081296920776367,2.3988118171691895,-0.011062327772378922,0.1907321959733963,0.6616316437721252,-0.05246745049953461
6.099999999999997,0.78654546,2.890573,0,0.38728368282318115,6.212315082550049,-2.588287353515625,0.29190489649772644,2.40450382232666,-0.011222674511373043,0.19801902770996094,0.666621744632721,-0.025089828297495842
6.099999999999997,0.78654546,2.890573,0,0.38930419087409973,6.232023239135742,-2.588287353515625,0.2929598093032837,2.410221815109253,-0.011165894567966461,0.20219795405864716,0.6642611026763916,0.0021173616405576468
6.099999999999997,0.78654546,2.890573,0,0.3913393020629883,6.251765727996826,-2.588287353515625,0.2940298914909363,2.4158904552459717,-0.010937303304672241,0.20230631530284882,0.6594263911247253,0.023744067177176476
6.099999999999997,0.78654546,2.890573,0,0.39545387029647827,6.29135274887085,-2.588287353515625,0.2962280809879303,2.4273619651794434,-0.009984803386032581,0.20274509489536285,0.6688832640647888,0.0650361105799675
6.099999999999997,0.78654546,2.890573,0,0.3975277841091156,6.311263561248779,-2.5882720947265625,0.29735109210014343,2.433108329772949,-0.00936058908700943,0.20407523214817047,0.6662610173225403,0.0727199912071228
6.099999999999997,0.78654546,2.890573,0,0.39961671829223633,6.331207752227783,-2.5882568359375,0.29848161339759827,2.4388816356658936,-0.009060428477823734,0.20337344706058502,0.6709526181221008,0.032370440661907196
6.099999999999997,0.78654546,2.890573,0,0.40172114968299866,6.351186752319336,-2.5882415771484375,0.29971855878829956,2.4447269439697266,-0.009120234288275242,0.21506626904010773,0.6812971234321594,-0.01247320231050253
6.300000000000002,0.82498956,2.9421284,0,0.40599071979522705,6.391307830810547,-2.5882110595703125,0.30221375823020935,2.45634126663208,-0.0092111611738801,0.2102622091770172,0.6773633360862732,-0.00419421074911952
6.300000000000002,0.82498956,2.9421284,0,0.4081234335899353,6.411450386047363,-2.58819580078125,0.30340591073036194,2.4621827602386475,-0.009085667319595814,0.21262088418006897,0.678372323513031,0.010792630724608898
6.300000000000002,0.82498956,2.9421284,0,0.41027137637138367,6.43162727355957,-2.5881805419921875,0.30460652709007263,2.4679222106933594,-0.009037629701197147,0.2120417356491089,0.6669595241546631,0.001255888375453651
6.300000000000002,0.82498956,2.9421284,0,0.41243505477905273,6.451837539672852,-2.5881805419921875,0.30584532022476196,2.473616361618042,-0.00893487874418497,0.21522322297096252,0.6626253128051758,0.008509027771651745
6.300000000000002,0.82498956,2.9421284,0,0.41682863235473633,6.492405891418457,-2.588165283203125,0.30826565623283386,2.48486328125,-0.008526661433279514,0.21187657117843628,0.6545403599739075,0.029434913769364357
6.300000000000002,0.82498956,2.9421284,0,0.4190588891506195,6.512763023376465,-2.5881500244140625,0.3095477223396301,2.4904634952545166,-0.008088949136435986,0.21267050504684448,0.6497650742530823,0.050026919692754745
6.300000000000002,0.82498956,2.9421284,0,0.4213045537471771,6.533153533935547,-2.5881500244140625,0.3108246624469757,2.4960973262786865,-0.007938239723443985,0.2106849104166031,0.6553711891174316,0.014296266250312328
6.300000000000002,0.82498956,2.9421284,0,0.42356565594673157,6.553576946258545,-2.588134765625,0.312116801738739,2.5017762184143066,-0.0081050805747509,0.21126870810985565,0.662360429763794,-0.02525700069963932
6.300000000000002,0.82498956,2.9421284,0,0.42816638946533203,6.5946197509765625,-2.5880889892578125,0.31478336453437805,2.513134002685547,-0.008360889740288258,0.21875113248825073,0.6549755930900574,-0.010065733455121517
6.300000000000002,0.82498956,2.9421284,0,0.43047207593917847,6.615190505981445,-2.588043212890625,0.3161202371120453,2.518719434738159,-0.008333996869623661,0.21854884922504425,0.6492172479629517,-0.002368353074416518
6.600000000000006,0.8842052,3.0111902,0,0.432793527841568,6.635794162750244,-2.5879974365234375,0.3175426721572876,2.524240255355835,-0.008340766653418541,0.22793778777122498,0.6424382925033569,-0.006405636202543974
6.600000000000006,0.8842052,3.0111902,0,0.4351504445075989,6.65646505355835,-2.58795166015625,0.3189992606639862,2.529761552810669,-0.00839879922568798,0.2269926369190216,0.6399207711219788,-0.014096963219344616
6.600000000000006,0.8842052,3.0111902,0,0.4375231862068176,6.6771674156188965,-2.587890625,0.3204207420349121,2.5351858139038086,-0.00841338187456131,0.2214520424604416,0.629063606262207,-0.008465721271932125
6.600000000000006,0.8842052,3.0111902,0,0.44231677055358887,6.7186665534973145,-2.587799072265625,0.3233489692211151,2.545889377593994,-0.007921227253973484,0.22555524110794067,0.6224438548088074,0.032010484486818314
6.600000000000006,0.8842052,3.0111902,0,0.44475629925727844,6.739499568939209,-2.5877227783203125,0.3248509466648102,2.5512447357177734,-0.007448994088917971,0.22452665865421295,0.6202542781829834,0.05141878128051758
6.600000000000006,0.8842052,3.0111902,0,0.4472119212150574,6.7603631019592285,-2.5876617431640625,0.326368510723114,2.556445598602295,-0.006875965744256973,0.2255137413740158,0.6022266149520874,0.06447219848632812
6.600000000000006,0.8842052,3.0111902,0,0.45209750533103943,6.802182197570801,-2.587554931640625,0.329176127910614,2.56708025932312,-0.007420595269650221,0.22066634893417358,0.6219146251678467,-0.07987441122531891
6.600000000000006,0.8842052,3.0111902,0,0.4545760452747345,6.82317590713501,-2.5874786376953125,0.33069029450416565,2.572371244430542,-0.008122669532895088,0.22953768074512482,0.6131852865219116,-0.09596021473407745
6.600000000000006,0.8842052,3.0111902,0,0.4570710361003876,6.844199180603027,-2.5874176025390625,0.3322177231311798,2.5775985717773438,-0.00868239440023899,0.2301628440618515,0.6064767837524414,-0.07792701572179794
6.600000000000006,0.8842052,3.0111902,0,0.45958226919174194,6.865253448486328,-2.5873565673828125,0.33373281359672546,2.5828299522399902,-0.009130215272307396,0.22760148346424103,0.6081883907318115,-0.0637061819434166
6.8000000000000105,0.92466533,3.0524774,0,0.46210986375808716,6.8863372802734375,-2.587310791015625,0.3352575898170471,2.587998628616333,-0.00961338635534048,0.22781217098236084,0.6015076041221619,-0.06789946556091309
6.8000000000000105,0.92466533,3.0524774,0,0.46466466784477234,6.907479286193848,-2.587249755859375,0.33685165643692017,2.5932323932647705,-0.009985312819480896,0.23234938085079193,0.6079488396644592,-0.055454667657613754
6.8000000000000105,0.92466533,3.0524774,0,0.46978938579559326,6.949854850769043,-2.5871429443359375,0.34004589915275574,2.60367751121521,-0.010403712280094624,0.23370632529258728,0.6105542182922363,-0.02452963776886463
6.8000000000000105,0.92466533,3.0524774,0,0.4723588228225708,6.9710893630981445,-2.58709716796875,0.34157252311706543,2.608903646469116,-0.010321861132979393,0.23157858848571777,0.6099439263343811,0.002336688106879592
6.8000000000000105,0.92466533,3.0524774,0,0.4749523103237152,6.992376327514648,-2.5870361328125,0.3431489169597626,2.614060401916504,-0.010081109590828419,0.23415793478488922,0.6001309156417847,0.021033918485045433
6.8000000000000105,0.92466533,3.0524774,0,0.4801899790763855,7.035041332244873,-2.5869140625,0.34634801745414734,2.6244397163391113,-0.009454995393753052,0.23260711133480072,0.609797477722168,0.014275777153670788
6.8000000000000105,0.92466533,3.0524774,0,0.4828341603279114,7.056420803070068,-2.5868682861328125,0.347973495721817,2.6296615600585938,-0.009593456983566284,0.23746001720428467,0.6116039752960205,-0.02559087984263897
6.8000000000000105,0.92466533,3.0524774,0,0.4855111837387085,7.077841281890869,-2.586822509765625,0.3496115207672119,2.6349148750305176,-0.009754825383424759,0.234621062874794,0.6157415509223938,-0.028597189113497734
6.8000000000000105,0.92466533,3.0524774,0,0.49091604351997375,7.120776653289795,-2.5867462158203125,0.35298019647598267,2.645338296890259,-0.009724742732942104,0.24268707633018494,0.6129863262176514,-0.0046472991816699505
6.8000000000000105,0.92466533,3.0524774,0,0.49360841512680054,7.142292499542236,-2.586700439453125,0.35460034012794495,2.6505086421966553,-0.009704798460006714,0.24017295241355896,0.6079500317573547,-0.004900618921965361
7.100000000000015,0.9867319,3.1071396,0,0.4963178336620331,7.163840293884277,-2.586669921875,0.35623449087142944,2.655689239501953,-0.00964299775660038,0.24091261625289917,0.6101765632629395,0.0005508772446773946
7.100000000000015,0.9867319,3.1071396,0,0.49906638264656067,7.185420989990234,-2.586639404296875,0.3578958809375763,2.660820960998535,-0.0095238471403718,0.23939412832260132,0.6045279502868652,0.007591209840029478
7.100000000000015,0.9867319,3.1071396,0,0.5046138167381287,7.228677749633789,-2.5865936279296875,0.36122453212738037,2.671058177947998,-0.008990817703306675,0.23991264402866364,0.6030033826828003,0.030283348634839058
7.100000000000015,0.9867319,3.1071396,0,0.507412850856781,7.2503533363342285,-2.5865631103515625,0.3629116415977478,2.676060914993286,-0.008533171378076077,0.24009095132350922,0.5911333560943604,0.05064345523715019
7.100000000000015,0.9867319,3.1071396,0,0.510260283946991,7.272048473358154,-2.5865325927734375,0.3646351993083954,2.681000232696533,-0.007931258529424667,0.23919908702373505,0.5849979519844055,0.06833392381668091
7.100000000000015,0.9867319,3.1071396,0,0.5131240487098694,7.2937750816345215,-2.5865020751953125,0.3662986159324646,2.6858937740325928,-0.007294878363609314,0.23102104663848877,0.580158531665802,0.07285363227128983
7.100000000000015,0.9867319,3.1071396,0,0.5160039067268372,7.315532207489014,-2.58648681640625,0.36799192428588867,2.690734386444092,-0.0071452041156589985,0.23410701751708984,0.5744278430938721,0.012221279554069042
7.100000000000015,0.9867319,3.1071396,0,0.5217644572257996,7.359125137329102,-2.586456298828125,0.3713967800140381,2.7004950046539307,-0.008173257112503052,0.24416159093379974,0.5791590213775635,-0.07316190004348755
7.100000000000015,0.9867319,3.1071396,0,0.5246815085411072,7.380960941314697,-2.5864410400390625,0.37311598658561707,2.705272912979126,-0.008503389544785023,0.24154557287693024,0.5698984861373901,-0.04662572965025902
7.100000000000015,0.9867319,3.1071396,0,0.527614951133728,7.402827262878418,-2.5864715576171875,0.37483322620391846,2.709977149963379,-0.008873340673744678,0.24056577682495117,0.561448872089386,-0.05111004784703255
7.400000000000019,1.0503174,3.1529367,0,0.5305648446083069,7.4247236251831055,-2.58648681640625,0.37655892968177795,2.714665651321411,-0.0092777693644166,0.24089975655078888,0.560184121131897,-0.055268868803977966
7.400000000000019,1.0503174,3.1529367,0,0.5365696549415588,7.468591213226318,-2.5865631103515625,0.3801121115684509,2.7238988876342773,-0.009826330468058586,0.24462838470935822,0.5526036024093628,-0.026697291061282158
7.400000000000019,1.0503174,3.1529367,0,0.5395966172218323,7.490570545196533,-2.58660888671875,0.38191452622413635,2.7284772396087646,-0.009878026321530342,0.2448854297399521,0.5488265156745911,-0.01061102282255888
7.400000000000019,1.0503174,3.1529367,0,0.5426396131515503,7.512579917907715,-2.586639404296875,0.38362351059913635,2.733088254928589,-0.009736866690218449,0.232639878988266,0.5535948872566223,0.01362850796431303
7.400000000000019,1.0503174,3.1529367,0,0.5456774234771729,7.534609317779541,-2.586700439453125,0.38528382778167725,2.737621545791626,-0.009457833133637905,0.2338133156299591,0.5449192523956299,0.03155599907040596
7.400000000000019,1.0503174,3.1529367,0,0.5487306714057922,7.556668758392334,-2.586761474609375,0.386964350938797,2.7421092987060547,-0.009038278833031654,0.23561953008174896,0.5398520231246948,0.04923296719789505
7.400000000000019,1.0503174,3.1529367,0,0.5548840165138245,7.600878715515137,-2.58685302734375,0.39039361476898193,2.751225233078003,-0.009523747488856316,0.24210143089294434,0.5541823506355286,-0.06751901656389236
7.400000000000019,1.0503174,3.1529367,0,0.5579921007156372,7.623021602630615,-2.5869140625,0.392206072807312,2.7557613849639893,-0.010131566785275936,0.24922828376293182,0.5484479069709778,-0.07867393642663956
7.400000000000019,1.0503174,3.1529367,0,0.5642572045326233,7.667400360107422,-2.5870513916015625,0.39577075839042664,2.7648332118988037,-0.010827203281223774,0.24268196523189545,0.5503059029579163,-0.04251161217689514
7.600000000000024,1.0934712,3.1784751,0,0.5674137473106384,7.68963623046875,-2.587127685546875,0.39750200510025024,2.7694180011749268,-0.0111383693292737,0.23715944588184357,0.5558946132659912,-0.04133348912000656
7.600000000000024,1.0934712,3.1784751,0,0.5705599784851074,7.711891174316406,-2.58721923828125,0.3992396295070648,2.7739291191101074,-0.011438797228038311,0.24593503773212433,0.5478877425193787,-0.03959890082478523
7.600000000000024,1.0934712,3.1784751,0,0.5737223625183105,7.734178066253662,-2.5873260498046875,0.40099528431892395,2.7785420417785645,-0.011598816141486168,0.2473871111869812,0.5610033273696899,-0.02146884612739086
7.600000000000024,1.0934712,3.1784751,0,0.5800950527191162,7.778847694396973,-2.587554931640625,0.4045173227787018,2.7876925468444824,-0.011465317569673061,0.24845287203788757,0.5552861094474792,0.022448597475886345
7.600000000000024,1.0934712,3.1784751,0,0.5833113193511963,7.801224231719971,-2.5876617431640625,0.4063590168952942,2.792250633239746,-0.011146523989737034,0.25549444556236267,0.5555989742279053,0.038759779185056686
7.600000000000024,1.0934712,3.1784751,0,0.5865439176559448,7.823632717132568,-2.5877685546875,0.40815457701683044,2.796823740005493,-0.010665337555110455,0.24901369214057922,0.5578391551971436,0.05910545215010643
7.600000000000024,1.0934712,3.1784751,0,0.5897927284240723,7.846073627471924,-2.5878753662109375,0.4099355936050415,2.8013479709625244,-0.010101201012730598,0.24649780988693237,0.5521620512008667,0.06952042877674103
7.600000000000024,1.0934712,3.1784751,0,0.5963383913040161,7.891051769256592,-2.58807373046875,0.4135132431983948,2.8103413581848145,-0.008778850547969341,0.24746644496917725,0.545790433883667,0.08890730887651443
7.600000000000024,1.0934712,3.1784751,0,0.5996086001396179,7.913575172424316,-2.5881805419921875,0.4152616560459137,2.8147549629211426,-0.008279076777398586,0.24832084774971008,0.5401042699813843,0.06211315840482712
7.600000000000024,1.0934712,3.1784751,0,0.6028949618339539,7.936130523681641,-2.5882720947265625,0.4170270562171936,2.819119930267334,-0.008091519586741924,0.24961751699447632,0.5343937873840332,0.023114493116736412
7.900000000000028,1.1592156,3.2092109,0,0.6061974167823792,7.958716869354248,-2.58837890625,0.41878852248191833,2.823474407196045,-0.00788845308125019,0.2483101189136505,0.5333895087242126,0.02508004941046238
7.900000000000028,1.1592156,3.2092109,0,0.6128685474395752,8.00397777557373,-2.58856201171875,0.4221377968788147,2.831977367401123,-0.007358039729297161,0.23520584404468536,0.5161683559417725,0.036409586668014526
7.900000000000028,1.1592156,3.2092109,0,0.6162365674972534,8.026651382446289,-2.5886688232421875,0.42381054162979126,2.8361244201660156,-0.0070500122383236885,0.23254112899303436,0.5083143711090088,0.038144174963235855
7.900000000000028,1.1592156,3.2092109,0,0.6196193695068359,8.049354553222656,-2.5887603759765625,0.4254755675792694,2.8401639461517334,-0.0067499796859920025,0.23091061413288116,0.4951801598072052,0.03717094287276268
7.900000000000028,1.1592156,3.2092109,0,0.6230169534683228,8.072087287902832,-2.588836669921875,0.42713046073913574,2.844132900238037,-0.006363122723996639,0.22899138927459717,0.48665863275527954,0.048049721866846085
7.900000000000028,1.1592156,3.2092109,0,0.6298565864562988,8.117609024047852,-2.5890350341796875,0.43051257729530334,2.8518271446228027,-0.005400724243372679,0.23544199764728546,0.46710240840911865,0.06703193485736847
7.900000000000028,1.1592156,3.2092109,0,0.6332814693450928,8.140410423278809,-2.5891265869140625,0.43215399980545044,2.8554892539978027,-0.00477953627705574,0.23236949741840363,0.44986194372177124,0.07834471017122269
7.900000000000028,1.1592156,3.2092109,0,0.6367206573486328,8.163239479064941,-2.589202880859375,0.43372127413749695,2.8590307235717773,-0.004089075606316328,0.22236421704292297,0.43505120277404785,0.08700275421142578
7.900000000000028,1.1592156,3.2092109,0,0.6402029991149902,8.18608570098877,-2.58929443359375,0.435310959815979,2.8625054359436035,-0.0033279096242040396,0.22105740010738373,0.42715132236480713,0.09615066647529602
7.900000000000028,1.1592156,3.2092109,0,0.6472082138061523,8.231853485107422,-2.5894622802734375,0.4384736120700836,2.8693041801452637,-0.0033945664763450623,0.2194494605064392,0.4176364243030548,-0.04403013363480568
8.200000000000031,1.2260089,3.2307844,0,0.650731086730957,8.25477409362793,-2.58953857421875,0.4400565028190613,2.8726043701171875,-0.0037792667280882597,0.2183675616979599,0.405965119600296,-0.04729674756526947
8.200000000000031,1.2260089,3.2307844,0,0.6543061137199402,8.277728080749512,-2.5896453857421875,0.44173744320869446,2.8758108615875244,-0.0039526657201349735,0.22584281861782074,0.3934950828552246,-0.01997593604028225
8.200000000000031,1.2260089,3.2307844,0,0.6578946709632874,8.300704002380371,-2.5897369384765625,0.44341838359832764,2.878944158554077,-0.004067881498485804,0.22537443041801453,0.38453465700149536,-0.01273862924426794
8.200000000000031,1.2260089,3.2307844,0,0.665042519569397,8.346724510192871,-2.589935302734375,0.44646716117858887,2.885016441345215,-0.0043598865158855915,0.21055153012275696,0.368625283241272,-0.013868323527276516
8.200000000000031,1.2260089,3.2307844,0,0.6686544418334961,8.369765281677246,-2.590057373046875,0.4480280578136444,2.887894868850708,-0.0044652605429291725,0.21523824334144592,0.35277512669563293,-0.010805203579366207
8.200000000000031,1.2260089,3.2307844,0,0.6722795963287354,8.392826080322266,-2.5901641845703125,0.4497033357620239,2.890834093093872,-0.004794050008058548,0.22895200550556183,0.36051955819129944,-0.038789115846157074
8.200000000000031,1.2260089,3.2307844,0,0.6759182810783386,8.415909767150879,-2.59027099609375,0.4513438045978546,2.8937430381774902,-0.0054924520663917065,0.22403346002101898,0.35686904191970825,-0.08514942228794098
8.200000000000031,1.2260089,3.2307844,0,0.683242678642273,8.462140083312988,-2.59051513671875,0.45466336607933044,2.899711847305298,-0.006622037850320339,0.22583797574043274,0.3674035370349884,-0.05055777356028557
8.200000000000031,1.2260089,3.2307844,0,0.6869284510612488,8.4852876663208,-2.59063720703125,0.4563188850879669,2.9027252197265625,-0.007038608193397522,0.22380809485912323,0.37014609575271606,-0.049489546567201614
8.200000000000031,1.2260089,3.2307844,0,0.6905956268310547,8.508458137512207,-2.5907745361328125,0.45792606472969055,2.905752420425415,-0.0074071129783988,0.2250632792711258,0.37160995602607727,-0.04319147765636444
8.500000000000036,1.293652,3.2431374,0,0.6942766308784485,8.531651496887207,-2.5908966064453125,0.459577739238739,2.9088268280029297,-0.00767170824110508,0.22993002831935883,0.37767356634140015,-0.030271707102656364
8.500000000000036,1.293652,3.2431374,0,0.7017481923103333,8.578110694885254,-2.5911865234375,0.4630291759967804,2.9150876998901367,-0.007877953350543976,0.23640422523021698,0.3872542083263397,0.004741362761706114
8.500000000000036,1.293652,3.2431374,0,0.7055049538612366,8.6013765335083,-2.591339111328125,0.4647965431213379,2.9183151721954346,-0.007778246887028217,0.2391880750656128,0.3969534635543823,0.015735624358057976
8.500000000000036,1.293652,3.2431374,0,0.7092756032943726,8.624666213989258,-2.59149169921875,0.46650007367134094,2.9215991497039795,-0.007453014608472586,0.23063276708126068,0.40408793091773987,0.04384060949087143
8.500000000000036,1.293652,3.2431374,0,0.7130601406097412,8.647981643676758,-2.5916290283203125,0.46825459599494934,2.924889087677002,-0.00705321878194809,0.23643985390663147,0.4048779010772705,0.05307793244719505
8.500000000000036,1.293652,3.2431374,0,0.7168791890144348,8.6713285446167,-2.591766357421875,0.4700981676578522,2.9281435012817383,-0.006471454631537199,0.24526354670524597,0.39925581216812134,0.07537891715765
8.500000000000036,1.293652,3.2431374,0,0.7207121849060059,8.694701194763184,-2.591888427734375,0.47183531522750854,2.9315149784088135,-0.00628534983843565,0.23146775364875793,0.4139663875102997,0.025855375453829765
8.500000000000036,1.293652,3.2431374,0,0.7283635139465332,8.741522789001465,-2.5921478271484375,0.4753752648830414,2.9383678436279297,-0.0067375823855400085,0.24138794839382172,0.42586103081703186,-0.024600883945822716
8.500000000000036,1.293652,3.2431374,0,0.7322269082069397,8.764985084533691,-2.5922698974609375,0.4771874248981476,2.94183349609375,-0.006736880633980036,0.24478811025619507,0.42406779527664185,0.0024549660738557577
8.500000000000036,1.293652,3.2431374,0,0.7399970293045044,8.811988830566406,-2.592529296875,0.4808671474456787,2.948819160461426,-0.006766320206224918,0.24863679707050323,0.43102070689201355,-0.0026146878954023123
8.80000000000004,1.3619374,3.2462413,0,0.7439041137695312,8.835530281066895,-2.5926513671875,0.4827454090118408,2.9523744583129883,-0.00667570298537612,0.2513618469238281,0.4359323978424072,0.013534444384276867
8.80000000000004,1.3619374,3.2462413,0,0.7478529214859009,8.859091758728027,-2.5927581787109375,0.48466455936431885,2.9558677673339844,-0.006536263972520828,0.2536015510559082,0.42887619137763977,0.018829477950930595
8.80000000000004,1.3619374,3.2462413,0,0.7518163919448853,8.882680892944336,-2.592864990234375,0.48655736446380615,2.959458351135254,-0.00629929406568408,0.24985817074775696,0.4412792921066284,0.0309958104044199
8.80000000000004,1.3619374,3.2462413,0,0.7597578167915344,8.929939270019531,-2.5930633544921875,0.49026066064834595,2.9664864540100098,-0.005370330531150103,0.2525354325771332,0.4311945140361786,0.07314001768827438
8.80000000000004,1.3619374,3.2462413,0,0.7637763023376465,8.953596115112305,-2.5931396484375,0.49212682247161865,2.9699974060058594,-0.0046797581017017365,0.24758189916610718,0.43311968445777893,0.08717970550060272
8.80000000000004,1.3619374,3.2462413,0,0.767808735370636,8.977279663085938,-2.59320068359375,0.49400556087493896,2.973477840423584,-0.0039093815721571445,0.24870426952838898,0.42954421043395996,0.0971481129527092
8.80000000000004,1.3619374,3.2462413,0,0.7718551754951477,9.00098991394043,-2.59326171875,0.49585869908332825,2.97688889503479,-0.003112176200374961,0.24506597220897675,0.42105311155319214,0.10049482434988022
8.80000000000004,1.3619374,3.2462413,0,0.7759160399436951,9.024725914001465,-2.5933074951171875,0.4978390336036682,2.980347156524658,-0.0026394822634756565,0.26054346561431885,0.42723438143730164,0.059924084693193436
8.80000000000004,1.3619374,3.2462413,0,0.7841948866844177,9.072259902954102,-2.5933685302734375,0.5018733143806458,2.9872758388519287,-0.0028404342010617256,0.2567860782146454,0.42561623454093933,-0.015374272130429745
9.100000000000044,1.4306504,3.2400963,0,0.7883554100990295,9.096067428588867,-2.5933990478515625,0.5038649439811707,2.990628242492676,-0.0027547557838261127,0.25490427017211914,0.41592729091644287,0.010927206836640835
9.100000000000044,1.4306504,3.2400963,0,0.7925298810005188,9.11989974975586,-2.5934295654296875,0.5058097243309021,2.9939112663269043,-0.002638445934280753,0.248804971575737,0.40737274289131165,0.014516989700496197
9.100000000000044,1.4306504,3.2400963,0,0.8009766936302185,9.167654991149902,-2.5934600830078125,0.5098026990890503,3.000307321548462,-0.002425833372399211,0.2546032965183258,0.393925279378891,0.014087649993598461
9.100000000000044,1.4306504,3.2400963,0,0.8052201271057129,9.191569328308105,-2.5934600830078125,0.5117411017417908,3.0034472942352295,-0.0022682705894112587,0.2476537674665451,0.38894468545913696,0.019822733476758003
9.100000000000044,1.4306504,3.2400963,0,0.8094766736030579,9.215507507324219,-2.593475341796875,0.5136496424674988,3.0064780712127686,-0.001991754863411188,0.24370896816253662,0.3754173815250397,0.03470340371131897
9.100000000000044,1.4306504,3.2400963,0,0.8137892484664917,9.239490509033203,-2.593475341796875,0.5156145691871643,3.0095248222351074,-0.0015211580321192741,0.24594222009181976,0.37515050172805786,0.05811312794685364
9.100000000000044,1.4306504,3.2400963,0,0.8224522471427917,9.28752613067627,-2.59344482421875,0.5195510983467102,3.015749931335449,-0.0016588856233283877,0.24997465312480927,0.38315778970718384,-0.029038170352578163
9.100000000000044,1.4306504,3.2400963,0,0.8268032670021057,9.311580657958984,-2.5934600830078125,0.5215622186660767,3.018864631652832,-0.0018529187655076385,0.25150835514068604,0.3842930793762207,-0.024516599252820015
9.100000000000044,1.4306504,3.2400963,0,0.8311766386032104,9.335653305053711,-2.59344482421875,0.5235888957977295,3.021926164627075,-0.0019476888701319695,0.25575828552246094,0.37810391187667847,-0.01245457585901022
9.100000000000044,1.4306504,3.2400963,0,0.8355631232261658,9.359748840332031,-2.59344482421875,0.525615930557251,3.024993419647217,-0.0019841459579765797,0.25569161772727966,0.3789799213409424,-0.005131586920469999
9.300000000000026,1.4765888,3.2308755,0,0.8399626612663269,9.383868217468262,-2.59344482421875,0.5276063084602356,3.028010129928589,-0.002008543349802494,0.25098714232444763,0.37279611825942993,-0.003592110937461257
9.300000000000026,1.4765888,3.2308755,0,0.8488020300865173,9.432175636291504,-2.5934295654296875,0.5316867232322693,3.0339527130126953,-0.0019595210906118155,0.25575315952301025,0.3734947443008423,0.006029847543686628
9.300000000000026,1.4765888,3.2308755,0,0.8532689213752747,9.456335067749023,-2.5933990478515625,0.5337492227554321,3.036916494369507,-0.001821263344027102,0.2560102641582489,0.3692548871040344,0.015863215550780296
9.300000000000026,1.4765888,3.2308755,0,0.8577494025230408,9.48051643371582,-2.5933837890625,0.5358384251594543,3.0398519039154053,-0.0015074160182848573,0.25932058691978455,0.36566194891929626,0.03804592043161392
9.300000000000026,1.4765888,3.2308755,0,0.8667510747909546,9.528949737548828,-2.5933380126953125,0.5399221777915955,3.0455479621887207,-0.0004605213471222669,0.25040408968925476,0.35080909729003906,0.0681532472372055
9.300000000000026,1.4765888,3.2308755,0,0.8712711334228516,9.553190231323242,-2.593292236328125,0.5419232845306396,3.048386573791504,-0.00010028896213043481,0.25080010294914246,0.3544270098209381,0.04346947744488716
9.300000000000026,1.4765888,3.2308755,0,0.8758043646812439,9.57745361328125,-2.5932464599609375,0.5439332723617554,3.0512030124664307,0.00010873158316826448,0.2518501579761505,0.3516559600830078,0.02462882362306118
9.300000000000026,1.4765888,3.2308755,0,0.8803507089614868,9.601738929748535,-2.5931854248046875,0.5458901524543762,3.0539112091064453,0.00032269529765471816,0.24515828490257263,0.3381884694099426,0.02530636079609394
9.300000000000026,1.4765888,3.2308755,0,0.8895083665847778,9.650350570678711,-2.59307861328125,0.5499225854873657,3.059223175048828,0.0010074558667838573,0.2509057819843292,0.33505797386169434,0.03915093466639519
9.300000000000026,1.4765888,3.2308755,0,0.894119918346405,9.674675941467285,-2.5930328369140625,0.5519496202468872,3.061768054962158,0.0013433222193270922,0.24989862740039825,0.3203153610229492,0.040682028979063034
9.700000000000006,1.5684838,3.200212,0,0.8987445831298828,9.699023246765137,-2.5929718017578125,0.5539407134056091,3.0642611980438232,0.0016747791087254882,0.24543572962284088,0.3137741982936859,0.040181443095207214
9.700000000000006,1.5684838,3.200212,0,0.9033822417259216,9.723389625549316,-2.592926025390625,0.5559101104736328,3.0666916370391846,0.0020866254344582558,0.24274927377700806,0.30587297677993774,0.05027930811047554
9.700000000000006,1.5684838,3.200212,0,0.9127349853515625,9.772109985351562,-2.5927886962890625,0.5599040985107422,3.0712921619415283,0.003039854345843196,0.24534454941749573,0.28754615783691406,0.054826490581035614
9.700000000000006,1.5684838,3.200212,0,0.9174167513847351,9.796499252319336,-2.5927276611328125,0.5618293881416321,3.0734875202178955,0.003551946021616459,0.2391262799501419,0.2799234986305237,0.06304727494716644
9.700000000000006,1.5684838,3.200212,0,0.9221111536026001,9.820905685424805,-2.5926513671875,0.5637598037719727,3.0755295753479004,0.004102312494069338,0.23977111279964447,0.26065289974212646,0.06787571310997009
9.700000000000006,1.5684838,3.200212,0,0.9268475770950317,9.845300674438477,-2.592559814453125,0.5656662583351135,3.077359199523926,0.0046951910480856895,0.232607901096344,0.2375214844942093,0.0727735385298729
9.700000000000006,1.5684838,3.200212,0,0.9363554120063782,9.89413833618164,-2.5923614501953125,0.5693894624710083,3.0809600353240967,0.004298224113881588,0.22804948687553406,0.23241764307022095,-0.06209360063076019
9.700000000000006,1.5684838,3.200212,0,0.9411268830299377,9.918581008911133,-2.5922698974609375,0.5712190270423889,3.082712411880493,0.0037035876885056496,0.2233281135559082,0.2272535115480423,-0.07550510764122009
9.700000000000006,1.5684838,3.200212,0,0.94594407081604,9.94300651550293,-2.5921783447265625,0.5731635093688965,3.0843141078948975,0.0032840671483427286,0.23374943435192108,0.21234209835529327,-0.05379505082964897
9.700000000000006,1.5684838,3.200212,0,0.9507728219032288,9.967447280883789,-2.5920867919921875,0.575027346611023,3.0858352184295654,0.002965470775961876,0.22385971248149872,0.20197896659374237,-0.041124872863292694
9.899999999999988,1.6143103,3.1831946,0,0.9604105353355408,10.016368865966797,-2.5919342041015625,0.5787072777748108,3.0887982845306396,0.0021580972243100405,0.22905144095420837,0.19322796165943146,-0.04447856545448303
9.899999999999988,1.6143103,3.1831946,0,0.965297520160675,10.040820121765137,-2.5918731689453125,0.5805767774581909,3.090203046798706,0.0018743193941190839,0.22481469810009003,0.19022496044635773,-0.035678964108228683
9.899999999999988,1.6143103,3.1831946,0,0.9701951742172241,10.065286636352539,-2.5918121337890625,0.5824040174484253,3.0915544033050537,0.0017148206243291497,0.21972578763961792,0.18313579261302948,-0.020123550668358803
9.899999999999988,1.6143103,3.1831946,0,0.9751037955284119,10.089765548706055,-2.5917510986328125,0.5842528343200684,3.092816114425659,0.0017138230614364147,0.22261066734790802,0.17151808738708496,-0.00029057261417619884
9.899999999999988,1.6143103,3.1831946,0,0.9850013256072998,10.138751029968262,-2.591644287109375,0.5879878401756287,3.095325231552124,0.00211915816180408,0.2183866947889328,0.1647808998823166,0.0333995521068573
9.899999999999988,1.6143103,3.1831946,0,0.9899894595146179,10.16325855255127,-2.5915985107421875,0.5898762941360474,3.096522092819214,0.002304318593814969,0.22329474985599518,0.16371142864227295,0.02382322959601879
9.899999999999988,1.6143103,3.1831946,0,0.9949628114700317,10.187776565551758,-2.591552734375,0.591640055179596,3.097736358642578,0.0022462676279246807,0.21370342373847961,0.16564945876598358,-0.006153247784823179
9.899999999999988,1.6143103,3.1831946,0,0.9999464750289917,10.212306022644043,-2.59149169921875,0.5934885144233704,3.0988662242889404,0.0022749349009245634,0.22443361580371857,0.15467751026153564,0.0043418253771960735
9.899999999999988,1.6143103,3.1831946,0,1.0099742412567139,10.26137638092041,-2.59136962890625,0.5970256924629211,3.1010029315948486,0.0025714861694723368,0.21574640274047852,0.14477208256721497,0.022596212103962898
9.899999999999988,1.6143103,3.1831946,0,1.0150176286697388,10.285916328430176,-2.5913238525390625,0.5987627506256104,3.101989507675171,0.002767057390883565,0.20809076726436615,0.13822858035564423,0.025807412341237068
10.299999999999969,1.7054005,3.1287277,0,1.0200707912445068,10.310466766357422,-2.5912628173828125,0.6005250811576843,3.1028785705566406,0.0029032358434051275,0.2114366739988327,0.12557317316532135,0.01835683174431324
10.299999999999969,1.7054005,3.1287277,0,1.0251336097717285,10.335026741027832,-2.5912017822265625,0.6022787094116211,3.1037485599517822,0.003106221789494157,0.2105441689491272,0.12268248945474625,0.02668238990008831
10.299999999999969,1.7054005,3.1287277,0,1.0302338600158691,10.359572410583496,-2.5911407470703125,0.60406893491745,3.1045072078704834,0.0033464012667536736,0.21267518401145935,0.11097467690706253,0.031145287677645683
10.299999999999969,1.7054005,3.1287277,0,1.0353432893753052,10.384126663208008,-2.5910797119140625,0.6057480573654175,3.105179786682129,0.003650933038443327,0.1990562379360199,0.09977153688669205,0.03917142376303673
10.299999999999969,1.7054005,3.1287277,0,1.0455451011657715,10.433258056640625,-2.590911865234375,0.608979344367981,3.106306791305542,0.0045594265684485435,0.1955597996711731,0.08307994902133942,0.06531178206205368
10.299999999999969,1.7054005,3.1287277,0,1.0507022142410278,10.457803726196289,-2.5908203125,0.6106329560279846,3.1067898273468018,0.005015445873141289,0.1971990019083023,0.07831307500600815,0.05824863538146019
10.299999999999969,1.7054005,3.1287277,0,1.0610405206680298,10.506915092468262,-2.5906219482421875,0.6137867569923401,3.107328176498413,0.005992455407977104,0.18623937666416168,0.04226137697696686,0.06351526081562042
10.299999999999969,1.7054005,3.1287277,0,1.0662213563919067,10.531477928161621,-2.5905303955078125,0.6153352856636047,3.1074533462524414,0.0060036517679691315,0.18482784926891327,0.032220833003520966,0.002591870492324233
10.299999999999969,1.7054005,3.1287277,0,1.0714523792266846,10.556014060974121,-2.5904083251953125,0.6169173121452332,3.107482671737671,0.005465812049806118,0.18522721529006958,0.02318437211215496,-0.06645777821540833
10.299999999999969,1.7054005,3.1287277,0,1.0766905546188354,10.580554008483887,-2.5903167724609375,0.6184765696525574,3.1075053215026855,0.0048736813478171825,0.18271805346012115,0.021862592548131943,-0.07309810817241669
10.69999999999995,1.7953173,3.0585563,0,1.0819361209869385,10.605097770690918,-2.5902252197265625,0.6200459003448486,3.1073672771453857,0.004492046311497688,0.18430282175540924,0.001245018094778061,-0.04679616168141365
10.69999999999995,1.7953173,3.0585563,0,1.0924543142318726,10.654170989990234,-2.5900421142578125,0.623012125492096,3.1068789958953857,0.00376668362878263,0.1733357310295105,-0.01990831457078457,-0.04840083047747612
10.69999999999995,1.7953173,3.0585563,0,1.0977466106414795,10.678699493408203,-2.5899658203125,0.6245157718658447,3.1065382957458496,0.0033889871556311846,0.17739048600196838,-0.022965000942349434,-0.04606460779905319
10.69999999999995,1.7953173,3.0585563,0,1.1030454635620117,10.703228950500488,-2.589874267578125,0.6260244250297546,3.1060667037963867,0.0031022022012621164,0.17831574380397797,-0.03987004980444908,-0.0347173735499382
10.69999999999995,1.7953173,3.0585563,0,1.1083505153656006,10.72775936126709,-2.5897979736328125,0.6274580359458923,3.1055710315704346,0.002880972810089588,0.16922535002231598,-0.043405260890722275,-0.026538966223597527
10.69999999999995,1.7953173,3.0585563,0,1.119063138961792,10.776780128479004,-2.5896453857421875,0.630438506603241,3.1044065952301025,0.0029494110494852066,0.17327676713466644,-0.05664994940161705,0.017694195732474327
10.69999999999995,1.7953173,3.0585563,0,1.1244282722473145,10.801290512084961,-2.5895538330078125,0.6319115161895752,3.103781223297119,0.003141245571896434,0.17140556871891022,-0.05885433033108711,0.024975741282105446
10.69999999999995,1.7953173,3.0585563,0,1.1297988891601562,10.825798988342285,-2.5894775390625,0.633324384689331,3.103118896484375,0.0029494676273316145,0.16423045098781586,-0.06399304419755936,-0.022988764569163322
10.69999999999995,1.7953173,3.0585563,0,1.1405985355377197,10.874760627746582,-2.58935546875,0.6362740397453308,3.1018688678741455,0.0017352403374388814,0.17558567225933075,-0.05788927525281906,-0.06777559965848923
11.09999999999993,1.8835585,2.9731088,0,1.1460068225860596,10.899239540100098,-2.5893096923828125,0.6377441883087158,3.1011767387390137,0.0013251797063276172,0.17351454496383667,-0.06615621596574783,-0.04926835745573044
11.09999999999993,1.8835585,2.9731088,0,1.151421070098877,10.923718452453613,-2.589263916015625,0.6392418146133423,3.100484609603882,0.0008759713964536786,0.17723578214645386,-0.06675566732883453,-0.054204367101192474
11.09999999999993,1.8835585,2.9731088,0,1.156893253326416,10.948172569274902,-2.5892486572265625,0.6408122777938843,3.099771499633789,0.0004612233315128833,0.18167896568775177,-0.06767179816961288,-0.04913610965013504
11.09999999999993,1.8835585,2.9731088,0,1.1678552627563477,10.997078895568848,-2.5892181396484375,0.6440104246139526,3.098526954650879,-0.00025455851573497057,0.18675079941749573,-0.05612568557262421,-0.04274304583668709
11.09999999999993,1.8835585,2.9731088,0,1.173345685005188,11.021531105041504,-2.589202880859375,0.6456338763237,3.097884178161621,-0.0004095874901395291,0.18945914506912231,-0.0608220100402832,-0.016856471076607704
11.09999999999993,1.8835585,2.9731088,0,1.1788285970687866,11.04598331451416,-2.589202880859375,0.6473429799079895,3.097287654876709,-0.0004726624465547502,0.20464065670967102,-0.0556064136326313,-0.005080829840153456
11.09999999999993,1.8835585,2.9731088,0,1.1843780279159546,11.070414543151855,-2.5891876220703125,0.6491221189498901,3.0967531204223633,-0.0007990570738911629,0.20811741054058075,-0.04661250114440918,-0.03878958150744438
11.09999999999993,1.8835585,2.9731088,0,1.195499062538147,11.119278907775879,-2.58917236328125,0.6528567671775818,3.0959129333496094,-0.0021989878732711077,0.22735875844955444,-0.03024858422577381,-0.08668796718120575
11.09999999999993,1.8835585,2.9731088,0,1.2010722160339355,11.143712997436523,-2.58917236328125,0.6548348665237427,3.0955772399902344,-0.002669856185093522,0.23433488607406616,-0.023380618542432785,-0.05692895129323006
11.09999999999993,1.8835585,2.9731088,0,1.2067265510559082,11.168124198913574,-2.58917236328125,0.6569511294364929,3.0953073501586914,-0.0030725521501153708,0.24499672651290894,-0.013373107649385929,-0.048751939088106155
11.499999999999911,1.9696299,2.8729,0,1.2123897075653076,11.192538261413574,-2.58917236328125,0.659146785736084,3.095069169998169,-0.003507067682221532,0.2555204927921295,-0.009943919256329536,-0.05275942012667656
11.499999999999911,1.9696299,2.8729,0,1.2237465381622314,11.241375923156738,-2.5891876220703125,0.6637565493583679,3.094825267791748,-0.004138151183724403,0.2775072157382965,0.006468762643635273,-0.029849352315068245
11.499999999999911,1.9696299,2.8729,0,1.2294883728027344,11.265758514404297,-2.589202880859375,0.6661595106124878,3.0947766304016113,-0.004228527192026377,0.2810283601284027,0.016356468200683594,-0.010535120032727718
11.499999999999911,1.9696299,2.8729,0,1.2352412939071655,11.290146827697754,-2.589202880859375,0.668656587600708,3.094759464263916,-0.0041580479592084885,0.29340943694114685,0.019641155377030373,0.00956654455512762
11.499999999999911,1.9696299,2.8729,0,1.2410056591033936,11.31454086303711,-2.589202880859375,0.6711770296096802,3.094836711883545,-0.003957320004701614,0.29694345593452454,0.030834022909402847,0.02594105713069439
11.499999999999911,1.9696299,2.8729,0,1.252637505531311,11.36330509185791,-2.589202880859375,0.6765864491462708,3.095001220703125,-0.00311434268951416,0.3233881890773773,0.032690104097127914,0.056422311812639236
11.499999999999911,1.9696299,2.8729,0,1.2585057020187378,11.387676239013672,-2.5891876220703125,0.6794351935386658,3.095118284225464,-0.0030503710731863976,0.33333930373191833,0.03808853030204773,0.007533002179116011
11.499999999999911,1.9696299,2.8729,0,1.2643882036209106,11.412054061889648,-2.58917236328125,0.6823977828025818,3.0952508449554443,-0.003516214666888118,0.3483019471168518,0.0394621416926384,-0.05866493657231331
11.499999999999911,1.9696299,2.8729,0,1.270285725593567,11.436439514160156,-2.58917236328125,0.6854312419891357,3.095463275909424,-0.0040507083758711815,0.357890784740448,0.048886749893426895,-0.06721773743629456
11.499999999999911,1.9696299,2.8729,0,1.2762802839279175,11.460797309875488,-2.589141845703125,0.6885517835617065,3.09566068649292,-0.004365452565252781,0.3612525463104248,0.050061002373695374,-0.04142988100647926
11.799999999999892,2.032468,2.7884128,0,1.2822767496109009,11.485162734985352,-2.5891265869140625,0.691810131072998,3.095837354660034,-0.00459084240719676,0.3841214179992676,0.046823855489492416,-0.02980883978307247
11.799999999999892,2.032468,2.7884128,0,1.2943203449249268,11.533916473388672,-2.5890960693359375,0.6985763907432556,3.0961852073669434,-0.005033905617892742,0.4043140113353729,0.046339888125658035,-0.031019093468785286
11.799999999999892,2.032468,2.7884128,0,1.3004494905471802,11.55827808380127,-2.5890655517578125,0.7021255493164062,3.0963683128356934,-0.005133187398314476,0.4146588444709778,0.04821415990591049,-0.015228520147502422
11.799999999999892,2.032468,2.7884128,0,1.3127614259719849,11.607023239135742,-2.589019775390625,0.7094735503196716,3.0967633724212646,-0.004867921583354473,0.43831878900527954,0.049838386476039886,0.02458970807492733
11.799999999999892,2.032468,2.7884128,0,1.318946123123169,11.631407737731934,-2.5890045166015625,0.71324223279953,3.0969388484954834,-0.004489252343773842,0.44483038783073425,0.04552027955651283,0.04480080306529999
11.799999999999892,2.032468,2.7884128,0,1.325232982635498,11.655789375305176,-2.588958740234375,0.7171823978424072,3.0971570014953613,-0.004388487432152033,0.4584505558013916,0.05105127394199371,0.008842441253364086
11.799999999999892,2.032468,2.7884128,0,1.3315398693084717,11.680179595947266,-2.5889434814453125,0.7212298512458801,3.0973737239837646,-0.004566638730466366,0.4729521870613098,0.050380460917949677,-0.025729181244969368
11.799999999999892,2.032468,2.7884128,0,1.3378522396087646,11.704575538635254,-2.5889129638671875,0.7253010869026184,3.0975899696350098,-0.004703430458903313,0.4830181300640106,0.049929000437259674,-0.01996522583067417
11.799999999999892,2.032468,2.7884128,0,1.3506267070770264,11.753388404846191,-2.5888671875,0.7336862683296204,3.09781813621521,-0.0048661306500434875,0.49755731225013733,0.035427507013082504,-0.010359100066125393
11.799999999999892,2.032468,2.7884128,0,1.3570891618728638,11.777803421020508,-2.588836669921875,0.7380398511886597,3.097930669784546,-0.004876318853348494,0.511917233467102,0.035700298845767975,-0.005398876499384642
12.199999999999873,2.113587,2.6638553,0,1.363574504852295,11.802224159240723,-2.58880615234375,0.742510974407196,3.09801983833313,-0.004832313396036625,0.527618408203125,0.032292503863573074,0.0015120020834729075
12.199999999999873,2.113587,2.6638553,0,1.376618504524231,11.851082801818848,-2.5887451171875,0.7516542673110962,3.098034620285034,-0.004621462896466255,0.5439857244491577,0.018291393294930458,0.015349592082202435
12.199999999999873,2.113587,2.6638553,0,1.383261799812317,11.875503540039062,-2.588714599609375,0.756424605846405,3.0979647636413574,-0.004327495116740465,0.5581322908401489,0.011951123364269733,0.03230617940425873
12.199999999999873,2.113587,2.6638553,0,1.38991379737854,11.89992904663086,-2.58868408203125,0.7612003684043884,3.0978472232818604,-0.003921362571418285,0.5672436952590942,0.00558921555057168,0.04703085497021675
12.199999999999873,2.113587,2.6638553,0,1.3965917825698853,11.924358367919922,-2.5886688232421875,0.7660614252090454,3.0976316928863525,-0.0033852667547762394,0.5789082050323486,-0.007115027401596308,0.06340629607439041
12.199999999999873,2.113587,2.6638553,0,1.4101158380508423,11.97321891784668,-2.588592529296875,0.7758707404136658,3.0968406200408936,-0.00211700308136642,0.5833621025085449,-0.03629932925105095,0.0770757868885994
12.199999999999873,2.113587,2.6638553,0,1.4169617891311646,11.997647285461426,-2.5885467529296875,0.7809261679649353,3.0963308811187744,-0.0015010316856205463,0.5961862802505493,-0.04505937546491623,0.07274466753005981
12.199999999999873,2.113587,2.6638553,0,1.4238346815109253,12.022076606750488,-2.5885009765625,0.785937488079071,3.095660448074341,-0.0013342677848413587,0.5918194055557251,-0.06553661078214645,0.016737261787056923
12.199999999999873,2.113587,2.6638553,0,1.4307353496551514,12.046504974365234,-2.588470458984375,0.7911252975463867,3.094881534576416,-0.001713594188913703,0.6149888038635254,-0.07947296649217606,-0.051301900297403336
12.199999999999873,2.113587,2.6638553,0,1.4377557039260864,12.07093620300293,-2.5884246826171875,0.7964851260185242,3.0940160751342773,-0.002121283672749996,0.6273251175880432,-0.09184785932302475,-0.05576666072010994
12.599999999999854,2.1912417,2.5263615,0,1.4518638849258423,12.119790077209473,-2.5883636474609375,0.8070486187934875,3.0920143127441406,-0.002634013770148158,0.6273108124732971,-0.11936075240373611,-0.03392528370022774
12.599999999999854,2.1912417,2.5263615,0,1.4589518308639526,12.144210815429688,-2.5883331298828125,0.8123260140419006,3.0908195972442627,-0.002862613182514906,0.6293720006942749,-0.1338893175125122,-0.03227498009800911
12.599999999999854,2.1912417,2.5263615,0,1.4661619663238525,12.168634414672852,-2.5883026123046875,0.8177126049995422,3.0895373821258545,-0.003095458960160613,0.6334568858146667,-0.1468321532011032,-0.033754851669073105
12.599999999999854,2.1912417,2.5263615,0,1.4806668758392334,12.217460632324219,-2.5882568359375,0.8286681175231934,3.0866715908050537,-0.0036986523773521185,0.6587017774581909,-0.17020367085933685,-0.05732336640357971
12.599999999999854,2.1912417,2.5263615,0,1.4879647493362427,12.241862297058105,-2.5882415771484375,0.8344272375106812,3.0851945877075195,-0.0044940076768398285,0.6837270259857178,-0.17196327447891235,-0.1034056693315506
12.599999999999854,2.1912417,2.5263615,0,1.4953941106796265,12.266252517700195,-2.5882110595703125,0.8403244018554688,3.0836589336395264,-0.005230295937508345,0.6906586289405823,-0.17938373982906342,-0.09750155359506607
12.599999999999854,2.1912417,2.5263615,0,1.5028551816940308,12.290634155273438,-2.58819580078125,0.8463249802589417,3.0821492671966553,-0.005866928957402706,0.7050117254257202,-0.1763613224029541,-0.08486630022525787
12.599999999999854,2.1912417,2.5263615,0,1.5178592205047607,12.339373588562012,-2.5881805419921875,0.8585647344589233,3.0789430141448975,-0.007028200663626194,0.7385318875312805,-0.1871376782655716,-0.0781654343008995
12.599999999999854,2.1912417,2.5263615,0,1.525495171546936,12.363723754882812,-2.5881805419921875,0.8648884892463684,3.0772669315338135,-0.00750161986798048,0.7491567134857178,-0.19746920466423035,-0.06406380981206894
12.999999999999835,2.264994,2.3767269,0,1.5331655740737915,12.38806438446045,-2.588165283203125,0.8713509440422058,3.0754973888397217,-0.007895437069237232,0.7678068280220032,-0.20943228900432587,-0.05394918471574783
12.999999999999835,2.264994,2.3767269,0,1.5408720970153809,12.412394523620605,-2.588165283203125,0.8779507279396057,3.0737178325653076,-0.008167475461959839,0.786244809627533,-0.21092067658901215,-0.038553956896066666
12.999999999999835,2.264994,2.3767269,0,1.54861581325531,12.436714172363281,-2.5881805419921875,0.8846489191055298,3.0719153881073,-0.008229730650782585,0.7997668981552124,-0.2140592783689499,-0.012177507393062115
12.999999999999835,2.264994,2.3767269,0,1.564376950263977,12.485313415527344,-2.588165283203125,0.8984001278877258,3.0681848526000977,-0.007929685525596142,0.8285709619522095,-0.2305418998003006,0.024784820154309273
12.999999999999835,2.264994,2.3767269,0,1.57231605052948,12.50959587097168,-2.588165283203125,0.9054174423217773,3.066206216812134,-0.007561447564512491,0.8348602652549744,-0.23705551028251648,0.041746996343135834
12.999999999999835,2.264994,2.3767269,0,1.5802955627441406,12.533864974975586,-2.588165283203125,0.9125442504882812,3.0642008781433105,-0.007115968968719244,0.849865198135376,-0.24058683216571808,0.05154776945710182
12.999999999999835,2.264994,2.3767269,0,1.5965192317962646,12.582365989685059,-2.5881500244140625,0.9269829392433167,3.059800148010254,-0.006537855137139559,0.8761958479881287,-0.2717922031879425,0.007363967131823301
12.999999999999835,2.264994,2.3767269,0,1.604693055152893,12.60659408569336,-2.588134765625,0.9344595670700073,3.057471513748169,-0.006979198660701513,0.8994834423065186,-0.2813751697540283,-0.05859043076634407
12.999999999999835,2.264994,2.3767269,0,1.6129103899002075,12.630806922912598,-2.5881195068359375,0.9420442581176758,3.055065631866455,-0.007499141152948141,0.9142690896987915,-0.29117995500564575,-0.0682850331068039
12.999999999999835,2.264994,2.3767269,0,1.6211720705032349,12.65500259399414,-2.588104248046875,0.9496470093727112,3.05253005027771,-0.007800240069627762,0.9177695512771606,-0.3074960708618164,-0.04080216959118843
13.299999999999816,2.317495,2.2570462,0,1.63801908493042,12.703326225280762,-2.5881195068359375,0.9652110934257507,3.047313928604126,-0.008465862832963467,0.9397678375244141,-0.319369375705719,-0.04400778189301491
13.299999999999816,2.317495,2.2570462,0,1.6465106010437012,12.727460861206055,-2.5881195068359375,0.9731737971305847,3.0445659160614014,-0.008719198405742645,0.9566736817359924,-0.3344305157661438,-0.03415904566645622
13.299999999999816,2.317495,2.2570462,0,1.6550363302230835,12.751581192016602,-2.588134765625,0.9810752272605896,3.0417373180389404,-0.008937444537878036,0.9633784890174866,-0.34372279047966003,-0.028772277757525444
13.299999999999816,2.317495,2.2570462,0,1.6636912822723389,12.775681495666504,-2.5881500244140625,0.9891026616096497,3.0387821197509766,-0.008989847265183926,0.9716613292694092,-0.361084520816803,-0.007880385033786297
13.299999999999816,2.317495,2.2570462,0,1.681140422821045,12.823817253112793,-2.5881805419921875,1.0054315328598022,3.032623052597046,-0.008763203397393227,0.9940224289894104,-0.3776596486568451,0.024376900866627693
13.299999999999816,2.317495,2.2570462,0,1.6899363994598389,12.847851753234863,-2.58819580078125,1.0136489868164062,3.0294206142425537,-0.008463031612336636,0.9994840621948242,-0.39178118109703064,0.036444976925849915
13.299999999999816,2.317495,2.2570462,0,1.6988872289657593,12.871866226196289,-2.5882110595703125,1.022051453590393,3.026076078414917,-0.008397365920245647,1.0118309259414673,-0.41171231865882874,0.0073797996155917645
13.299999999999816,2.317495,2.2570462,0,1.7078864574432373,12.895855903625488,-2.588226318359375,1.0306020975112915,3.022570848464966,-0.008682357147336006,1.0318769216537476,-0.43170732259750366,-0.03638350963592529
13.299999999999816,2.317495,2.2570462,0,1.7260349988937378,12.943758010864258,-2.5882720947265625,1.0478122234344482,3.0153679847717285,-0.009138460271060467,1.0414690971374512,-0.4508911371231079,-0.020808538421988487
13.299999999999816,2.317495,2.2570462,0,1.7352975606918335,12.96766471862793,-2.58831787109375,1.0565115213394165,3.0115718841552734,-0.009251539595425129,1.0564738512039185,-0.4662807881832123,-0.013649928383529186
13.699999999999797,2.3834279,2.0882568,0,1.744608998298645,12.991543769836426,-2.588348388671875,1.0652610063552856,3.0077121257781982,-0.009363090619444847,1.0642096996307373,-0.47405320405960083,-0.013414769433438778
13.699999999999797,2.3834279,2.0882568,0,1.753969669342041,13.015393257141113,-2.5883941650390625,1.0739970207214355,3.003699541091919,-0.009454835206270218,1.063927412033081,-0.4930477738380432,-0.010896473191678524
13.699999999999797,2.3834279,2.0882568,0,1.7633806467056274,13.039212226867676,-2.5884246826171875,1.082815170288086,2.9994990825653076,-0.009431738406419754,1.0755459070205688,-0.5164190530776978,0.0034961847122758627
13.699999999999797,2.3834279,2.0882568,0,1.7826247215270996,13.086715698242188,-2.5884857177734375,1.1007814407348633,2.9908485412597656,-0.009037201292812824,1.085815191268921,-0.5374574661254883,0.031119676306843758
13.699999999999797,2.3834279,2.0882568,0,1.7923223972320557,13.110418319702148,-2.5885162353515625,1.109846591949463,2.986328125,-0.008735300973057747,1.0953407287597656,-0.5546258687973022,0.037742774933576584
13.699999999999797,2.3834279,2.0882568,0,1.8020715713500977,13.134086608886719,-2.588531494140625,1.118905782699585,2.9816319942474365,-0.008296440355479717,1.0961880683898926,-0.5765148401260376,0.054758038371801376
13.699999999999797,2.3834279,2.0882568,0,1.8120112419128418,13.157703399658203,-2.588531494140625,1.12816321849823,2.9768483638763428,-0.007773354649543762,1.1057597398757935,-0.5864348411560059,0.06452202051877975
13.699999999999797,2.3834279,2.0882568,0,1.832024335861206,13.204837799072266,-2.5885467529296875,1.1463412046432495,2.9667651653289795,-0.007118478417396545,1.1118682622909546,-0.6273112893104553,0.014443880878388882
13.699999999999797,2.3834279,2.0882568,0,1.842105746269226,13.228347778320312,-2.5885467529296875,1.1555273532867432,2.961512804031372,-0.007587504107505083,1.1209646463394165,-0.6411001682281494,-0.05800788849592209
13.699999999999797,2.3834279,2.0882568,0,1.8523814678192139,13.251802444458008,-2.5885467529296875,1.1648130416870117,2.956103563308716,-0.008149500004947186,1.1175833940505981,-0.6601592898368835,-0.07029762119054794
13.999999999999778,2.4296215,1.9552693,0,1.8730826377868652,13.29858684539795,-2.5885772705078125,1.1835066080093384,2.944838762283325,-0.009035673923790455,1.127746820449829,-0.6962869763374329,-0.0553489625453949
13.999999999999778,2.4296215,1.9552693,0,1.8835097551345825,13.321913719177246,-2.5885772705078125,1.1929138898849487,2.9389777183532715,-0.009463680908083916,1.1382193565368652,-0.7164163589477539,-0.05357665568590164
13.999999999999778,2.4296215,1.9552693,0,1.8941261768341064,13.345165252685547,-2.5885772705078125,1.2023789882659912,2.933020830154419,-0.009780548512935638,1.1304022073745728,-0.7255159616470337,-0.04053068906068802
13.999999999999778,2.4296215,1.9552693,0,1.9047929048538208,13.368371963500977,-2.5885772705078125,1.2119035720825195,2.926941156387329,-0.010006477124989033,1.1399238109588623,-0.7408730387687683,-0.029087530449032784
13.999999999999778,2.4296215,1.9552693,0,1.915503978729248,13.3915376663208,-2.588592529296875,1.2213197946548462,2.9206786155700684,-0.010141884908080101,1.1509742736816406,-0.7578350305557251,-0.016151925548911095
13.999999999999778,2.4296215,1.9552693,0,1.9370759725570679,13.437723159790039,-2.588623046875,1.2401546239852905,2.907846212387085,-0.01039160881191492,1.1569980382919312,-0.7858824133872986,-0.02996763028204441
13.999999999999778,2.4296215,1.9552693,0,1.9480775594711304,13.460692405700684,-2.588623046875,1.249845266342163,2.9012205600738525,-0.010876525193452835,1.1730417013168335,-0.7985536456108093,-0.06068730354309082
13.999999999999778,2.4296215,1.9552693,0,1.9591305255889893,13.483611106872559,-2.5886383056640625,1.259644627571106,2.894475221633911,-0.011369489133358002,1.1886261701583862,-0.8135862350463867,-0.061676833778619766
13.999999999999778,2.4296215,1.9552693,0,1.9813940525054932,13.529293060302734,-2.5886688232421875,1.2792415618896484,2.880671262741089,-0.012046289630234241,1.1919671297073364,-0.8391230702400208,-0.04012230411171913
13.999999999999778,2.4296215,1.9552693,0,1.9927622079849243,13.551996231079102,-2.5886688232421875,1.2892062664031982,2.873549461364746,-0.012337064370512962,1.195320963859558,-0.8552924990653992,-0.03705219924449921
14.29999999999976,2.4728594,1.8172569,0,2.0041778087615967,13.574651718139648,-2.58868408203125,1.2990214824676514,2.8662474155426025,-0.012639646418392658,1.2046546936035156,-0.8697955012321472,-0.03670947253704071
14.29999999999976,2.4728594,1.8172569,0,2.015643835067749,13.597251892089844,-2.5886993408203125,1.3089039325714111,2.858869791030884,-0.012763709761202335,1.214922547340393,-0.879456639289856,-0.01433910708874464
14.29999999999976,2.4728594,1.8172569,0,2.0388755798339844,13.642242431640625,-2.588714599609375,1.3288685083389282,2.8437986373901367,-0.012643320485949516,1.2214909791946411,-0.9087476134300232,0.016922594979405403
14.29999999999976,2.4728594,1.8172569,0,2.0506412982940674,13.664631843566895,-2.5886993408203125,1.3389978408813477,2.836097478866577,-0.012350876815617085,1.2324827909469604,-0.9175012111663818,0.036002133041620255
14.29999999999976,2.4728594,1.8172569,0,2.0624589920043945,13.686962127685547,-2.58868408203125,1.3491162061691284,2.8282713890075684,-0.01193925179541111,1.2332209348678589,-0.9334797859191895,0.05098571628332138
14.29999999999976,2.4728594,1.8172569,0,2.0743296146392822,13.709232330322266,-2.5886688232421875,1.3592050075531006,2.8203587532043457,-0.011490396223962307,1.2315911054611206,-0.9445599913597107,0.05572568252682686
14.29999999999976,2.4728594,1.8172569,0,2.098543882369995,13.753495216369629,-2.588592529296875,1.3797446489334106,2.803966999053955,-0.010279262438416481,1.2381917238235474,-0.9801275134086609,0.0801328495144844
14.29999999999976,2.4728594,1.8172569,0,2.1107256412506104,13.775538444519043,-2.58856201171875,1.3898053169250488,2.795459508895874,-0.010055412538349628,1.2451688051223755,-1.0045775175094604,0.028766224160790443
14.29999999999976,2.4728594,1.8172569,0,2.122957229614258,13.797516822814941,-2.588531494140625,1.3999080657958984,2.7868168354034424,-0.010290355421602726,1.2524590492248535,-1.0218716859817505,-0.028500331565737724
14.29999999999976,2.4728594,1.8172569,0,2.1354422569274902,13.819368362426758,-2.5884857177734375,1.4102287292480469,2.7779738903045654,-0.010584753938019276,1.2559423446655273,-1.0418484210968018,-0.03784102946519852
14.59999999999974,2.5130033,1.6746421,0,2.1479761600494385,13.841154098510742,-2.58843994140625,1.4205031394958496,2.769056797027588,-0.010727578774094582,1.2526332139968872,-1.0516750812530518,-0.018784774467349052
14.59999999999974,2.5130033,1.6746421,0,2.173191785812378,13.884519577026367,-2.58837890625,1.44084894657135,2.750825881958008,-0.01099555566906929,1.2420337200164795,-1.0854500532150269,-0.016196629032492638
14.59999999999974,2.5130033,1.6746421,0,2.186063051223755,13.90604019165039,-2.58831787109375,1.4511843919754028,2.741440534591675,-0.011002751998603344,1.2426003217697144,-1.1071538925170898,-0.004198867361992598
14.59999999999974,2.5130033,1.6746421,0,2.1989822387695312,13.927490234375,-2.5882720947265625,1.461456298828125,2.732057809829712,-0.010952295735478401,1.2374621629714966,-1.1075196266174316,0.0031711531337350607
14.59999999999974,2.5130033,1.6746421,0,2.2119498252868652,13.948870658874512,-2.5882110595703125,1.47162926197052,2.722559928894043,-0.010801689699292183,1.2278392314910889,-1.1225579977035522,0.015849245712161064
14.59999999999974,2.5130033,1.6746421,0,2.2249605655670166,13.970182418823242,-2.588165283203125,1.4815083742141724,2.712844133377075,-0.010484615340828896,1.2291276454925537,-1.1357054710388184,0.03910762816667557
14.59999999999974,2.5130033,1.6746421,0,2.251506805419922,14.012466430664062,-2.5879974365234375,1.5017567873001099,2.692835807800293,-0.010982516221702099,1.2422538995742798,-1.1768604516983032,-0.05580763891339302
14.59999999999974,2.5130033,1.6746421,0,2.2648465633392334,14.03349494934082,-2.5879364013671875,1.5118900537490845,2.6826834678649902,-0.011504760943353176,1.2425029277801514,-1.1885486841201782,-0.06790505349636078
14.59999999999974,2.5130033,1.6746421,0,2.2782318592071533,14.054447174072266,-2.5878753662109375,1.5220329761505127,2.6724226474761963,-0.011876030825078487,1.246216058731079,-1.2029427289962769,-0.048871614038944244
14.899999999999721,2.5499249,1.5278547,0,2.3055338859558105,14.096019744873047,-2.58770751953125,1.542614221572876,2.651512622833252,-0.01260752510279417,1.2409113645553589,-1.2301881313323975,-0.05337502434849739
14.899999999999721,2.5499249,1.5278547,0,2.3192524909973145,14.116689682006836,-2.5876312255859375,1.5528825521469116,2.6409640312194824,-0.012900024652481079,1.2427726984024048,-1.2385941743850708,-0.04121008887887001
14.899999999999721,2.5499249,1.5278547,0,2.333017349243164,14.13727855682373,-2.5875701904296875,1.5631458759307861,2.630279541015625,-0.01307457871735096,1.2448967695236206,-1.2565422058105469,-0.02632383070886135
14.899999999999721,2.5499249,1.5278547,0,2.3608663082122803,14.1781587600708,-2.5874176025390625,1.5830482244491577,2.6083788871765137,-0.013055432587862015,1.2358872890472412,-1.2766482830047607,0.008472706191241741
14.899999999999721,2.5499249,1.5278547,0,2.3749523162841797,14.198446273803711,-2.5873260498046875,1.5930026769638062,2.5973613262176514,-0.012841413728892803,1.2268239259719849,-1.2794545888900757,0.022584570571780205
14.899999999999721,2.5499249,1.5278547,0,2.3890788555145264,14.218650817871094,-2.587249755859375,1.6029289960861206,2.5862202644348145,-0.012558781541883945,1.2258930206298828,-1.29605233669281,0.03135855868458748
14.899999999999721,2.5499249,1.5278547,0,2.4032468795776367,14.238770484924316,-2.5871734619140625,1.6128714084625244,2.575007200241089,-0.012162202969193459,1.2304075956344604,-1.3061145544052124,0.04579592123627663
14.899999999999721,2.5499249,1.5278547,0,2.432119607925415,14.278643608093262,-2.586944580078125,1.6332846879959106,2.552102565765381,-0.012401208281517029,1.2397710084915161,-1.3423796892166138,-0.05276314541697502
14.899999999999721,2.5499249,1.5278547,0,2.4466190338134766,14.298449516296387,-2.58685302734375,1.6435140371322632,2.5404551029205322,-0.012847650796175003,1.2458620071411133,-1.3599863052368164,-0.062117815017700195
14.899999999999721,2.5499249,1.5278547,0,2.461153030395508,14.318166732788086,-2.586761474609375,1.653359293937683,2.5285861492156982,-0.01318484079092741,1.245553970336914,-1.3678698539733887,-0.04546763002872467
15.199999999999703,2.5835059,1.3773301,0,2.4759438037872314,14.337732315063477,-2.5866546630859375,1.6633763313293457,2.5166523456573486,-0.013514393009245396,1.2387075424194336,-1.3731237649917603,-0.04715611785650253
15.199999999999703,2.5835059,1.3773301,0,2.505634307861328,14.376593589782715,-2.586456298828125,1.6832813024520874,2.492532968521118,-0.014144056476652622,1.2350205183029175,-1.3980674743652344,-0.03868108242750168
15.199999999999703,2.5835059,1.3773301,0,2.520535707473755,14.395886421203613,-2.5863800048828125,1.693176507949829,2.4803366661071777,-0.01432792842388153,1.231664776802063,-1.4105569124221802,-0.028223728761076927
15.199999999999703,2.5835059,1.3773301,0,2.5357003211975098,14.415035247802734,-2.586273193359375,1.7032504081726074,2.4680488109588623,-0.014371038414537907,1.2250442504882812,-1.420621633529663,-0.01259660255163908
15.199999999999703,2.5835059,1.3773301,0,2.550901174545288,14.43409252166748,-2.5861663818359375,1.713297724723816,2.455707550048828,-0.014273742213845253,1.2248896360397339,-1.428895115852356,0.004727858584374189
15.199999999999703,2.5835059,1.3773301,0,2.5814151763916016,14.471928596496582,-2.585968017578125,1.7333182096481323,2.4308478832244873,-0.01368548534810543,1.2236213684082031,-1.4508147239685059,0.0362335667014122
15.199999999999703,2.5835059,1.3773301,0,2.5969550609588623,14.490668296813965,-2.5858612060546875,1.7430670261383057,2.418086051940918,-0.013252317905426025,1.2120945453643799,-1.4624208211898804,0.04830816388130188
15.199999999999703,2.5835059,1.3773301,0,2.61252498626709,14.509310722351074,-2.58575439453125,1.752697229385376,2.4052958488464355,-0.012817159295082092,1.2002358436584473,-1.4678633213043213,0.04881014674901962
15.199999999999703,2.5835059,1.3773301,0,2.628124952316284,14.527856826782227,-2.585662841796875,1.7623213529586792,2.3922996520996094,-0.012715579010546207,1.2023248672485352,-1.4955170154571533,0.007357913535088301
15.199999999999703,2.5835059,1.3773301,0,2.659674882888794,14.564619064331055,-2.5854644775390625,1.7818870544433594,2.366187334060669,-0.01348512526601553,1.209171175956726,-1.5134416818618774,-0.05856528505682945
15.499999999999684,2.6136384,1.223506,0,2.6756234169006348,14.582836151123047,-2.58538818359375,1.7916897535324097,2.352966547012329,-0.013796298764646053,1.196130394935608,-1.5295255184173584,-0.0454634390771389
15.499999999999684,2.6136384,1.223506,0,2.691603422164917,14.600954055786133,-2.5853271484375,1.801474928855896,2.339733600616455,-0.01408615056425333,1.1970151662826538,-1.5329389572143555,-0.04257307946681976
15.499999999999684,2.6136384,1.223506,0,2.707615613937378,14.61897087097168,-2.58526611328125,1.8111610412597656,2.3264048099517822,-0.01440652459859848,1.1875832080841064,-1.546707034111023,-0.046171244233846664
15.499999999999684,2.6136384,1.223506,0,2.7402658462524414,14.654621124267578,-2.5851287841796875,1.8309378623962402,2.2996137142181396,-0.014862898737192154,1.175183653831482,-1.5618969202041626,-0.02863909862935543
15.499999999999684,2.6136384,1.223506,0,2.7566370964050293,14.672296524047852,-2.5850677490234375,1.8407111167907715,2.2861545085906982,-0.014926599338650703,1.1688251495361328,-1.5685033798217773,-0.016120726242661476
15.499999999999684,2.6136384,1.223506,0,2.773040294647217,14.68986988067627,-2.58502197265625,1.8505338430404663,2.2725894451141357,-0.015259555540978909,1.1783132553100586,-1.5834518671035767,-0.04955241084098816
15.499999999999684,2.6136384,1.223506,0,2.7897439002990723,14.707321166992188,-2.5849456787109375,1.8606981039047241,2.258953332901001,-0.01599249802529812,1.1832438707351685,-1.5977296829223633,-0.10284361988306046
15.499999999999684,2.6136384,1.223506,0,2.8232479095458984,14.741917610168457,-2.5848388671875,1.880875825881958,2.2314682006835938,-0.01746939681470394,1.1753958463668823,-1.6148145198822021,-0.09851110726594925
15.499999999999684,2.6136384,1.223506,0,2.840050220489502,14.759062767028809,-2.5847930908203125,1.890946388244629,2.2176623344421387,-0.018050067126750946,1.182815670967102,-1.623957633972168,-0.082972452044487
15.499999999999684,2.6136384,1.223506,0,2.8568880558013916,14.776103973388672,-2.5847625732421875,1.9010939598083496,2.2038333415985107,-0.018591225147247314,1.1959182024002075,-1.628501296043396,-0.07777055352926254
15.699999999999665,2.6317632,1.1193401,0,2.8740127086639404,14.79301643371582,-2.584716796875,1.9114890098571777,2.1899688243865967,-0.01903524249792099,1.1902565956115723,-1.6381306648254395,-0.0688028484582901
15.699999999999665,2.6317632,1.1193401,0,2.9083685874938965,14.826534271240234,-2.5846405029296875,1.9321255683898926,2.1621856689453125,-0.019544128328561783,1.187065601348877,-1.6454159021377563,-0.029896384105086327
15.699999999999665,2.6317632,1.1193401,0,2.9256017208099365,14.8431396484375,-2.5846099853515625,1.9424281120300293,2.1483170986175537,-0.019471071660518646,1.190128207206726,-1.6434165239334106,-0.0032694076653569937
15.699999999999665,2.6317632,1.1193401,0,2.9431231021881104,14.859622955322266,-2.584564208984375,1.9531114101409912,2.1342968940734863,-0.01956554502248764,1.2000998258590698,-1.6688010692596436,-0.027169471606612206
15.699999999999665,2.6317632,1.1193401,0,2.9606828689575195,14.87600326538086,-2.58453369140625,1.9638404846191406,2.120224952697754,-0.019848870113492012,1.2099788188934326,-1.676731824874878,-0.050453465431928635
15.699999999999665,2.6317632,1.1193401,0,2.995922088623047,14.908453941345215,-2.58447265625,1.9851880073547363,2.091891288757324,-0.020300330594182014,1.2083525657653809,-1.6958242654800415,-0.03614695370197296
15.699999999999665,2.6317632,1.1193401,0,3.013857841491699,14.92451000213623,-2.5844268798828125,1.9962095022201538,2.0777409076690674,-0.02037729136645794,1.2154179811477661,-1.6970685720443726,-0.026990657672286034
15.699999999999665,2.6317632,1.1193401,0,3.031834602355957,14.940462112426758,-2.5843963623046875,2.0072109699249268,2.0635149478912354,-0.02041652612388134,1.2173709869384766,-1.7078841924667358,-0.0219163466244936
15.699999999999665,2.6317632,1.1193401,0,3.0498533248901367,14.956310272216797,-2.584381103515625,2.018120288848877,2.0492939949035645,-0.020378513261675835,1.2101532220840454,-1.7086776494979858,-0.011611263267695904
15.999999999999647,2.6559398,0.9609895,0,3.0679144859313965,14.972054481506348,-2.5843658447265625,2.0289793014526367,2.0350122451782227,-0.02019224688410759,1.2079991102218628,-1.7176121473312378,0.007253139745444059
15.999999999999647,2.6559398,0.9609895,0,3.104691505432129,15.003207206726074,-2.584320068359375,2.0512535572052,2.0063788890838623,-0.019534362480044365,1.203296422958374,-1.7312239408493042,0.02942373789846897
15.999999999999647,2.6559398,0.9609895,0,3.1231441497802734,15.01862621307373,-2.58428955078125,2.0622541904449463,1.9919668436050415,-0.01897520013153553,1.1943131685256958,-1.7443246841430664,0.05145696550607681
15.999999999999647,2.6559398,0.9609895,0,3.1416399478912354,15.033940315246582,-2.584259033203125,2.0731985569000244,1.9775418043136597,-0.018306801095604897,1.191707730293274,-1.7471824884414673,0.06548082083463669
15.999999999999647,2.6559398,0.9609895,0,3.179292678833008,15.06425666809082,-2.58416748046875,2.0955073833465576,1.9487272500991821,-0.016660796478390694,1.1761736869812012,-1.7631281614303589,0.09056040644645691
15.999999999999647,2.6559398,0.9609895,0,3.1981825828552246,15.079256057739258,-2.5841217041015625,2.1063997745513916,1.934143304824829,-0.015730995684862137,1.1535218954086304,-1.7788499593734741,0.0962759330868721
15.999999999999647,2.6559398,0.9609895,0,3.2171146869659424,15.094149589538574,-2.584075927734375,2.117215871810913,1.919482707977295,-0.01529129222035408,1.1487696170806885,-1.789576768875122,0.0354093462228775
15.999999999999647,2.6559398,0.9609895,0,3.2363369464874268,15.108922958374023,-2.584014892578125,2.128328561782837,1.9046941995620728,-0.015338924713432789,1.1464682817459106,-1.8129103183746338,-0.028376931324601173
15.999999999999647,2.6559398,0.9609895,0,3.2749087810516357,15.138147354125977,-2.5839080810546875,2.1502933502197266,1.8750039339065552,-0.015700794756412506,1.1269919872283936,-1.8218051195144653,-0.03841472417116165
15.999999999999647,2.6559398,0.9609895,0,3.2942583560943604,15.152596473693848,-2.5838623046875,2.1610493659973145,1.8600711822509766,-0.015841210260987282,1.1175938844680786,-1.8340487480163574,-0.03867828845977783
16.299999999999628,2.6764357,0.80050075,0,3.313903331756592,15.166927337646484,-2.5838165283203125,2.172025442123413,1.8451220989227295,-0.015964636579155922,1.103637933731079,-1.8443254232406616,-0.03962264955043793
16.299999999999628,2.6764357,0.80050075,0,3.333589553833008,15.18114948272705,-2.5837554931640625,2.182904005050659,1.8301540613174438,-0.015950171276926994,1.0971914529800415,-1.847591519355774,-0.02222275175154209
16.299999999999628,2.6764357,0.80050075,0,3.3533170223236084,15.195262908935547,-2.583709716796875,2.1936545372009277,1.8151865005493164,-0.015863345935940742,1.0867547988891602,-1.8484350442886353,-0.012706964276731014
16.299999999999628,2.6764357,0.80050075,0,3.3931310176849365,15.223148345947266,-2.583587646484375,2.2149760723114014,1.7852050065994263,-0.015302496962249279,1.0593048334121704,-1.8630329370498657,0.01520849671214819
16.299999999999628,2.6764357,0.80050075,0,3.4132161140441895,15.236921310424805,-2.5835418701171875,2.225651979446411,1.7701910734176636,-0.014818279072642326,1.0511971712112427,-1.8630403280258179,0.03544892743229866
16.299999999999628,2.6764357,0.80050075,0,3.4333407878875732,15.250584602355957,-2.5834808349609375,2.236078977584839,1.755135416984558,-0.014261077158153057,1.0259560346603394,-1.8690382242202759,0.04505831375718117
16.299999999999628,2.6764357,0.80050075,0,3.4737071990966797,15.277582168579102,-2.5833587646484375,2.2564280033111572,1.7248629331588745,-0.013498532585799694,0.9986739158630371,-1.8865609169006348,0.002356245880946517
16.299999999999628,2.6764357,0.80050075,0,3.4941728115081787,15.290892601013184,-2.58331298828125,2.2668468952178955,1.709614872932434,-0.013819102197885513,1.0001299381256104,-1.9002127647399902,-0.06591947376728058
16.299999999999628,2.6764357,0.80050075,0,3.514677047729492,15.304092407226562,-2.583282470703125,2.2771592140197754,1.6942112445831299,-0.014225117862224579,0.9929082989692688,-1.9203364849090576,-0.07610628008842468
16.299999999999628,2.6764357,0.80050075,0,3.535219430923462,15.317179679870605,-2.583251953125,2.287313222885132,1.6788069009780884,-0.014609713107347488,0.9790465235710144,-1.9210615158081055,-0.07294490188360214
16.49999999999961,2.6880221,0.6925307,0,3.576627731323242,15.342995643615723,-2.58319091796875,2.3073928356170654,1.6479196548461914,-0.015280399471521378,0.9463756084442139,-1.9305691719055176,-0.0654216781258583
16.49999999999961,2.6880221,0.6925307,0,3.5974912643432617,15.355724334716797,-2.5831756591796875,2.3174102306365967,1.6324633359909058,-0.015520239248871803,0.9415398240089417,-1.9338874816894531,-0.055623237043619156
16.49999999999961,2.6880221,0.6925307,0,3.618391513824463,15.368340492248535,-2.5831756591796875,2.327284097671509,1.61691153049469,-0.01566256210207939,0.9296654462814331,-1.9463236331939697,-0.04295119643211365
16.49999999999961,2.6880221,0.6925307,0,3.6393277645111084,15.380844116210938,-2.5831756591796875,2.3369741439819336,1.6013466119766235,-0.01569109596312046,0.9127569794654846,-1.9483838081359863,-0.02784607745707035
16.49999999999961,2.6880221,0.6925307,0,3.681715726852417,15.405471801757812,-2.583221435546875,2.3565104007720947,1.5702648162841797,-0.015340895392000675,0.8910466432571411,-1.9549975395202637,0.004409346263855696
16.49999999999961,2.6880221,0.6925307,0,3.702960968017578,15.41761589050293,-2.5832366943359375,2.366075038909912,1.5546883344650269,-0.01496664248406887,0.8785472512245178,-1.9553016424179077,0.021907499060034752
16.49999999999961,2.6880221,0.6925307,0,3.7242398262023926,15.429646492004395,-2.583251953125,2.375397205352783,1.539013147354126,-0.014459202066063881,0.8545993566513062,-1.9678882360458374,0.039031725376844406
16.49999999999961,2.6880221,0.6925307,0,3.745741128921509,15.441544532775879,-2.583282470703125,2.3848161697387695,1.5233687162399292,-0.013882540166378021,0.8387341499328613,-1.9680181741714478,0.04694284498691559
16.49999999999961,2.6880221,0.6925307,0,3.7672736644744873,15.453328132629395,-2.58331298828125,2.39408278465271,1.5076838731765747,-0.013526292517781258,0.8265165686607361,-1.9732331037521362,0.01986883394420147
16.49999999999961,2.6880221,0.6925307,0,3.810431718826294,15.47655200958252,-2.5833740234375,2.4123167991638184,1.476000428199768,-0.013408818282186985,0.8110863566398621,-1.9981789588928223,-0.020403878763318062
16.799999999999592,2.7022438,0.529418,0,3.8322432041168213,15.487977027893066,-2.5834197998046875,2.4213991165161133,1.4600940942764282,-0.013294047676026821,0.7888925075531006,-2.0056285858154297,-0.010412185452878475
16.799999999999592,2.7022438,0.529418,0,3.8540828227996826,15.499286651611328,-2.583465576171875,2.4302995204925537,1.4441956281661987,-0.013175062835216522,0.7731708288192749,-2.004581928253174,-0.009413341991603374
16.799999999999592,2.7022438,0.529418,0,3.8978445529937744,15.521554946899414,-2.5835418701171875,2.447575807571411,1.4122215509414673,-0.012849590741097927,0.748489499092102,-2.019308090209961,-0.001213047537021339
16.799999999999592,2.7022438,0.529418,0,3.9199576377868652,15.532485961914062,-2.583587646484375,2.4562206268310547,1.3961719274520874,-0.012571881525218487,0.7270495891571045,-2.025146484375,0.00935234036296606
16.799999999999592,2.7022438,0.529418,0,3.9420950412750244,15.543299674987793,-2.5836334228515625,2.4645836353302,1.3801608085632324,-0.012251610867679119,0.6990956664085388,-2.02020001411438,0.015168915502727032
16.799999999999592,2.7022438,0.529418,0,3.9642555713653564,15.553996086120605,-2.58367919921875,2.4727702140808105,1.3641034364700317,-0.011871038936078548,0.6841444969177246,-2.0258290767669678,0.023548023775219917
16.799999999999592,2.7022438,0.529418,0,4.0088419914245605,15.575008392333984,-2.583770751953125,2.4889395236968994,1.3316289186477661,-0.012207088991999626,0.6605036854743958,-2.0597641468048096,-0.07560941576957703
16.799999999999592,2.7022438,0.529418,0,4.031266212463379,15.585322380065918,-2.5838165283203125,2.4970107078552246,1.3152310848236084,-0.012759432196617126,0.6558507084846497,-2.070167064666748,-0.09415903687477112
16.799999999999592,2.7022438,0.529418,0,4.053710460662842,15.595516204833984,-2.5838775634765625,2.5048625469207764,1.2987979650497437,-0.013194611296057701,0.6357647776603699,-2.074310779571533,-0.07900688052177429
16.799999999999592,2.7022438,0.529418,0,4.076174736022949,15.60558795928955,-2.58392333984375,2.5125250816345215,1.2823190689086914,-0.01363346353173256,0.6193312406539917,-2.079735279083252,-0.07896683365106583
16.999999999999574,2.7095997,0.42007995,0,4.098833084106445,15.615516662597656,-2.5839691162109375,2.5202553272247314,1.2658107280731201,-0.014018586836755276,0.6043846607208252,-2.085099220275879,-0.0746031254529953
16.999999999999574,2.7095997,0.42007995,0,4.14420223236084,15.635007858276367,-2.584075927734375,2.535351514816284,1.232700228691101,-0.014582653529942036,0.5822352170944214,-2.0929689407348633,-0.058360859751701355
16.999999999999574,2.7095997,0.42007995,0,4.166911602020264,15.644569396972656,-2.5841217041015625,2.542658567428589,1.2161072492599487,-0.014743068255484104,0.5739274024963379,-2.094592571258545,-0.04496331885457039
16.999999999999574,2.7095997,0.42007995,0,4.189637184143066,15.654007911682129,-2.5841827392578125,2.5497777462005615,1.1994847059249878,-0.014723639003932476,0.5576737523078918,-2.097874402999878,-0.021962447091937065
16.999999999999574,2.7095997,0.42007995,0,4.235447406768799,15.67247200012207,-2.584259033203125,2.5640218257904053,1.1662333011627197,-0.014224269427359104,0.5348541140556335,-2.099494695663452,0.014298594556748867
16.999999999999574,2.7095997,0.42007995,0,4.258373260498047,15.6815185546875,-2.5843048095703125,2.5709619522094727,1.1495953798294067,-0.013772616162896156,0.5287891030311584,-2.1007115840911865,0.03119511343538761
16.999999999999574,2.7095997,0.42007995,0,4.281311988830566,15.690441131591797,-2.5843353271484375,2.5776546001434326,1.1329675912857056,-0.01323770359158516,0.5051784515380859,-2.098942995071411,0.04214373975992203
16.999999999999574,2.7095997,0.42007995,0,4.304428577423096,15.699209213256836,-2.584381103515625,2.584470510482788,1.1161986589431763,-0.012899252586066723,0.4979894459247589,-2.117133855819702,0.016112344339489937
16.999999999999574,2.7095997,0.42007995,0,4.327556133270264,15.707852363586426,-2.5844268798828125,2.591221809387207,1.0993067026138306,-0.012857664376497269,0.4976080656051636,-2.13197922706604,-0.020432284101843834
16.999999999999574,2.7095997,0.42007995,0,4.373841762542725,15.724759101867676,-2.584503173828125,2.604069471359253,1.0654842853546143,-0.012789778411388397,0.45914146304130554,-2.1351332664489746,-0.015594529919326305
17.299999999999557,2.71742,0.25547028,0,4.397152900695801,15.73299503326416,-2.58453369140625,2.6103785037994385,1.0485165119171143,-0.012652806006371975,0.43685925006866455,-2.140451431274414,-0.009445472620427608
17.299999999999557,2.71742,0.25547028,0,4.420469760894775,15.741103172302246,-2.584564208984375,2.61649751663208,1.0315324068069458,-0.012541201896965504,0.42084601521492004,-2.1418893337249756,-0.012033152393996716
17.299999999999557,2.71742,0.25547028,0,4.467121124267578,15.756939888000488,-2.5846099853515625,2.6282691955566406,0.9975720643997192,-0.012205463834106922,0.3941167891025543,-2.1403536796569824,-0.0006919726147316396
17.299999999999557,2.71742,0.25547028,0,4.490598678588867,15.764639854431152,-2.5846405029296875,2.634085178375244,0.9805711507797241,-0.011869998648762703,0.37812528014183044,-2.1429941654205322,0.015333759598433971
17.299999999999557,2.71742,0.25547028,0,4.5140790939331055,15.772212028503418,-2.58465576171875,2.639638662338257,0.9635142683982849,-0.01138752419501543,0.3531796634197235,-2.1493747234344482,0.034307125955820084
17.299999999999557,2.71742,0.25547028,0,4.53756046295166,15.779656410217285,-2.5846710205078125,2.6450254917144775,0.9464699625968933,-0.010883678682148457,0.3400360345840454,-2.1471939086914062,0.03756489232182503
17.299999999999557,2.71742,0.25547028,0,4.5846734046936035,15.794114112854004,-2.5846710205078125,2.655494451522827,0.9120725393295288,-0.011030926369130611,0.3137555420398712,-2.1706972122192383,-0.06301654130220413
17.299999999999557,2.71742,0.25547028,0,4.608302593231201,15.801125526428223,-2.5846710205078125,2.6606459617614746,0.8946598768234253,-0.011442810297012329,0.3065135180950165,-2.1890439987182617,-0.07810676097869873
17.299999999999557,2.71742,0.25547028,0,4.631930351257324,15.808006286621094,-2.584686279296875,2.665623903274536,0.8772916197776794,-0.011736612766981125,0.29255983233451843,-2.1829612255096436,-0.06273714452981949
17.299999999999557,2.71742,0.25547028,0,4.655555248260498,15.814756393432617,-2.5847015380859375,2.670354127883911,0.8598877191543579,-0.012038057669997215,0.2691952884197235,-2.186901807785034,-0.0628698542714119
17.59999999999954,2.7213626,0.09047268,0,4.703075885772705,15.827750205993652,-2.5847320556640625,2.67974853515625,0.8250671029090881,-0.012720867991447449,0.25089558959007263,-2.1798319816589355,-0.06166752055287361
17.59999999999954,2.7213626,0.09047268,0,4.726827144622803,15.834052085876465,-2.5847625732421875,2.6841957569122314,0.807648241519928,-0.012851430103182793,0.2316473424434662,-2.1830999851226807,-0.04206737130880356
17.59999999999954,2.7213626,0.09047268,0,4.750572204589844,15.840222358703613,-2.58477783203125,2.688542127609253,0.7902392148971558,-0.012865448370575905,0.22652970254421234,-2.1814539432525635,-0.026910098269581795
17.59999999999954,2.7213626,0.09047268,0,4.77445125579834,15.846203804016113,-2.5847930908203125,2.6929702758789062,0.7728227376937866,-0.012755170464515686,0.21883732080459595,-2.177260637283325,-0.013645271770656109
17.59999999999954,2.7213626,0.09047268,0,4.8221845626831055,15.85777473449707,-2.5848236083984375,2.7013871669769287,0.7379533648490906,-0.012052797712385654,0.19203773140907288,-2.175502061843872,0.02527748979628086
17.59999999999954,2.7213626,0.09047268,0,4.8460373878479,15.863365173339844,-2.5848541259765625,2.7053487300872803,0.7204693555831909,-0.01207845751196146,0.18351015448570251,-2.1847848892211914,-0.02820649929344654
17.59999999999954,2.7213626,0.09047268,0,4.870015621185303,15.868758201599121,-2.584869384765625,2.7094147205352783,0.702804684638977,-0.01250543538480997,0.18117596209049225,-2.2012269496917725,-0.08035916090011597
17.59999999999954,2.7213626,0.09047268,0,4.893983364105225,15.87402057647705,-2.58489990234375,2.713437795639038,0.685083270072937,-0.013043252751231194,0.1835988312959671,-2.208143472671509,-0.09359046071767807
17.59999999999954,2.7213626,0.09047268,0,4.917940139770508,15.879149436950684,-2.584930419921875,2.7172839641571045,0.6674054861068726,-0.013494344428181648,0.1690513789653778,-2.2025182247161865,-0.08213891834020615
17.79999999999952,2.7218297,-0.0195635,0,4.941885948181152,15.884145736694336,-2.5849609375,2.72107195854187,0.6496113538742065,-0.013928384520113468,0.16918174922466278,-2.2168936729431152,-0.0794101431965828
17.79999999999952,2.7218297,-0.0195635,0,4.989864826202393,15.893680572509766,-2.58502197265625,2.7284750938415527,0.6141291856765747,-0.014667711220681667,0.15795071423053741,-2.2039122581481934,-0.06999307870864868
17.79999999999952,2.7218297,-0.0195635,0,5.013896465301514,15.898218154907227,-2.5850372314453125,2.732041358947754,0.5963030457496643,-0.014879257418215275,0.14167703688144684,-2.21555233001709,-0.05269143357872963
17.79999999999952,2.7218297,-0.0195635,0,5.061921119689941,15.906895637512207,-2.5850830078125,2.7389862537384033,0.5607962608337402,-0.014784881845116615,0.14002814888954163,-2.2045252323150635,-0.00795395951718092
17.79999999999952,2.7218297,-0.0195635,0,5.086023330688477,15.910968780517578,-2.5850982666015625,2.7424116134643555,0.5430471897125244,-0.014576494693756104,0.12595058977603912,-2.199749231338501,-0.0013476236490532756
17.79999999999952,2.7218297,-0.0195635,0,5.110110759735107,15.914909362792969,-2.5850982666015625,2.745722532272339,0.5252854824066162,-0.01417726743966341,0.11905813217163086,-2.2013964653015137,0.02315826527774334
17.79999999999952,2.7218297,-0.0195635,0,5.134183883666992,15.918718338012695,-2.585113525390625,2.7488861083984375,0.5075601935386658,-0.01362831611186266,0.10785682499408722,-2.196909189224243,0.04251161217689514
17.79999999999952,2.7218297,-0.0195635,0,5.182387351989746,15.925885200500488,-2.5850982666015625,2.754948377609253,0.472010999917984,-0.01233487669378519,0.08871039003133774,-2.2020249366760254,0.06271804869174957
17.79999999999952,2.7218297,-0.0195635,0,5.206516742706299,15.929244041442871,-2.5850677490234375,2.7579362392425537,0.45416259765625,-0.011887169443070889,0.08807451277971268,-2.208400249481201,0.02919323556125164
17.79999999999952,2.7218297,-0.0195635,0,5.230628967285156,15.932469367980957,-2.585052490234375,2.7607409954071045,0.43624651432037354,-0.011691216379404068,0.07228973507881165,-2.2170376777648926,-0.0016298143891617656
18.099999999999504,2.719287,-0.184424,0,5.25472354888916,15.93556022644043,-2.58502197265625,2.7633860111236572,0.4184572398662567,-0.011500813066959381,0.05927328020334244,-2.201361894607544,-0.0016903503565117717
18.099999999999504,2.719287,-0.184424,0,5.3030476570129395,15.941254615783691,-2.5849761962890625,2.7684082984924316,0.38281238079071045,-0.011047323234379292,0.02573760785162449,-2.2001326084136963,0.004835892003029585
18.099999999999504,2.719287,-0.184424,0,5.327178478240967,15.943902015686035,-2.5849609375,2.7706634998321533,0.3650570511817932,-0.010722489096224308,0.013523835688829422,-2.1941628456115723,0.015320721082389355
18.099999999999504,2.719287,-0.184424,0,5.351287841796875,15.946415901184082,-2.584930419921875,2.7728378772735596,0.34730032086372375,-0.010374621488153934,0.010186179541051388,-2.194594383239746,0.01881643943488598
18.099999999999504,2.719287,-0.184424,0,5.375466346740723,15.948749542236328,-2.5848846435546875,2.7749083042144775,0.3295287489891052,-0.009951676242053509,-0.0118036400526762,-2.1923880577087402,0.02665957249701023
18.099999999999504,2.719287,-0.184424,0,5.4237518310546875,15.953021049499512,-2.584808349609375,2.7785394191741943,0.29411375522613525,-0.009017323143780231,-0.04152371361851692,-2.1850955486297607,0.03272387757897377
18.099999999999504,2.719287,-0.184424,0,5.447856903076172,15.954957008361816,-2.5847625732421875,2.780182123184204,0.27637994289398193,-0.009208246134221554,-0.04503735899925232,-2.188776969909668,-0.048183832317590714
18.099999999999504,2.719287,-0.184424,0,5.472026348114014,15.956709861755371,-2.584716796875,2.781754732131958,0.25846371054649353,-0.009691682644188404,-0.06375184655189514,-2.206615447998047,-0.08662649989128113
18.099999999999504,2.719287,-0.184424,0,5.496168613433838,15.958329200744629,-2.5846710205078125,2.7832348346710205,0.24067451059818268,-0.010072682052850723,-0.06860245764255524,-2.191229820251465,-0.07317028194665909
18.099999999999504,2.719287,-0.184424,0,5.520284175872803,15.95981502532959,-2.584625244140625,2.784620761871338,0.22288784384727478,-0.010441489517688751,-0.07386010885238647,-2.191404104232788,-0.07100961357355118
18.299999999999486,2.715433,-0.29406536,0,5.54437255859375,15.96116828918457,-2.5845947265625,2.7858848571777344,0.2051215022802353,-0.01080115232616663,-0.08270761370658875,-2.1893491744995117,-0.06924429535865784
18.299999999999486,2.715433,-0.29406536,0,5.592629909515381,15.963380813598633,-2.5845489501953125,2.788292646408081,0.16952703893184662,-0.01128312386572361,-0.09744270145893097,-2.1893470287323,-0.049882564693689346
18.299999999999486,2.715433,-0.29406536,0,5.616715431213379,15.964288711547852,-2.58453369140625,2.7893950939178467,0.15184247493743896,-0.01140033733099699,-0.09889043867588043,-2.1759824752807617,-0.03904988616704941
18.299999999999486,2.715433,-0.29406536,0,5.664861679077148,15.965658187866211,-2.5845184326171875,2.7913124561309814,0.11670903116464615,-0.011113794520497322,-0.11537367850542068,-2.1540467739105225,0.001938082161359489
18.299999999999486,2.715433,-0.29406536,0,5.6889214515686035,15.966121673583984,-2.584503173828125,2.7921741008758545,0.09917286038398743,-0.010802577249705791,-0.12070833146572113,-2.153404951095581,0.01484388392418623
18.299999999999486,2.715433,-0.29406536,0,5.712950706481934,15.966453552246094,-2.5844879150390625,2.7929084300994873,0.08165986835956573,-0.010342948138713837,-0.13068804144859314,-2.1511740684509277,0.03399932384490967
18.299999999999486,2.715433,-0.29406536,0,5.736949920654297,15.966655731201172,-2.58447265625,2.793584108352661,0.06424476951360703,-0.009852015413343906,-0.13222439587116241,-2.139599323272705,0.03865407407283783
18.299999999999486,2.715433,-0.29406536,0,5.760918140411377,15.966728210449219,-2.5844573974609375,2.794173002243042,0.04674752801656723,-0.009547177702188492,-0.1373414844274521,-2.1505162715911865,0.015966592356562614
18.299999999999486,2.715433,-0.29406536,0,5.808859348297119,15.966378211975098,-2.584442138671875,2.795156240463257,0.011676370166242123,-0.009405606426298618,-0.15155532956123352,-2.149244546890259,-0.012269708327949047
18.299999999999486,2.715433,-0.29406536,0,5.83278226852417,15.966008186340332,-2.5844268798828125,2.7954282760620117,-0.005743080284446478,-0.009254546836018562,-0.1679593324661255,-2.137622356414795,-0.0025592742022126913
18.59999999999947,2.7064278,-0.45791322,0,5.856672286987305,15.965508460998535,-2.58441162109375,2.7955434322357178,-0.02310934290289879,-0.00916370190680027,-0.18220239877700806,-2.1317105293273926,-0.009539536200463772
18.59999999999947,2.7064278,-0.45791322,0,5.904465198516846,15.964029312133789,-2.58441162109375,2.7955570220947266,-0.057746220380067825,-0.00876424740999937,-0.2051674872636795,-2.1206164360046387,0.0006398185505531728
18.59999999999947,2.7064278,-0.45791322,0,5.928309917449951,15.963096618652344,-2.5844268798828125,2.7954416275024414,-0.07497934252023697,-0.008547777310013771,-0.20492376387119293,-2.112804889678955,0.007400288712233305
18.59999999999947,2.7064278,-0.45791322,0,5.952120304107666,15.9620361328125,-2.5844268798828125,2.7952306270599365,-0.09217201918363571,-0.008214754983782768,-0.21175840497016907,-2.1085519790649414,0.022473277524113655
18.59999999999947,2.7064278,-0.45791322,0,5.9759521484375,15.96081256866455,-2.584442138671875,2.7948830127716064,-0.10928065329790115,-0.007824264466762543,-0.23292461037635803,-2.0951364040374756,0.029461456462740898
18.59999999999947,2.7064278,-0.45791322,0,6.023505687713623,15.95798397064209,-2.5844573974609375,2.7938833236694336,-0.1433349847793579,-0.006868047174066305,-0.247452512383461,-2.081650733947754,0.0513056255877018
18.59999999999947,2.7064278,-0.45791322,0,6.047226428985596,15.956379890441895,-2.5844573974609375,2.79317307472229,-0.16023282706737518,-0.006334759760648012,-0.26311659812927246,-2.0713860988616943,0.048772893846035004
18.59999999999947,2.7064278,-0.45791322,0,6.0709733963012695,15.954618453979492,-2.5844573974609375,2.7924461364746094,-0.17715279757976532,-0.006189876701682806,-0.2715849280357361,-2.072039842605591,5.308538311510347e-05
18.59999999999947,2.7064278,-0.45791322,0,6.094681262969971,15.952731132507324,-2.5844573974609375,2.7916085720062256,-0.19419069588184357,-0.0066040921956300735,-0.2804282605648041,-2.087682008743286,-0.06926292181015015
18.59999999999947,2.7064278,-0.45791322,0,6.141978740692139,15.948575973510742,-2.5844879150390625,2.789567232131958,-0.22799934446811676,-0.007535632234066725,-0.3000832200050354,-2.062236785888672,-0.07232790440320969
18.79999999999945,2.698287,-0.56662166,0,6.165627956390381,15.946271896362305,-2.5845184326171875,2.788433074951172,-0.24479198455810547,-0.007880869321525097,-0.3122387230396271,-2.0554263591766357,-0.05986308306455612
18.79999999999945,2.698287,-0.56662166,0,6.189235687255859,15.943842887878418,-2.5845489501953125,2.7872109413146973,-0.2614946961402893,-0.008236099034547806,-0.3185492753982544,-2.045116662979126,-0.06067566201090813
18.79999999999945,2.698287,-0.56662166,0,6.212801933288574,15.941289901733398,-2.5845947265625,2.785862684249878,-0.27821746468544006,-0.00858081504702568,-0.3297537863254547,-2.048532724380493,-0.05893641710281372
18.79999999999945,2.698287,-0.56662166,0,6.259861469268799,15.93576717376709,-2.5846710205078125,2.783022403717041,-0.31133654713630676,-0.008921274915337563,-0.3363010883331299,-2.019534111022949,-0.024525446817278862
18.79999999999945,2.698287,-0.56662166,0,6.283353805541992,15.93280029296875,-2.5847015380859375,2.781491756439209,-0.3277679681777954,-0.008857063949108124,-0.3460991084575653,-2.009833812713623,-0.008290166966617107
18.79999999999945,2.698287,-0.56662166,0,6.3068037033081055,15.929710388183594,-2.584716796875,2.7799203395843506,-0.34420648217201233,-0.008851672522723675,-0.3468784689903259,-2.0116896629333496,-0.015210825018584728
18.79999999999945,2.698287,-0.56662166,0,6.330211162567139,15.926499366760254,-2.584747314453125,2.7783260345458984,-0.3606792688369751,-0.009077017195522785,-0.34549951553344727,-2.0169265270233154,-0.04363106191158295
18.79999999999945,2.698287,-0.56662166,0,6.376983642578125,15.919661521911621,-2.5848388671875,2.775019884109497,-0.39348337054252625,-0.009385226294398308,-0.35224834084510803,-2.005840301513672,-0.027737578377127647
18.79999999999945,2.698287,-0.56662166,0,6.40030574798584,15.916060447692871,-2.5848846435546875,2.7732760906219482,-0.4097732901573181,-0.00948825478553772,-0.3568006455898285,-1.9946991205215454,-0.02741161547601223
18.99999999999943,2.68845,-0.6748293,0,6.423584461212158,15.912338256835938,-2.5849151611328125,2.7715017795562744,-0.4260013997554779,-0.009465605951845646,-0.3567471504211426,-1.987900972366333,-0.011311843059957027
18.99999999999943,2.68845,-0.6748293,0,6.446881294250488,15.90848159790039,-2.5849456787109375,2.7697393894195557,-0.44224125146865845,-0.0093974769115448,-0.3595903515815735,-1.9895577430725098,-0.006794929038733244
18.99999999999943,2.68845,-0.6748293,0,6.493345737457275,15.900406837463379,-2.5849761962890625,2.766115665435791,-0.4745562672615051,-0.009097209200263023,-0.3613986670970917,-1.9819163084030151,0.005231704097241163
18.99999999999943,2.68845,-0.6748293,0,6.516513347625732,15.89618968963623,-2.584991455078125,2.764230251312256,-0.4906158745288849,-0.008728562854230404,-0.36358195543289185,-1.9696381092071533,0.031979750841856
18.99999999999943,2.68845,-0.6748293,0,6.539637565612793,15.891852378845215,-2.5850067138671875,2.762225866317749,-0.5065786838531494,-0.00828541163355112,-0.3748447000980377,-1.958370566368103,0.04167621582746506
18.99999999999943,2.68845,-0.6748293,0,6.562779903411865,15.8873929977417,-2.5850067138671875,2.7602357864379883,-0.5224943161010742,-0.007793074008077383,-0.3777426779270172,-1.9541479349136353,0.04708021506667137
18.99999999999943,2.68845,-0.6748293,0,6.608903408050537,15.878114700317383,-2.5850067138671875,2.755855083465576,-0.5541000962257385,-0.006575482431799173,-0.390034019947052,-1.9355294704437256,0.06308312714099884
18.99999999999943,2.68845,-0.6748293,0,6.6318817138671875,15.873297691345215,-2.584991455078125,2.7534544467926025,-0.5697237849235535,-0.005976858548820019,-0.39829081296920776,-1.9230871200561523,0.06339605152606964
18.99999999999943,2.68845,-0.6748293,0,6.6548752784729,15.868370056152344,-2.5849761962890625,2.750981569290161,-0.5853357315063477,-0.0056219990365207195,-0.41179877519607544,-1.9239898920059204,0.032102685421705246
18.99999999999943,2.68845,-0.6748293,0,6.677820682525635,15.863324165344238,-2.5849609375,2.7484183311462402,-0.6009847521781921,-0.005571117624640465,-0.4199886918067932,-1.9293696880340576,-0.0055260020308196545
19.299999999999415,2.670545,-0.8360687,0,6.723565578460693,15.852883338928223,-2.584930419921875,2.742927074432373,-0.6319823265075684,-0.0054449294693768024,-0.4404981732368469,-1.9067007303237915,0.005465931724756956
19.299999999999415,2.670545,-0.8360687,0,6.746419429779053,15.847503662109375,-2.5849151611328125,2.7400994300842285,-0.6473053693771362,-0.005203701555728912,-0.45016783475875854,-1.8940056562423706,0.018837394192814827
19.299999999999415,2.670545,-0.8360687,0,6.769222736358643,15.842008590698242,-2.5848846435546875,2.7371530532836914,-0.662505567073822,-0.005040168762207031,-0.4620921015739441,-1.8792752027511597,0.009477603249251842
19.299999999999415,2.670545,-0.8360687,0,6.791975498199463,15.836400032043457,-2.5848846435546875,2.734102964401245,-0.677608072757721,-0.004900010768324137,-0.47217220067977905,-1.8677177429199219,0.0074617560021579266
19.299999999999415,2.670545,-0.8360687,0,6.814648628234863,15.83067512512207,-2.58489990234375,2.7308359146118164,-0.6926201581954956,-0.0047041988000273705,-0.47779980301856995,-1.8608641624450684,0.016522591933608055
19.299999999999415,2.670545,-0.8360687,0,6.859941482543945,15.818928718566895,-2.58489990234375,2.7240219116210938,-0.7221738696098328,-0.004068922251462936,-0.5005334615707397,-1.8287556171417236,0.04007573798298836
19.299999999999415,2.670545,-0.8360687,0,6.882506370544434,15.81289005279541,-2.5848846435546875,2.7205464839935303,-0.7367592453956604,-0.003659940091893077,-0.5026744604110718,-1.8140649795532227,0.044016629457473755
19.299999999999415,2.670545,-0.8360687,0,6.905017852783203,15.806741714477539,-2.5848846435546875,2.716925621032715,-0.7512341141700745,-0.003190870862454176,-0.5186111330986023,-1.8007243871688843,0.051794569939374924
19.299999999999415,2.670545,-0.8360687,0,6.94999361038208,15.794143676757812,-2.584869384765625,2.7093639373779297,-0.7799626588821411,-0.002689124783501029,-0.5471643805503845,-1.7954121828079224,-0.003268476342782378
19.299999999999415,2.670545,-0.8360687,0,6.9723968505859375,15.787680625915527,-2.584869384765625,2.7055039405822754,-0.7943791747093201,-0.003255532355979085,-0.5480723977088928,-1.7987295389175415,-0.07659336179494858
19.499999999999396,2.6565335,-0.94277155,0,6.994714260101318,15.781107902526855,-2.584869384765625,2.701425790786743,-0.8086133003234863,-0.0039009936153888702,-0.5552785396575928,-1.7807848453521729,-0.08440762013196945
19.499999999999396,2.6565335,-0.94277155,0,7.017037391662598,15.774441719055176,-2.5848846435546875,2.697263717651367,-0.8227360844612122,-0.004398469813168049,-0.5707692503929138,-1.7713857889175415,-0.0654812827706337
19.499999999999396,2.6565335,-0.94277155,0,7.06150484085083,15.760790824890137,-2.584930419921875,2.6888182163238525,-0.8506567478179932,-0.005425133276730776,-0.579809844493866,-1.745647668838501,-0.0687604695558548
19.499999999999396,2.6565335,-0.94277155,0,7.0836501121521,15.75380802154541,-2.5849609375,2.6845126152038574,-0.8645097613334656,-0.005907148588448763,-0.5836980938911438,-1.7379618883132935,-0.06304587423801422
19.499999999999396,2.6565335,-0.94277155,0,7.105809688568115,15.746723175048828,-2.5849761962890625,2.680271863937378,-0.8782268762588501,-0.006283181253820658,-0.5816813111305237,-1.7235698699951172,-0.05008931830525398
19.499999999999396,2.6565335,-0.94277155,0,7.127910137176514,15.739534378051758,-2.5850067138671875,2.6760246753692627,-0.8918588757514954,-0.006519314367324114,-0.5807295441627502,-1.7129319906234741,-0.032384876161813736
19.499999999999396,2.6565335,-0.94277155,0,7.171934604644775,15.724848747253418,-2.5850830078125,2.6674482822418213,-0.9190537333488464,-0.007467169780284166,-0.5884224772453308,-1.7143751382827759,-0.07578077912330627
19.499999999999396,2.6565335,-0.94277155,0,7.193914413452148,15.717339515686035,-2.5851287841796875,2.6631383895874023,-0.9326107501983643,-0.008008206263184547,-0.5776135921478271,-1.708914875984192,-0.06925547122955322
19.499999999999396,2.6565335,-0.94277155,0,7.215834140777588,15.709728240966797,-2.585174560546875,2.6588385105133057,-0.9460510611534119,-0.00834403745830059,-0.5749574303627014,-1.6942803859710693,-0.04346528649330139
19.499999999999396,2.6565335,-0.94277155,0,7.237695217132568,15.70201587677002,-2.5852203369140625,2.654519557952881,-0.9594535827636719,-0.00869010016322136,-0.5760110020637512,-1.6895205974578857,-0.04460848495364189
19.699999999999378,2.640885,-1.0487936,0,7.281241416931152,15.686287879943848,-2.5853271484375,2.645934581756592,-0.9862546920776367,-0.00915982574224472,-0.5692470073699951,-1.6886895895004272,-0.02751452662050724
19.699999999999378,2.640885,-1.0487936,0,7.302998065948486,15.678279876708984,-2.58538818359375,2.6417770385742188,-0.9995695352554321,-0.009283134713768959,-0.5598832368850708,-1.681281566619873,-0.016546806320548058
19.699999999999378,2.640885,-1.0487936,0,7.324697494506836,15.670170783996582,-2.58544921875,2.6376233100891113,-1.0128214359283447,-0.009214821271598339,-0.5580299496650696,-1.6731847524642944,0.007513910066336393
19.699999999999378,2.640885,-1.0487936,0,7.346339702606201,15.661961555480957,-2.58551025390625,2.6334645748138428,-1.0260999202728271,-0.009090883657336235,-0.5573410987854004,-1.676307201385498,0.01457193773239851
19.699999999999378,2.640885,-1.0487936,0,7.367926597595215,15.653651237487793,-2.5855712890625,2.629326581954956,-1.039308786392212,-0.008741918951272964,-0.5534735321998596,-1.6673732995986938,0.04279985651373863
19.699999999999378,2.640885,-1.0487936,0,7.411016941070557,15.636740684509277,-2.5856781005859375,2.6209075450897217,-1.0656667947769165,-0.00806830357760191,-0.5510549545288086,-1.6742379665374756,0.028220469132065773
19.699999999999378,2.640885,-1.0487936,0,7.4324774742126465,15.628134727478027,-2.5857391357421875,2.616670846939087,-1.0788421630859375,-0.00817713513970375,-0.5571335554122925,-1.6694451570510864,-0.01276330929249525
19.699999999999378,2.640885,-1.0487936,0,7.453881740570068,15.619428634643555,-2.5858001708984375,2.6124634742736816,-1.0920804738998413,-0.00835376512259245,-0.5523712038993835,-1.6769771575927734,-0.02105952985584736
19.699999999999378,2.640885,-1.0487936,0,7.496677875518799,15.601701736450195,-2.5859222412109375,2.604186534881592,-1.1184766292572021,-0.008436117321252823,-0.5501747727394104,-1.6699312925338745,-0.0035930422600358725
19.699999999999378,2.640885,-1.0487936,0,7.5179924964904785,15.59268856048584,-2.5859832763671875,2.6000494956970215,-1.1315853595733643,-0.008451438508927822,-0.5495417714118958,-1.6602849960327148,-0.0013625248102471232
19.99999999999936,2.6143928,-1.2064842,0,7.539252281188965,15.583574295043945,-2.5860443115234375,2.595804214477539,-1.1446852684020996,-0.00834646262228489,-0.5619040131568909,-1.658867597579956,0.01373374741524458
19.99999999999936,2.6143928,-1.2064842,0,7.560554027557373,15.574348449707031,-2.58612060546875,2.5916907787323,-1.1577098369598389,-0.008167626336216927,-0.5561684966087341,-1.648230791091919,0.022604594007134438
19.99999999999936,2.6143928,-1.2064842,0,7.602945327758789,15.555598258972168,-2.58624267578125,2.5830934047698975,-1.183529019355774,-0.007398999761790037,-0.5616912841796875,-1.6339306831359863,0.053561754524707794
19.99999999999936,2.6143928,-1.2064842,0,7.624056816101074,15.546076774597168,-2.5863189697265625,2.5787923336029053,-1.1963605880737305,-0.006901340093463659,-0.5643892884254456,-1.6283107995986938,0.06425286829471588
19.99999999999936,2.6143928,-1.2064842,0,7.645212173461914,15.53643798828125,-2.5863800048828125,2.574617862701416,-1.2092194557189941,-0.006324013229459524,-0.5586714148521423,-1.6300407648086548,0.07405271381139755
19.99999999999936,2.6143928,-1.2064842,0,7.666310787200928,15.526702880859375,-2.5864410400390625,2.570326089859009,-1.2220001220703125,-0.005681880749762058,-0.5720033645629883,-1.619927167892456,0.08217291533946991
19.99999999999936,2.6143928,-1.2064842,0,7.708338737487793,15.506938934326172,-2.5865631103515625,2.5616252422332764,-1.2476873397827148,-0.006006067618727684,-0.5779850482940674,-1.6344823837280273,-0.058230940252542496
19.99999999999936,2.6143928,-1.2064842,0,7.729373931884766,15.496896743774414,-2.5866546630859375,2.5573678016662598,-1.2605787515640259,-0.0065718539990484715,-0.5758481025695801,-1.6323379278182983,-0.06845267117023468
19.99999999999936,2.6143928,-1.2064842,0,7.750327110290527,15.486756324768066,-2.58673095703125,2.5529305934906006,-1.2733497619628906,-0.006968176923692226,-0.5844653248786926,-1.6230087280273438,-0.045596152544021606
19.99999999999936,2.6143928,-1.2064842,0,7.771223068237305,15.476519584655762,-2.5868072509765625,2.5485239028930664,-1.2860180139541626,-0.007343966048210859,-0.5796523094177246,-1.609754204750061,-0.043054573237895966
20.199999999999342,2.594755,-1.3106723,0,7.792061805725098,15.466185569763184,-2.5868988037109375,2.5440478324890137,-1.298711895942688,-0.007765903603285551,-0.5873415470123291,-1.612532138824463,-0.04885205626487732
20.199999999999342,2.594755,-1.3106723,0,7.833794116973877,15.445228576660156,-2.587127685546875,2.5351955890655518,-1.323864221572876,-0.008282097987830639,-0.59086674451828,-1.5970457792282104,-0.015967058017849922
20.199999999999342,2.594755,-1.3106723,0,7.8545732498168945,15.434606552124023,-2.587249755859375,2.5307865142822266,-1.336362361907959,-0.008317473344504833,-0.5883080363273621,-1.587989330291748,0.00039627772639505565
20.199999999999342,2.594755,-1.3106723,0,7.875295162200928,15.423888206481934,-2.5873565673828125,2.5263078212738037,-1.3488492965698242,-0.008131169714033604,-0.5958145260810852,-1.5860748291015625,0.028034204617142677
20.199999999999342,2.594755,-1.3106723,0,7.916806697845459,15.402202606201172,-2.5876312255859375,2.5176498889923096,-1.37350332736969,-0.007498591672629118,-0.5895889401435852,-1.5639910697937012,0.056492626667022705
20.199999999999342,2.594755,-1.3106723,0,7.937450408935547,15.391217231750488,-2.5877532958984375,2.5131869316101074,-1.38581120967865,-0.007268407382071018,-0.5914302468299866,-1.572805404663086,0.03653019294142723
20.199999999999342,2.594755,-1.3106723,0,7.958037376403809,15.38013744354248,-2.587860107421875,2.5088095664978027,-1.398145318031311,-0.007364554796367884,-0.5796738862991333,-1.5754141807556152,-0.00440236134454608
20.199999999999342,2.594755,-1.3106723,0,7.978567600250244,15.368963241577148,-2.587982177734375,2.504394054412842,-1.4105044603347778,-0.007502600084990263,-0.5834463238716125,-1.5778872966766357,-0.009777954779565334
20.199999999999342,2.594755,-1.3106723,0,8.019683837890625,15.346366882324219,-2.5882720947265625,2.4957432746887207,-1.4349428415298462,-0.007516816724091768,-0.5845499038696289,-1.5619598627090454,0.011859460733830929
20.199999999999342,2.594755,-1.3106723,0,8.040156364440918,15.33492660522461,-2.588409423828125,2.4913697242736816,-1.447075605392456,-0.007456938736140728,-0.5875087380409241,-1.5512669086456299,0.01594517193734646
20.499999999999325,2.5624032,-1.465404,0,8.060572624206543,15.323392868041992,-2.58856201171875,2.4869701862335205,-1.459226131439209,-0.007355927489697933,-0.5895450115203857,-1.552689552307129,0.020908189937472343
20.499999999999325,2.5624032,-1.465404,0,8.081052780151367,15.311783790588379,-2.588714599609375,2.482712984085083,-1.4712562561035156,-0.007177392486482859,-0.5850314497947693,-1.5405380725860596,0.03147124871611595
20.499999999999325,2.5624032,-1.465404,0,8.121819496154785,15.288285255432129,-2.5890045166015625,2.4741451740264893,-1.495162010192871,-0.0064440397545695305,-0.5801548957824707,-1.5287588834762573,0.06783566623926163
20.499999999999325,2.5624032,-1.465404,0,8.142105102539062,15.276398658752441,-2.589141845703125,2.469730854034424,-1.506988763809204,-0.005863555241376162,-0.5898641347885132,-1.5191724300384521,0.08273636549711227
20.499999999999325,2.5624032,-1.465404,0,8.162433624267578,15.26444149017334,-2.58929443359375,2.465374708175659,-1.518739104270935,-0.005274961702525616,-0.5925126075744629,-1.5130375623703003,0.08469028025865555
20.499999999999325,2.5624032,-1.465404,0,8.18270492553711,15.252392768859863,-2.5894317626953125,2.4609804153442383,-1.5304224491119385,-0.004624735098332167,-0.5958570241928101,-1.5036360025405884,0.09214551746845245
20.499999999999325,2.5624032,-1.465404,0,8.223073959350586,15.228021621704102,-2.5897064208984375,2.451943874359131,-1.5538774728775024,-0.004948662128299475,-0.6148532032966614,-1.5120453834533691,-0.04812003672122955
20.499999999999325,2.5624032,-1.465404,0,8.24327278137207,15.215719223022461,-2.5898895263671875,2.447462320327759,-1.5656591653823853,-0.005436242558062077,-0.614329993724823,-1.5172619819641113,-0.04964321479201317
20.499999999999325,2.5624032,-1.465404,0,8.263412475585938,15.203325271606445,-2.590057373046875,2.4429938793182373,-1.5773288011550903,-0.005801803898066282,-0.6111274361610413,-1.5022157430648804,-0.034644730389118195
20.699999999999307,2.5389507,-1.567436,0,8.283495903015137,15.190838813781738,-2.5902252197265625,2.4385077953338623,-1.5889830589294434,-0.00614343723282218,-0.6118322014808655,-1.499266505241394,-0.0319015197455883
20.699999999999307,2.5389507,-1.567436,0,8.323543548583984,15.165609359741211,-2.590576171875,2.4293761253356934,-1.6119600534439087,-0.006671970710158348,-0.6185223460197449,-1.4811902046203613,-0.019323544576764107
20.699999999999307,2.5389507,-1.567436,0,8.343533515930176,15.15286636352539,-2.59075927734375,2.424816846847534,-1.6233625411987305,-0.006762596312910318,-0.6187801957130432,-1.4742900133132935,0.0003967433876823634
20.699999999999307,2.5389507,-1.567436,0,8.363465309143066,15.140032768249512,-2.5909271240234375,2.42028546333313,-1.6347298622131348,-0.006726889405399561,-0.6139125823974609,-1.4687082767486572,0.015917697921395302
20.699999999999307,2.5389507,-1.567436,0,8.383338928222656,15.12710952758789,-2.5911102294921875,2.4157583713531494,-1.6461355686187744,-0.0065169185400009155,-0.6120507121086121,-1.4723262786865234,0.03746896609663963
20.699999999999307,2.5389507,-1.567436,0,8.423116683959961,15.101004600524902,-2.591461181640625,2.4068756103515625,-1.6687164306640625,-0.005586795974522829,-0.6136766076087952,-1.4539620876312256,0.08312239497900009
20.699999999999307,2.5389507,-1.567436,0,8.44291877746582,15.087818145751953,-2.5916290283203125,2.402357816696167,-1.6800175905227661,-0.00526793347671628,-0.6173607707023621,-1.4577628374099731,0.05091214179992676
20.699999999999307,2.5389507,-1.567436,0,8.462637901306152,15.074544906616211,-2.591796875,2.397740125656128,-1.6913102865219116,-0.0052993036806583405,-0.6189412474632263,-1.4629018306732178,0.008513684384524822
20.699999999999307,2.5389507,-1.567436,0,8.482423782348633,15.061169624328613,-2.59197998046875,2.393259048461914,-1.702633023262024,-0.005373609717935324,-0.6160897016525269,-1.4643747806549072,0.0029909422155469656
20.699999999999307,2.5389507,-1.567436,0,8.521822929382324,15.034153938293457,-2.592315673828125,2.3843274116516113,-1.7250759601593018,-0.005195125937461853,-0.6121799349784851,-1.447096824645996,0.025761311873793602
20.899999999999288,2.5140288,-1.6685003,0,8.541435241699219,15.020512580871582,-2.592498779296875,2.37977933883667,-1.7362889051437378,-0.00505210692062974,-0.6200742721557617,-1.4470679759979248,0.029509419575333595
20.899999999999288,2.5140288,-1.6685003,0,8.561108589172363,15.006780624389648,-2.592681884765625,2.375340223312378,-1.7475112676620483,-0.004819108173251152,-0.61839759349823,-1.4474444389343262,0.041015442460775375
20.899999999999288,2.5140288,-1.6685003,0,8.580723762512207,14.992960929870605,-2.592864990234375,2.37089467048645,-1.7586461305618286,-0.004584027919918299,-0.6175337433815002,-1.4353137016296387,0.04098796844482422
20.899999999999288,2.5140288,-1.6685003,0,8.619780540466309,14.965054512023926,-2.5932159423828125,2.3619132041931152,-1.780867576599121,-0.0035671775694936514,-0.6247158646583557,-1.4281877279281616,0.0822446271777153
20.899999999999288,2.5140288,-1.6685003,0,8.639198303222656,14.950973510742188,-2.5933837890625,2.357302188873291,-1.791821002960205,-0.00291413813829422,-0.6251480579376221,-1.4165061712265015,0.09397230297327042
20.899999999999288,2.5140288,-1.6685003,0,8.658674240112305,14.936798095703125,-2.5935516357421875,2.352778673171997,-1.8027515411376953,-0.002180422656238079,-0.6260905861854553,-1.41232430934906,0.10418704897165298
20.899999999999288,2.5140288,-1.6685003,0,8.678092002868652,14.92253589630127,-2.5937042236328125,2.34830379486084,-1.8136188983917236,-0.0013907367829233408,-0.6184070706367493,-1.403299331665039,0.11079618334770203
20.899999999999288,2.5140288,-1.6685003,0,8.716753959655762,14.893754959106445,-2.5940093994140625,2.3390257358551025,-1.8353049755096436,-0.0006385455490089953,-0.6413697004318237,-1.3999172449111938,0.03856699541211128
20.899999999999288,2.5140288,-1.6685003,0,8.736135482788086,14.879229545593262,-2.5941619873046875,2.334412097930908,-1.8461681604385376,-0.0005282384809106588,-0.6477127075195312,-1.3987929821014404,0.025372950360178947
20.899999999999288,2.5140288,-1.6685003,0,8.755456924438477,14.864619255065918,-2.5943145751953125,2.329697370529175,-1.8569108247756958,-0.0003378795809112489,-0.6584469079971313,-1.382658839225769,0.035097818821668625
21.19999999999927,2.473969,-1.8181559,0,8.774718284606934,14.849923133850098,-2.5944671630859375,2.324917793273926,-1.867567777633667,-9.941529424395412e-05,-0.6646868586540222,-1.370908260345459,0.040836628526449203
21.19999999999927,2.473969,-1.8181559,0,8.813164710998535,14.820281028747559,-2.5947723388671875,2.315305233001709,-1.8886126279830933,0.00046622633817605674,-0.6720899939537048,-1.3546278476715088,0.05109980329871178
21.19999999999927,2.473969,-1.8181559,0,8.832347869873047,14.805336952209473,-2.5949249267578125,2.3104248046875,-1.8990240097045898,0.0007711966172792017,-0.6793699264526367,-1.344591736793518,0.05038827285170555
21.19999999999927,2.473969,-1.8181559,0,8.851469039916992,14.79030990600586,-2.595062255859375,2.3055579662323,-1.9093884229660034,0.0012489391956478357,-0.6757862567901611,-1.337558627128601,0.07167970389127731
21.19999999999927,2.473969,-1.8181559,0,8.870529174804688,14.775200843811035,-2.5951995849609375,2.3006138801574707,-1.9196292161941528,0.001802539685741067,-0.6836267113685608,-1.3209710121154785,0.08086347579956055
21.19999999999927,2.473969,-1.8181559,0,8.908679962158203,14.744743347167969,-2.595489501953125,2.290719747543335,-1.9397965669631958,0.0031998194754123688,-0.695609986782074,-1.293136715888977,0.09971204400062561
21.19999999999927,2.473969,-1.8181559,0,8.92765998840332,14.72939395904541,-2.595611572265625,2.285667896270752,-1.9497897624969482,0.003893099492415786,-0.7028536200523376,-1.2877824306488037,0.09799841046333313
21.19999999999927,2.473969,-1.8181559,0,8.946578025817871,14.71396541595459,-2.595733642578125,2.280534029006958,-1.9597256183624268,0.004210315179079771,-0.7111896276473999,-1.2795519828796387,0.050708647817373276
21.19999999999927,2.473969,-1.8181559,0,8.965521812438965,14.698455810546875,-2.59588623046875,2.2753682136535645,-1.9697482585906982,0.0038627907633781433,-0.7227098345756531,-1.2901670932769775,-0.03181071579456329
21.19999999999927,2.473969,-1.8181559,0,9.003171920776367,14.667203903198242,-2.5961761474609375,2.264807939529419,-1.9893838167190552,0.0031067179515957832,-0.7297624945640564,-1.261141061782837,-0.02362951450049877
21.399999999999345,2.4455333,-1.9165504,0,9.021900177001953,14.651461601257324,-2.5963134765625,2.2594799995422363,-1.9990506172180176,0.0028495355509221554,-0.7311708331108093,-1.2493805885314941,-0.020006204023957253
21.399999999999345,2.4455333,-1.9165504,0,9.040653228759766,14.635644912719727,-2.596466064453125,2.2542059421539307,-2.00868821144104,0.002544662682339549,-0.732066810131073,-1.2458471059799194,-0.025756655260920525
21.399999999999345,2.4455333,-1.9165504,0,9.059340476989746,14.6197509765625,-2.59661865234375,2.248897075653076,-2.0183260440826416,0.0023233378306031227,-0.7345098257064819,-1.244707703590393,-0.015628056600689888
21.399999999999345,2.4455333,-1.9165504,0,9.096522331237793,14.587732315063477,-2.5969085693359375,2.2381677627563477,-2.0374643802642822,0.0022525028325617313,-0.7386327981948853,-1.228484034538269,0.015863681212067604
21.399999999999345,2.4455333,-1.9165504,0,9.11510944366455,14.571635246276855,-2.5970611572265625,2.2328360080718994,-2.0468811988830566,0.002412794390693307,-0.7417670488357544,-1.2193167209625244,0.0326293483376503
21.399999999999345,2.4455333,-1.9165504,0,9.133610725402832,14.555465698242188,-2.5972137451171875,2.2275118827819824,-2.056241273880005,0.0023481124080717564,-0.7336441874504089,-1.2177757024765015,0.005527864675968885
21.399999999999345,2.4455333,-1.9165504,0,9.152048110961914,14.539219856262207,-2.5973663330078125,2.2221500873565674,-2.0656023025512695,0.002095844130963087,-0.7366090416908264,-1.2166240215301514,-0.01825578324496746
21.399999999999345,2.4455333,-1.9165504,0,9.188831329345703,14.506525039672852,-2.5976715087890625,2.211500883102417,-2.084414482116699,0.00184462103061378,-0.7337075471878052,-1.2166436910629272,0.00835349690169096
21.399999999999345,2.4455333,-1.9165504,0,9.20717716217041,14.49007511138916,-2.5978240966796875,2.206214666366577,-2.0937819480895996,0.0018325730925425887,-0.7332953810691833,-1.2187098264694214,0.012451781891286373
21.399999999999345,2.4455333,-1.9165504,0,9.225459098815918,14.473549842834473,-2.5979766845703125,2.2009475231170654,-2.103161334991455,0.001866822363808751,-0.7289472818374634,-1.218892216682434,0.017884185537695885
21.69999999999942,2.400387,-2.0619426,0,9.243677139282227,14.456948280334473,-2.59814453125,2.1956770420074463,-2.112532377243042,0.001953437924385071,-0.7275331616401672,-1.2165783643722534,0.024518927559256554
21.69999999999942,2.400387,-2.0619426,0,9.280024528503418,14.423544883728027,-2.598480224609375,2.185136556625366,-2.131260871887207,0.0023349528200924397,-0.7303845882415771,-1.2190132141113281,0.046461816877126694
21.69999999999942,2.400387,-2.0619426,0,9.298134803771973,14.406745910644531,-2.5986480712890625,2.179919481277466,-2.1404922008514404,0.0027228849940001965,-0.7232513427734375,-1.206841230392456,0.06430409103631973
21.69999999999942,2.400387,-2.0619426,0,9.316183090209961,14.389872550964355,-2.59881591796875,2.1746935844421387,-2.1497530937194824,0.0032488342840224504,-0.7225860357284546,-1.2090994119644165,0.0811610296368599
21.69999999999942,2.400387,-2.0619426,0,9.334168434143066,14.372922897338867,-2.598968505859375,2.16947340965271,-2.1589250564575195,0.003850508015602827,-0.7201060056686401,-1.1965916156768799,0.09024189412593842
21.69999999999942,2.400387,-2.0619426,0,9.35218620300293,14.35590648651123,-2.59912109375,2.164302349090576,-2.168099880218506,0.004547928925603628,-0.7227369546890259,-1.1977293491363525,0.1027020588517189
21.69999999999942,2.400387,-2.0619426,0,9.388031959533691,14.321646690368652,-2.599395751953125,2.1536357402801514,-2.186718225479126,0.0043546720407903194,-0.7400874495506287,-1.2162741422653198,-0.0338326171040535
21.69999999999942,2.400387,-2.0619426,0,9.405858993530273,14.304402351379395,-2.59954833984375,2.148289680480957,-2.196096897125244,0.003873736597597599,-0.7386360168457031,-1.2192950248718262,-0.045653894543647766
21.69999999999942,2.400387,-2.0619426,0,9.423720359802246,14.287079811096191,-2.599700927734375,2.142935276031494,-2.205437183380127,0.0035753308329731226,-0.7486162185668945,-1.213824987411499,-0.022459307685494423
21.899999999999494,2.3686903,-2.1573281,0,9.441516876220703,14.269681930541992,-2.5998382568359375,2.137563467025757,-2.2147057056427,0.003297826973721385,-0.7486662864685059,-1.2036304473876953,-0.020218079909682274
21.899999999999494,2.3686903,-2.1573281,0,9.476882934570312,14.234664916992188,-2.6001434326171875,2.1268770694732666,-2.2332475185394287,0.0027534672990441322,-0.7374165654182434,-1.2023165225982666,-0.011997762136161327
21.899999999999494,2.3686903,-2.1573281,0,9.494572639465332,14.21704387664795,-2.60028076171875,2.1215381622314453,-2.2424986362457275,0.0026489030569791794,-0.7477092146873474,-1.2049341201782227,0.0022337769623845816
21.899999999999494,2.3686903,-2.1573281,0,9.512198448181152,14.199347496032715,-2.600433349609375,2.116196870803833,-2.251739978790283,0.0026598330587148666,-0.7458783388137817,-1.2024435997009277,0.01645367406308651
21.899999999999494,2.3686903,-2.1573281,0,9.529759407043457,14.181575775146484,-2.6005859375,2.1108920574188232,-2.2609894275665283,0.0028530352283269167,-0.7392205595970154,-1.2022418975830078,0.03885849937796593
21.899999999999494,2.3686903,-2.1573281,0,9.564774513244629,14.145807266235352,-2.600860595703125,2.1002471446990967,-2.2794244289398193,0.0038827634416520596,-0.7432875037193298,-1.1946431398391724,0.08715967833995819
21.899999999999494,2.3686903,-2.1573281,0,9.582225799560547,14.127811431884766,-2.600982666015625,2.094933271408081,-2.288632869720459,0.0045642307959496975,-0.7426995038986206,-1.1954835653305054,0.09943171590566635
21.899999999999494,2.3686903,-2.1573281,0,9.599614143371582,14.109740257263184,-2.601104736328125,2.089567184448242,-2.297722578048706,0.005291815847158432,-0.7471498847007751,-1.179517388343811,0.10483990609645844
21.899999999999494,2.3686903,-2.1573281,0,9.616922378540039,14.091599464416504,-2.6012115478515625,2.0841474533081055,-2.3068132400512695,0.005821872036904097,-0.7494240403175354,-1.1845039129257202,0.08095847070217133
21.899999999999494,2.3686903,-2.1573281,0,9.651535034179688,14.055100440979004,-2.601409912109375,2.073303461074829,-2.3249690532684326,0.0061408756300807,-0.7566628456115723,-1.176304817199707,0.03351131081581116
22.099999999999568,2.335766,-2.2514212,0,9.668745040893555,14.03674030303955,-2.60150146484375,2.067777395248413,-2.334036111831665,0.006413691211491823,-0.7669090032577515,-1.179655909538269,0.04806927964091301
22.099999999999568,2.335766,-2.2514212,0,9.68588924407959,14.018306732177734,-2.601593017578125,2.0622189044952393,-2.3431341648101807,0.0067142341285943985,-0.7690122127532959,-1.1822923421859741,0.051180362701416016
22.099999999999568,2.335766,-2.2514212,0,9.703052520751953,13.999804496765137,-2.6016998291015625,2.0566587448120117,-2.3520991802215576,0.0070205130614340305,-0.7762634754180908,-1.167031168937683,0.05240970849990845
22.099999999999568,2.335766,-2.2514212,0,9.737181663513184,13.962579727172852,-2.60186767578125,2.0454282760620117,-2.369924783706665,0.007789958268404007,-0.7848129272460938,-1.1494977474212646,0.06682658195495605
22.099999999999568,2.335766,-2.2514212,0,9.754132270812988,13.943863868713379,-2.6019439697265625,2.0397019386291504,-2.378697395324707,0.00832813885062933,-0.789122462272644,-1.1451071500778198,0.08146883547306061
22.099999999999568,2.335766,-2.2514212,0,9.771089553833008,13.925065040588379,-2.602020263671875,2.0340423583984375,-2.387406349182129,0.00890024472028017,-0.786109447479248,-1.1359230279922485,0.08595035970211029
22.099999999999568,2.335766,-2.2514212,0,9.80480670928955,13.887255668640137,-2.602142333984375,2.022589921951294,-2.4047863483428955,0.010030979290604591,-0.7941973805427551,-1.1314688920974731,0.06643402576446533
22.099999999999568,2.335766,-2.2514212,0,9.821566581726074,13.868245124816895,-2.602203369140625,2.0166895389556885,-2.4134628772735596,0.01001282874494791,-0.8100558519363403,-1.1282753944396973,0.011105089448392391
22.099999999999568,2.335766,-2.2514212,0,9.838258743286133,13.849163055419922,-2.6022491455078125,2.010741710662842,-2.422117233276367,0.009981391951441765,-0.8139756321907043,-1.1243568658828735,0.00910321157425642
22.099999999999568,2.335766,-2.2514212,0,9.854939460754395,13.830004692077637,-2.602325439453125,2.004812240600586,-2.4306082725524902,0.010058271698653698,-0.8151412010192871,-1.1035258769989014,0.023624392226338387
22.399999999999643,2.284181,-2.3900325,0,9.871553421020508,13.810776710510254,-2.602386474609375,1.9988025426864624,-2.439094066619873,0.01023150235414505,-0.8231335878372192,-1.1017367839813232,0.03530829772353172
22.399999999999643,2.284181,-2.3900325,0,9.88809871673584,13.791481018066406,-2.602447509765625,1.9927997589111328,-2.44751238822937,0.010392969474196434,-0.8203280568122864,-1.0921823978424072,0.033487096428871155
22.399999999999643,2.284181,-2.3900325,0,9.921024322509766,13.75269889831543,-2.60260009765625,1.9807806015014648,-2.464000940322876,0.01077351812273264,-0.8200975656509399,-1.067903757095337,0.04275235906243324
22.399999999999643,2.284181,-2.3900325,0,9.937417984008789,13.733209609985352,-2.602691650390625,1.9746630191802979,-2.4721617698669434,0.011161749251186848,-0.8349059820175171,-1.0640019178390503,0.06431666761636734
22.399999999999643,2.284181,-2.3900325,0,9.953743934631348,13.713653564453125,-2.6027679443359375,1.9685113430023193,-2.480220317840576,0.011649840511381626,-0.8372872471809387,-1.0500116348266602,0.07638288289308548
22.399999999999643,2.284181,-2.3900325,0,9.986258506774902,13.67434310913086,-2.6029205322265625,1.9561855792999268,-2.4961938858032227,0.012358605861663818,-0.8456169962882996,-1.0427542924880981,0.032570675015449524
22.399999999999643,2.284181,-2.3900325,0,10.002446174621582,13.654586791992188,-2.6030120849609375,1.949927806854248,-2.5042552947998047,0.011870096437633038,-0.8515335321426392,-1.0472177267074585,-0.04510581120848656
22.399999999999643,2.284181,-2.3900325,0,10.01856517791748,13.634764671325684,-2.6031036376953125,1.9436655044555664,-2.5122859477996826,0.011225037276744843,-0.8502021431922913,-1.0422881841659546,-0.06505054980516434
22.399999999999643,2.284181,-2.3900325,0,10.050652503967285,13.5949125289917,-2.603302001953125,1.9310102462768555,-2.528308391571045,0.010128612630069256,-0.8608976006507874,-1.0360441207885742,-0.04713981971144676
22.399999999999643,2.284181,-2.3900325,0,10.066619873046875,13.574883460998535,-2.6034088134765625,1.9247077703475952,-2.536203622817993,0.009633569046854973,-0.856073260307312,-1.0257949829101562,-0.04561198502779007
22.69999999999972,2.2301044,-2.525473,0,10.082518577575684,13.554789543151855,-2.603515625,1.9183796644210815,-2.5441224575042725,0.009185685776174068,-0.8574100136756897,-1.0276373624801636,-0.04015350341796875
22.69999999999972,2.2301044,-2.525473,0,10.098348617553711,13.534632682800293,-2.6036224365234375,1.9119993448257446,-2.552008628845215,0.008889380842447281,-0.862118124961853,-1.0225118398666382,-0.021633224561810493
22.69999999999972,2.2301044,-2.525473,0,10.129948616027832,13.49413013458252,-2.6038665771484375,1.899487018585205,-2.567748546600342,0.008864481933414936,-0.8445001244544983,-1.0238065719604492,0.03216974064707756
22.69999999999972,2.2301044,-2.525473,0,10.145646095275879,13.473782539367676,-2.603973388671875,1.893216609954834,-2.5756309032440186,0.009133399464190006,-0.8496198654174805,-1.0207257270812988,0.04917801916599274
22.69999999999972,2.2301044,-2.525473,0,10.161275863647461,13.453370094299316,-2.6040802001953125,1.886913537979126,-2.583430290222168,0.009577143006026745,-0.8519050478935242,-1.0093402862548828,0.07061473280191422
22.69999999999972,2.2301044,-2.525473,0,10.176910400390625,13.432891845703125,-2.6042022705078125,1.880659580230713,-2.591205596923828,0.010116814635694027,-0.850458562374115,-1.0060778856277466,0.08314288407564163
22.69999999999972,2.2301044,-2.525473,0,10.207953453063965,13.391752243041992,-2.6043853759765625,1.8681038618087769,-2.606544017791748,0.011487732641398907,-0.8491140007972717,-0.9879804253578186,0.10438821464776993
22.69999999999972,2.2301044,-2.525473,0,10.223372459411621,13.371089935302734,-2.6044769287109375,1.8617340326309204,-2.6142187118530273,0.011729576624929905,-0.8599145412445068,-0.9950370788574219,0.045559365302324295
22.69999999999972,2.2301044,-2.525473,0,10.238789558410645,13.350353240966797,-2.6045684814453125,1.8553030490875244,-2.621967315673828,0.011341484263539314,-0.8715584874153137,-1.0027003288269043,-0.03309314697980881
22.69999999999972,2.2301044,-2.525473,0,10.254136085510254,13.329554557800293,-2.6046600341796875,1.8488059043884277,-2.6296913623809814,0.010869369842112064,-0.8779834508895874,-0.9986580610275269,-0.044135838747024536
22.899999999999793,2.192754,-2.6139336,0,10.284621238708496,13.287768363952637,-2.604827880859375,1.8357572555541992,-2.645097017288208,0.0101783387362957,-0.8761993050575256,-0.9934118986129761,-0.026485415175557137
22.899999999999793,2.192754,-2.6139336,0,10.299825668334961,13.266777038574219,-2.6049346923828125,1.8292338848114014,-2.652820110321045,0.00989697128534317,-0.8820306658744812,-0.9964028596878052,-0.020174307748675346
22.899999999999793,2.192754,-2.6139336,0,10.314950942993164,13.245726585388184,-2.6050567626953125,1.8227357864379883,-2.6604838371276855,0.009650776162743568,-0.8779708743095398,-0.992335319519043,-0.015321186743676662
22.899999999999793,2.192754,-2.6139336,0,10.33000659942627,13.224615097045898,-2.6051483154296875,1.8162139654159546,-2.6681129932403564,0.00955494586378336,-0.8791658878326416,-0.9870772957801819,0.003066845005378127
22.899999999999793,2.192754,-2.6139336,0,10.35991096496582,13.182205200195312,-2.6053619384765625,1.8032176494598389,-2.6833832263946533,0.009711125865578651,-0.8691961765289307,-0.9865806698799133,0.029921995475888252
22.899999999999793,2.192754,-2.6139336,0,10.37480640411377,13.160904884338379,-2.6054534912109375,1.796731948852539,-2.691044330596924,0.009710517711937428,-0.87358158826828,-0.989295482635498,0.014394520781934261
22.899999999999793,2.192754,-2.6139336,0,10.389634132385254,13.139542579650879,-2.6055450439453125,1.790246605873108,-2.698845624923706,0.009458746761083603,-0.8717600107192993,-1.006005048751831,-0.01738639362156391
22.899999999999793,2.192754,-2.6139336,0,10.40439224243164,13.11811637878418,-2.60565185546875,1.7836521863937378,-2.7066640853881836,0.009252754040062428,-0.8836725354194641,-1.0073603391647339,-0.012039205990731716
22.899999999999793,2.192754,-2.6139336,0,10.433749198913574,13.075082778930664,-2.6058502197265625,1.770475149154663,-2.722280502319336,0.009237781167030334,-0.8803021311759949,-1.0042237043380737,0.017364507541060448
23.199999999999868,2.1349113,-2.743774,0,10.448339462280273,13.05348014831543,-2.60595703125,1.7639602422714233,-2.7300148010253906,0.009337134659290314,-0.8748044967651367,-1.0009537935256958,0.027202067896723747
23.199999999999868,2.1349113,-2.743774,0,10.462861061096191,13.031814575195312,-2.6060638427734375,1.7574208974838257,-2.7377548217773438,0.009471382014453411,-0.8762478828430176,-1.0007178783416748,0.031173227354884148
23.199999999999868,2.1349113,-2.743774,0,10.477315902709961,13.010086059570312,-2.606170654296875,1.7508326768875122,-2.7455217838287354,0.009624176658689976,-0.8807761669158936,-1.0032395124435425,0.033549029380083084
23.199999999999868,2.1349113,-2.743774,0,10.506093978881836,12.966436386108398,-2.6064300537109375,1.7377594709396362,-2.7610621452331543,0.0105121536180377,-0.8737978935241699,-0.9967595934867859,0.07983575761318207
23.199999999999868,2.1349113,-2.743774,0,10.520380973815918,12.9445161819458,-2.606536865234375,1.7311923503875732,-2.7687764167785645,0.011187965981662273,-0.876034677028656,-0.9944362640380859,0.0987909659743309
23.199999999999868,2.1349113,-2.743774,0,10.534601211547852,12.922533988952637,-2.6066436767578125,1.724609136581421,-2.7764899730682373,0.011864688247442245,-0.8764779567718506,-0.993535578250885,0.09851622581481934
23.199999999999868,2.1349113,-2.743774,0,10.54877758026123,12.900481224060059,-2.6067657470703125,1.7179204225540161,-2.78415846824646,0.012606680393218994,-0.8893172740936279,-0.9866037368774414,0.10737264156341553
23.199999999999868,2.1349113,-2.743774,0,10.57691764831543,12.856192588806152,-2.60699462890625,1.704443335533142,-2.799738883972168,0.012582995928823948,-0.8967189192771912,-1.0106812715530396,-0.029208136722445488
23.199999999999868,2.1349113,-2.743774,0,10.590880393981934,12.833954811096191,-2.6071014404296875,1.6975815296173096,-2.8075082302093506,0.012112567201256752,-0.908385694026947,-1.000872015953064,-0.04443851858377457
23.199999999999868,2.1349113,-2.743774,0,10.604774475097656,12.811624526977539,-2.60723876953125,1.6906858682632446,-2.8152616024017334,0.011730148456990719,-0.9080787897109985,-0.9951256513595581,-0.03293947875499725
23.39999999999994,2.0952175,-2.8283794,0,10.618599891662598,12.78923225402832,-2.6073760986328125,1.683773398399353,-2.8229870796203613,0.011472183279693127,-0.908816397190094,-0.9909681081771851,-0.01779058761894703
23.39999999999994,2.0952175,-2.8283794,0,10.646044731140137,12.74425983428955,-2.6076507568359375,1.6698561906814575,-2.838441848754883,0.010995343327522278,-0.9150764346122742,-0.993679940700531,-0.013484152965247631
23.39999999999994,2.0952175,-2.8283794,0,10.659663200378418,12.721644401550293,-2.6078033447265625,1.662805199623108,-2.846132516860962,0.0109143927693367,-0.9191684126853943,-0.9807755351066589,0.0037108545657247305
23.39999999999994,2.0952175,-2.8283794,0,10.673212051391602,12.698966979980469,-2.6079559326171875,1.6557730436325073,-2.8538379669189453,0.01100615318864584,-0.9156626462936401,-0.9821184873580933,0.024915670976042747
23.39999999999994,2.0952175,-2.8283794,0,10.68669319152832,12.676227569580078,-2.60809326171875,1.6487390995025635,-2.861518621444702,0.011363044381141663,-0.9147571325302124,-0.9785133004188538,0.05740765109658241
23.39999999999994,2.0952175,-2.8283794,0,10.700098991394043,12.65343189239502,-2.60821533203125,1.6416852474212646,-2.8691680431365967,0.01180276833474636,-0.9184474349021912,-0.9778799414634705,0.06823986023664474
23.39999999999994,2.0952175,-2.8283794,0,10.726753234863281,12.607583045959473,-2.608489990234375,1.6276074647903442,-2.8844892978668213,0.012790159322321415,-0.9171750545501709,-0.9736700057983398,0.061625611037015915
23.39999999999994,2.0952175,-2.8283794,0,10.73997688293457,12.58456802368164,-2.6086273193359375,1.6204601526260376,-2.892181396484375,0.012805904261767864,-0.9273396134376526,-0.9774958491325378,0.01483363937586546
23.39999999999994,2.0952175,-2.8283794,0,10.753132820129395,12.561491966247559,-2.6087493896484375,1.6132806539535522,-2.899832010269165,0.012846904806792736,-0.9302739500999451,-0.9718596339225769,0.017628071829676628
23.39999999999994,2.0952175,-2.8283794,0,10.76624870300293,12.538310050964355,-2.60888671875,1.6061362028121948,-2.907531976699829,0.013023641891777515,-0.9258744120597839,-0.9726002812385559,0.034597232937812805
23.700000000000017,2.0341187,-2.9522686,0,10.779294967651367,12.515068054199219,-2.6090240478515625,1.5989439487457275,-2.9152164459228516,0.013236509636044502,-0.9308274984359741,-0.970325231552124,0.038756053894758224
23.700000000000017,2.0341187,-2.9522686,0,10.805174827575684,12.46841049194336,-2.6092376708984375,1.584429144859314,-2.9303746223449707,0.013657812029123306,-0.9411300420761108,-0.9530627727508545,0.038321126252412796
23.700000000000017,2.0341187,-2.9522686,0,10.818008422851562,12.444994926452637,-2.6093292236328125,1.5771702527999878,-2.9378974437713623,0.014008681289851665,-0.9388408660888672,-0.9525715708732605,0.05538574978709221
23.700000000000017,2.0341187,-2.9522686,0,10.84350872039795,12.397889137268066,-2.6095428466796875,1.5626133680343628,-2.9529714584350586,0.015029991045594215,-0.9422889351844788,-0.9410291910171509,0.07954658567905426
23.700000000000017,2.0341187,-2.9522686,0,10.856156349182129,12.374249458312988,-2.6096343994140625,1.5553127527236938,-2.9603652954101562,0.015691861510276794,-0.9411571025848389,-0.9297059774398804,0.09360396862030029
23.700000000000017,2.0341187,-2.9522686,0,10.868734359741211,12.350553512573242,-2.6097259521484375,1.5479422807693481,-2.96767520904541,0.016472382470965385,-0.948937177658081,-0.9190437197685242,0.10812142491340637
23.700000000000017,2.0341187,-2.9522686,0,10.881250381469727,12.326753616333008,-2.60980224609375,1.5405186414718628,-2.9749605655670166,0.017377154901623726,-0.9526759386062622,-0.9101817011833191,0.12291315197944641
23.700000000000017,2.0341187,-2.9522686,0,10.906072616577148,12.278987884521484,-2.60992431640625,1.5255151987075806,-2.989184617996216,0.019223913550376892,-0.9606156349182129,-0.8803240656852722,0.12743797898292542
23.700000000000017,2.0341187,-2.9522686,0,10.918375015258789,12.25502872467041,-2.609954833984375,1.5179505348205566,-2.9961180686950684,0.019671441987156868,-0.9706834554672241,-0.8694904446601868,0.06571225076913834
23.700000000000017,2.0341187,-2.9522686,0,10.9306001663208,12.230971336364746,-2.610015869140625,1.5102494955062866,-3.003084659576416,0.01945939101278782,-0.9822549223899841,-0.8684883713722229,-0.01713726483285427
23.90000000000009,1.9924312,-3.0328019,0,10.942753791809082,12.206862449645996,-2.6100616455078125,1.5025631189346313,-3.0099658966064453,0.019193053245544434,-0.9797554612159729,-0.85784912109375,-0.024195292964577675
23.90000000000009,1.9924312,-3.0328019,0,10.966851234436035,12.158491134643555,-2.6101531982421875,1.487036108970642,-3.023448944091797,0.01883898302912712,-0.9883759021759033,-0.8315809965133667,-0.013036652468144894
23.90000000000009,1.9924312,-3.0328019,0,10.978784561157227,12.134188652038574,-2.610198974609375,1.4792050123214722,-3.0300865173339844,0.01870240829885006,-0.9907654523849487,-0.8227715492248535,-0.009209848009049892
23.90000000000009,1.9924312,-3.0328019,0,10.990646362304688,12.109837532043457,-2.6102447509765625,1.4713495969772339,-3.0366644859313965,0.01857774145901203,-0.9932743310928345,-0.8155050277709961,-0.007961875759065151
23.90000000000009,1.9924312,-3.0328019,0,11.002437591552734,12.085436820983887,-2.61029052734375,1.463455080986023,-3.043149709701538,0.018538720905780792,-0.9976319670677185,-0.8040245175361633,0.0025103797670453787
23.90000000000009,1.9924312,-3.0328019,0,11.025798797607422,12.036463737487793,-2.6103515625,1.4476872682571411,-3.055864095687866,0.01865880750119686,-0.9962303638458252,-0.7850271463394165,0.007816589437425137
23.90000000000009,1.9924312,-3.0328019,0,11.037367820739746,12.011890411376953,-2.6103668212890625,1.4397549629211426,-3.062303066253662,0.018420998007059097,-0.9991014003753662,-0.7981431484222412,-0.023564787581562996
23.90000000000009,1.9924312,-3.0328019,0,11.048867225646973,11.98727035522461,-2.610382080078125,1.4318207502365112,-3.0687289237976074,0.018200412392616272,-0.9988827705383301,-0.7966442108154297,-0.021606216207146645
23.90000000000009,1.9924312,-3.0328019,0,11.060295104980469,11.962602615356445,-2.6103973388671875,1.4238917827606201,-3.075098752975464,0.018158335238695145,-0.9977968335151672,-0.7897631525993347,0.000698491872753948
23.90000000000009,1.9924312,-3.0328019,0,11.082894325256348,11.913068771362305,-2.6104278564453125,1.4079631567001343,-3.087707042694092,0.018079694360494614,-0.9943474531173706,-0.7745785713195801,0.0010980291990563273
24.200000000000166,1.9286143,-3.1504407,0,11.09408950805664,11.888233184814453,-2.610443115234375,1.3999817371368408,-3.093989372253418,0.01812833733856678,-0.9966717958450317,-0.7765495777130127,0.010608228854835033
24.200000000000166,1.9286143,-3.1504407,0,11.105213165283203,11.863350868225098,-2.610443115234375,1.392009973526001,-3.1003365516662598,0.018245821818709373,-0.9952417612075806,-0.7848016023635864,0.01905951462686062
24.200000000000166,1.9286143,-3.1504407,0,11.11623477935791,11.838399887084961,-2.610443115234375,1.38401198387146,-3.106595754623413,0.018516968935728073,-0.990571141242981,-0.7721183896064758,0.037100162357091904
24.200000000000166,1.9286143,-3.1504407,0,11.138062477111816,11.788369178771973,-2.6103973388671875,1.3680120706558228,-3.1188955307006836,0.019483061507344246,-0.9911618232727051,-0.7593891024589539,0.07154512405395508
24.200000000000166,1.9286143,-3.1504407,0,11.148873329162598,11.763286590576172,-2.6103668212890625,1.3600575923919678,-3.1249825954437256,0.020145976915955544,-0.9882618188858032,-0.7535366415977478,0.08633406460285187
24.200000000000166,1.9286143,-3.1504407,0,11.159574508666992,11.738147735595703,-2.610321044921875,1.3519604206085205,-3.1311583518981934,0.02034851536154747,-0.9973941445350647,-0.7648282647132874,0.027933621779084206
24.200000000000166,1.9286143,-3.1504407,0,11.170206069946289,11.712963104248047,-2.6102752685546875,1.3437352180480957,-3.137396812438965,0.019924696534872055,-1.013526201248169,-0.7728067636489868,-0.05046231299638748
24.200000000000166,1.9286143,-3.1504407,0,11.191259384155273,11.662457466125488,-2.610198974609375,1.3273236751556396,-3.1497907638549805,0.019026461988687515,-1.018633246421814,-0.7672779560089111,-0.047971490770578384
24.200000000000166,1.9286143,-3.1504407,0,11.201682090759277,11.637136459350586,-2.6101531982421875,1.3190408945083618,-3.155972719192505,0.018705153837800026,-1.0211199522018433,-0.7662579417228699,-0.03792717680335045
24.40000000000024,1.8852998,-3.2267208,0,11.21198558807373,11.611774444580078,-2.610107421875,1.3107789754867554,-3.1620936393737793,0.018374275416135788,-1.0129859447479248,-0.762729287147522,-0.039064787328243256
24.40000000000024,1.8852998,-3.2267208,0,11.222220420837402,11.586366653442383,-2.6100616455078125,1.3025414943695068,-3.168220043182373,0.01805475540459156,-1.0102593898773193,-0.7635034322738647,-0.037520188838243484
24.40000000000024,1.8852998,-3.2267208,0,11.232386589050293,11.560914039611816,-2.610015869140625,1.2943121194839478,-3.1743767261505127,0.017850881442427635,-1.0095657110214233,-0.7673909068107605,-0.023150349035859108
24.40000000000024,1.8852998,-3.2267208,0,11.242484092712402,11.535415649414062,-2.6099853515625,1.2860875129699707,-3.1804940700531006,0.017826277762651443,-1.0092447996139526,-0.7625565528869629,-0.0008274800493381917
24.40000000000024,1.8852998,-3.2267208,0,11.262378692626953,11.48425579071045,-2.6099090576171875,1.2695423364639282,-3.1926822662353516,0.018406063318252563,-1.0062751770019531,-0.758063018321991,0.052080485969781876
24.40000000000024,1.8852998,-3.2267208,0,11.272224426269531,11.458608627319336,-2.6098480224609375,1.2612228393554688,-3.1987578868865967,0.018849195912480354,-1.012509822845459,-0.7571591734886169,0.05729496106505394
24.40000000000024,1.8852998,-3.2267208,0,11.282001495361328,11.432916641235352,-2.60980224609375,1.2529577016830444,-3.2049028873443604,0.019124284386634827,-1.0061978101730347,-0.7659223675727844,0.03621773421764374
24.40000000000024,1.8852998,-3.2267208,0,11.291662216186523,11.407173156738281,-2.6097412109375,1.2444852590560913,-3.2110397815704346,0.01899123191833496,-1.0225614309310913,-0.7655680775642395,-0.01532770600169897
24.40000000000024,1.8852998,-3.2267208,0,11.31077766418457,11.355558395385742,-2.609619140625,1.2276874780654907,-3.2231998443603516,0.018943147733807564,-1.0182392597198486,-0.7560281753540039,0.008138827048242092
24.40000000000024,1.8852998,-3.2267208,0,11.320233345031738,11.329684257507324,-2.60955810546875,1.2192438840866089,-3.2293014526367188,0.0190665852278471,-1.0245765447616577,-0.7636415362358093,0.01726299338042736
24.700000000000315,1.8193252,-3.3378654,0,11.329570770263672,11.303756713867188,-2.6094970703125,1.2107058763504028,-3.2353529930114746,0.01916435733437538,-1.0267562866210938,-0.7575475573539734,0.012981238774955273
24.700000000000315,1.8193252,-3.3378654,0,11.338841438293457,11.277785301208496,-2.6094207763671875,1.2022199630737305,-3.241347551345825,0.019310176372528076,-1.0210925340652466,-0.7504569888114929,0.0189440306276083
24.700000000000315,1.8193252,-3.3378654,0,11.357177734375,11.225708961486816,-2.6092529296875,1.1850801706314087,-3.2532172203063965,0.019915511831641197,-1.0356287956237793,-0.7345998287200928,0.046727243810892105
24.700000000000315,1.8193252,-3.3378654,0,11.366190910339355,11.19958782196045,-2.609130859375,1.17641282081604,-3.2591328620910645,0.020445384085178375,-1.0347367525100708,-0.7398279309272766,0.06483494490385056
24.700000000000315,1.8193252,-3.3378654,0,11.375134468078613,11.173422813415527,-2.6089935302734375,1.1677180528640747,-3.2649779319763184,0.02105337753891945,-1.039224624633789,-0.7311107516288757,0.07461895793676376
24.700000000000315,1.8193252,-3.3378654,0,11.39281940460205,11.120972633361816,-2.6087188720703125,1.1504920721054077,-3.2763559818267822,0.022457683458924294,-1.0327142477035522,-0.7075538039207458,0.08911406248807907
24.700000000000315,1.8193252,-3.3378654,0,11.401495933532715,11.0946683883667,-2.6085662841796875,1.1417206525802612,-3.28193736076355,0.023200182244181633,-1.0427664518356323,-0.7002832889556885,0.09088310599327087
24.700000000000315,1.8193252,-3.3378654,0,11.410104751586914,11.068324089050293,-2.6083984375,1.1329350471496582,-3.287339210510254,0.023957422003149986,-1.0457167625427246,-0.6778913736343384,0.09276112169027328
24.700000000000315,1.8193252,-3.3378654,0,11.418645858764648,11.04194164276123,-2.6082305908203125,1.124181866645813,-3.2926251888275146,0.02466251514852047,-1.0428214073181152,-0.6634909510612488,0.08627678453922272
24.700000000000315,1.8193252,-3.3378654,0,11.427119255065918,11.015521049499512,-2.6080474853515625,1.1153117418289185,-3.2978081703186035,0.024899626150727272,-1.0585678815841675,-0.650682806968689,0.027812084183096886
24.90000000000039,1.7747633,-3.4097486,0,11.443775177001953,10.962532043457031,-2.607666015625,1.0971949100494385,-3.3081400394439697,0.0240264181047678,-1.0761524438858032,-0.6417279839515686,-0.06328103691339493
24.90000000000039,1.7747633,-3.4097486,0,11.45199966430664,10.935982704162598,-2.60748291015625,1.0881357192993164,-3.313075304031372,0.023652121424674988,-1.0763992071151733,-0.6184549331665039,-0.049783844500780106
24.90000000000039,1.7747633,-3.4097486,0,11.460155487060547,10.909400939941406,-2.6072998046875,1.0791194438934326,-3.317798137664795,0.023324452340602875,-1.0761715173721313,-0.5938844680786133,-0.0432613268494606
24.90000000000039,1.7747633,-3.4097486,0,11.47615909576416,10.856104850769043,-2.6069183349609375,1.0610064268112183,-3.3270769119262695,0.0227695070207119,-1.073622465133667,-0.5810298919677734,-0.03691622614860535
24.90000000000039,1.7747633,-3.4097486,0,11.484058380126953,10.82940673828125,-2.606719970703125,1.0519165992736816,-3.3315958976745605,0.022442404180765152,-1.0784425735473633,-0.5672107934951782,-0.04472210630774498
24.90000000000039,1.7747633,-3.4097486,0,11.491888999938965,10.802677154541016,-2.606536865234375,1.0428581237792969,-3.3361706733703613,0.021911250427365303,-1.0758315324783325,-0.5742395520210266,-0.07006385922431946
24.90000000000039,1.7747633,-3.4097486,0,11.507288932800293,10.749102592468262,-2.606170654296875,1.0247695446014404,-3.345120668411255,0.021102743223309517,-1.070539116859436,-0.560958981513977,-0.051174309104681015
24.90000000000039,1.7747633,-3.4097486,0,11.514859199523926,10.722257614135742,-2.605987548828125,1.015773892402649,-3.3496031761169434,0.020881710574030876,-1.0604060888290405,-0.560510516166687,-0.032920386642217636
24.90000000000039,1.7747633,-3.4097486,0,11.522361755371094,10.69538402557373,-2.6057891845703125,1.0067147016525269,-3.3540585041046143,0.020596817135810852,-1.0737820863723755,-0.5589743256568909,-0.040160488337278366
24.90000000000039,1.7747633,-3.4097486,0,11.529797554016113,10.668478012084961,-2.6056060791015625,0.9977498650550842,-3.3584959506988525,0.02042430080473423,-1.063405990600586,-0.5567227602005005,-0.026002058759331703
25.200000000000465,1.7072085,-3.5142117,0,11.544343948364258,10.614542007446289,-2.6052093505859375,0.9796261787414551,-3.3673722743988037,0.0203000046312809,-1.065093994140625,-0.553631067276001,-0.010178889147937298
25.200000000000465,1.7072085,-3.5142117,0,11.551517486572266,10.587525367736816,-2.6049957275390625,0.9706160426139832,-3.371828556060791,0.020354194566607475,-1.061092734336853,-0.5568870902061462,0.00023795290326233953
25.200000000000465,1.7072085,-3.5142117,0,11.558625221252441,10.560477256774902,-2.6047821044921875,0.9616546630859375,-3.3763086795806885,0.020566804334521294,-1.056567907333374,-0.5598322749137878,0.020198987796902657
25.200000000000465,1.7072085,-3.5142117,0,11.565591812133789,10.533394813537598,-2.60455322265625,0.9525983333587646,-3.3807053565979004,0.02083747275173664,-1.0558360815048218,-0.5489745140075684,0.02620834670960903
25.200000000000465,1.7072085,-3.5142117,0,11.579328536987305,10.479135513305664,-2.6040802001953125,0.9344759583473206,-3.389361619949341,0.021651199087500572,-1.057809829711914,-0.5351155400276184,0.04830583557486534
25.200000000000465,1.7072085,-3.5142117,0,11.586099624633789,10.4519624710083,-2.603851318359375,0.9254974126815796,-3.3935556411743164,0.022214293479919434,-1.0553991794586182,-0.5249642729759216,0.06384774297475815
25.200000000000465,1.7072085,-3.5142117,0,11.592727661132812,10.424776077270508,-2.603607177734375,0.9164028167724609,-3.3976221084594727,0.02279806323349476,-1.0572237968444824,-0.5110414624214172,0.06554880738258362
25.200000000000465,1.7072085,-3.5142117,0,11.599291801452637,10.397560119628906,-2.6033477783203125,0.9073455929756165,-3.401639938354492,0.023386821150779724,-1.054490327835083,-0.5048782229423523,0.06628408282995224
25.200000000000465,1.7072085,-3.5142117,0,11.612223625183105,10.343039512634277,-2.60284423828125,0.8888647556304932,-3.409562349319458,0.02284032292664051,-1.087315320968628,-0.49499210715293884,-0.07795541733503342
25.200000000000465,1.7072085,-3.5142117,0,11.618518829345703,10.315750122070312,-2.60260009765625,0.8794978260993958,-3.4133951663970947,0.0221441388130188,-1.0858547687530518,-0.4834795594215393,-0.09453947842121124
25.50000000000054,1.6389879,-3.6146004,0,11.624748229980469,10.288432121276855,-2.6023712158203125,0.8701607584953308,-3.417219638824463,0.021628450602293015,-1.0841567516326904,-0.482409805059433,-0.07179705053567886
25.50000000000054,1.6389879,-3.6146004,0,11.630912780761719,10.261086463928223,-2.602142333984375,0.8608369827270508,-3.420896053314209,0.021127134561538696,-1.0844900608062744,-0.4638638198375702,-0.06982403993606567
25.50000000000054,1.6389879,-3.6146004,0,11.63701057434082,10.23371410369873,-2.6019134521484375,0.8515732884407043,-3.4244654178619385,0.02059818059206009,-1.078922986984253,-0.4505022466182709,-0.07310649007558823
25.50000000000054,1.6389879,-3.6146004,0,11.648862838745117,10.178925514221191,-2.601470947265625,0.8329150676727295,-3.43145751953125,0.019644370302557945,-1.082327961921692,-0.43961161375045776,-0.056548040360212326
25.50000000000054,1.6389879,-3.6146004,0,11.654692649841309,10.151493072509766,-2.60125732421875,0.8235874772071838,-3.434866428375244,0.01939856819808483,-1.0831577777862549,-0.43389880657196045,-0.037324611097574234
25.50000000000054,1.6389879,-3.6146004,0,11.660456657409668,10.12403392791748,-2.601043701171875,0.8143466114997864,-3.438218593597412,0.019325414672493935,-1.074310541152954,-0.42677608132362366,-0.015584751032292843
25.50000000000054,1.6389879,-3.6146004,0,11.671613693237305,10.06906795501709,-2.6006317138671875,0.795680820941925,-3.4446654319763184,0.01963765360414982,-1.0721722841262817,-0.41259482502937317,0.0174157302826643
25.50000000000054,1.6389879,-3.6146004,0,11.677095413208008,10.041548728942871,-2.6004180908203125,0.7863137722015381,-3.447833776473999,0.019299142062664032,-1.0805089473724365,-0.4055037498474121,-0.04903692379593849
25.50000000000054,1.6389879,-3.6146004,0,11.682513236999512,10.014005661010742,-2.6002197265625,0.7768920660018921,-3.450974225997925,0.018551595509052277,-1.0895594358444214,-0.4018822908401489,-0.10000587999820709
25.50000000000054,1.6389879,-3.6146004,0,11.687785148620605,9.986457824707031,-2.6000213623046875,0.7673680782318115,-3.454186201095581,0.017696384340524673,-1.0901731252670288,-0.41327518224716187,-0.1138448640704155
25.700000000000614,1.5932432,-3.6792457,0,11.698139190673828,9.931293487548828,-2.5996246337890625,0.748505711555481,-3.460338592529297,0.016332129016518593,-1.0822577476501465,-0.3931490182876587,-0.0852472111582756
25.700000000000614,1.5932432,-3.6792457,0,11.70322036743164,9.903676986694336,-2.5994415283203125,0.7391062378883362,-3.46339750289917,0.015651529654860497,-1.085824728012085,-0.3944648206233978,-0.09102420508861542
25.700000000000614,1.5932432,-3.6792457,0,11.70823860168457,9.876035690307617,-2.5992584228515625,0.7297096252441406,-3.4664602279663086,0.015001236461102962,-1.087705135345459,-0.3946499824523926,-0.08709541708230972
25.700000000000614,1.5932432,-3.6792457,0,11.713115692138672,9.848386764526367,-2.599090576171875,0.7201834917068481,-3.4695801734924316,0.014445524662733078,-1.0927314758300781,-0.4032615125179291,-0.07550930231809616
25.700000000000614,1.5932432,-3.6792457,0,11.72268009185791,9.79301643371582,-2.5987701416015625,0.7013407945632935,-3.475717306137085,0.013923512771725655,-1.0843316316604614,-0.39129161834716797,-0.028553416952490807
25.700000000000614,1.5932432,-3.6792457,0,11.727367401123047,9.765295028686523,-2.5986175537109375,0.6919481158256531,-3.478821277618408,0.01359675731509924,-1.0832151174545288,-0.4003334045410156,-0.046220604330301285
25.700000000000614,1.5932432,-3.6792457,0,11.731926918029785,9.737579345703125,-2.598480224609375,0.6824924349784851,-3.4819583892822266,0.013084136880934238,-1.0856095552444458,-0.4083450436592102,-0.06893276423215866
25.700000000000614,1.5932432,-3.6792457,0,11.736424446105957,9.709836959838867,-2.5983428955078125,0.6730560064315796,-3.485083818435669,0.012638131156563759,-1.0856364965438843,-0.4065282642841339,-0.060496848076581955
25.700000000000614,1.5932432,-3.6792457,0,11.745231628417969,9.654277801513672,-2.59808349609375,0.6541756987571716,-3.491365909576416,0.012092364951968193,-1.0896480083465576,-0.40593472123146057,-0.029865184798836708
25.700000000000614,1.5932432,-3.6792457,0,11.749475479125977,9.626482009887695,-2.59796142578125,0.6446533799171448,-3.494584798812866,0.011898779310286045,-1.0918560028076172,-0.4193074107170105,-0.029018612578511238
26.10000000000069,1.5013785,-3.8030453,0,11.753656387329102,9.598660469055176,-2.5978240966796875,0.6351765394210815,-3.4977972507476807,0.011720435693860054,-1.0886502265930176,-0.4181525409221649,-0.02700788713991642
26.10000000000069,1.5013785,-3.8030453,0,11.75777530670166,9.57081127166748,-2.5977020263671875,0.6256380677223206,-3.5009984970092773,0.011666622944176197,-1.0987614393234253,-0.4163796007633209,-0.011304392479360104
26.10000000000069,1.5013785,-3.8030453,0,11.765765190124512,9.515057563781738,-2.5974578857421875,0.6066686511039734,-3.5074195861816406,0.011871900409460068,-1.085741400718689,-0.4233517646789551,0.01242989581078291
26.10000000000069,1.5013785,-3.8030453,0,11.76963996887207,9.487153053283691,-2.5973358154296875,0.5971707105636597,-3.5105857849121094,0.012083660811185837,-1.0943504571914673,-0.4136788547039032,0.02200295962393284
26.10000000000069,1.5013785,-3.8030453,0,11.773451805114746,9.459220886230469,-2.597198486328125,0.5876981019973755,-3.5137834548950195,0.012457757256925106,-1.0935596227645874,-0.41718611121177673,0.04239659383893013
26.10000000000069,1.5013785,-3.8030453,0,11.777202606201172,9.431262969970703,-2.5970611572265625,0.5782598257064819,-3.5169382095336914,0.012910493649542332,-1.0916327238082886,-0.41144275665283203,0.052330080419778824
26.10000000000069,1.5013785,-3.8030453,0,11.784366607666016,9.375292778015137,-2.5967864990234375,0.5588846802711487,-3.5233867168426514,0.011696096509695053,-1.12321937084198,-0.42217519879341125,-0.13410532474517822
26.10000000000069,1.5013785,-3.8030453,0,11.787853240966797,9.347268104553223,-2.5966644287109375,0.549069344997406,-3.526505947113037,0.010503056459128857,-1.1327794790267944,-0.4078297019004822,-0.15391641855239868
26.10000000000069,1.5013785,-3.8030453,0,11.791275978088379,9.319215774536133,-2.5965576171875,0.5393383502960205,-3.5296640396118164,0.009377516806125641,-1.1246275901794434,-0.41238173842430115,-0.14536920189857483
26.400000000000766,1.4323559,-3.891099,0,11.794535636901855,9.291143417358398,-2.5964508056640625,0.529474675655365,-3.532907724380493,0.008411038666963577,-1.1264567375183105,-0.424107164144516,-0.127232164144516
26.400000000000766,1.4323559,-3.891099,0,11.79773235321045,9.263043403625488,-2.596343994140625,0.5196104645729065,-3.5361392498016357,0.007480962667614222,-1.1292502880096436,-0.4222463071346283,-0.12252804636955261
26.400000000000766,1.4323559,-3.891099,0,11.80394172668457,9.20676326751709,-2.5961456298828125,0.500100314617157,-3.5427372455596924,0.0059527866542339325,-1.122551679611206,-0.43383073806762695,-0.0903555154800415
26.400000000000766,1.4323559,-3.891099,0,11.806844711303711,9.178572654724121,-2.5960540771484375,0.4902105927467346,-3.54618239402771,0.005481759551912546,-1.1259698867797852,-0.44785773754119873,-0.06646941602230072
26.400000000000766,1.4323559,-3.891099,0,11.809684753417969,9.15035343170166,-2.595947265625,0.4803239107131958,-3.5495309829711914,0.00524707930162549,-1.1284180879592896,-0.43544989824295044,-0.036751847714185715
26.400000000000766,1.4323559,-3.891099,0,11.812461853027344,9.12210750579834,-2.595855712890625,0.4704848825931549,-3.552950143814087,0.005262081511318684,-1.125210165977478,-0.44398367404937744,-0.005360226612538099
26.400000000000766,1.4323559,-3.891099,0,11.817718505859375,9.065515518188477,-2.59564208984375,0.45077234506607056,-3.5599639415740967,0.005290671717375517,-1.123212456703186,-0.45981353521347046,-0.030875204131007195
26.400000000000766,1.4323559,-3.891099,0,11.820197105407715,9.037169456481934,-2.59552001953125,0.44070184230804443,-3.5636985301971436,0.004667434375733137,-1.1429274082183838,-0.48142459988594055,-0.08731195330619812
26.400000000000766,1.4323559,-3.891099,0,11.822612762451172,9.00879192352295,-2.5954132080078125,0.4306448996067047,-3.567477226257324,0.003953695297241211,-1.144203543663025,-0.48666009306907654,-0.09839096665382385
26.400000000000766,1.4323559,-3.891099,0,11.827260971069336,8.951948165893555,-2.59521484375,0.4108041524887085,-3.575087308883667,0.002866304712370038,-1.1369073390960693,-0.49649909138679504,-0.07293326407670975
26.800000000000843,1.3405172,-4.002139,0,11.82938289642334,8.923491477966309,-2.595123291015625,0.4007815718650818,-3.578963041305542,0.002449330873787403,-1.1351207494735718,-0.5000948309898376,-0.06149476021528244
26.800000000000843,1.3405172,-4.002139,0,11.831443786621094,8.895002365112305,-2.59503173828125,0.3907541036605835,-3.5829522609710693,0.0021170831751078367,-1.138736605644226,-0.5139473080635071,-0.050675585865974426
26.800000000000843,1.3405172,-4.002139,0,11.833441734313965,8.86647891998291,-2.594940185546875,0.3807130753993988,-3.587041139602661,0.0019229725003242493,-1.1433541774749756,-0.5260134339332581,-0.03318721055984497
26.800000000000843,1.3405172,-4.002139,0,11.837153434753418,8.809333801269531,-2.5947723388671875,0.3607298731803894,-3.5952537059783936,0.0020595414098352194,-1.1332547664642334,-0.5344338417053223,0.01473864447325468
26.800000000000843,1.3405172,-4.002139,0,11.838869094848633,8.78071117401123,-2.594696044921875,0.35071083903312683,-3.599438428878784,0.0024332120083272457,-1.1335910558700562,-0.5371186137199402,0.037281304597854614
26.800000000000843,1.3405172,-4.002139,0,11.840526580810547,8.752054214477539,-2.5946044921875,0.34075927734375,-3.6035914421081543,0.00292388629168272,-1.1323072910308838,-0.5335491895675659,0.05262298136949539
26.800000000000843,1.3405172,-4.002139,0,11.842123031616211,8.723363876342773,-2.594512939453125,0.3308359980583191,-3.607753038406372,0.0035421764478087425,-1.1316750049591064,-0.5344040393829346,0.06904824823141098
26.800000000000843,1.3405172,-4.002139,0,11.84493350982666,8.665887832641602,-2.594329833984375,0.3107624650001526,-3.6160902976989746,0.00517695490270853,-1.136807918548584,-0.5283584594726562,0.10320357233285904
26.800000000000843,1.3405172,-4.002139,0,11.846245765686035,8.63709831237793,-2.59423828125,0.3006473779678345,-3.6202802658081055,0.0052974773570895195,-1.148128867149353,-0.5374445915222168,0.006151385139673948
26.800000000000843,1.3405172,-4.002139,0,11.847496032714844,8.60827350616455,-2.5941314697265625,0.29044902324676514,-3.6245596408843994,0.004587322007864714,-1.1615391969680786,-0.5484192967414856,-0.0974615067243576
27.100000000000918,1.2720416,-4.0806756,0,11.848589897155762,8.579399108886719,-2.5940399169921875,0.280207097530365,-3.6288185119628906,0.003712803591042757,-1.1537742614746094,-0.5429992079734802,-0.1193508431315422
27.100000000000918,1.2720416,-4.0806756,0,11.850590705871582,8.521546363830566,-2.5938720703125,0.2597944438457489,-3.637328624725342,0.0023188216146081686,-1.1554566621780396,-0.5401743650436401,-0.09320489317178726
27.100000000000918,1.2720416,-4.0806756,0,11.85150146484375,8.492568016052246,-2.5937957763671875,0.24969393014907837,-3.641589879989624,0.0016864511417225003,-1.1496729850769043,-0.543439507484436,-0.08792801946401596
27.100000000000918,1.2720416,-4.0806756,0,11.852243423461914,8.463534355163574,-2.5937347412109375,0.23950853943824768,-3.6458752155303955,0.001169085968285799,-1.1447333097457886,-0.5430123209953308,-0.07467995584011078
27.100000000000918,1.2720416,-4.0806756,0,11.852924346923828,8.434465408325195,-2.593658447265625,0.2294425368309021,-3.650144100189209,0.0007709305500611663,-1.1331371068954468,-0.5408670902252197,-0.05953013524413109
27.100000000000918,1.2720416,-4.0806756,0,11.854104995727539,8.37622356414795,-2.593536376953125,0.20945213735103607,-3.6586954593658447,0.0005741846398450434,-1.1242284774780273,-0.5358510613441467,-0.009813345037400723
27.100000000000918,1.2720416,-4.0806756,0,11.854511260986328,8.347039222717285,-2.593475341796875,0.1993381679058075,-3.6631033420562744,0.00030702888034284115,-1.1320916414260864,-0.5561281442642212,-0.04389462620019913
27.100000000000918,1.2720416,-4.0806756,0,11.854856491088867,8.317818641662598,-2.593414306640625,0.1892256736755371,-3.667646884918213,-0.00035871416912414134,-1.1353098154067993,-0.5731164216995239,-0.09345821291208267
27.100000000000918,1.2720416,-4.0806756,0,11.855141639709473,8.288561820983887,-2.5933685302734375,0.17917415499687195,-3.6722397804260254,-0.000988133018836379,-1.1310093402862549,-0.5793238282203674,-0.08842907100915909
27.100000000000918,1.2720416,-4.0806756,0,11.855365753173828,8.259267807006836,-2.5933380126953125,0.16921427845954895,-3.676881790161133,-0.0014852399472147226,-1.1227771043777466,-0.5854410529136658,-0.07165222615003586
27.400000000000993,1.204144,-4.155181,0,11.855459213256836,8.229917526245117,-2.5932769775390625,0.15922394394874573,-3.681555986404419,-0.0018869828199967742,-1.120375394821167,-0.5867716073989868,-0.06128428131341934
27.400000000000993,1.204144,-4.155181,0,11.85546588897705,8.171101570129395,-2.5931854248046875,0.1392904371023178,-3.691216230392456,-0.0025357466656714678,-1.1168323755264282,-0.6121746897697449,-0.045182645320892334
27.400000000000993,1.204144,-4.155181,0,11.85538101196289,8.14163589477539,-2.5931396484375,0.12944138050079346,-3.696150064468384,-0.0027126518543809652,-1.1123934984207153,-0.6192061305046082,-0.032383013516664505
27.400000000000993,1.204144,-4.155181,0,11.85489559173584,8.082526206970215,-2.593017578125,0.10968448221683502,-3.706148386001587,-0.002377817640081048,-1.1088117361068726,-0.6245350241661072,0.025268642231822014
27.400000000000993,1.204144,-4.155181,0,11.854564666748047,8.052911758422852,-2.59295654296875,0.09992688149213791,-3.711149215698242,-0.0019220596877858043,-1.0976948738098145,-0.6232354640960693,0.04516308754682541
27.400000000000993,1.204144,-4.155181,0,11.85417652130127,8.023258209228516,-2.5928802490234375,0.0901925191283226,-3.716231107711792,-0.0018298941431567073,-1.097907304763794,-0.63347989320755,3.7252900710882386e-06
27.400000000000993,1.204144,-4.155181,0,11.853729248046875,7.993563652038574,-2.5928192138671875,0.08041518926620483,-3.7214646339416504,-0.0022233258932828903,-1.1063436269760132,-0.6525700092315674,-0.060408372431993484
27.400000000000993,1.204144,-4.155181,0,11.852535247802734,7.9339985847473145,-2.5926513671875,0.06084749847650528,-3.732231855392456,-0.0027593947015702724,-1.1024094820022583,-0.6718708276748657,-0.035849861800670624
27.400000000000993,1.204144,-4.155181,0,11.851851463317871,7.9041523933410645,-2.592559814453125,0.05121540650725365,-3.7376554012298584,-0.002915822435170412,-1.0888562202453613,-0.6736581325531006,-0.03155599907040596
27.400000000000993,1.204144,-4.155181,0,11.851109504699707,7.874263763427734,-2.5924835205078125,0.0415540412068367,-3.7431063652038574,-0.003045805264264345,-1.095491886138916,-0.6772921085357666,-0.027944331988692284
27.90000000000107,1.0928512,-4.2705097,0,11.85025405883789,7.844315052032471,-2.5924224853515625,0.0319368913769722,-3.748640775680542,-0.0030539119616150856,-1.0823973417282104,-0.6859650015830994,-0.013949348591268063
27.90000000000107,1.0928512,-4.2705097,0,11.848371505737305,7.78428840637207,-2.5922698974609375,0.012971161864697933,-3.7596611976623535,-0.0026237815618515015,-1.068546175956726,-0.6810505390167236,0.02651568315923214
27.90000000000107,1.0928512,-4.2705097,0,11.847345352172852,7.754210948944092,-2.592193603515625,0.003540046513080597,-3.7651355266571045,-0.002119001466780901,-1.0681891441345215,-0.6791152358055115,0.05112401768565178
27.90000000000107,1.0928512,-4.2705097,0,11.846212387084961,7.7240681648254395,-2.59210205078125,-0.00579660851508379,-3.770660400390625,-0.001464083674363792,-1.0534412860870361,-0.6833481192588806,0.06906548142433167
27.90000000000107,1.0928512,-4.2705097,0,11.845024108886719,7.693882942199707,-2.5919952392578125,-0.015080644749104977,-3.7761192321777344,-0.0006211255677044392,-1.0498237609863281,-0.6754133701324463,0.09290175139904022
27.90000000000107,1.0928512,-4.2705097,0,11.842484474182129,7.633386611938477,-2.5917816162109375,-0.03355933353304863,-3.787055253982544,0.0004254773666616529,-1.0613564252853394,-0.6877382397651672,-0.0010118818609043956
27.90000000000107,1.0928512,-4.2705097,0,11.841096878051758,7.603055953979492,-2.5916748046875,-0.042997878044843674,-3.792772054672241,-0.0006452442612498999,-1.0714296102523804,-0.7060211896896362,-0.1465463936328888
27.90000000000107,1.0928512,-4.2705097,0,11.839653015136719,7.572681903839111,-2.5915679931640625,-0.052351608872413635,-3.7984979152679443,-0.0019113293383270502,-1.0636461973190308,-0.7074839472770691,-0.17063552141189575
27.90000000000107,1.0928512,-4.2705097,0,11.838153839111328,7.542263031005859,-2.59149169921875,-0.0616530142724514,-3.8042190074920654,-0.0031040245667099953,-1.0598503351211548,-0.7072067260742188,-0.16114021837711334
27.90000000000107,1.0928512,-4.2705097,0,11.834951400756836,7.481263160705566,-2.5913238525390625,-0.08006220310926437,-3.8157806396484375,-0.005331859458237886,-1.0452975034713745,-0.7182556986808777,-0.147918701171875
28.200000000001147,1.0275524,-4.334479,0,11.833252906799316,7.45068359375,-2.5912628173828125,-0.08921380341053009,-3.821596384048462,-0.00634001987054944,-1.0464009046554565,-0.7169960141181946,-0.13836239278316498
28.200000000001147,1.0275524,-4.334479,0,11.831501007080078,7.420058727264404,-2.5911865234375,-0.09823421388864517,-3.8275303840637207,-0.007145259995013475,-1.0325679779052734,-0.732073187828064,-0.11267466098070145
28.200000000001147,1.0275524,-4.334479,0,11.829694747924805,7.3893890380859375,-2.59112548828125,-0.10717246681451797,-3.8334851264953613,-0.007601568941026926,-1.0247851610183716,-0.7349563241004944,-0.0688931867480278
28.200000000001147,1.0275524,-4.334479,0,11.825857162475586,7.327857494354248,-2.590972900390625,-0.12489977478981018,-3.845618486404419,-0.007608243729919195,-1.0132795572280884,-0.7505688667297363,0.00901473592966795
28.200000000001147,1.0275524,-4.334479,0,11.823860168457031,7.297022342681885,-2.5908966064453125,-0.1336497664451599,-3.851757764816284,-0.007197611499577761,-1.0027477741241455,-0.7558067440986633,0.038772352039813995
28.200000000001147,1.0275524,-4.334479,0,11.821809768676758,7.266140460968018,-2.5908203125,-0.14235369861125946,-3.8579909801483154,-0.0070905075408518314,-0.9993734359741211,-0.7679226994514465,0.0011641531018540263
28.200000000001147,1.0275524,-4.334479,0,11.819685935974121,7.23520040512085,-2.5907440185546875,-0.15113499760627747,-3.8643362522125244,-0.007455222774296999,-1.0064841508865356,-0.7811779379844666,-0.05853315442800522
28.200000000001147,1.0275524,-4.334479,0,11.815284729003906,7.173175811767578,-2.590576171875,-0.16840924322605133,-3.8772919178009033,-0.007934434339404106,-0.9940184354782104,-0.8002472519874573,-0.03228988125920296
28.200000000001147,1.0275524,-4.334479,0,11.813009262084961,7.142090797424316,-2.5904998779296875,-0.17689889669418335,-3.8837380409240723,-0.007997949607670307,-0.9809295535087585,-0.7957296967506409,-0.01945905201137066
28.600000000001224,0.9426614,-4.4137917,0,11.81064224243164,7.110928058624268,-2.5904083251953125,-0.18538986146450043,-3.890270948410034,-0.00806654617190361,-0.9760956764221191,-0.8037676811218262,-0.021354759112000465
28.600000000001224,0.9426614,-4.4137917,0,11.80822467803955,7.079715728759766,-2.5903167724609375,-0.19390568137168884,-3.8968594074249268,-0.007980887778103352,-0.981456995010376,-0.8109861612319946,-0.0017359851626679301
28.600000000001224,0.9426614,-4.4137917,0,11.803236961364746,7.017141819000244,-2.5901336669921875,-0.21063004434108734,-3.9100685119628906,-0.007332575507462025,-0.9616758227348328,-0.8151045441627502,0.03895256295800209
28.600000000001224,0.9426614,-4.4137917,0,11.800668716430664,6.985779762268066,-2.5900421142578125,-0.21888966858386993,-3.9166369438171387,-0.00669235922396183,-0.9558213353157043,-0.8094254732131958,0.06854021549224854
28.600000000001224,0.9426614,-4.4137917,0,11.798012733459473,6.954338073730469,-2.589935302734375,-0.22717009484767914,-3.923243284225464,-0.005899104755371809,-0.9530543684959412,-0.8103567361831665,0.08629261702299118
28.600000000001224,0.9426614,-4.4137917,0,11.795308113098145,6.922846794128418,-2.5898284912109375,-0.2353733479976654,-3.929849147796631,-0.004952940158545971,-0.9455652832984924,-0.8108152151107788,0.10588718205690384
28.600000000001224,0.9426614,-4.4137917,0,11.789762496948242,6.85972261428833,-2.5895843505859375,-0.251590758562088,-3.9427855014801025,-0.0035229020286351442,-0.9430347084999084,-0.8023413419723511,0.04076584801077843
28.600000000001224,0.9426614,-4.4137917,0,11.786894798278809,6.828049659729004,-2.5894317626953125,-0.25979432463645935,-3.949540376663208,-0.003855157643556595,-0.9500376582145691,-0.8264306783676147,-0.054651401937007904
28.600000000001224,0.9426614,-4.4137917,0,11.783978462219238,6.796326637268066,-2.58929443359375,-0.2678992748260498,-3.956237316131592,-0.0044061653316020966,-0.9396990537643433,-0.8197999596595764,-0.08163833618164062
28.600000000001224,0.9426614,-4.4137917,0,11.781012535095215,6.764554023742676,-2.5891571044921875,-0.2759545147418976,-3.9628732204437256,-0.004796728957444429,-0.9354262948036194,-0.8127316236495972,-0.061236318200826645
29.0000000000013,0.8607171,-4.486417,0,11.774901390075684,6.7008233070373535,-2.5888824462890625,-0.29198476672172546,-3.9760637283325195,-0.005336913280189037,-0.926313042640686,-0.8004961609840393,-0.04684179648756981
29.0000000000013,0.8607171,-4.486417,0,11.771758079528809,6.6688666343688965,-2.5887298583984375,-0.29996445775032043,-3.9825727939605713,-0.005527782253921032,-0.9247226715087891,-0.7932449579238892,-0.037555113434791565
29.0000000000013,0.8607171,-4.486417,0,11.768570899963379,6.63686466217041,-2.588592529296875,-0.3078036308288574,-3.9890263080596924,-0.00558015750721097,-0.913138210773468,-0.7879735827445984,-0.019334720447659492
29.0000000000013,0.8607171,-4.486417,0,11.765336990356445,6.604815483093262,-2.5884552001953125,-0.3154958486557007,-3.995450258255005,-0.005452929995954037,-0.8965516090393066,-0.7848291993141174,0.003463122760877013
29.0000000000013,0.8607171,-4.486417,0,11.758689880371094,6.540511131286621,-2.588104248046875,-0.33076614141464233,-4.008296966552734,-0.004454325418919325,-0.8816311359405518,-0.7784730195999146,0.06314320117235184
29.0000000000013,0.8607171,-4.486417,0,11.75529670715332,6.508288860321045,-2.587921142578125,-0.33822959661483765,-4.014652729034424,-0.003651834325864911,-0.8679128289222717,-0.7735914587974548,0.08638156205415726
29.0000000000013,0.8607171,-4.486417,0,11.751858711242676,6.476020336151123,-2.587738037109375,-0.34560489654541016,-4.020876884460449,-0.002761342329904437,-0.8586173057556152,-0.7577863931655884,0.09776278585195541
29.0000000000013,0.8607171,-4.486417,0,11.748339653015137,6.443675994873047,-2.5875396728515625,-0.3529837727546692,-4.027005195617676,-0.0017578547121956944,-0.8530433177947998,-0.7424638271331787,0.10972189903259277
29.0000000000013,0.8607171,-4.486417,0,11.741167068481445,6.378854274749756,-2.5871124267578125,-0.36776500940322876,-4.039361476898193,-0.001845628023147583,-0.8564772605895996,-0.7516487836837769,-0.06880005449056625
29.0000000000013,0.8607171,-4.486417,0,11.737519264221191,6.346378803253174,-2.5869293212890625,-0.37509241700172424,-4.0455169677734375,-0.0024491832591593266,-0.8560606837272644,-0.748783528804779,-0.08937576413154602
29.400000000001377,0.7822047,-4.5525336,0,11.73379135131836,6.313812255859375,-2.586700439453125,-0.3824380934238434,-4.0516791343688965,-0.002910872921347618,-0.8519476652145386,-0.7443593740463257,-0.07427110522985458
29.400000000001377,0.7822047,-4.5525336,0,11.730019569396973,6.28120231628418,-2.5864715576171875,-0.3896981477737427,-4.057708740234375,-0.003254240145906806,-0.84300297498703,-0.7283172607421875,-0.05903560295701027
29.400000000001377,0.7822047,-4.5525336,0,11.722342491149902,6.215855121612549,-2.5860595703125,-0.40390583872795105,-4.0694966316223145,-0.003936593886464834,-0.8207558989524841,-0.7086439728736877,-0.05548493564128876
29.400000000001377,0.7822047,-4.5525336,0,11.718415260314941,6.183067798614502,-2.5858306884765625,-0.4110149145126343,-4.075443267822266,-0.004627277608960867,-0.8222744464874268,-0.7133207321166992,-0.10412837564945221
29.400000000001377,0.7822047,-4.5525336,0,11.714444160461426,6.150238037109375,-2.5856170654296875,-0.41811323165893555,-4.081540107727051,-0.005838647019118071,-0.822655200958252,-0.732944667339325,-0.16873282194137573
29.400000000001377,0.7822047,-4.5525336,0,11.710430145263672,6.11736536026001,-2.585418701171875,-0.4251145124435425,-4.087689399719238,-0.007102306932210922,-0.8122009038925171,-0.7402291893959045,-0.17479991912841797
29.400000000001377,0.7822047,-4.5525336,0,11.706372261047363,6.084448337554932,-2.585235595703125,-0.4320310056209564,-4.093954086303711,-0.00820887554436922,-0.8032320141792297,-0.7554223537445068,-0.15470664203166962
29.400000000001377,0.7822047,-4.5525336,0,11.69813346862793,6.018420219421387,-2.5848236083984375,-0.4456523656845093,-4.106645584106445,-0.01006974745541811,-0.7881879806518555,-0.7647509574890137,-0.1306794434785843
29.400000000001377,0.7822047,-4.5525336,0,11.693950653076172,5.9853386878967285,-2.5846405029296875,-0.4523937702178955,-4.113105297088623,-0.01088311430066824,-0.7864502668380737,-0.7787966728210449,-0.11876457929611206
29.400000000001377,0.7822047,-4.5525336,0,11.689725875854492,5.952210903167725,-2.584442138671875,-0.4590146839618683,-4.119635105133057,-0.011545414105057716,-0.7728278636932373,-0.788264274597168,-0.0998261347413063
29.800000000001454,0.7075801,-4.612338,0,11.68545913696289,5.919035911560059,-2.584259033203125,-0.4656113088130951,-4.126269817352295,-0.011917425319552422,-0.7712202668190002,-0.8021010756492615,-0.06307614594697952
29.800000000001454,0.7075801,-4.612338,0,11.676782608032227,5.852505207061768,-2.5838775634765625,-0.47865667939186096,-4.1396965980529785,-0.011734088882803917,-0.7574079632759094,-0.8123939037322998,0.009884125553071499
29.800000000001454,0.7075801,-4.612338,0,11.672383308410645,5.819167137145996,-2.58367919921875,-0.4850267171859741,-4.1464457511901855,-0.011298920959234238,-0.7423174977302551,-0.8155530691146851,0.03741029277443886
29.800000000001454,0.7075801,-4.612338,0,11.667943000793457,5.785780906677246,-2.58349609375,-0.4913462996482849,-4.1532416343688965,-0.010575257241725922,-0.7374197840690613,-0.822084903717041,0.07393071055412292
29.800000000001454,0.7075801,-4.612338,0,11.658909797668457,5.718822479248047,-2.5830535888671875,-0.5039342641830444,-4.166771411895752,-0.008676228113472462,-0.7280977368354797,-0.8177816271781921,0.10958639532327652
29.800000000001454,0.7075801,-4.612338,0,11.65433406829834,5.685270309448242,-2.58282470703125,-0.5101227760314941,-4.173530578613281,-0.007507226429879665,-0.7226385474205017,-0.8171666264533997,0.12925638258457184
29.800000000001454,0.7075801,-4.612338,0,11.649720191955566,5.651669979095459,-2.5825958251953125,-0.5162449479103088,-4.180157661437988,-0.006342071108520031,-0.7156574726104736,-0.8013859391212463,0.12923775613307953
29.800000000001454,0.7075801,-4.612338,0,11.645049095153809,5.6179938316345215,-2.58233642578125,-0.5223606824874878,-4.186761856079102,-0.005094911437481642,-0.7103668451309204,-0.7954400181770325,0.13779474794864655
29.800000000001454,0.7075801,-4.612338,0,11.640339851379395,5.58427095413208,-2.5820770263671875,-0.5284173488616943,-4.193215370178223,-0.00385829689912498,-0.7043761610984802,-0.7773452401161194,0.1369742602109909
29.800000000001454,0.7075801,-4.612338,0,11.630805015563965,5.516692161560059,-2.58154296875,-0.5404702425003052,-4.2055745124816895,-0.001958282198756933,-0.7005298733711243,-0.7454221844673157,0.06005027890205383
30.20000000000153,0.63726074,-4.666043,0,11.625965118408203,5.482790470123291,-2.58123779296875,-0.5465196371078491,-4.211784362792969,-0.0021762645337730646,-0.705716609954834,-0.7435206174850464,-0.04570697993040085
30.20000000000153,0.63726074,-4.666043,0,11.621087074279785,5.448846340179443,-2.5809478759765625,-0.5525327324867249,-4.217856407165527,-0.002531027887016535,-0.702492356300354,-0.7272101640701294,-0.06231525540351868
30.20000000000153,0.63726074,-4.666043,0,11.611215591430664,5.380834102630615,-2.5803985595703125,-0.5643259882926941,-4.229496002197266,-0.002939297817647457,-0.6870383620262146,-0.6900854110717773,-0.038123685866594315
30.20000000000153,0.63726074,-4.666043,0,11.606206893920898,5.34670877456665,-2.5800933837890625,-0.5701164603233337,-4.2351179122924805,-0.00303861778229475,-0.6734340786933899,-0.6661009788513184,-0.03229779750108719
30.20000000000153,0.63726074,-4.666043,0,11.60116195678711,5.312546730041504,-2.579803466796875,-0.5758422613143921,-4.240561008453369,-0.003182961605489254,-0.6666647791862488,-0.644801676273346,-0.03736698627471924
30.20000000000153,0.63726074,-4.666043,0,11.596080780029297,5.278348445892334,-2.5795135498046875,-0.5814738273620605,-4.245857238769531,-0.00325659173540771,-0.6561601758003235,-0.6275619268417358,-0.027985310181975365
30.20000000000153,0.63726074,-4.666043,0,11.585784912109375,5.209788799285889,-2.5789337158203125,-0.5926228165626526,-4.2564239501953125,-0.004724560305476189,-0.646224856376648,-0.6183643937110901,-0.14462368190288544
30.20000000000153,0.63726074,-4.666043,0,11.58057689666748,5.175431251525879,-2.578643798828125,-0.598068118095398,-4.26167106628418,-0.005768572445958853,-0.6350349187850952,-0.617824137210846,-0.1502474695444107
30.20000000000153,0.63726074,-4.666043,0,11.575335502624512,5.1410393714904785,-2.578369140625,-0.6034210324287415,-4.266889572143555,-0.0065786209888756275,-0.6246781945228577,-0.6152161955833435,-0.12045539170503616
30.20000000000153,0.63726074,-4.666043,0,11.570059776306152,5.106613636016846,-2.5781097412109375,-0.608725368976593,-4.272010326385498,-0.007369872182607651,-0.6197662353515625,-0.6040135622024536,-0.11757667362689972
30.600000000001607,0.57162285,-4.7138734,0,11.55936050415039,5.037591457366943,-2.5775604248046875,-0.61922287940979,-4.2823486328125,-0.008654830977320671,-0.6083412766456604,-0.6096965670585632,-0.09426520764827728
30.600000000001607,0.57162285,-4.7138734,0,11.553960800170898,5.003029823303223,-2.5773162841796875,-0.6243820190429688,-4.287519454956055,-0.009069524705410004,-0.5999508500099182,-0.6084611415863037,-0.07132533192634583
30.600000000001607,0.57162285,-4.7138734,0,11.548529624938965,4.968434810638428,-2.5770721435546875,-0.6294162273406982,-4.29265022277832,-0.00928634125739336,-0.585498034954071,-0.6044121384620667,-0.04606041684746742
30.600000000001607,0.57162285,-4.7138734,0,11.54304313659668,4.933787822723389,-2.576812744140625,-0.6343522071838379,-4.297822952270508,-0.009268973022699356,-0.5693350434303284,-0.6080281138420105,-0.01817568950355053
30.600000000001607,0.57162285,-4.7138734,0,11.53198528289795,4.864395618438721,-2.5763092041015625,-0.644065260887146,-4.308113098144531,-0.008690628223121166,-0.5593991875648499,-0.6070556044578552,0.03037322126328945
30.600000000001607,0.57162285,-4.7138734,0,11.52641487121582,4.829650402069092,-2.5760650634765625,-0.6487424373626709,-4.313180923461914,-0.008167277090251446,-0.5444620847702026,-0.5977430939674377,0.047093719244003296
30.600000000001607,0.57162285,-4.7138734,0,11.5208158493042,4.794872283935547,-2.5758209228515625,-0.6533782482147217,-4.318132400512695,-0.007454332895576954,-0.5403083562850952,-0.5840460658073425,0.07129041105508804
30.600000000001607,0.57162285,-4.7138734,0,11.515151023864746,4.760044574737549,-2.5755615234375,-0.6579018831253052,-4.323011875152588,-0.006635797210037708,-0.5210093855857849,-0.5731902718544006,0.08397595584392548
30.600000000001607,0.57162285,-4.7138734,0,11.509458541870117,4.725185871124268,-2.5753173828125,-0.6624614596366882,-4.3277716636657715,-0.005756389815360308,-0.5266181826591492,-0.5590596199035645,0.09208544343709946
30.600000000001607,0.57162285,-4.7138734,0,11.497991561889648,4.6553754806518555,-2.574798583984375,-0.6713292598724365,-4.337094783782959,-0.004545264877378941,-0.5079131722450256,-0.5480431318283081,0.02022320218384266
31.000000000001684,0.51100475,-4.7560654,0,11.492179870605469,4.620426654815674,-2.57452392578125,-0.675826907157898,-4.341655254364014,-0.005001120734959841,-0.5162555575370789,-0.5361878871917725,-0.07530627399682999
31.000000000001684,0.51100475,-4.7560654,0,11.48634147644043,4.585447788238525,-2.5742645263671875,-0.680241048336029,-4.3461785316467285,-0.005552351474761963,-0.5069877505302429,-0.5323063731193542,-0.08672335743904114
31.000000000001684,0.51100475,-4.7560654,0,11.474600791931152,4.515408992767334,-2.5737762451171875,-0.688708484172821,-4.354661464691162,-0.006226550322026014,-0.4838641285896301,-0.48846423625946045,-0.05751708149909973
31.000000000001684,0.51100475,-4.7560654,0,11.46866512298584,4.480347633361816,-2.573516845703125,-0.6928995251655579,-4.358726978302002,-0.006581055466085672,-0.4816308915615082,-0.476548433303833,-0.061827708035707474
31.000000000001684,0.51100475,-4.7560654,0,11.462705612182617,4.445260047912598,-2.573272705078125,-0.6970291137695312,-4.362704277038574,-0.006927236448973417,-0.4750428795814514,-0.4663340151309967,-0.060297079384326935
31.000000000001684,0.51100475,-4.7560654,0,11.456721305847168,4.410146713256836,-2.5730438232421875,-0.7010458707809448,-4.366597652435303,-0.007161034736782312,-0.46197888255119324,-0.4567009508609772,-0.04600686579942703
31.000000000001684,0.51100475,-4.7560654,0,11.4446439743042,4.339842796325684,-2.57257080078125,-0.7089458703994751,-4.37440824508667,-0.00886544119566679,-0.45161259174346924,-0.4645555317401886,-0.15372362732887268
31.000000000001684,0.51100475,-4.7560654,0,11.438551902770996,4.304651260375977,-2.5723419189453125,-0.7128936052322388,-4.3783278465271,-0.009925931692123413,-0.45035114884376526,-0.4613453447818756,-0.1499466449022293
31.000000000001684,0.51100475,-4.7560654,0,11.43244457244873,4.269436359405518,-2.5721435546875,-0.7166867256164551,-4.382209777832031,-0.010753215290606022,-0.4362204670906067,-0.4574205279350281,-0.11994502693414688
31.500000000001762,0.44274446,-4.8012466,0,11.426315307617188,4.234195232391357,-2.5719451904296875,-0.7204400897026062,-4.38607120513916,-0.011489073745906353,-0.43227142095565796,-0.45561811327934265,-0.10805343836545944
31.500000000001762,0.44274446,-4.8012466,0,11.413893699645996,4.163641929626465,-2.5715484619140625,-0.727798581123352,-4.393851280212402,-0.012659864500164986,-0.41744542121887207,-0.4646283984184265,-0.08469773083925247
31.500000000001762,0.44274446,-4.8012466,0,11.407651901245117,4.128325462341309,-2.571380615234375,-0.7313236594200134,-4.397753715515137,-0.013091535307466984,-0.39910539984703064,-0.4627183675765991,-0.06984592974185944
31.500000000001762,0.44274446,-4.8012466,0,11.401391983032227,4.092983245849609,-2.57122802734375,-0.7348511815071106,-4.401639461517334,-0.013400535099208355,-0.40050145983695984,-0.4611535370349884,-0.05406932532787323
31.500000000001762,0.44274446,-4.8012466,0,11.395086288452148,4.057626724243164,-2.571075439453125,-0.7383532524108887,-4.405488014221191,-0.013379243202507496,-0.39483919739723206,-0.45822128653526306,-0.01304969098418951
31.500000000001762,0.44274446,-4.8012466,0,11.38241958618164,3.986832857131958,-2.570770263671875,-0.7450312376022339,-4.413301944732666,-0.012818374671041965,-0.37571144104003906,-0.46496960520744324,0.030397901311516762
31.500000000001762,0.44274446,-4.8012466,0,11.376068115234375,3.951397657394409,-2.57061767578125,-0.748333215713501,-4.4172515869140625,-0.013169899582862854,-0.37718281149864197,-0.4717692732810974,-0.05806469917297363
31.500000000001762,0.44274446,-4.8012466,0,11.36965274810791,3.915954828262329,-2.57049560546875,-0.7516723275184631,-4.421346187591553,-0.014319121837615967,-0.37695780396461487,-0.4932873249053955,-0.1579178422689438
31.500000000001762,0.44274446,-4.8012466,0,11.363221168518066,3.8804826736450195,-2.5703582763671875,-0.7549482583999634,-4.425473690032959,-0.01560602243989706,-0.37012800574302673,-0.49770182371139526,-0.17496058344841003
31.500000000001762,0.44274446,-4.8012466,0,11.350305557250977,3.809450149536133,-2.5701446533203125,-0.7613453269004822,-4.433749198913574,-0.01750548556447029,-0.35441192984580994,-0.49806302785873413,-0.12778489291667938
31.90000000000184,0.3944567,-4.8316493,0,11.343790054321289,3.7739176750183105,-2.570068359375,-0.7644965052604675,-4.437976360321045,-0.018367666751146317,-0.353142648935318,-0.5148522853851318,-0.12124655395746231
31.90000000000184,0.3944567,-4.8316493,0,11.337259292602539,3.738353967666626,-2.5699920654296875,-0.767559289932251,-4.442251205444336,-0.019151456654071808,-0.3431844413280487,-0.5211192965507507,-0.11106719821691513
31.90000000000184,0.3944567,-4.8316493,0,11.33071231842041,3.702759027481079,-2.569915771484375,-0.7705458402633667,-4.446550369262695,-0.019755514338612556,-0.3347160220146179,-0.5244589447975159,-0.08823069930076599
31.90000000000184,0.3944567,-4.8316493,0,11.317583084106445,3.6314754486083984,-2.5698089599609375,-0.7763789296150208,-4.455341815948486,-0.02007286064326763,-0.3240721821784973,-0.5437548756599426,-0.01089321356266737
31.90000000000184,0.3944567,-4.8316493,0,11.310976028442383,3.5958194732666016,-2.56976318359375,-0.7791619300842285,-4.459779262542725,-0.019809400662779808,-0.31229960918426514,-0.5452781319618225,0.020892823114991188
31.90000000000184,0.3944567,-4.8316493,0,11.304354667663574,3.5601301193237305,-2.5697174072265625,-0.7819271087646484,-4.4641852378845215,-0.019323483109474182,-0.31103676557540894,-0.541650652885437,0.049044374376535416
31.90000000000184,0.3944567,-4.8316493,0,11.297720909118652,3.524407386779785,-2.569671630859375,-0.7846787571907043,-4.468631744384766,-0.018638597801327705,-0.31027352809906006,-0.54697185754776,0.07425061613321304
31.90000000000184,0.3944567,-4.8316493,0,11.291072845458984,3.4886512756347656,-2.5696258544921875,-0.7873983383178711,-4.473038196563721,-0.017804235219955444,-0.3071935176849365,-0.5421867966651917,0.09326217323541641
31.90000000000184,0.3944567,-4.8316493,0,11.277705192565918,3.4171066284179688,-2.569549560546875,-0.792796790599823,-4.481956958770752,-0.01786247082054615,-0.30377936363220215,-0.5512011051177979,-0.05335639789700508
31.90000000000184,0.3944567,-4.8316493,0,11.271000862121582,3.381282329559326,-2.56951904296875,-0.795417845249176,-4.4865031242370605,-0.018238600343465805,-0.29500409960746765,-0.5637943744659424,-0.05697318911552429
32.300000000001916,0.3520159,-4.857222,0,11.26428508758545,3.3454232215881348,-2.569488525390625,-0.7978869676589966,-4.490943431854248,-0.018465429544448853,-0.27691251039505005,-0.5506862998008728,-0.03828154504299164
32.300000000001916,0.3520159,-4.857222,0,11.250792503356934,3.2736949920654297,-2.5694732666015625,-0.8027781248092651,-4.499688625335693,-0.018683338537812233,-0.27387237548828125,-0.5457419157028198,-0.020854638889431953
32.300000000001916,0.3520159,-4.857222,0,11.24402904510498,3.237778902053833,-2.5694732666015625,-0.8051201105117798,-4.504012584686279,-0.018742933869361877,-0.265179306268692,-0.5403122305870056,-0.015737952664494514
32.300000000001916,0.3520159,-4.857222,0,11.237256050109863,3.201828718185425,-2.569488525390625,-0.8074437975883484,-4.508275032043457,-0.018619287759065628,-0.2636634111404419,-0.5326682329177856,0.007406342308968306
32.300000000001916,0.3520159,-4.857222,0,11.230443954467773,3.1659095287323,-2.5695037841796875,-0.8097571730613708,-4.512452602386475,-0.018278060480952263,-0.26027989387512207,-0.5297996401786804,0.035445667803287506
32.300000000001916,0.3520159,-4.857222,0,11.216790199279785,3.093968629837036,-2.569549560546875,-0.8141757845878601,-4.520744800567627,-0.01773383468389511,-0.25006258487701416,-0.5252774357795715,-0.0047204080037772655
32.300000000001916,0.3520159,-4.857222,0,11.209949493408203,3.0579469203948975,-2.569580078125,-0.8163158893585205,-4.524953365325928,-0.018319180235266685,-0.24101948738098145,-0.5332863926887512,-0.07966998219490051
32.300000000001916,0.3520159,-4.857222,0,11.203073501586914,3.0219340324401855,-2.56964111328125,-0.8184219002723694,-4.529153347015381,-0.018930833786725998,-0.23838268220424652,-0.5363094210624695,-0.08195265382528305
32.300000000001916,0.3520159,-4.857222,0,11.196189880371094,2.9858860969543457,-2.5697021484375,-0.8203751444816589,-4.533289432525635,-0.019208839163184166,-0.22001269459724426,-0.5280091166496277,-0.04008598253130913
32.70000000000199,0.31558898,-4.8782177,0,11.182401657104492,2.913686513900757,-2.5698394775390625,-0.8241166472434998,-4.541488170623779,-0.019693518057465553,-0.20701082050800323,-0.5209032297134399,-0.03547733277082443
32.70000000000199,0.31558898,-4.8782177,0,11.175446510314941,2.87758207321167,-2.5699310302734375,-0.8259698152542114,-4.545534133911133,-0.019839700311422348,-0.20399786531925201,-0.5218491554260254,-0.02298690192401409
32.70000000000199,0.31558898,-4.8782177,0,11.168485641479492,2.8414430618286133,-2.57000732421875,-0.8277502655982971,-4.549541473388672,-0.019843995571136475,-0.19568681716918945,-0.5166215896606445,-0.0051134261302649975
32.70000000000199,0.31558898,-4.8782177,0,11.161520004272461,2.805269479751587,-2.570098876953125,-0.8294312357902527,-4.553561687469482,-0.019672207534313202,-0.18399140238761902,-0.5176631808280945,0.01686159335076809
32.70000000000199,0.31558898,-4.8782177,0,11.147517204284668,2.732867956161499,-2.5702667236328125,-0.8325767517089844,-4.56144905090332,-0.01852603815495968,-0.16077712178230286,-0.5056648254394531,0.07924018055200577
32.70000000000199,0.31558898,-4.8782177,0,11.140488624572754,2.6966421604156494,-2.5703582763671875,-0.834086537361145,-4.565268039703369,-0.017703112214803696,-0.16207849979400635,-0.49626848101615906,0.09931670129299164
32.70000000000199,0.31558898,-4.8782177,0,11.133458137512207,2.6603827476501465,-2.5704345703125,-0.8355112075805664,-4.569048881530762,-0.016838354989886284,-0.15219703316688538,-0.49096807837486267,0.10464666038751602
32.70000000000199,0.31558898,-4.8782177,0,11.126426696777344,2.6240904331207275,-2.5705108642578125,-0.8368734121322632,-4.572748184204102,-0.015839187428355217,-0.14510692656040192,-0.4802595376968384,0.1215464398264885
32.70000000000199,0.31558898,-4.8782177,0,11.119336128234863,2.5877959728240967,-2.5706024169921875,-0.8382270336151123,-4.576356410980225,-0.015415840782225132,-0.13795150816440582,-0.47246283292770386,0.05006137862801552
32.70000000000199,0.31558898,-4.8782177,0,11.105154037475586,2.515110492706299,-2.570770263671875,-0.8407949805259705,-4.583437919616699,-0.015826113522052765,-0.1267639696598053,-0.45713797211647034,-0.03603659197688103
33.20000000000207,0.27869952,-4.8985147,0,11.098062515258789,2.4787209033966064,-2.57086181640625,-0.8419755101203918,-4.586862564086914,-0.015864888206124306,-0.11878781765699387,-0.44778743386268616,-0.007470137905329466
33.20000000000207,0.27869952,-4.8985147,0,11.090970993041992,2.442301034927368,-2.5709686279296875,-0.8430426716804504,-4.5901899337768555,-0.01582058146595955,-0.10541347414255142,-0.4350564777851105,0.00299001089297235
33.20000000000207,0.27869952,-4.8985147,0,11.08384895324707,2.405888319015503,-2.571075439453125,-0.8440886735916138,-4.593364715576172,-0.01582513563334942,-0.10026976466178894,-0.41968390345573425,-0.0027003695722669363
33.20000000000207,0.27869952,-4.8985147,0,11.069625854492188,2.3329787254333496,-2.5712890625,-0.8458462953567505,-4.59954309463501,-0.01558618526905775,-0.07562027126550674,-0.4026069939136505,0.019981523975729942
33.20000000000207,0.27869952,-4.8985147,0,11.062519073486328,2.2964818477630615,-2.5713958740234375,-0.846575140953064,-4.602492332458496,-0.015276785008609295,-0.06661362946033478,-0.38798558712005615,0.03684591129422188
33.20000000000207,0.27869952,-4.8985147,0,11.055390357971191,2.2599899768829346,-2.5715179443359375,-0.847307562828064,-4.605355739593506,-0.014815832488238811,-0.06448482722043991,-0.38035351037979126,0.055575739592313766
33.20000000000207,0.27869952,-4.8985147,0,11.041143417358398,2.1869266033172607,-2.5717315673828125,-0.8485804796218872,-4.610815525054932,-0.013356897979974747,-0.04862336069345474,-0.3583230972290039,0.10203662514686584
33.20000000000207,0.27869952,-4.8985147,0,11.034026145935059,2.1503565311431885,-2.5718231201171875,-0.8490779995918274,-4.613364219665527,-0.012478974647819996,-0.03725019469857216,-0.3392719328403473,0.10787183046340942
33.20000000000207,0.27869952,-4.8985147,0,11.026881217956543,2.1138017177581787,-2.5719146728515625,-0.8495286703109741,-4.615778923034668,-0.012313684448599815,-0.027665911242365837,-0.3267545700073242,0.018376389518380165
33.20000000000207,0.27869952,-4.8985147,0,11.01974105834961,2.0772228240966797,-2.572021484375,-0.8498921394348145,-4.61823034286499,-0.012984112836420536,-0.017546596005558968,-0.33057671785354614,-0.08602253347635269
33.70000000000215,0.25155506,-4.912965,0,11.005497932434082,2.0039942264556885,-2.572235107421875,-0.850426435470581,-4.622954845428467,-0.014199384488165379,-0.00739241624251008,-0.3052460253238678,-0.05668354779481888
33.70000000000215,0.25155506,-4.912965,0,10.99836254119873,1.9673957824707031,-2.5723724365234375,-0.8505566120147705,-4.625158786773682,-0.014576761052012444,0.008925984613597393,-0.30206748843193054,-0.04894425719976425
33.70000000000215,0.25155506,-4.912965,0,10.99123477935791,1.9307743310928345,-2.572509765625,-0.8506594896316528,-4.6272711753845215,-0.01491282694041729,0.011657836847007275,-0.2896612584590912,-0.043732576072216034
33.70000000000215,0.25155506,-4.912965,0,10.984114646911621,1.8941303491592407,-2.5726470947265625,-0.850666880607605,-4.629392147064209,-0.015186978504061699,0.02293132059276104,-0.28982532024383545,-0.03594718500971794
33.70000000000215,0.25155506,-4.912965,0,10.969879150390625,1.820826768875122,-2.5729522705078125,-0.8504838347434998,-4.633683204650879,-0.017093783244490623,0.03820731118321419,-0.30187541246414185,-0.15641050040721893
33.70000000000215,0.25155506,-4.912965,0,10.962764739990234,1.7841655015945435,-2.5731353759765625,-0.8503696918487549,-4.635934352874756,-0.018275106325745583,0.03841543197631836,-0.3106226623058319,-0.14905956387519836
33.70000000000215,0.25155506,-4.912965,0,10.955668449401855,1.747480034828186,-2.57330322265625,-0.8500865697860718,-4.638318061828613,-0.019129492342472076,0.055255226790905,-0.32391321659088135,-0.10810791701078415
33.70000000000215,0.25155506,-4.912965,0,10.948582649230957,1.7107690572738647,-2.573486328125,-0.8496406674385071,-4.640746593475342,-0.019917936995625496,0.07505301386117935,-0.3286598026752472,-0.10001705586910248
33.70000000000215,0.25155506,-4.912965,0,10.934370994567871,1.6374082565307617,-2.5738677978515625,-0.84879070520401,-4.645901203155518,-0.02119799703359604,0.07825729250907898,-0.36435791850090027,-0.07513211667537689
33.70000000000215,0.25155506,-4.912965,0,10.92728328704834,1.6006848812103271,-2.574066162109375,-0.8483494520187378,-4.648748874664307,-0.021679770201444626,0.0772184357047081,-0.3882077932357788,-0.06168568134307861
34.100000000002225,0.23689832,-4.920752,0,10.920207977294922,1.5639313459396362,-2.5742645263671875,-0.8477469682693481,-4.651700019836426,-0.021943161264061928,0.09675027430057526,-0.40013766288757324,-0.034346241503953934
34.100000000002225,0.23689832,-4.920752,0,10.913104057312012,1.5272163152694702,-2.574462890625,-0.847158670425415,-4.654721260070801,-0.021771922707557678,0.09943748265504837,-0.4179837703704834,0.01987721584737301
34.100000000002225,0.23689832,-4.920752,0,10.898935317993164,1.4536868333816528,-2.574859619140625,-0.8459576368331909,-4.6611738204956055,-0.020654039457440376,0.10174717009067535,-0.44449135661125183,0.08710892498493195
34.100000000002225,0.23689832,-4.920752,0,10.89188003540039,1.4168708324432373,-2.5750579833984375,-0.84523606300354,-4.664575099945068,-0.019805407151579857,0.11042912304401398,-0.45882850885391235,0.10490882396697998
34.100000000002225,0.23689832,-4.920752,0,10.884803771972656,1.380095362663269,-2.5752410888671875,-0.8444808721542358,-4.667928218841553,-0.018803412094712257,0.11784711480140686,-0.46273988485336304,0.1236167624592781
34.100000000002225,0.23689832,-4.920752,0,10.877741813659668,1.3432838916778564,-2.5754241943359375,-0.8436326384544373,-4.671319961547852,-0.017669083550572395,0.12879037857055664,-0.4662006199359894,0.14020408689975739
34.100000000002225,0.23689832,-4.920752,0,10.870696067810059,1.3064366579055786,-2.5755767822265625,-0.8427597284317017,-4.674676418304443,-0.016340453177690506,0.13123483955860138,-0.4605197608470917,0.16453908383846283
34.100000000002225,0.23689832,-4.920752,0,10.856649398803711,1.2326362133026123,-2.5758819580078125,-0.8408342599868774,-4.681380271911621,-0.01414149533957243,0.14635252952575684,-0.45853129029273987,0.10732048749923706
34.100000000002225,0.23689832,-4.920752,0,10.849621772766113,1.1957612037658691,-2.5760345458984375,-0.8398118615150452,-4.684728145599365,-0.013881688006222248,0.15074968338012695,-0.4659763276576996,0.030611639842391014
34.100000000002225,0.23689832,-4.920752,0,10.842610359191895,1.1588499546051025,-2.5761566162109375,-0.838738203048706,-4.688018798828125,-0.013755971565842628,0.15648998320102692,-0.457561194896698,0.01380173396319151
34.600000000002304,0.22738013,-4.9261403,0,10.82864761352539,1.0849210023880005,-2.5764312744140625,-0.8363357186317444,-4.6944122314453125,-0.01301293633878231,0.1761816293001175,-0.43766331672668457,0.050307247787714005
34.600000000002304,0.22738013,-4.9261403,0,10.82165241241455,1.0479730367660522,-2.5765533447265625,-0.835101842880249,-4.697449684143066,-0.01263474766165018,0.17532436549663544,-0.4276009500026703,0.04524923488497734
34.600000000002304,0.22738013,-4.9261403,0,10.814676284790039,1.0109905004501343,-2.5766754150390625,-0.8337883949279785,-4.700441837310791,-0.012235432863235474,0.18466554582118988,-0.4207465350627899,0.047952864319086075
34.600000000002304,0.22738013,-4.9261403,0,10.807719230651855,0.9739742279052734,-2.576812744140625,-0.832388162612915,-4.703348159790039,-0.011819948442280293,0.19491422176361084,-0.40886202454566956,0.05003576725721359
34.600000000002304,0.22738013,-4.9261403,0,10.80078125,0.936924934387207,-2.5769195556640625,-0.8309621810913086,-4.706211090087891,-0.011260706931352615,0.19754697382450104,-0.40232789516448975,0.06806477159261703
34.600000000002304,0.22738013,-4.9261403,0,10.793813705444336,0.8999221920967102,-2.577056884765625,-0.8295807838439941,-4.708806037902832,-0.01048192847520113,0.19618643820285797,-0.3774672746658325,0.09608826786279678
34.600000000002304,0.22738013,-4.9261403,0,10.779940605163574,0.8258225321769714,-2.577301025390625,-0.8265154361724854,-4.71381950378418,-0.008592234924435616,0.21990332007408142,-0.35783034563064575,0.12474273145198822
34.600000000002304,0.22738013,-4.9261403,0,10.773036003112793,0.7887272238731384,-2.5774078369140625,-0.8248807191848755,-4.716244697570801,-0.008276733569800854,0.22585779428482056,-0.35231465101242065,0.03828759863972664
34.600000000002304,0.22738013,-4.9261403,0,10.75916862487793,0.7146219611167908,-2.5776519775390625,-0.8214583396911621,-4.7209672927856445,-0.009301194921135902,0.24158847332000732,-0.34565767645835876,-0.06861983984708786
34.600000000002304,0.22738013,-4.9261403,0,10.752270698547363,0.677523672580719,-2.5777740478515625,-0.8196718692779541,-4.723186016082764,-0.009566126391291618,0.24687273800373077,-0.3300035893917084,-0.034166496247053146
35.10000000000238,0.22754209,-4.926936,0,10.74539566040039,0.640396237373352,-2.5778961181640625,-0.8177878260612488,-4.725358009338379,-0.00977206602692604,0.25839856266975403,-0.32268181443214417,-0.026759689673781395
35.10000000000238,0.22754209,-4.926936,0,10.738475799560547,0.603334903717041,-2.578033447265625,-0.8159393668174744,-4.727319717407227,-0.009955371730029583,0.26084014773368835,-0.30776822566986084,-0.023789236322045326
35.10000000000238,0.22754209,-4.926936,0,10.724713325500488,0.529127299785614,-2.5782928466796875,-0.8120494484901428,-4.731161117553711,-0.010202053003013134,0.27066048979759216,-0.3021562397480011,-0.010789836756885052
35.10000000000238,0.22754209,-4.926936,0,10.717869758605957,0.4919816553592682,-2.57843017578125,-0.8099979758262634,-4.733043670654297,-0.010042218491435051,0.2837904989719391,-0.292569637298584,0.019185243174433708
35.10000000000238,0.22754209,-4.926936,0,10.7109956741333,0.4549199640750885,-2.5785980224609375,-0.8078572750091553,-4.734767913818359,-0.009693707339465618,0.29763323068618774,-0.28277379274368286,0.04408135637640953
35.10000000000238,0.22754209,-4.926936,0,10.704150199890137,0.4178299903869629,-2.5787506103515625,-0.8056994676589966,-4.73651647567749,-0.00917235016822815,0.29892560839653015,-0.28379568457603455,0.06567313522100449
35.10000000000238,0.22754209,-4.926936,0,10.690542221069336,0.3435653746128082,-2.57904052734375,-0.8012323975563049,-4.740142345428467,-0.009729036130011082,0.3088997006416321,-0.2937062978744507,-0.07787299901247025
35.10000000000238,0.22754209,-4.926936,0,10.683716773986816,0.30649814009666443,-2.5792388916015625,-0.7989169359207153,-4.741894245147705,-0.010376794263720512,0.3233664631843567,-0.2939082682132721,-0.07885647565126419
35.10000000000238,0.22754209,-4.926936,0,10.676920890808105,0.2694013714790344,-2.5794219970703125,-0.7965203523635864,-4.743701934814453,-0.010813327506184578,0.3325898349285126,-0.2988126277923584,-0.05250796303153038
35.50000000000246,0.23451985,-4.9243298,0,10.67015552520752,0.2322751134634018,-2.579620361328125,-0.7940549850463867,-4.745535373687744,-0.01114068366587162,0.3402843773365021,-0.2999444603919983,-0.038914378732442856
35.50000000000246,0.23451985,-4.9243298,0,10.656671524047852,0.15805330872535706,-2.580047607421875,-0.7889276742935181,-4.749092102050781,-0.011654729023575783,0.35347869992256165,-0.3004969656467438,-0.0264951940625906
35.50000000000246,0.23451985,-4.9243298,0,10.64996337890625,0.12095540016889572,-2.5802764892578125,-0.7862762212753296,-4.750903606414795,-0.011797779239714146,0.3619757890701294,-0.30262428522109985,-0.014070886187255383
35.50000000000246,0.23451985,-4.9243298,0,10.643287658691406,0.08382652699947357,-2.58050537109375,-0.7835509181022644,-4.752769947052002,-0.011647453531622887,0.37036100029945374,-0.30722367763519287,0.02249283529818058
35.50000000000246,0.23451985,-4.9243298,0,10.636643409729004,0.046666551381349564,-2.5807342529296875,-0.7808230519294739,-4.754720211029053,-0.011269733309745789,0.3698437213897705,-0.31553393602371216,0.05104345828294754
35.50000000000246,0.23451985,-4.9243298,0,10.623405456542969,-0.027627689763903618,-2.581207275390625,-0.775191605091095,-4.758561134338379,-0.009849806316196918,0.37971383333206177,-0.3210573196411133,0.10300473868846893
35.50000000000246,0.23451985,-4.9243298,0,10.616812705993652,-0.06476353108882904,-2.581451416015625,-0.7722520232200623,-4.760456562042236,-0.008885216899216175,0.398547500371933,-0.31740373373031616,0.12593528628349304
35.50000000000246,0.23451985,-4.9243298,0,10.610254287719727,-0.10193115472793579,-2.5816802978515625,-0.7692926526069641,-4.762270927429199,-0.0077915433794260025,0.40016448497772217,-0.30513301491737366,0.14192330837249756
35.50000000000246,0.23451985,-4.9243298,0,10.603729248046875,-0.13912999629974365,-2.5818939208984375,-0.766309380531311,-4.764111518859863,-0.0071728406473994255,0.4023056626319885,-0.30620312690734863,0.0824071392416954
35.50000000000246,0.23451985,-4.9243298,0,10.59074878692627,-0.21337784826755524,-2.5823822021484375,-0.7599779963493347,-4.767782211303711,-0.007194275967776775,0.4263888895511627,-0.3131089210510254,0.0029895452316850424
35.50000000000246,0.23451985,-4.9243298,0,10.58431625366211,-0.25055229663848877,-2.5825958251953125,-0.7567402720451355,-4.76957368850708,-0.00692004757001996,0.4297875761985779,-0.303410142660141,0.04002358391880989
36.00000000000254,0.25159097,-4.9169726,0,10.577919006347656,-0.2877591848373413,-2.58282470703125,-0.7533795833587646,-4.771396160125732,-0.006597801577299833,0.4444272816181183,-0.3049607276916504,0.045863907784223557
36.00000000000254,0.25159097,-4.9169726,0,10.571537971496582,-0.3248709440231323,-2.58306884765625,-0.7500303983688354,-4.772965908050537,-0.006300050765275955,0.4434966444969177,-0.28628337383270264,0.044403593987226486
36.00000000000254,0.25159097,-4.9169726,0,10.55888557434082,-0.3991912305355072,-2.5835418701171875,-0.7430552244186401,-4.77607536315918,-0.005681093316525221,0.46032100915908813,-0.2767212986946106,0.04634307324886322
36.00000000000254,0.25159097,-4.9169726,0,10.552616119384766,-0.4363985061645508,-2.583770751953125,-0.7395457625389099,-4.7775774002075195,-0.005215820390731096,0.46143731474876404,-0.2705995440483093,0.06475532054901123
36.00000000000254,0.25159097,-4.9169726,0,10.546363830566406,-0.4734989404678345,-2.584014892578125,-0.7359268069267273,-4.778866291046143,-0.004558483604341745,0.47553369402885437,-0.2581782639026642,0.09013339132070541
36.00000000000254,0.25159097,-4.9169726,0,10.540149688720703,-0.5106308460235596,-2.584259033203125,-0.7321777939796448,-4.780167579650879,-0.004458117298781872,0.4911181330680847,-0.2571706175804138,0.020168254151940346
36.00000000000254,0.25159097,-4.9169726,0,10.52785873413086,-0.5849947929382324,-2.5847320556640625,-0.724449872970581,-4.783096790313721,-0.00559686915948987,0.5039966106414795,-0.2741461396217346,-0.06458023190498352
36.00000000000254,0.25159097,-4.9169726,0,10.521759986877441,-0.6220875382423401,-2.5850067138671875,-0.7205802798271179,-4.784422397613525,-0.0058838920667767525,0.501491367816925,-0.2654604911804199,-0.02699997089803219
36.00000000000254,0.25159097,-4.9169726,0,10.515701293945312,-0.6592135429382324,-2.5852813720703125,-0.7166199684143066,-4.7857866287231445,-0.006104175932705402,0.5122976303100586,-0.2676181495189667,-0.018907709047198296
36.40000000000261,0.27173245,-4.9076977,0,10.509683609008789,-0.6963723301887512,-2.5855560302734375,-0.7126147747039795,-4.787134647369385,-0.006269441451877356,0.5173766613006592,-0.26295942068099976,-0.012273899279534817
36.40000000000261,0.27173245,-4.9076977,0,10.497753143310547,-0.7706533074378967,-2.58612060546875,-0.7044374346733093,-4.789787292480469,-0.0063232798129320145,0.5277734398841858,-0.2671487331390381,0.012759118340909481
36.40000000000261,0.27173245,-4.9076977,0,10.491840362548828,-0.8077772259712219,-2.586395263671875,-0.7002343535423279,-4.791161060333252,-0.006100770086050034,0.5413098931312561,-0.2749324142932892,0.03669503703713417
36.40000000000261,0.27173245,-4.9076977,0,10.485979080200195,-0.8449380993843079,-2.586669921875,-0.6959951519966125,-4.7926177978515625,-0.005622262135148048,0.5422466993331909,-0.27718812227249146,0.0682314783334732
36.40000000000261,0.27173245,-4.9076977,0,10.4801607131958,-0.8821332454681396,-2.5869293212890625,-0.6916875839233398,-4.794094562530518,-0.004969035740941763,0.5503779053688049,-0.27692240476608276,0.08982791751623154
36.40000000000261,0.27173245,-4.9076977,0,10.468647003173828,-0.956315815448761,-2.5875244140625,-0.6829220652580261,-4.796663761138916,-0.003324897028505802,0.5589242577552795,-0.2673356235027313,0.1177135780453682
36.40000000000261,0.27173245,-4.9076977,0,10.4629545211792,-0.9934590458869934,-2.587799072265625,-0.6784630417823792,-4.797901153564453,-0.002297532046213746,0.5674393177032471,-0.25788623094558716,0.13820965588092804
36.40000000000261,0.27173245,-4.9076977,0,10.457305908203125,-1.0306355953216553,-2.5880584716796875,-0.6739782691001892,-4.799046039581299,-0.0011835664045065641,0.5703181624412537,-0.24347679316997528,0.1487554907798767
36.40000000000261,0.27173245,-4.9076977,0,10.451702117919922,-1.0676777362823486,-2.588348388671875,-0.6694532632827759,-4.800017356872559,-0.000542568857781589,0.5741852521896362,-0.2404702603816986,0.09180372208356857
36.40000000000261,0.27173245,-4.9076977,0,10.44062614440918,-1.14186429977417,-2.588897705078125,-0.660129725933075,-4.802008152008057,-0.0002698194875847548,0.594035267829895,-0.2335960417985916,0.02505304105579853
36.90000000000269,0.30470842,-4.891631,0,10.435155868530273,-1.179006814956665,-2.5891571044921875,-0.6554251313209534,-4.802908897399902,7.745890616206452e-05,0.5957160592079163,-0.22205112874507904,0.054115891456604004
36.90000000000269,0.30470842,-4.891631,0,10.429729461669922,-1.2161808013916016,-2.5894012451171875,-0.6506322622299194,-4.8037109375,0.0004952382296323776,0.6064525842666626,-0.2065504938364029,0.06261979788541794
36.90000000000269,0.30470842,-4.891631,0,10.424354553222656,-1.2532120943069458,-2.589691162109375,-0.6457647681236267,-4.804215908050537,0.0008228981751017272,0.6146215200424194,-0.18793445825576782,0.05312449857592583
36.90000000000269,0.30470842,-4.891631,0,10.413740158081055,-1.3273669481277466,-2.5902252197265625,-0.6359261870384216,-4.805167198181152,0.0015775396022945642,0.6228843331336975,-0.17470315098762512,0.06074877083301544
36.90000000000269,0.30470842,-4.891631,0,10.408501625061035,-1.364489197731018,-2.5904693603515625,-0.6309766173362732,-4.8056321144104,0.0021437928080558777,0.624211847782135,-0.17315822839736938,0.08159363269805908
36.90000000000269,0.30470842,-4.891631,0,10.40330982208252,-1.4014840126037598,-2.590728759765625,-0.6259804368019104,-4.805843353271484,0.002882732544094324,0.6294203400611877,-0.15760141611099243,0.10467366874217987
36.90000000000269,0.30470842,-4.891631,0,10.398163795471191,-1.438508152961731,-2.590972900390625,-0.6208941340446472,-4.805970668792725,0.00369220320135355,0.6404871344566345,-0.1436636596918106,0.11314171552658081
36.90000000000269,0.30470842,-4.891631,0,10.388011932373047,-1.512641429901123,-2.5914459228515625,-0.6105854511260986,-4.806270599365234,0.00349770812317729,0.6533925533294678,-0.14148180186748505,-0.04542898014187813
36.90000000000269,0.30470842,-4.891631,0,10.383008003234863,-1.549590826034546,-2.591705322265625,-0.6053765416145325,-4.806255340576172,0.0029801770579069853,0.6544870138168335,-0.1357731968164444,-0.0519677959382534
36.90000000000269,0.30470842,-4.891631,0,10.378050804138184,-1.5865689516067505,-2.5919647216796875,-0.6001152992248535,-4.806211471557617,0.002757634036242962,0.6608741283416748,-0.1285267025232315,-0.015451106242835522
37.30000000000277,0.33707193,-4.8749685,0,10.373141288757324,-1.6235747337341309,-2.59222412109375,-0.5948387384414673,-4.806109428405762,0.0026409958954900503,0.6626365780830383,-0.11772187054157257,-0.0023837198968976736
37.30000000000277,0.33707193,-4.8749685,0,10.363447189331055,-1.697514295578003,-2.592742919921875,-0.5841363668441772,-4.805815696716309,0.0024995733983814716,0.6791545152664185,-0.11530914902687073,0.0038202849682420492
37.30000000000277,0.33707193,-4.8749685,0,10.358662605285645,-1.7344491481781006,-2.593017578125,-0.57877117395401,-4.805596828460693,0.0024942029267549515,0.6744954586029053,-0.11172547936439514,0.011827795766294003
37.30000000000277,0.33707193,-4.8749685,0,10.353926658630371,-1.7714112997055054,-2.5932769775390625,-0.5733750462532043,-4.8053812980651855,0.002702351426705718,0.678191602230072,-0.10837900638580322,0.038164664059877396
37.30000000000277,0.33707193,-4.8749685,0,10.349239349365234,-1.8084001541137695,-2.5935211181640625,-0.5679738521575928,-4.805174827575684,0.0031089778058230877,0.6786468625068665,-0.10579733550548553,0.06262864172458649
37.30000000000277,0.33707193,-4.8749685,0,10.33996868133545,-1.882175087928772,-2.594024658203125,-0.5569962859153748,-4.80460786819458,0.0040918681770563126,0.6970174908638,-0.1122552827000618,0.05564139783382416
37.30000000000277,0.33707193,-4.8749685,0,10.335407257080078,-1.9191043376922607,-2.5942535400390625,-0.5514026880264282,-4.804380893707275,0.004037181846797466,0.7039552330970764,-0.11047451198101044,0.004654749762266874
37.30000000000277,0.33707193,-4.8749685,0,10.330896377563477,-1.956060767173767,-2.594482421875,-0.5457322001457214,-4.8041863441467285,0.0039559006690979,0.7133693099021912,-0.11086422204971313,0.0010044312803074718
37.30000000000277,0.33707193,-4.8749685,0,10.326424598693848,-1.9928888082504272,-2.5947113037109375,-0.5400664210319519,-4.8038787841796875,0.0040686968713998795,0.713526725769043,-0.11353067308664322,0.025842802599072456
37.30000000000277,0.33707193,-4.8749685,0,10.317632675170898,-2.0666310787200928,-2.59515380859375,-0.528631329536438,-4.803445816040039,0.004519875627011061,0.7200660705566406,-0.11718104779720306,0.039112284779548645
37.800000000002846,0.38462672,-4.8490086,0,10.313312530517578,-2.1035444736480713,-2.595367431640625,-0.5228727459907532,-4.803309917449951,0.0047561610117554665,0.7245268821716309,-0.12310947477817535,0.040304843336343765
37.800000000002846,0.38462672,-4.8490086,0,10.309026718139648,-2.140319585800171,-2.5955810546875,-0.5170539021492004,-4.803053379058838,0.005061841104179621,0.7335640788078308,-0.12650640308856964,0.04902900755405426
37.800000000002846,0.38462672,-4.8490086,0,10.304791450500488,-2.1771249771118164,-2.5957794189453125,-0.5112899541854858,-4.802865982055664,0.005568906664848328,0.7264682650566101,-0.1309937685728073,0.07404758781194687
37.800000000002846,0.38462672,-4.8490086,0,10.296473503112793,-2.2508225440979004,-2.596160888671875,-0.49964773654937744,-4.802359580993652,0.006968863774091005,0.7377884387969971,-0.11415895074605942,0.10671093314886093
37.800000000002846,0.38462672,-4.8490086,0,10.292367935180664,-2.287538766860962,-2.5963287353515625,-0.4938446581363678,-4.8019185066223145,0.007884556427598,0.7333824634552002,-0.11074607819318771,0.12449686229228973
37.800000000002846,0.38462672,-4.8490086,0,10.288314819335938,-2.324284315109253,-2.59649658203125,-0.4878928065299988,-4.8015618324279785,0.008277728222310543,0.7517128586769104,-0.11702007800340652,0.05889497324824333
37.800000000002846,0.38462672,-4.8490086,0,10.284314155578613,-2.3610591888427734,-2.596649169921875,-0.481931209564209,-4.801241874694824,0.007971782237291336,0.7526752352714539,-0.11743118613958359,-0.02877320908010006
37.800000000002846,0.38462672,-4.8490086,0,10.276470184326172,-2.4346959590911865,-2.596954345703125,-0.46975940465927124,-4.800764083862305,0.007474146317690611,0.7695990800857544,-0.11932841688394547,-0.004815868567675352
37.800000000002846,0.38462672,-4.8490086,0,10.272578239440918,-2.4713737964630127,-2.5970916748046875,-0.4637056589126587,-4.800317764282227,0.0074165379628539085,0.7689737677574158,-0.1137368306517601,0.0011990776984021068
38.20000000000292,0.42805037,-4.823825,0,10.268738746643066,-2.5080811977386475,-2.59722900390625,-0.45762184262275696,-4.799900531768799,0.007378436159342527,0.7723627090454102,-0.11296645551919937,0.003398861503228545
38.20000000000292,0.42805037,-4.823825,0,10.26495361328125,-2.5448179244995117,-2.59735107421875,-0.45150065422058105,-4.799496650695801,0.007316232658922672,0.7766775488853455,-0.11032954603433609,0.0001545995328342542
38.20000000000292,0.42805037,-4.823825,0,10.257495880126953,-2.618184804916382,-2.5976104736328125,-0.4392385482788086,-4.798691272735596,0.007588313892483711,0.7803285717964172,-0.11735274642705917,0.031534578651189804
38.20000000000292,0.42805037,-4.823825,0,10.253823280334473,-2.6548171043395996,-2.59771728515625,-0.4331234097480774,-4.79829216003418,0.008002787828445435,0.7804619073867798,-0.12379752844572067,0.05966378003358841
38.20000000000292,0.42805037,-4.823825,0,10.250205039978027,-2.6914801597595215,-2.59783935546875,-0.4270164668560028,-4.797911643981934,0.008598788641393185,0.7789733409881592,-0.12166211009025574,0.08213333040475845
38.20000000000292,0.42805037,-4.823825,0,10.246641159057617,-2.728173017501831,-2.597930908203125,-0.4208748936653137,-4.797553062438965,0.00939849205315113,0.782840371131897,-0.12004261463880539,0.10742572695016861
38.20000000000292,0.42805037,-4.823825,0,10.239563941955566,-2.8012170791625977,-2.59814453125,-0.40856698155403137,-4.796361923217773,0.010828949511051178,0.7912155985832214,-0.10536527633666992,0.06927269697189331
38.20000000000292,0.42805037,-4.823825,0,10.236109733581543,-2.837785243988037,-2.5982208251953125,-0.4023268520832062,-4.795799255371094,0.010784938000142574,0.8001194596290588,-0.10950059443712234,0.0023767349775880575
38.20000000000292,0.42805037,-4.823825,0,10.232710838317871,-2.8743836879730225,-2.5983123779296875,-0.39608168601989746,-4.795254707336426,0.010804351419210434,0.8001681566238403,-0.10712222754955292,0.010083428584039211
38.20000000000292,0.42805037,-4.823825,0,10.229307174682617,-2.910799503326416,-2.5984039306640625,-0.38977473974227905,-4.794479846954346,0.010978123173117638,0.8145156502723694,-0.10198841243982315,0.0300933588296175
38.600000000003,0.47597608,-4.7944202,0,10.222671508789062,-2.983724594116211,-2.59857177734375,-0.3771202266216278,-4.792977809906006,0.01140827126801014,0.811490535736084,-0.09755869954824448,0.03477558121085167
38.600000000003,0.47597608,-4.7944202,0,10.219439506530762,-3.0202322006225586,-2.5986480712890625,-0.3708205223083496,-4.7922444343566895,0.011659665033221245,0.8114972710609436,-0.0920092985033989,0.03892788290977478
38.600000000003,0.47597608,-4.7944202,0,10.216208457946777,-3.056551933288574,-2.598724365234375,-0.3645611107349396,-4.791259765625,0.011987951584160328,0.8123993873596191,-0.08503775298595428,0.04982761666178703
38.600000000003,0.47597608,-4.7944202,0,10.213034629821777,-3.092902183532715,-2.5988006591796875,-0.3582629859447479,-4.7902350425720215,0.012473167851567268,0.8164188265800476,-0.07470645755529404,0.06920098513364792
38.600000000003,0.47597608,-4.7944202,0,10.206859588623047,-3.16569185256958,-2.59893798828125,-0.3456227481365204,-4.788228511810303,0.013848485425114632,0.8184827566146851,-0.06466803699731827,0.10422337055206299
38.600000000003,0.47597608,-4.7944202,0,10.20380687713623,-3.201901912689209,-2.5989990234375,-0.3393334448337555,-4.786889553070068,0.014656173065304756,0.8191320300102234,-0.051207300275564194,0.10991328954696655
38.600000000003,0.47597608,-4.7944202,0,10.200812339782715,-3.2381412982940674,-2.5990447998046875,-0.33300286531448364,-4.785496711730957,0.015546168200671673,0.823408305644989,-0.0388738252222538,0.11995527148246765
38.600000000003,0.47597608,-4.7944202,0,10.1978759765625,-3.2744085788726807,-2.599090576171875,-0.32666197419166565,-4.78402853012085,0.016421545296907425,0.8238274455070496,-0.024116145446896553,0.11800834536552429
38.600000000003,0.47597608,-4.7944202,0,10.192117691040039,-3.3467984199523926,-2.599151611328125,-0.3138048052787781,-4.7809038162231445,0.016816312447190285,0.8366019129753113,-0.0174266304820776,-0.0027162020560353994
38.600000000003,0.47597608,-4.7944202,0,10.189295768737793,-3.3829216957092285,-2.59918212890625,-0.30735597014427185,-4.779123783111572,0.01666288822889328,0.8421104550361633,-3.328022648929618e-05,-0.010114162229001522
39.10000000000308,0.54180646,-4.7512927,0,10.18653392791748,-3.4190709590911865,-2.5992279052734375,-0.3009316027164459,-4.777239799499512,0.016681024804711342,0.8380786776542664,0.01871473714709282,0.011083203367888927
39.10000000000308,0.54180646,-4.7512927,0,10.183831214904785,-3.455244541168213,-2.5992431640625,-0.2945025563240051,-4.775302410125732,0.016833556815981865,0.8377187848091125,0.030987311154603958,0.02764211781322956
39.10000000000308,0.54180646,-4.7512927,0,10.178513526916504,-3.5271618366241455,-2.5993194580078125,-0.28175151348114014,-4.7706804275512695,0.01694501005113125,0.8380993604660034,0.05404851585626602,0.014338175766170025
39.10000000000308,0.54180646,-4.7512927,0,10.175944328308105,-3.5631561279296875,-2.599365234375,-0.27535709738731384,-4.768314838409424,0.01713259331882,0.8363820910453796,0.06765805184841156,0.03319559246301651
39.10000000000308,0.54180646,-4.7512927,0,10.173433303833008,-3.599172592163086,-2.599395751953125,-0.26892170310020447,-4.765937805175781,0.017419220879673958,0.8405117988586426,0.07495029270648956,0.045307908207178116
39.10000000000308,0.54180646,-4.7512927,0,10.170982360839844,-3.6352107524871826,-2.59942626953125,-0.26248955726623535,-4.763543128967285,0.017821723595261574,0.8391171097755432,0.08292136341333389,0.05952827259898186
39.10000000000308,0.54180646,-4.7512927,0,10.166165351867676,-3.706796884536743,-2.5995025634765625,-0.2496660351753235,-4.757880687713623,0.018874498084187508,0.8386406898498535,0.12009463459253311,0.08088908344507217
39.10000000000308,0.54180646,-4.7512927,0,10.163846015930176,-3.742621421813965,-2.5995330810546875,-0.24320146441459656,-4.755052089691162,0.018899617716670036,0.8464813232421875,0.11752299219369888,0.01336075272411108
39.10000000000308,0.54180646,-4.7512927,0,10.161587715148926,-3.778465986251831,-2.5995635986328125,-0.2366645485162735,-4.752196788787842,0.018285978585481644,0.8544794321060181,0.12690462172031403,-0.06676977127790451
39.10000000000308,0.54180646,-4.7512927,0,10.15933609008789,-3.8140602111816406,-2.599609375,-0.2301671802997589,-4.748963356018066,0.01763598993420601,0.8560083508491516,0.14298562705516815,-0.07014954090118408
39.500000000003155,0.59887654,-4.711338,0,10.15501594543457,-3.885309934616089,-2.5996856689453125,-0.2172088921070099,-4.742587089538574,0.0168690774589777,0.849791407585144,0.14815810322761536,-0.0294675100594759
39.500000000003155,0.59887654,-4.711338,0,10.152945518493652,-3.9209632873535156,-2.5997161865234375,-0.21067708730697632,-4.739370346069336,0.016556760296225548,0.8568803668022156,0.16073396801948547,-0.028841661289334297
39.500000000003155,0.59887654,-4.711338,0,10.150888442993164,-3.9563748836517334,-2.599761962890625,-0.20414426922798157,-4.735921859741211,0.016269085928797722,0.8633897304534912,0.159740149974823,-0.02472335286438465
39.500000000003155,0.59887654,-4.711338,0,10.14889144897461,-3.991806745529175,-2.5998077392578125,-0.19761288166046143,-4.73248815536499,0.01612435095012188,0.861965537071228,0.16498149931430817,-0.007169320713728666
39.500000000003155,0.59887654,-4.711338,0,10.145082473754883,-4.062729835510254,-2.599884033203125,-0.1844274401664734,-4.725917816162109,0.016149181872606277,0.8679960370063782,0.15991416573524475,0.021350568160414696
39.500000000003155,0.59887654,-4.711338,0,10.143220901489258,-4.09798002243042,-2.599945068359375,-0.17788253724575043,-4.722505569458008,0.016119133681058884,0.8679817914962769,0.1487983912229538,0.008311587385833263
39.500000000003155,0.59887654,-4.711338,0,10.141420364379883,-4.1332526206970215,-2.600006103515625,-0.17124725878238678,-4.719161033630371,0.01566285453736782,0.8779779672622681,0.14744679629802704,-0.04530883952975273
39.500000000003155,0.59887654,-4.711338,0,10.13968276977539,-4.168545722961426,-2.600067138671875,-0.1646089255809784,-4.71586275100708,0.015273560769855976,0.8771038055419922,0.14873479306697845,-0.037268731743097305
39.500000000003155,0.59887654,-4.711338,0,10.136329650878906,-4.238963603973389,-2.600189208984375,-0.1514071375131607,-4.70939826965332,0.014961558394134045,0.8756350874900818,0.1358288824558258,0.00030361113022081554
39.500000000003155,0.59887654,-4.711338,0,10.134716033935547,-4.274089336395264,-2.600250244140625,-0.14477472007274628,-4.70618200302124,0.014844967052340508,0.8816061019897461,0.12564386427402496,-0.002620275830850005
40.00000000000323,0.6752685,-4.6541047,0,10.133163452148438,-4.309238910675049,-2.600311279296875,-0.13815011084079742,-4.703060150146484,0.01478025782853365,0.8792769908905029,0.12106229364871979,0.0035236587282270193
40.00000000000323,0.6752685,-4.6541047,0,10.131673812866211,-4.344411373138428,-2.600372314453125,-0.13145160675048828,-4.700028896331787,0.014822244644165039,0.8872014284133911,0.11668939888477325,0.01659802906215191
40.00000000000323,0.6752685,-4.6541047,0,10.128755569458008,-4.414333343505859,-2.60052490234375,-0.11822515726089478,-4.693687915802002,0.015237412415444851,0.8865507245063782,0.10781821608543396,0.04820664972066879
40.00000000000323,0.6752685,-4.6541047,0,10.12739086151123,-4.449332237243652,-2.6005859375,-0.11155945807695389,-4.690675735473633,0.01569780521094799,0.8879511952400208,0.1008782684803009,0.0696033164858818
40.00000000000323,0.6752685,-4.6541047,0,10.12608814239502,-4.484355449676514,-2.60064697265625,-0.10489652305841446,-4.687684059143066,0.016244567930698395,0.8862236142158508,0.10554471611976624,0.08005089312791824
40.00000000000323,0.6752685,-4.6541047,0,10.124785423278809,-4.519166946411133,-2.6007080078125,-0.09826663881540298,-4.684487342834473,0.01692451722919941,0.8900997042655945,0.10477238893508911,0.09818560630083084
40.00000000000323,0.6752685,-4.6541047,0,10.122369766235352,-4.588868141174316,-2.6008148193359375,-0.08484622836112976,-4.67831563949585,0.016574090346693993,0.8997218012809753,0.09770466387271881,-0.05118362233042717
40.00000000000323,0.6752685,-4.6541047,0,10.121257781982422,-4.623757839202881,-2.600860595703125,-0.07804842293262482,-4.675403594970703,0.016034314408898354,0.9065857529640198,0.09136336296796799,-0.05560600757598877
40.00000000000323,0.6752685,-4.6541047,0,10.120131492614746,-4.658430576324463,-2.600921630859375,-0.07131502032279968,-4.672260761260986,0.01570875570178032,0.908180296421051,0.09288141876459122,-0.026895662769675255
40.00000000000323,0.6752685,-4.6541047,0,10.119070053100586,-4.693130970001221,-2.600982666015625,-0.06455782800912857,-4.669217586517334,0.015467152930796146,0.9094699621200562,0.08822726458311081,-0.0168019887059927
40.40000000000331,0.74008924,-4.6021442,0,10.117140769958496,-4.762612819671631,-2.601104736328125,-0.05097804591059685,-4.663311958312988,0.014918041415512562,0.9105352759361267,0.0886491984128952,-0.017427371814846992
40.40000000000331,0.74008924,-4.6021442,0,10.116273880004883,-4.797393321990967,-2.601165771484375,-0.04420292377471924,-4.660496711730957,0.014802685007452965,0.9068999886512756,0.08181168884038925,-0.002156011527404189
40.40000000000331,0.74008924,-4.6021442,0,10.115389823913574,-4.83194637298584,-2.601226806640625,-0.03745071962475777,-4.657488822937012,0.014867015182971954,0.9139176607131958,0.07769930362701416,0.021836252883076668
40.40000000000331,0.74008924,-4.6021442,0,10.114571571350098,-4.866527557373047,-2.6013031005859375,-0.030721990391612053,-4.654542922973633,0.01514094416052103,0.9091978073120117,0.07765265554189682,0.04798685759305954
40.40000000000331,0.74008924,-4.6021442,0,10.113129615783691,-4.935774803161621,-2.6014251708984375,-0.017119964584708214,-4.6488237380981445,0.016086528077721596,0.9115292429924011,0.07943025976419449,0.07999548316001892
40.40000000000331,0.74008924,-4.6021442,0,10.112421989440918,-4.970185279846191,-2.60150146484375,-0.010417905636131763,-4.64579439163208,0.016706641763448715,0.9127693176269531,0.07478189468383789,0.09193829447031021
40.40000000000331,0.74008924,-4.6021442,0,10.111780166625977,-5.00462532043457,-2.6015472412109375,-0.003738322062417865,-4.642852306365967,0.017325252294540405,0.908045768737793,0.07163312286138535,0.091335728764534
40.40000000000331,0.74008924,-4.6021442,0,10.11120319366455,-5.039094924926758,-2.6016082763671875,0.0029612835496664047,-4.639895915985107,0.01765081100165844,0.908682644367218,0.08105824887752533,0.05430262163281441
40.40000000000331,0.74008924,-4.6021442,0,10.110163688659668,-5.107868194580078,-2.6016998291015625,0.016561124473810196,-4.633877754211426,0.017342964187264442,0.9253863096237183,0.08346159011125565,-0.008150468580424786
40.40000000000331,0.74008924,-4.6021442,0,10.109701156616211,-5.1421732902526855,-2.6017303466796875,0.02334025502204895,-4.630739688873291,0.017326178029179573,0.9249618053436279,0.09197910130023956,0.01139379944652319
40.90000000000339,0.8253008,-4.5290413,0,10.109306335449219,-5.176506996154785,-2.60174560546875,0.030057735741138458,-4.627575874328613,0.017374077811837196,0.9152463674545288,0.10302861779928207,0.0190944392234087
40.90000000000339,0.8253008,-4.5290413,0,10.108976364135742,-5.2108683586120605,-2.601776123046875,0.03680453822016716,-4.62445068359375,0.017372963950037956,0.9169235825538635,0.10588011890649796,0.012590083293616772
40.90000000000339,0.8253008,-4.5290413,0,10.108349800109863,-5.279172420501709,-2.601806640625,0.05022174492478371,-4.6177897453308105,0.01755978912115097,0.9204887747764587,0.11079693585634232,0.031100118532776833
40.90000000000339,0.8253008,-4.5290413,0,10.108136177062988,-5.31336784362793,-2.6018218994140625,0.056950654834508896,-4.614527702331543,0.017753658816218376,0.9208980202674866,0.111897312104702,0.03720121085643768
40.90000000000339,0.8253008,-4.5290413,0,10.107989311218262,-5.347590446472168,-2.6018218994140625,0.06369834393262863,-4.611219882965088,0.01809397153556347,0.921147346496582,0.12528684735298157,0.055132895708084106
40.90000000000339,0.8253008,-4.5290413,0,10.107833862304688,-5.381601810455322,-2.6018218994140625,0.07039104402065277,-4.607755184173584,0.018015777692198753,0.9238235354423523,0.11862671375274658,0.003318767761811614
40.90000000000339,0.8253008,-4.5290413,0,10.107726097106934,-5.449711799621582,-2.6018218994140625,0.08392880111932755,-4.601128578186035,0.016716796904802322,0.928453803062439,0.10797756165266037,-0.06822775304317474
40.90000000000339,0.8253008,-4.5290413,0,10.107772827148438,-5.483808994293213,-2.6018218994140625,0.09075518697500229,-4.5978474617004395,0.016254965215921402,0.9338898062705994,0.11951973289251328,-0.045722346752882004
40.90000000000339,0.8253008,-4.5290413,0,10.10782527923584,-5.517706871032715,-2.601837158203125,0.09749752283096313,-4.59440279006958,0.01589944213628769,0.9313434958457947,0.11570199579000473,-0.031460072845220566
40.90000000000339,0.8253008,-4.5290413,0,10.107945442199707,-5.551634311676025,-2.601837158203125,0.10426272451877594,-4.5910539627075195,0.01551032718271017,0.9318661093711853,0.11191941052675247,-0.03602821007370949
41.300000000003465,0.89649135,-4.4637403,0,10.108132362365723,-5.5855913162231445,-2.6018524169921875,0.11107145249843597,-4.587778091430664,0.01521032303571701,0.9350320100784302,0.1108378991484642,-0.025248153135180473
41.300000000003465,0.89649135,-4.4637403,0,10.10838794708252,-5.619576454162598,-2.6018524169921875,0.11788367480039597,-4.584597110748291,0.014932212419807911,0.9332486987113953,0.10691170394420624,-0.02285977639257908
41.300000000003465,0.89649135,-4.4637403,0,10.10897159576416,-5.687215328216553,-2.601837158203125,0.13141916692256927,-4.578073978424072,0.015008784830570221,0.9318844676017761,0.10114910453557968,0.02963794209063053
41.300000000003465,0.89649135,-4.4637403,0,10.10936450958252,-5.721080303192139,-2.601837158203125,0.13818705081939697,-4.574941158294678,0.01534920185804367,0.9311559200286865,0.09514172375202179,0.054494939744472504
41.300000000003465,0.89649135,-4.4637403,0,10.110284805297852,-5.788685321807861,-2.6017913818359375,0.15176035463809967,-4.5687127113342285,0.01638604886829853,0.9382646083831787,0.08888419717550278,0.08249794691801071
41.300000000003465,0.89649135,-4.4637403,0,10.11081314086914,-5.822427272796631,-2.601776123046875,0.1585281938314438,-4.565589904785156,0.016653800383210182,0.934899628162384,0.08718280494213104,0.04567810893058777
41.300000000003465,0.89649135,-4.4637403,0,10.111410140991211,-5.856200218200684,-2.60174560546875,0.1654077023267746,-4.562561988830566,0.01652931421995163,0.9464997053146362,0.08332354575395584,-0.003702938323840499
41.300000000003465,0.89649135,-4.4637403,0,10.112074851989746,-5.890003681182861,-2.601715087890625,0.17230933904647827,-4.559572696685791,0.01634754240512848,0.946970522403717,0.08627061545848846,-0.011307652108371258
41.300000000003465,0.89649135,-4.4637403,0,10.11353588104248,-5.957468032836914,-2.6016387939453125,0.18606717884540558,-4.553543567657471,0.01642046682536602,0.9448935985565186,0.08558759093284607,0.015545635484158993
41.70000000000354,0.9700831,-4.392142,0,10.114331245422363,-5.991130828857422,-2.6016082763671875,0.19286994636058807,-4.550525188446045,0.016445482149720192,0.9389867186546326,0.08107859641313553,0.014796852134168148
41.70000000000354,0.9700831,-4.392142,0,10.115196228027344,-6.024824619293213,-2.6015625,0.19971883296966553,-4.547563552856445,0.016440661624073982,0.9423818588256836,0.08187432587146759,0.010730232112109661
41.70000000000354,0.9700831,-4.392142,0,10.116128921508789,-6.058549404144287,-2.601531982421875,0.20656724274158478,-4.544634819030762,0.01648649014532566,0.9399903416633606,0.08543889969587326,0.016730276867747307
41.70000000000354,0.9700831,-4.392142,0,10.11803913116455,-6.125642776489258,-2.6014251708984375,0.2201494723558426,-4.538449764251709,0.017024775967001915,0.9439365863800049,0.08719569444656372,0.052534040063619614
41.70000000000354,0.9700831,-4.392142,0,10.119097709655762,-6.159236907958984,-2.6013641357421875,0.22693797945976257,-4.535419940948486,0.017475537955760956,0.9375097751617432,0.09015354514122009,0.06687454134225845
41.70000000000354,0.9700831,-4.392142,0,10.120224952697754,-6.192861080169678,-2.601287841796875,0.2336927205324173,-4.532420635223389,0.018093818798661232,0.9308971762657166,0.09395558387041092,0.08750613033771515
41.70000000000354,0.9700831,-4.392142,0,10.121344566345215,-6.2262797355651855,-2.6012115478515625,0.24036243557929993,-4.529200077056885,0.018724504858255386,0.9293751120567322,0.09687711298465729,0.08967052400112152
41.70000000000354,0.9700831,-4.392142,0,10.123790740966797,-6.293210506439209,-2.601043701171875,0.25395286083221436,-4.522780418395996,0.018649404868483543,0.9434763789176941,0.1063551977276802,-0.016081610694527626
41.70000000000354,0.9700831,-4.392142,0,10.125118255615234,-6.326720714569092,-2.6009521484375,0.26082509756088257,-4.5195441246032715,0.018438013270497322,0.9471972584724426,0.12248865514993668,-0.01650303415954113
41.70000000000354,0.9700831,-4.392142,0,10.12643814086914,-6.360036373138428,-2.600860595703125,0.2676045298576355,-4.51605749130249,0.018412049859762192,0.9446442723274231,0.1307484656572342,0.00696256710216403
42.10000000000362,1.0458212,-4.314057,0,10.127828598022461,-6.3933820724487305,-2.60076904296875,0.27433428168296814,-4.512554168701172,0.018425799906253815,0.9358141422271729,0.14107251167297363,0.011654104106128216
42.10000000000362,1.0458212,-4.314057,0,10.129287719726562,-6.426755905151367,-2.600677490234375,0.2810925543308258,-4.509058475494385,0.01841764897108078,0.9368289709091187,0.14801624417304993,0.00863149669021368
42.10000000000362,1.0458212,-4.314057,0,10.132328033447266,-6.493381977081299,-2.6004791259765625,0.2943934500217438,-4.501967430114746,0.01848849281668663,0.9223983287811279,0.15722085535526276,0.01563597284257412
42.10000000000362,1.0458212,-4.314057,0,10.133909225463867,-6.526634216308594,-2.6003875732421875,0.3010040521621704,-4.498337268829346,0.01865948736667633,0.9227268695831299,0.15930160880088806,0.03148940950632095
42.10000000000362,1.0458212,-4.314057,0,10.135560035705566,-6.5599141120910645,-2.6002960205078125,0.3076694905757904,-4.494690895080566,0.01884712465107441,0.9269807934761047,0.16922205686569214,0.0332794114947319
42.10000000000362,1.0458212,-4.314057,0,10.137279510498047,-6.593219757080078,-2.600189208984375,0.3143017590045929,-4.491055965423584,0.019126612693071365,0.9203020334243774,0.17551827430725098,0.04447856545448303
42.10000000000362,1.0458212,-4.314057,0,10.139005661010742,-6.626340866088867,-2.6000823974609375,0.32089775800704956,-4.487183094024658,0.01913641393184662,0.9230110049247742,0.18330855667591095,0.011722090654075146
42.10000000000362,1.0458212,-4.314057,0,10.14266586303711,-6.692661762237549,-2.5998992919921875,0.33411383628845215,-4.479582786560059,0.01844135671854019,0.9213817119598389,0.1874232143163681,-0.030243301764130592
42.10000000000362,1.0458212,-4.314057,0,10.144598007202148,-6.725860118865967,-2.5998077392578125,0.34074684977531433,-4.475779056549072,0.018299955874681473,0.9198465347290039,0.19824008643627167,-0.007968860678374767
42.10000000000362,1.0458212,-4.314057,0,10.146524429321289,-6.7588725090026855,-2.599700927734375,0.3472641408443451,-4.471768856048584,0.01823970302939415,0.9144905805587769,0.20205716788768768,0.002691987669095397
42.500000000003695,1.1234583,-4.229329,0,10.148519515991211,-6.791910171508789,-2.5995941162109375,0.3538481295108795,-4.467819690704346,0.018144771456718445,0.9201074242591858,0.2025516778230667,-0.0019376165000721812
42.500000000003695,1.1234583,-4.229329,0,10.152715682983398,-6.858058929443359,-2.599395751953125,0.36699679493904114,-4.459958553314209,0.018004361540079117,0.9123749732971191,0.21065333485603333,-0.00098627049010247
42.500000000003695,1.1234583,-4.229329,0,10.15485954284668,-6.890945911407471,-2.5992889404296875,0.37347716093063354,-4.455859661102295,0.018038161098957062,0.909030020236969,0.2133551836013794,0.01402804534882307
42.500000000003695,1.1234583,-4.229329,0,10.15934944152832,-6.956793308258057,-2.59906005859375,0.386442631483078,-4.447616100311279,0.018427211791276932,0.9064331650733948,0.2320687174797058,0.042329538613557816
42.500000000003695,1.1234583,-4.229329,0,10.161697387695312,-6.98975133895874,-2.5989532470703125,0.3929613530635834,-4.443553924560547,0.018827833235263824,0.9059299826622009,0.23250029981136322,0.05904817581176758
42.500000000003695,1.1234583,-4.229329,0,10.164112091064453,-7.022731781005859,-2.5988311767578125,0.39945918321609497,-4.439528942108154,0.01886836811900139,0.900816023349762,0.23539979755878448,0.013771000318229198
42.500000000003695,1.1234583,-4.229329,0,10.166536331176758,-7.055493354797363,-2.59869384765625,0.4059883952140808,-4.435266971588135,0.01852804236114025,0.9121511578559875,0.23994457721710205,-0.03424472734332085
42.500000000003695,1.1234583,-4.229329,0,10.169028282165527,-7.088277816772461,-2.5985565185546875,0.41246840357780457,-4.431004047393799,0.018177606165409088,0.9033848643302917,0.24801363050937653,-0.035753004252910614
42.500000000003695,1.1234583,-4.229329,0,10.174215316772461,-7.153913974761963,-2.598297119140625,0.4253864288330078,-4.422624588012695,0.017976393923163414,0.8960657715797424,0.2528439462184906,0.0018654390005394816
42.500000000003695,1.1234583,-4.229329,0,10.176848411560059,-7.186532974243164,-2.5981292724609375,0.43176692724227905,-4.418195724487305,0.01791725866496563,0.893347978591919,0.26066988706588745,-0.0005322507931850851
42.90000000000377,1.2027552,-4.137837,0,10.179548263549805,-7.219173908233643,-2.5979766845703125,0.43818187713623047,-4.413765907287598,0.017836077138781548,0.8950409293174744,0.2688232958316803,-0.0034924594219774008
42.90000000000377,1.2027552,-4.137837,0,10.185149192810059,-7.284520626068115,-2.5976715087890625,0.45100730657577515,-4.405097007751465,0.017815733328461647,0.8868478536605835,0.268786758184433,0.010326969437301159
42.90000000000377,1.2027552,-4.137837,0,10.187973022460938,-7.316986083984375,-2.597503662109375,0.4573096036911011,-4.400570869445801,0.017981845885515213,0.884913980960846,0.27177679538726807,0.02698087878525257
42.90000000000377,1.2027552,-4.137837,0,10.190863609313965,-7.34947395324707,-2.5973358154296875,0.46359482407569885,-4.396026611328125,0.018302887678146362,0.8801457285881042,0.2820715010166168,0.04615913704037666
42.90000000000377,1.2027552,-4.137837,0,10.19382095336914,-7.381982803344727,-2.59716796875,0.4698723256587982,-4.3915228843688965,0.018662402406334877,0.8766346573829651,0.2848224639892578,0.0505116730928421
42.90000000000377,1.2027552,-4.137837,0,10.199861526489258,-7.446837425231934,-2.5967864990234375,0.4822791814804077,-4.382170677185059,0.01949857547879219,0.8651537299156189,0.3085879683494568,0.05549005791544914
42.90000000000377,1.2027552,-4.137837,0,10.2029447555542,-7.479183197021484,-2.596588134765625,0.4884014427661896,-4.377320289611816,0.019930575042963028,0.8605474829673767,0.3213416039943695,0.059259120374917984
42.90000000000377,1.2027552,-4.137837,0,10.206093788146973,-7.511547088623047,-2.5963897705078125,0.4945785403251648,-4.372435092926025,0.020006855949759483,0.8648276329040527,0.3334555923938751,0.014633405022323132
42.90000000000377,1.2027552,-4.137837,0,10.209307670593262,-7.543928623199463,-2.59619140625,0.500764787197113,-4.367589473724365,0.019626721739768982,0.8634384274482727,0.33608147501945496,-0.04257773607969284
43.30000000000385,1.2834812,-4.039495,0,10.212512969970703,-7.576107978820801,-2.5959930419921875,0.5068566203117371,-4.362464904785156,0.019208595156669617,0.8606374859809875,0.34889721870422363,-0.047075092792510986
43.30000000000385,1.2834812,-4.039495,0,10.219118118286133,-7.640517711639404,-2.5955657958984375,0.5189437866210938,-4.352046012878418,0.01884632743895054,0.8466109037399292,0.3760216534137726,-0.017189418897032738
43.30000000000385,1.2834812,-4.039495,0,10.222517967224121,-7.672745227813721,-2.5953521728515625,0.5249690413475037,-4.3468170166015625,0.018675431609153748,0.8444812297821045,0.3853894770145416,-0.017192212864756584
43.30000000000385,1.2834812,-4.039495,0,10.225903511047363,-7.70476770401001,-2.5951385498046875,0.5308703780174255,-4.341343402862549,0.018455440178513527,0.8383523225784302,0.3937103748321533,-0.02239225246012211
43.30000000000385,1.2834812,-4.039495,0,10.232867240905762,-7.76885461807251,-2.5947265625,0.5425721406936646,-4.330347061157227,0.018162865191698074,0.8299680948257446,0.4098043441772461,-0.0024763864930719137
43.30000000000385,1.2834812,-4.039495,0,10.236444473266602,-7.800917625427246,-2.5945281982421875,0.5484167337417603,-4.324862957000732,0.018242482095956802,0.823334276676178,0.4181731343269348,0.01459661778062582
43.30000000000385,1.2834812,-4.039495,0,10.239998817443848,-7.8327813148498535,-2.594329833984375,0.554185688495636,-4.319128036499023,0.018045475706458092,0.8237560391426086,0.42821362614631653,-0.018959863111376762
43.30000000000385,1.2834812,-4.039495,0,10.243617057800293,-7.864657402038574,-2.5941314697265625,0.5599772930145264,-4.313389301300049,0.01751898229122162,0.8238210082054138,0.4365631937980652,-0.060513146221637726
43.30000000000385,1.2834812,-4.039495,0,10.251043319702148,-7.928443431854248,-2.59375,0.5715532302856445,-4.30202579498291,0.016667917370796204,0.8138182759284973,0.4409046173095703,-0.03312807157635689
43.30000000000385,1.2834812,-4.039495,0,10.254768371582031,-7.960142135620117,-2.5935821533203125,0.5771453380584717,-4.296186923980713,0.01643957756459713,0.8029183149337769,0.44336116313934326,-0.022382939234375954
43.700000000003925,1.3654132,-3.9342592,0,10.25855541229248,-7.991852760314941,-2.5933990478515625,0.5828070044517517,-4.29038143157959,0.016192613169550896,0.808810293674469,0.44708770513534546,-0.024900304153561592
43.700000000003925,1.3654132,-3.9342592,0,10.262406349182129,-8.023573875427246,-2.593231201171875,0.5884860157966614,-4.284588813781738,0.015947522595524788,0.808228611946106,0.4531353712081909,-0.024850012734532356
43.700000000003925,1.3654132,-3.9342592,0,10.270295143127441,-8.08704662322998,-2.5929107666015625,0.5998270511627197,-4.273277759552002,0.015515151433646679,0.8038508296012878,0.4432612657546997,-0.014643649570643902
43.700000000003925,1.3654132,-3.9342592,0,10.274237632751465,-8.11856460571289,-2.592803955078125,0.6053645014762878,-4.267468452453613,0.01551397517323494,0.7964802980422974,0.44654014706611633,0.0077225263230502605
43.700000000003925,1.3654132,-3.9342592,0,10.278243064880371,-8.150094032287598,-2.5926971435546875,0.6109036803245544,-4.261650562286377,0.015619013458490372,0.7938804626464844,0.4553702175617218,0.020759643986821175
43.700000000003925,1.3654132,-3.9342592,0,10.282310485839844,-8.181632995605469,-2.5925750732421875,0.6164303421974182,-4.255875110626221,0.015774570405483246,0.78957599401474,0.45767146348953247,0.02684071473777294
43.700000000003925,1.3654132,-3.9342592,0,10.290547370910645,-8.244507789611816,-2.5923614501953125,0.6274345517158508,-4.24429178237915,0.015266423113644123,0.7873119711875916,0.45459768176078796,-0.04038447141647339
43.700000000003925,1.3654132,-3.9342592,0,10.294716835021973,-8.27584457397461,-2.592254638671875,0.6328514814376831,-4.238406658172607,0.014905696734786034,0.7797589898109436,0.4630224108695984,-0.037452202290296555
43.700000000003925,1.3654132,-3.9342592,0,10.298949241638184,-8.307191848754883,-2.5921630859375,0.638367235660553,-4.232585906982422,0.014617156237363815,0.7893754839897156,0.46250152587890625,-0.02866610698401928
43.700000000003925,1.3654132,-3.9342592,0,10.303242683410645,-8.33854866027832,-2.592071533203125,0.64384925365448,-4.226784706115723,0.01437180582433939,0.7824696898460388,0.4674791395664215,-0.02320110611617565
44.100000000004,1.4483355,-3.8221247,0,10.311832427978516,-8.400815963745117,-2.5919342041015625,0.654575526714325,-4.214855194091797,0.013872149400413036,0.7713637948036194,0.46316513419151306,-0.017615964636206627
44.100000000004,1.4483355,-3.8221247,0,10.3162202835083,-8.431964874267578,-2.5918731689453125,0.6599563360214233,-4.208967208862305,0.013624533079564571,0.7744677662849426,0.4695698320865631,-0.022658145055174828
44.100000000004,1.4483355,-3.8221247,0,10.32066822052002,-8.463123321533203,-2.591796875,0.6652795076370239,-4.203094005584717,0.013510339893400669,0.7645362615585327,0.4751463830471039,-0.006239395122975111
44.100000000004,1.4483355,-3.8221247,0,10.325077056884766,-8.494038581848145,-2.5917510986328125,0.6705294251441956,-4.1970086097717285,0.013501615263521671,0.7669694423675537,0.47573351860046387,0.008355359546840191
44.100000000004,1.4483355,-3.8221247,0,10.334077835083008,-8.555900573730469,-2.591644287109375,0.6809590458869934,-4.184907913208008,0.013685605488717556,0.7532884478569031,0.48569396138191223,0.027317551895976067
44.100000000004,1.4483355,-3.8221247,0,10.338668823242188,-8.586846351623535,-2.591552734375,0.6861572861671448,-4.178952693939209,0.013583463616669178,0.7519501447677612,0.4825117886066437,-0.004834960680454969
44.100000000004,1.4483355,-3.8221247,0,10.343213081359863,-8.617547035217285,-2.59149169921875,0.6912668943405151,-4.1727519035339355,0.013114024884998798,0.752840518951416,0.4867185652256012,-0.04939129203557968
44.100000000004,1.4483355,-3.8221247,0,10.347818374633789,-8.648259162902832,-2.5914154052734375,0.696351170539856,-4.166667938232422,0.012747077271342278,0.74665766954422,0.48007020354270935,-0.03686872869729996
44.100000000004,1.4483355,-3.8221247,0,10.352484703063965,-8.678980827331543,-2.5913543701171875,0.7015110850334167,-4.160616397857666,0.012520560063421726,0.7531852126121521,0.48372432589530945,-0.01959455944597721
44.100000000004,1.4483355,-3.8221247,0,10.357211112976074,-8.709712028503418,-2.5912933349609375,0.7065913081169128,-4.154539585113525,0.012381006963551044,0.7403620481491089,0.49448907375335693,-0.008995178155601025
44.40000000000408,1.511051,-3.7335172,0,10.366643905639648,-8.770692825317383,-2.5912017822265625,0.716641366481781,-4.1419525146484375,0.011986522935330868,0.7426899075508118,0.4963630735874176,-0.015867872163653374
44.40000000000408,1.511051,-3.7335172,0,10.371451377868652,-8.801197052001953,-2.591156005859375,0.7216416001319885,-4.135746002197266,0.01187784131616354,0.7357306480407715,0.5000753998756409,-0.004357657860964537
44.40000000000408,1.511051,-3.7335172,0,10.37631893157959,-8.831709861755371,-2.5911102294921875,0.7266507148742676,-4.129593849182129,0.011906372383236885,0.7339110374450684,0.5008951425552368,0.01250812690705061
44.40000000000408,1.511051,-3.7335172,0,10.386022567749023,-8.8922758102417,-2.5910186767578125,0.736396074295044,-4.116856098175049,0.012204242870211601,0.7266969084739685,0.5110645294189453,0.03550294414162636
44.40000000000408,1.511051,-3.7335172,0,10.39096450805664,-8.922572135925293,-2.5909881591796875,0.7412719130516052,-4.110540390014648,0.012428141199052334,0.72325599193573,0.5122222304344177,0.03731669485569
44.40000000000408,1.511051,-3.7335172,0,10.395965576171875,-8.952875137329102,-2.5909423828125,0.7461562752723694,-4.1042633056640625,0.012727273628115654,0.7213295698165894,0.5150501132011414,0.04642968624830246
44.40000000000408,1.511051,-3.7335172,0,10.405903816223145,-9.013012886047363,-2.590850830078125,0.7555438280105591,-4.091094493865967,0.013285323046147823,0.7051178812980652,0.5373218655586243,0.052099112421274185
44.40000000000408,1.511051,-3.7335172,0,10.410961151123047,-9.043092727661133,-2.5908203125,0.760195791721344,-4.084475517272949,0.013355188071727753,0.6998529434204102,0.5483360290527344,0.01827440969645977
44.40000000000408,1.511051,-3.7335172,0,10.41607666015625,-9.073177337646484,-2.5907745361328125,0.7648849487304688,-4.077871799468994,0.013184327632188797,0.7013859748840332,0.5541889071464539,-0.012112780474126339
44.40000000000408,1.511051,-3.7335172,0,10.42125129699707,-9.103266716003418,-2.590728759765625,0.7695911526679993,-4.071192741394043,0.013043662533164024,0.7004408240318298,0.571278989315033,-0.008627771399915218
44.800000000004154,1.5952057,-3.609424,0,10.426351547241211,-9.133111953735352,-2.5906982421875,0.7740862965583801,-4.064298152923584,0.013012989424169064,0.689055860042572,0.5731267929077148,0.00577000854536891
44.800000000004154,1.5952057,-3.609424,0,10.431509971618652,-9.162962913513184,-2.590667724609375,0.7785549163818359,-4.057372570037842,0.013020964339375496,0.682366132736206,0.5849940180778503,0.010303220711648464
44.800000000004154,1.5952057,-3.609424,0,10.442000389099121,-9.222671508789062,-2.5905914306640625,0.7874240279197693,-4.043443202972412,0.012979217804968357,0.669638454914093,0.606118381023407,0.004216096829622984
44.800000000004154,1.5952057,-3.609424,0,10.447184562683105,-9.252279281616211,-2.5905609130859375,0.7916819453239441,-4.036202907562256,0.012953889556229115,0.6655743718147278,0.6146957874298096,0.0062403264455497265
44.800000000004154,1.5952057,-3.609424,0,10.457727432250977,-9.31149959564209,-2.590484619140625,0.800132691860199,-4.021564960479736,0.01309226918965578,0.6518478393554688,0.6419945955276489,0.019867902621626854
44.800000000004154,1.5952057,-3.609424,0,10.463083267211914,-9.341109275817871,-2.5904541015625,0.804320216178894,-4.014222621917725,0.012924710288643837,0.6464837789535522,0.6510798931121826,-0.012398230843245983
44.800000000004154,1.5952057,-3.609424,0,10.468344688415527,-9.370471000671387,-2.5904083251953125,0.8083664774894714,-4.0066752433776855,0.012500246055424213,0.6453565955162048,0.6518689393997192,-0.04448927566409111
44.800000000004154,1.5952057,-3.609424,0,10.473662376403809,-9.399831771850586,-2.590362548828125,0.8123622536659241,-3.9990522861480713,0.012074974365532398,0.6353563070297241,0.6693775653839111,-0.04485994204878807
44.800000000004154,1.5952057,-3.609424,0,10.484466552734375,-9.458550453186035,-2.5902862548828125,0.8202689290046692,-3.983827590942383,0.01168900728225708,0.6216512322425842,0.6827724575996399,-0.012883449904620647
45.20000000000423,1.6797858,-3.4786336,0,10.489816665649414,-9.487687110900879,-2.5902557373046875,0.8241034150123596,-3.9760873317718506,0.011567462235689163,0.6222817897796631,0.6789773106575012,-0.007042660843580961
45.20000000000423,1.6797858,-3.4786336,0,10.495223999023438,-9.516822814941406,-2.5902099609375,0.8279843926429749,-3.968318223953247,0.01141748484224081,0.6242910623550415,0.6907071471214294,-0.010853166691958904
45.20000000000423,1.6797858,-3.4786336,0,10.500685691833496,-9.545955657958984,-2.590179443359375,0.8318029642105103,-3.960594415664673,0.011311576701700687,0.6127793788909912,0.6929454207420349,-0.005593522917479277
45.20000000000423,1.6797858,-3.4786336,0,10.511641502380371,-9.603998184204102,-2.5901031494140625,0.839304506778717,-3.945127248764038,0.011249593459069729,0.6062250733375549,0.6928990483283997,0.0061187888495624065
45.20000000000423,1.6797858,-3.4786336,0,10.517135620117188,-9.632908821105957,-2.5900726318359375,0.8429977893829346,-3.9373180866241455,0.011403470300137997,0.6034181714057922,0.6986569762229919,0.026955267414450645
45.20000000000423,1.6797858,-3.4786336,0,10.522685050964355,-9.661815643310547,-2.59002685546875,0.8466771841049194,-3.9294538497924805,0.011561989784240723,0.5979046821594238,0.7133870720863342,0.02729007788002491
45.20000000000423,1.6797858,-3.4786336,0,10.528288841247559,-9.690718650817871,-2.5899810791015625,0.8503409624099731,-3.9216578006744385,0.011810142546892166,0.5922813415527344,0.7125072479248047,0.038032881915569305
45.20000000000423,1.6797858,-3.4786336,0,10.539398193359375,-9.748100280761719,-2.5898590087890625,0.8575388193130493,-3.9059031009674072,0.011374837718904018,0.5957280993461609,0.7076915502548218,-0.03747641667723656
45.20000000000423,1.6797858,-3.4786336,0,10.545035362243652,-9.776784896850586,-2.5897979736328125,0.8610727787017822,-3.8980727195739746,0.01109775435179472,0.5821406841278076,0.712674617767334,-0.02790381945669651
45.20000000000423,1.6797858,-3.4786336,0,10.550726890563965,-9.805465698242188,-2.5897369384765625,0.8646396994590759,-3.8902432918548584,0.010996567085385323,0.5825283527374268,0.7201277613639832,-0.006136483978480101
46.00000000000431,1.8494213,-3.1975944,0,10.556355476379395,-9.833951950073242,-2.5896759033203125,0.8680735230445862,-3.8822662830352783,0.010937405750155449,0.5780597925186157,0.7211298942565918,-0.0009941867319867015
46.00000000000431,1.8494213,-3.1975944,0,10.56203842163086,-9.862433433532715,-2.5896148681640625,0.87151700258255,-3.8742971420288086,0.010787693783640862,0.575305163860321,0.7280245423316956,-0.012523959390819073
46.00000000000431,1.8494213,-3.1975944,0,10.573567390441895,-9.919379234313965,-2.5894775390625,0.8784471154212952,-3.8585023880004883,0.010647575370967388,0.5730733871459961,0.7296502590179443,-0.0020805743988603354
46.00000000000431,1.8494213,-3.1975944,0,10.579276084899902,-9.94765853881836,-2.5894012451171875,0.8817996978759766,-3.850531578063965,0.010677228681743145,0.5698722004890442,0.7264077067375183,0.009015667252242565
46.00000000000431,1.8494213,-3.1975944,0,10.585039138793945,-9.975934028625488,-2.5893096923828125,0.8851684927940369,-3.8426144123077393,0.01075722835958004,0.5679062008857727,0.7274399399757385,0.015125609003007412
46.00000000000431,1.8494213,-3.1975944,0,10.590856552124023,-10.004202842712402,-2.5892333984375,0.8885241150856018,-3.834716558456421,0.010932163335382938,0.5623753666877747,0.7324233651161194,0.026813706383109093
46.00000000000431,1.8494213,-3.1975944,0,10.602652549743652,-10.060720443725586,-2.5890655517578125,0.8952035307884216,-3.8190433979034424,0.010618357919156551,0.5605355501174927,0.7406273484230042,-0.059102658182382584
46.00000000000431,1.8494213,-3.1975944,0,10.608485221862793,-10.088778495788574,-2.5889739990234375,0.8986103534698486,-3.811157464981079,0.009285366162657738,0.5762076377868652,0.7281167507171631,-0.162202388048172
46.00000000000431,1.8494213,-3.1975944,0,10.614374160766602,-10.116830825805664,-2.588897705078125,0.9020818471908569,-3.8033556938171387,0.0077445930801332,0.5803146362304688,0.7249394655227661,-0.18815834820270538
46.00000000000431,1.8494213,-3.1975944,0,10.626320838928223,-10.172916412353516,-2.58880615234375,0.9093199968338013,-3.787975549697876,0.005180222913622856,0.5925689339637756,0.716607391834259,-0.15698093175888062
46.30000000000439,1.9129332,-3.0857806,0,10.632237434387207,-10.200762748718262,-2.5887603759765625,0.9129281640052795,-3.780263662338257,0.0039033154025673866,0.6043946743011475,0.7112334966659546,-0.15523795783519745
46.30000000000439,1.9129332,-3.0857806,0,10.638212203979492,-10.22860336303711,-2.5887298583984375,0.9166393280029297,-3.772693157196045,0.002625694265589118,0.6131834387779236,0.700822651386261,-0.1554819643497467
46.30000000000439,1.9129332,-3.0857806,0,10.644247055053711,-10.256440162658691,-2.588714599609375,0.920572817325592,-3.765270948410034,0.0014706000220030546,0.6370084285736084,0.6893414258956909,-0.14031538367271423
46.30000000000439,1.9129332,-3.0857806,0,10.650341033935547,-10.284273147583008,-2.5886993408203125,0.9247128963470459,-3.7580747604370117,0.0005215298151597381,0.6589369177818298,0.667999267578125,-0.11470820009708405
46.30000000000439,1.9129332,-3.0857806,0,10.662400245666504,-10.33956527709961,-2.588714599609375,0.9331201910972595,-3.7437562942504883,-0.0006488189683295786,0.6919419765472412,0.6432956457138062,-0.05367165058851242
46.30000000000439,1.9129332,-3.0857806,0,10.668525695800781,-10.367210388183594,-2.5887451171875,0.9376059770584106,-3.736811399459839,-0.0009016971453092992,0.7108145952224731,0.6342501640319824,-0.027023719623684883
46.30000000000439,1.9129332,-3.0857806,0,10.674717903137207,-10.394853591918945,-2.5887603759765625,0.942389726638794,-3.7299842834472656,-0.0013721982249990106,0.744054913520813,0.6262470483779907,-0.05439016595482826
46.30000000000439,1.9129332,-3.0857806,0,10.687006950378418,-10.449786186218262,-2.588836669921875,0.9524328112602234,-3.7163586616516113,-0.0026229985523968935,0.799851655960083,0.6095497012138367,-0.07206527143716812
46.30000000000439,1.9129332,-3.0857806,0,10.693259239196777,-10.477253913879395,-2.5888824462890625,0.9577761888504028,-3.7096991539001465,-0.0031162742525339127,0.821381151676178,0.6035560369491577,-0.05706073343753815
46.30000000000439,1.9129332,-3.0857806,0,10.6995849609375,-10.504722595214844,-2.58892822265625,0.963359534740448,-3.703134059906006,-0.003625869518145919,0.8472766876220703,0.5983595252037048,-0.05926238000392914
46.600000000004464,1.9762481,-2.9706285,0,10.70584487915039,-10.532029151916504,-2.5889892578125,0.9691076874732971,-3.6964385509490967,-0.004128642380237579,0.8822565078735352,0.601173996925354,-0.05827704071998596
46.600000000004464,1.9762481,-2.9706285,0,10.718602180480957,-10.58664608001709,-2.589111328125,0.9813433289527893,-3.6832051277160645,-0.00499468669295311,0.9379101991653442,0.5998407006263733,-0.04609766975045204
46.600000000004464,1.9762481,-2.9706285,0,10.725101470947266,-10.6139554977417,-2.58917236328125,0.98792964220047,-3.6766152381896973,-0.005162032321095467,0.9742810726165771,0.6078766584396362,-0.01680990494787693
46.600000000004464,1.9762481,-2.9706285,0,10.731550216674805,-10.641109466552734,-2.5892333984375,0.9946063756942749,-3.6699178218841553,-0.005225533153861761,0.9990827441215515,0.6085922718048096,-0.003745313500985503
46.600000000004464,1.9762481,-2.9706285,0,10.73808479309082,-10.668264389038086,-2.58929443359375,1.0015026330947876,-3.663200616836548,-0.0052489908412098885,1.0222383737564087,0.61758953332901,0.001112930360250175
46.600000000004464,1.9762481,-2.9706285,0,10.744705200195312,-10.695418357849121,-2.58935546875,1.0086047649383545,-3.6564722061157227,-0.005066670477390289,1.043817400932312,0.6253362894058228,0.02669263444840908
46.600000000004464,1.9762481,-2.9706285,0,10.751415252685547,-10.722569465637207,-2.58941650390625,1.0159111022949219,-3.64967679977417,-0.004854374099522829,1.0653505325317383,0.6398541331291199,0.030302440747618675
46.600000000004464,1.9762481,-2.9706285,0,10.764825820922852,-10.776594161987305,-2.5894927978515625,1.0311424732208252,-3.6357197761535645,-0.005433488171547651,1.1347219944000244,0.6569873094558716,-0.053951047360897064
46.600000000004464,1.9762481,-2.9706285,0,10.771673202514648,-10.80359935760498,-2.58953857421875,1.039149284362793,-3.6286215782165527,-0.005978881847113371,1.1581776142120361,0.6796881556510925,-0.06534484773874283
46.600000000004464,1.9762481,-2.9706285,0,10.78553295135498,-10.857450485229492,-2.5896453857421875,1.0556024312973022,-3.6140127182006836,-0.0067415181547403336,1.1992298364639282,0.7152779698371887,-0.04238076135516167
46.90000000000454,2.039271,-2.8522632,0,10.792551040649414,-10.884292602539062,-2.589691162109375,1.064115047454834,-3.6064791679382324,-0.007016960997134447,1.2241240739822388,0.7350069284439087,-0.032222360372543335
46.90000000000454,2.039271,-2.8522632,0,10.799668312072754,-10.911126136779785,-2.5897369384765625,1.072829008102417,-3.598930597305298,-0.007274279370903969,1.2451528310775757,0.7428664565086365,-0.030025837942957878
46.90000000000454,2.039271,-2.8522632,0,10.806886672973633,-10.937947273254395,-2.589813232421875,1.0817286968231201,-3.591240406036377,-0.007415443658828735,1.2643494606018066,0.7663325667381287,-0.015213153325021267
46.90000000000454,2.039271,-2.8522632,0,10.814208030700684,-10.964755058288574,-2.589874267578125,1.0907963514328003,-3.5834083557128906,-0.00741565553471446,1.2814195156097412,0.7897483706474304,0.0023352911230176687
46.90000000000454,2.039271,-2.8522632,0,10.828904151916504,-11.01801872253418,-2.589996337890625,1.1091939210891724,-3.567234754562378,-0.00706465495750308,1.3198761940002441,0.820134162902832,0.02632429637014866
46.90000000000454,2.039271,-2.8522632,0,10.836410522460938,-11.044625282287598,-2.5900421142578125,1.1187108755111694,-3.5588488578796387,-0.00717185391113162,1.3415521383285522,0.8574817776679993,-0.011533032171428204
46.90000000000454,2.039271,-2.8522632,0,10.844024658203125,-11.071212768554688,-2.5901031494140625,1.1284962892532349,-3.5503835678100586,-0.007644761353731155,1.3711918592453003,0.8729425668716431,-0.057289838790893555
46.90000000000454,2.039271,-2.8522632,0,10.859363555908203,-11.124016761779785,-2.5902252197265625,1.1483328342437744,-3.532857894897461,-0.008506777696311474,1.4033013582229614,0.9083749651908875,-0.04242127388715744
46.90000000000454,2.039271,-2.8522632,0,10.867198944091797,-11.150384902954102,-2.5902862548828125,1.1585384607315063,-3.523921489715576,-0.008867815136909485,1.4255475997924805,0.9302391409873962,-0.043699514120817184
46.90000000000454,2.039271,-2.8522632,0,10.875147819519043,-11.176729202270508,-2.590362548828125,1.168871521949768,-3.514885425567627,-0.009167528711259365,1.4375760555267334,0.9482139945030212,-0.03605801239609718
47.200000000004614,2.1019065,-2.7308228,0,10.883110046386719,-11.202895164489746,-2.590423583984375,1.1792680025100708,-3.5055623054504395,-0.009398642927408218,1.4539215564727783,0.97153240442276,-0.02747122012078762
47.200000000004614,2.1019065,-2.7308228,0,10.89937973022461,-11.255146980285645,-2.5905609130859375,1.2004717588424683,-3.486621856689453,-0.009435679763555527,1.4794223308563232,1.0115259885787964,0.006807036232203245
47.200000000004614,2.1019065,-2.7308228,0,10.90768814086914,-11.281228065490723,-2.5906219482421875,1.2112747430801392,-3.4769225120544434,-0.009231301955878735,1.492873191833496,1.0352073907852173,0.026901716366410255
47.200000000004614,2.1019065,-2.7308228,0,10.916032791137695,-11.307111740112305,-2.5906982421875,1.2221318483352661,-3.467040777206421,-0.008956240490078926,1.5064868927001953,1.0433778762817383,0.03630993515253067
47.200000000004614,2.1019065,-2.7308228,0,10.924494743347168,-11.332962989807129,-2.5907440185546875,1.2330330610275269,-3.45694637298584,-0.008587772957980633,1.5080833435058594,1.075594186782837,0.0476115345954895
47.200000000004614,2.1019065,-2.7308228,0,10.941770553588867,-11.384563446044922,-2.590850830078125,1.255242943763733,-3.4364993572235107,-0.007932773791253567,1.5338332653045654,1.1111392974853516,0.02561555989086628
47.200000000004614,2.1019065,-2.7308228,0,10.950522422790527,-11.410138130187988,-2.5908966064453125,1.2665220499038696,-3.425886392593384,-0.008061399683356285,1.5526671409606934,1.1356751918792725,-0.014566349796950817
47.200000000004614,2.1019065,-2.7308228,0,10.959394454956055,-11.435675621032715,-2.5909576416015625,1.2778745889663696,-3.415138006210327,-0.008253027684986591,1.5581141710281372,1.1581708192825317,-0.0224639642983675
47.200000000004614,2.1019065,-2.7308228,0,10.96838665008545,-11.461173057556152,-2.59100341796875,1.289347529411316,-3.4042930603027344,-0.00841608177870512,1.5694992542266846,1.175710916519165,-0.01891469396650791
47.200000000004614,2.1019065,-2.7308228,0,10.986655235290527,-11.511870384216309,-2.5911102294921875,1.3124066591262817,-3.3821663856506348,-0.008689730428159237,1.5819653272628784,1.2070183753967285,-0.016010364517569542
47.50000000000469,2.164057,-2.606456,0,10.995932579040527,-11.537069320678711,-2.591156005859375,1.3240386247634888,-3.3708720207214355,-0.008798966184258461,1.5884075164794922,1.2267893552780151,-0.012791248969733715
47.50000000000469,2.164057,-2.606456,0,11.005331993103027,-11.562223434448242,-2.5911865234375,1.3357466459274292,-3.359508991241455,-0.008757097646594048,1.594350814819336,1.2407902479171753,0.006087589543312788
47.50000000000469,2.164057,-2.606456,0,11.014853477478027,-11.587333679199219,-2.5912322998046875,1.3474781513214111,-3.348059892654419,-0.008562696166336536,1.5938199758529663,1.2568213939666748,0.025145241990685463
47.50000000000469,2.164057,-2.606456,0,11.03414535522461,-11.637068748474121,-2.59130859375,1.3709967136383057,-3.324636220932007,-0.0077531421557068825,1.6045259237289429,1.282591462135315,0.055417414754629135
47.50000000000469,2.164057,-2.606456,0,11.043973922729492,-11.661866188049316,-2.591339111328125,1.382849931716919,-3.3127970695495605,-0.00723210908472538,1.6067173480987549,1.3006970882415771,0.06595718860626221
47.50000000000469,2.164057,-2.606456,0,11.053924560546875,-11.686614036560059,-2.59136962890625,1.3947772979736328,-3.3008904457092285,-0.007068944163620472,1.6126987934112549,1.3143701553344727,0.021212732419371605
47.50000000000469,2.164057,-2.606456,0,11.063941955566406,-11.711126327514648,-2.5914154052734375,1.4067537784576416,-3.2886624336242676,-0.007267819717526436,1.6234935522079468,1.3374525308609009,-0.023964324966073036
47.50000000000469,2.164057,-2.606456,0,11.084344863891602,-11.759998321533203,-2.5915069580078125,1.430782437324524,-3.264073371887207,-0.0077271973714232445,1.6244856119155884,1.3588789701461792,-0.022483056411147118
47.50000000000469,2.164057,-2.606456,0,11.094730377197266,-11.784356117248535,-2.5915679931640625,1.4428493976593018,-3.251673698425293,-0.007912288419902325,1.6249821186065674,1.375067949295044,-0.022296326234936714
47.800000000004765,2.2256258,-2.4793234,0,11.105237007141113,-11.808658599853516,-2.59161376953125,1.4549920558929443,-3.239149808883667,-0.008074244484305382,1.6313068866729736,1.3957200050354004,-0.019427387043833733
47.800000000004765,2.2256258,-2.4793234,0,11.115802764892578,-11.832718849182129,-2.5916748046875,1.4671176671981812,-3.2264227867126465,-0.008129321038722992,1.6352540254592896,1.4046927690505981,-0.006376765202730894
47.800000000004765,2.2256258,-2.4793234,0,11.13730239868164,-11.880674362182617,-2.5917816162109375,1.4913620948791504,-3.200901985168457,-0.007921234704554081,1.6265133619308472,1.4268560409545898,0.024051403626799583
47.800000000004765,2.2256258,-2.4793234,0,11.148235321044922,-11.904566764831543,-2.591827392578125,1.503592610359192,-3.1881086826324463,-0.007680654525756836,1.6389141082763672,1.4287604093551636,0.030557623133063316
47.800000000004765,2.2256258,-2.4793234,0,11.159212112426758,-11.928203582763672,-2.591888427734375,1.5156596899032593,-3.1750996112823486,-0.007303236518055201,1.6261489391326904,1.438219428062439,0.047394536435604095
47.800000000004765,2.2256258,-2.4793234,0,11.170310974121094,-11.951784133911133,-2.5919342041015625,1.5277072191238403,-3.162156820297241,-0.006749898660928011,1.6205625534057617,1.4353268146514893,0.06937002390623093
47.800000000004765,2.2256258,-2.4793234,0,11.192873001098633,-11.998771667480469,-2.592010498046875,1.5519213676452637,-3.135928153991699,-0.005760209169238806,1.6248770952224731,1.4739023447036743,0.04283478111028671
47.800000000004765,2.2256258,-2.4793234,0,11.20426082611084,-12.02197551727295,-2.592041015625,1.564074993133545,-3.1224899291992188,-0.005936732515692711,1.635130524635315,1.4897481203079224,-0.022407153621315956
47.800000000004765,2.2256258,-2.4793234,0,11.215771675109863,-12.045120239257812,-2.592071533203125,1.5762676000595093,-3.1090285778045654,-0.00612785154953599,1.636897325515747,1.4981120824813843,-0.024234874173998833
47.800000000004765,2.2256258,-2.4793234,0,11.227404594421387,-12.068203926086426,-2.592071533203125,1.5884644985198975,-3.095522880554199,-0.006187534425407648,1.6344040632247925,1.5089607238769531,-0.008263624273240566
48.10000000000484,2.2865164,-2.349595,0,11.239157676696777,-12.091224670410156,-2.5920867919921875,1.6006406545639038,-3.0819966793060303,-0.006232164334505796,1.6288294792175293,1.5166981220245361,-0.006375833880156279
48.10000000000484,2.2865164,-2.349595,0,11.250960350036621,-12.113980293273926,-2.59210205078125,1.6127221584320068,-3.068333625793457,-0.006246235221624374,1.624560832977295,1.5155097246170044,-0.003268476342782378
48.10000000000484,2.2865164,-2.349595,0,11.274927139282227,-12.159306526184082,-2.592132568359375,1.636965036392212,-3.0408666133880615,-0.006282131187617779,1.626594066619873,1.5400471687316895,0.0010835936991497874
48.10000000000484,2.2865164,-2.349595,0,11.287092208862305,-12.18187427520752,-2.592132568359375,1.6490943431854248,-3.0271451473236084,-0.006121279206126928,1.6214929819107056,1.5389188528060913,0.018658580258488655
48.10000000000484,2.2865164,-2.349595,0,11.311637878417969,-12.2263822555542,-2.5921478271484375,1.6730387210845947,-2.999331474304199,-0.00544319674372673,1.6039133071899414,1.5453248023986816,0.050801780074834824
48.10000000000484,2.2865164,-2.349595,0,11.324090003967285,-12.248540878295898,-2.5921478271484375,1.6850117444992065,-2.985383987426758,-0.0049309819005429745,1.6039586067199707,1.5574939250946045,0.06195203959941864
48.10000000000484,2.2865164,-2.349595,0,11.336660385131836,-12.270634651184082,-2.5921478271484375,1.697096824645996,-2.97141432762146,-0.004692745395004749,1.6151212453842163,1.5654985904693604,0.027739906683564186
48.10000000000484,2.2865164,-2.349595,0,11.349281311035156,-12.29242992401123,-2.5921478271484375,1.7091469764709473,-2.9571306705474854,-0.004827634431421757,1.6188229322433472,1.5820121765136719,-0.019991302862763405
48.10000000000484,2.2865164,-2.349595,0,11.37488079071045,-12.335824966430664,-2.592132568359375,1.7331593036651611,-2.928633689880371,-0.005190910305827856,1.6079306602478027,1.588623285293579,-0.019789205864071846
48.10000000000484,2.2865164,-2.349595,0,11.387858390808105,-12.357423782348633,-2.592132568359375,1.7451730966567993,-2.914377450942993,-0.0052627138793468475,1.60551917552948,1.5953906774520874,-0.011927912943065166
48.400000000004916,2.3466332,-2.2174506,0,11.400870323181152,-12.378722190856934,-2.5921478271484375,1.7570635080337524,-2.899907350540161,-0.005375880282372236,1.599860429763794,1.599587082862854,-0.016776377335190773
48.400000000004916,2.3466332,-2.2174506,0,11.414000511169434,-12.399954795837402,-2.5921630859375,1.7689279317855835,-2.885439872741699,-0.005491804331541061,1.5935710668563843,1.6051760911941528,-0.016928182914853096
48.400000000004916,2.3466332,-2.2174506,0,11.427248001098633,-12.421121597290039,-2.5921783447265625,1.7808914184570312,-2.870976448059082,-0.005478650331497192,1.6029881238937378,1.6104227304458618,-0.0007594935013912618
48.400000000004916,2.3466332,-2.2174506,0,11.440613746643066,-12.442220687866211,-2.592193603515625,1.792816162109375,-2.8565726280212402,-0.005293806083500385,1.5952355861663818,1.6085660457611084,0.020734498277306557
48.400000000004916,2.3466332,-2.2174506,0,11.467508316040039,-12.483758926391602,-2.5922393798828125,1.816441297531128,-2.8273990154266357,-0.0046171569265425205,1.590363621711731,1.6097437143325806,0.045775432139635086
48.400000000004916,2.3466332,-2.2174506,0,11.481131553649902,-12.50442886352539,-2.5922698974609375,1.8281686305999756,-2.8128726482391357,-0.004134493879973888,1.5757306814193726,1.6135499477386475,0.05878880247473717
48.400000000004916,2.3466332,-2.2174506,0,11.508726119995117,-12.545563697814941,-2.5923004150390625,1.8517773151397705,-2.783752202987671,-0.0041563198901712894,1.5853626728057861,1.6327846050262451,-0.03376137092709541
48.400000000004916,2.3466332,-2.2174506,0,11.522604942321777,-12.565800666809082,-2.5923309326171875,1.8635691404342651,-2.768976926803589,-0.0044079991057515144,1.5894240140914917,1.6341936588287354,-0.03229546919465065
48.400000000004916,2.3466332,-2.2174506,0,11.536601066589355,-12.585969924926758,-2.592376708984375,1.875354290008545,-2.7542099952697754,-0.0046316757798194885,1.585532307624817,1.639112114906311,-0.028808599337935448
48.400000000004916,2.3466332,-2.2174506,0,11.550712585449219,-12.606069564819336,-2.5924224853515625,1.8870595693588257,-2.7394285202026367,-0.0048212772235274315,1.5725927352905273,1.6467396020889282,-0.02456269972026348
48.70000000000499,2.4058821,-2.0830781,0,11.564940452575684,-12.626100540161133,-2.5924530029296875,1.8988187313079834,-2.7247323989868164,-0.005009807646274567,1.5764071941375732,1.6417747735977173,-0.024443024769425392
48.70000000000499,2.4058821,-2.0830781,0,11.5935640335083,-12.66549301147461,-2.592559814453125,1.9220443964004517,-2.69490909576416,-0.005206576082855463,1.564685344696045,1.6511764526367188,-0.0095833083614707
48.70000000000499,2.4058821,-2.0830781,0,11.608048439025879,-12.685086250305176,-2.5926055908203125,1.9336892366409302,-2.6801095008850098,-0.005052108317613602,1.5668013095855713,1.6450616121292114,0.018806660547852516
48.70000000000499,2.4058821,-2.0830781,0,11.622648239135742,-12.704609870910645,-2.592681884765625,1.9452749490737915,-2.6653802394866943,-0.004853859543800354,1.5564662218093872,1.642069935798645,0.02466374821960926
48.70000000000499,2.4058821,-2.0830781,0,11.6372709274292,-12.723830223083496,-2.592742919921875,1.9567162990570068,-2.650460958480835,-0.004502797499299049,1.5491971969604492,1.6434494256973267,0.043682750314474106
48.70000000000499,2.4058821,-2.0830781,0,11.666855812072754,-12.762066841125488,-2.5928497314453125,1.979506015777588,-2.620736598968506,-0.003347334684804082,1.5362462997436523,1.6478750705718994,0.08234194666147232
48.70000000000499,2.4058821,-2.0830781,0,11.681818008422852,-12.781082153320312,-2.5928802490234375,1.990836501121521,-2.6059393882751465,-0.002651616930961609,1.5262855291366577,1.646268367767334,0.08666282147169113
48.70000000000499,2.4058821,-2.0830781,0,11.696796417236328,-12.79979419708252,-2.592926025390625,2.002014636993408,-2.5909712314605713,-0.0019357914570719004,1.5183463096618652,1.6452349424362183,0.08942651748657227
48.70000000000499,2.4058821,-2.0830781,0,11.72708797454834,-12.837015151977539,-2.5930023193359375,2.02439022064209,-2.5609521865844727,-0.0015102806501090527,1.51447331905365,1.6688133478164673,-0.0015171243576332927
48.70000000000499,2.4058821,-2.0830781,0,11.742401123046875,-12.855521202087402,-2.593017578125,2.0355753898620605,-2.5459585189819336,-0.0015836453530937433,1.509945273399353,1.6668705940246582,-0.009688547812402248
49.000000000005066,2.4641716,-1.9466738,0,11.757731437683105,-12.873744010925293,-2.5930328369140625,2.0466485023498535,-2.5308544635772705,-0.0016002890188246965,1.506532907485962,1.660926103591919,-0.0024889593478292227
49.000000000005066,2.4641716,-1.9466738,0,11.773173332214355,-12.891898155212402,-2.593048095703125,2.057612180709839,-2.515718936920166,-0.001577497343532741,1.4896384477615356,1.6712398529052734,0.0024074686225503683
49.000000000005066,2.4641716,-1.9466738,0,11.804384231567383,-12.927996635437012,-2.59307861328125,2.079345226287842,-2.4855198860168457,-0.001465863548219204,1.4645968675613403,1.675353765487671,0.006842892151325941
49.000000000005066,2.4641716,-1.9466738,0,11.820045471191406,-12.945721626281738,-2.5930938720703125,2.0899996757507324,-2.4703636169433594,-0.0013525132089853287,1.4573705196380615,1.6655455827713013,0.014062504284083843
49.000000000005066,2.4641716,-1.9466738,0,11.835814476013184,-12.963376998901367,-2.5930938720703125,2.1006224155426025,-2.455219030380249,-0.0012242118827998638,1.4501475095748901,1.6704356670379639,0.01589115522801876
49.000000000005066,2.4641716,-1.9466738,0,11.851690292358398,-12.980963706970215,-2.593109130859375,2.1112210750579834,-2.4401748180389404,-0.0009436913533136249,1.4439406394958496,1.6641405820846558,0.034702472388744354
49.000000000005066,2.4641716,-1.9466738,0,11.883639335632324,-13.015701293945312,-2.593109130859375,2.1323859691619873,-2.4099273681640625,-0.001070493715815246,1.4482614994049072,1.6648386716842651,-0.027675645425915718
49.000000000005066,2.4641716,-1.9466738,0,11.899713516235352,-13.032853126525879,-2.5931243896484375,2.1428728103637695,-2.394771099090576,-0.0014595240354537964,1.438556432723999,1.6691092252731323,-0.048222482204437256
49.000000000005066,2.4641716,-1.9466738,0,11.9158935546875,-13.04993724822998,-2.5931396484375,2.1533734798431396,-2.3796842098236084,-0.001668361248448491,1.4369584321975708,1.6667602062225342,-0.02575153298676014
49.000000000005066,2.4641716,-1.9466738,0,11.932180404663086,-13.066950798034668,-2.5931549072265625,2.1638123989105225,-2.3646671772003174,-0.001877207774668932,1.4259752035140991,1.664156436920166,-0.025804618373513222
49.30000000000514,2.5214121,-1.8084395,0,11.964824676513672,-13.100337982177734,-2.59320068359375,2.184307098388672,-2.3344576358795166,-0.002214801264926791,1.4095515012741089,1.656779170036316,-0.017915384843945503
49.30000000000514,2.5214121,-1.8084395,0,11.981305122375488,-13.116929054260254,-2.593231201171875,2.1945340633392334,-2.3195526599884033,-0.0022205300629138947,1.4072214365005493,1.6427114009857178,0.0003175809688400477
49.30000000000514,2.5214121,-1.8084395,0,11.99789047241211,-13.133453369140625,-2.59326171875,2.20475435256958,-2.3047335147857666,-0.0021241081412881613,1.402972936630249,1.6382139921188354,0.013011506758630276
49.30000000000514,2.5214121,-1.8084395,0,12.014579772949219,-13.149909019470215,-2.5932769775390625,2.2149534225463867,-2.289968729019165,-0.0018413325306028128,1.3969544172286987,1.6374850273132324,0.03623123839497566
49.30000000000514,2.5214121,-1.8084395,0,12.047998428344727,-13.18217658996582,-2.5933685302734375,2.2349376678466797,-2.2603535652160645,-0.0010278262197971344,1.3816860914230347,1.624290943145752,0.05850428342819214
49.30000000000514,2.5214121,-1.8084395,0,12.064864158630371,-13.198211669921875,-2.5933990478515625,2.24489426612854,-2.245643138885498,-0.0003742208064068109,1.3759926557540894,1.6227856874465942,0.08384743332862854
49.30000000000514,2.5214121,-1.8084395,0,12.081831932067871,-13.214179039001465,-2.5934295654296875,2.2548136711120605,-2.2309985160827637,0.00030809035524725914,1.3678659200668335,1.6206283569335938,0.08732917904853821
49.30000000000514,2.5214121,-1.8084395,0,12.098777770996094,-13.2298583984375,-2.593475341796875,2.264533758163452,-2.216240406036377,0.0009872663067653775,1.3588526248931885,1.6143449544906616,0.0889170840382576
49.30000000000514,2.5214121,-1.8084395,0,12.132975578308105,-13.261021614074707,-2.59356689453125,2.2840042114257812,-2.186819553375244,0.0013362867757678032,1.3537218570709229,1.6223270893096924,0.0016354023246094584
49.30000000000514,2.5214121,-1.8084395,0,12.150227546691895,-13.276504516601562,-2.5936126708984375,2.2937066555023193,-2.172187328338623,0.001239531789906323,1.3456029891967773,1.617533564567566,-0.008536036126315594
49.60000000000522,2.5775177,-1.6685834,0,12.167479515075684,-13.291706085205078,-2.5936737060546875,2.3032279014587402,-2.1573972702026367,0.0011830416042357683,1.3356983661651611,1.6178545951843262,-0.0029695217963308096
49.60000000000522,2.5775177,-1.6685834,0,12.184832572937012,-13.306843757629395,-2.593719482421875,2.3127694129943848,-2.142794132232666,0.0012072819517925382,1.3344100713729858,1.6009776592254639,0.006960704457014799
49.60000000000522,2.5775177,-1.6685834,0,12.21983814239502,-13.336923599243164,-2.59381103515625,2.3315327167510986,-2.1136035919189453,0.001253051101230085,1.3028664588928223,1.606622576713562,0.003654509549960494
49.60000000000522,2.5775177,-1.6685834,0,12.237378120422363,-13.35165023803711,-2.5938568115234375,2.340785264968872,-2.0989184379577637,0.0010343044996261597,1.3041898012161255,1.604278802871704,-0.0229151900857687
49.60000000000522,2.5775177,-1.6685834,0,12.255017280578613,-13.366312026977539,-2.593902587890625,2.3500723838806152,-2.0842678546905518,0.0005891200853511691,1.3046971559524536,1.6064884662628174,-0.051386650651693344
49.60000000000522,2.5775177,-1.6685834,0,12.272756576538086,-13.38090991973877,-2.593963623046875,2.3594624996185303,-2.069819688796997,0.0001716510596452281,1.313783884048462,1.5875141620635986,-0.048082783818244934
49.60000000000522,2.5775177,-1.6685834,0,12.308415412902832,-13.409704208374023,-2.5940704345703125,2.378042459487915,-2.0409159660339355,-0.000542321358807385,1.304297685623169,1.5798636674880981,-0.04176981374621391
49.60000000000522,2.5775177,-1.6685834,0,12.326336860656738,-13.423903465270996,-2.5941314697265625,2.387359380722046,-2.026603937149048,-0.0008787267724983394,1.3108137845993042,1.5643919706344604,-0.037621237337589264
49.60000000000522,2.5775177,-1.6685834,0,12.34435749053955,-13.438040733337402,-2.5941925048828125,2.3966689109802246,-2.0123562812805176,-0.0011820534709841013,1.3060429096221924,1.5626883506774902,-0.03365054354071617
49.80000000000529,2.61425,-1.5745499,0,12.362476348876953,-13.452116012573242,-2.59423828125,2.405968189239502,-1.998261570930481,-0.0012600718764588237,1.300997018814087,1.5497348308563232,-0.006098765414208174
49.80000000000529,2.61425,-1.5745499,0,12.398786544799805,-13.47966194152832,-2.594329833984375,2.424438238143921,-1.970089316368103,-0.0009044266189448535,1.3026536703109741,1.527662754058838,0.03506801649928093
49.80000000000529,2.61425,-1.5745499,0,12.417089462280273,-13.49334716796875,-2.5943603515625,2.4336869716644287,-1.9561578035354614,-0.0005953186191618443,1.3003169298171997,1.523360252380371,0.042311377823352814
49.80000000000529,2.61425,-1.5745499,0,12.435490608215332,-13.506972312927246,-2.594390869140625,2.442945957183838,-1.942413330078125,-0.00014036439824849367,1.2977783679962158,1.506197452545166,0.06039673089981079
49.80000000000529,2.61425,-1.5745499,0,12.453873634338379,-13.520318031311035,-2.59442138671875,2.4520480632781982,-1.928652048110962,0.00047231034841388464,1.2922824621200562,1.488205909729004,0.08041317760944366
49.80000000000529,2.61425,-1.5745499,0,12.490934371948242,-13.546841621398926,-2.594451904296875,2.4701175689697266,-1.9012811183929443,0.0019191126339137554,1.2706841230392456,1.4824601411819458,0.09555602073669434
49.80000000000529,2.61425,-1.5745499,0,12.509610176086426,-13.560017585754395,-2.5944671630859375,2.4791600704193115,-1.8877077102661133,0.002489623613655567,1.2727516889572144,1.4839245080947876,0.07450393587350845
49.80000000000529,2.61425,-1.5745499,0,12.528271675109863,-13.572929382324219,-2.5944671630859375,2.4880526065826416,-1.873997688293457,0.002822158159688115,1.266978144645691,1.4826345443725586,0.04516355320811272
49.80000000000529,2.61425,-1.5745499,0,12.547030448913574,-13.585785865783691,-2.5944671630859375,2.4968841075897217,-1.8603672981262207,0.0031627488788217306,1.255225419998169,1.4792366027832031,0.046026889234781265
49.80000000000529,2.61425,-1.5745499,0,12.584835052490234,-13.611331939697266,-2.594451904296875,2.514430046081543,-1.8334120512008667,0.004003649577498436,1.2353243827819824,1.464465856552124,0.05529541149735451
50.100000000005366,2.6682818,-1.4324652,0,12.60387897491455,-13.62402057647705,-2.5944366455078125,2.5231642723083496,-1.8200300931930542,0.004438478499650955,1.2313305139541626,1.4667983055114746,0.05740252882242203
50.100000000005366,2.6682818,-1.4324652,0,12.622885704040527,-13.636438369750977,-2.5944366455078125,2.531658887863159,-1.8065521717071533,0.004915062803775072,1.216753602027893,1.4598455429077148,0.06425566226243973
50.100000000005366,2.6682818,-1.4324652,0,12.641985893249512,-13.648802757263184,-2.5944366455078125,2.540093421936035,-1.79313325881958,0.005439531058073044,1.2051459550857544,1.4588592052459717,0.06999121606349945
50.100000000005366,2.6682818,-1.4324652,0,12.680464744567871,-13.673365592956543,-2.5944061279296875,2.5566959381103516,-1.7665776014328003,0.0066222078166902065,1.173697829246521,1.449829339981079,0.08140317350625992
50.100000000005366,2.6682818,-1.4324652,0,12.69969654083252,-13.685362815856934,-2.594390869140625,2.564671754837036,-1.753280758857727,0.007244869600981474,1.156683325767517,1.4382367134094238,0.08347070962190628
50.100000000005366,2.6682818,-1.4324652,0,12.719018936157227,-13.697308540344238,-2.5943756103515625,2.572539806365967,-1.7401106357574463,0.007892386056482792,1.1390185356140137,1.4287569522857666,0.08638574928045273
50.100000000005366,2.6682818,-1.4324652,0,12.73843002319336,-13.709200859069824,-2.5943603515625,2.5802648067474365,-1.726967215538025,0.008624729700386524,1.117024302482605,1.431602954864502,0.09680352360010147
50.100000000005366,2.6682818,-1.4324652,0,12.777382850646973,-13.732640266418457,-2.59429931640625,2.595172166824341,-1.7007203102111816,0.010011971928179264,1.0760118961334229,1.424021601676941,0.09383121132850647
50.100000000005366,2.6682818,-1.4324652,0,12.796923637390137,-13.744189262390137,-2.59423828125,2.602510452270508,-1.6876410245895386,0.010376114398241043,1.075276494026184,1.4204672574996948,0.050354279577732086
50.100000000005366,2.6682818,-1.4324652,0,12.816548347473145,-13.755684852600098,-2.59417724609375,2.60970401763916,-1.674543857574463,0.01027003489434719,1.0529295206069946,1.4288439750671387,-0.008591915480792522
50.40000000000544,2.7209668,-1.289333,0,12.836257934570312,-13.76712703704834,-2.5941162109375,2.6168129444122314,-1.6615900993347168,0.01015838049352169,1.038174033164978,1.4169158935546875,-0.009454320184886456
50.40000000000544,2.7209668,-1.289333,0,12.875656127929688,-13.78952693939209,-2.593994140625,2.6303417682647705,-1.6356596946716309,0.010050524026155472,0.9930180907249451,1.4059098958969116,-0.00011269002425251529
50.40000000000544,2.7209668,-1.289333,0,12.895478248596191,-13.800649642944336,-2.59393310546875,2.6369409561157227,-1.6228184700012207,0.010051493532955647,0.9805716872215271,1.4019029140472412,0.005042179953306913
50.40000000000544,2.7209668,-1.289333,0,12.91537857055664,-13.81171989440918,-2.5938720703125,2.643357753753662,-1.6101324558258057,0.01007161196321249,0.9535014033317566,1.388367772102356,0.007261521648615599
50.40000000000544,2.7209668,-1.289333,0,12.935224533081055,-13.822579383850098,-2.5938262939453125,2.6495368480682373,-1.597430944442749,0.010190521366894245,0.9391381144523621,1.3771891593933105,0.02008070982992649
50.40000000000544,2.7209668,-1.289333,0,12.975149154663086,-13.844148635864258,-2.5937042236328125,2.661576986312866,-1.5723499059677124,0.010566921904683113,0.9050657749176025,1.3571667671203613,0.034492459148168564
50.40000000000544,2.7209668,-1.289333,0,12.995223999023438,-13.8548583984375,-2.5936431884765625,2.6674652099609375,-1.5599864721298218,0.010885117575526237,0.8894763588905334,1.3526161909103394,0.04446273297071457
50.40000000000544,2.7209668,-1.289333,0,13.015242576599121,-13.865363121032715,-2.5935821533203125,2.6731557846069336,-1.5475599765777588,0.010911962017416954,0.8802933692932129,1.3481088876724243,0.008449423126876354
50.40000000000544,2.7209668,-1.289333,0,13.035334587097168,-13.87582015991211,-2.593505859375,2.6788547039031982,-1.5352007150650024,0.010606701485812664,0.8766787052154541,1.3456276655197144,-0.033241692930459976
50.40000000000544,2.7209668,-1.289333,0,13.075738906860352,-13.896586418151855,-2.5933837890625,2.6899993419647217,-1.5108428001403809,0.010208736173808575,0.8448448181152344,1.324528694152832,-0.015600583516061306
50.70000000000552,2.7722335,-1.1453725,0,13.095909118652344,-13.906742095947266,-2.59332275390625,2.6953296661376953,-1.4987026453018188,0.010100682266056538,0.8382957577705383,1.31675124168396,-0.008089466951787472
50.70000000000552,2.7722335,-1.1453725,0,13.116151809692383,-13.916851043701172,-2.59326171875,2.700645685195923,-1.4866851568222046,0.00992185715585947,0.8317232728004456,1.3072967529296875,-0.01712515763938427
50.70000000000552,2.7722335,-1.1453725,0,13.136465072631836,-13.926913261413574,-2.59320068359375,2.705914258956909,-1.4747768640518188,0.009696327149868011,0.821115255355835,1.299350619316101,-0.023148486390709877
50.70000000000552,2.7722335,-1.1453725,0,13.156848907470703,-13.936928749084473,-2.5931549072265625,2.7110705375671387,-1.4630366563796997,0.00953041110187769,0.8024840354919434,1.2839215993881226,-0.015877651050686836
50.70000000000552,2.7722335,-1.1453725,0,13.197509765625,-13.956535339355469,-2.593048095703125,2.721101760864258,-1.4396908283233643,0.009635891765356064,0.7978651523590088,1.2592483758926392,0.017499083653092384
50.70000000000552,2.7722335,-1.1453725,0,13.21794605255127,-13.966272354125977,-2.592987060546875,2.7261199951171875,-1.4281795024871826,0.009546500630676746,0.7939299941062927,1.2551069259643555,-0.0055758277885615826
50.70000000000552,2.7722335,-1.1453725,0,13.23845100402832,-13.97596549987793,-2.592926025390625,2.7312631607055664,-1.4167784452438354,0.009078294038772583,0.8048523664474487,1.246729850769043,-0.053283289074897766
50.70000000000552,2.7722335,-1.1453725,0,13.259026527404785,-13.985612869262695,-2.5928802490234375,2.736333131790161,-1.4055063724517822,0.008684058673679829,0.7911574244499207,1.2358876466751099,-0.04422012344002724
50.70000000000552,2.7722335,-1.1453725,0,13.300053596496582,-14.004517555236816,-2.5927734375,2.746109962463379,-1.3831621408462524,0.008043646812438965,0.7849379777908325,1.2116564512252808,-0.03417208418250084
50.90000000000559,2.80559,-1.0490474,0,13.320672035217285,-14.013906478881836,-2.5927276611328125,2.7510833740234375,-1.3721437454223633,0.007784727960824966,0.7882174849510193,1.2047234773635864,-0.026699619367718697
50.90000000000559,2.80559,-1.0490474,0,13.341360092163086,-14.023252487182617,-2.592681884765625,2.756082773208618,-1.361241102218628,0.0075887530110776424,0.7867900133132935,1.1953941583633423,-0.019022261723876
50.90000000000559,2.80559,-1.0490474,0,13.382584571838379,-14.041566848754883,-2.592620849609375,2.7657649517059326,-1.3397130966186523,0.00728156603872776,0.7851124405860901,1.1658793687820435,-0.004373490344733
50.90000000000559,2.80559,-1.0490474,0,13.403303146362305,-14.050664901733398,-2.59259033203125,2.770606756210327,-1.3291308879852295,0.007357072085142136,0.7775118350982666,1.1561132669448853,0.01619616337120533
50.90000000000559,2.80559,-1.0490474,0,13.424091339111328,-14.059721946716309,-2.5925750732421875,2.775421142578125,-1.318670392036438,0.0075362506322562695,0.7692534327507019,1.145937204360962,0.028938053175807
50.90000000000559,2.80559,-1.0490474,0,13.444756507873535,-14.068634033203125,-2.592559814453125,2.7801036834716797,-1.3082756996154785,0.00786309689283371,0.7742236256599426,1.1302143335342407,0.04949653148651123
50.90000000000559,2.80559,-1.0490474,0,13.486298561096191,-14.086343765258789,-2.592529296875,2.7894299030303955,-1.2877898216247559,0.008442231453955173,0.7633220553398132,1.1156352758407593,0.03586103767156601
50.90000000000559,2.80559,-1.0490474,0,13.50717544555664,-14.095141410827637,-2.5925140380859375,2.7941677570343018,-1.2776943445205688,0.008474447764456272,0.7659143805503845,1.1076414585113525,0.011898576281964779
50.90000000000559,2.80559,-1.0490474,0,13.527928352355957,-14.103804588317871,-2.592498779296875,2.798668146133423,-1.2675572633743286,0.008492578752338886,0.7576087117195129,1.1057627201080322,0.012017319910228252
50.90000000000559,2.80559,-1.0490474,0,13.548751831054688,-14.112431526184082,-2.59246826171875,2.8031504154205322,-1.2575926780700684,0.008582904003560543,0.7499561905860901,1.089094638824463,0.020200850442051888
51.100000000005664,2.8382678,-0.95251685,0,13.590608596801758,-14.129572868347168,-2.5924072265625,2.812021017074585,-1.2378777265548706,0.008829033933579922,0.7296786904335022,1.0817790031433105,0.024767590686678886
51.100000000005664,2.8382678,-0.95251685,0,13.611470222473145,-14.137999534606934,-2.592376708984375,2.8162474632263184,-1.22808837890625,0.008979149162769318,0.7265090942382812,1.070067286491394,0.0292449239641428
51.100000000005664,2.8382678,-0.95251685,0,13.632400512695312,-14.14638900756836,-2.5923614501953125,2.8204739093780518,-1.2183843851089478,0.009208817966282368,0.721061646938324,1.0640959739685059,0.038883645087480545
51.100000000005664,2.8382678,-0.95251685,0,13.653399467468262,-14.154742240905762,-2.59234619140625,2.824671506881714,-1.2087392807006836,0.009502536617219448,0.7121579051017761,1.061306357383728,0.046593599021434784
51.100000000005664,2.8382678,-0.95251685,0,13.695446014404297,-14.1712646484375,-2.5923004150390625,2.832655668258667,-1.1897773742675781,0.010268003679811954,0.6814575791358948,1.0411690473556519,0.06296205520629883
51.100000000005664,2.8382678,-0.95251685,0,13.71649169921875,-14.179433822631836,-2.592254638671875,2.836444139480591,-1.1803770065307617,0.010714932344853878,0.666843056678772,1.0346966981887817,0.0663963109254837
51.100000000005664,2.8382678,-0.95251685,0,13.737602233886719,-14.187567710876465,-2.5922088623046875,2.840174913406372,-1.1710033416748047,0.01112562045454979,0.6543532609939575,1.035689353942871,0.06156554073095322
51.100000000005664,2.8382678,-0.95251685,0,13.758777618408203,-14.19566535949707,-2.5921630859375,2.843853712081909,-1.1617286205291748,0.011579064652323723,0.6427145600318909,1.0275475978851318,0.06661796569824219
51.100000000005664,2.8382678,-0.95251685,0,13.801012992858887,-14.211591720581055,-2.59210205078125,2.8505802154541016,-1.1432273387908936,0.01220085471868515,0.6084007620811462,1.0177350044250488,0.038405876606702805
51.100000000005664,2.8382678,-0.95251685,0,13.822224617004395,-14.219501495361328,-2.592071533203125,2.8538007736206055,-1.1341118812561035,0.012165830470621586,0.5908989310264587,1.0109293460845947,0.006868503522127867
51.40000000000574,2.8859737,-0.8074771,0,13.843496322631836,-14.227375030517578,-2.5920257568359375,2.856907606124878,-1.1250431537628174,0.01214434765279293,0.571485161781311,1.0091195106506348,0.008240806870162487
51.40000000000574,2.8859737,-0.8074771,0,13.864669799804688,-14.235138893127441,-2.592010498046875,2.8597114086151123,-1.115931510925293,0.012264018878340721,0.5505713224411011,1.0097838640213013,0.027175525203347206
51.40000000000574,2.8859737,-0.8074771,0,13.907191276550293,-14.250560760498047,-2.591949462890625,2.865081787109375,-1.098089337348938,0.01253911480307579,0.5188096165657043,0.9832581877708435,0.027981584891676903
51.40000000000574,2.8859737,-0.8074771,0,13.928536415100098,-14.258219718933105,-2.5919036865234375,2.867569923400879,-1.0892417430877686,0.012718377634882927,0.4948698580265045,0.9887039661407471,0.03361189365386963
51.40000000000574,2.8859737,-0.8074771,0,13.949935913085938,-14.265841484069824,-2.5918731689453125,2.8700928688049316,-1.080461859703064,0.01283450610935688,0.49408698081970215,0.9839991927146912,0.025399958714842796
51.40000000000574,2.8859737,-0.8074771,0,13.971208572387695,-14.273371696472168,-2.5918426513671875,2.872272253036499,-1.0717337131500244,0.013008317910134792,0.4700416028499603,0.9748397469520569,0.0341939702630043
51.40000000000574,2.8859737,-0.8074771,0,14.013914108276367,-14.288326263427734,-2.5917816162109375,2.8764431476593018,-1.0544748306274414,0.012463333085179329,0.4407216012477875,0.9658342599868774,-0.04546995833516121
51.40000000000574,2.8859737,-0.8074771,0,14.035346031188965,-14.295750617980957,-2.591766357421875,2.878460168838501,-1.045959711074829,0.012047182768583298,0.4335778057575226,0.9591237306594849,-0.04037981480360031
51.40000000000574,2.8859737,-0.8074771,0,14.056631088256836,-14.30309009552002,-2.591766357421875,2.8801562786102295,-1.037542462348938,0.011716236360371113,0.4142377972602844,0.9447766542434692,-0.028120817616581917
51.40000000000574,2.8859737,-0.8074771,0,14.077967643737793,-14.310396194458008,-2.5917510986328125,2.8817830085754395,-1.0291941165924072,0.011420758441090584,0.3998495936393738,0.9396834373474121,-0.02406257949769497
51.700000000005815,2.932059,-0.6623362,0,14.120792388916016,-14.324904441833496,-2.5917510986328125,2.885042428970337,-1.012768030166626,0.010840769857168198,0.38589999079704285,0.9252477288246155,-0.021175479516386986
51.700000000005815,2.932059,-0.6623362,0,14.142095565795898,-14.332071304321289,-2.591766357421875,2.8864176273345947,-1.0046908855438232,0.010629476979374886,0.3756336271762848,0.9119600653648376,-0.012711620889604092
51.700000000005815,2.932059,-0.6623362,0,14.16344928741455,-14.339204788208008,-2.591766357421875,2.887814521789551,-0.9966797232627869,0.010562538169324398,0.3725653886795044,0.9069982767105103,0.004942528437823057
51.700000000005815,2.932059,-0.6623362,0,14.184852600097656,-14.346304893493652,-2.5917816162109375,2.889206647872925,-0.9887892603874207,0.01052817516028881,0.36629506945610046,0.8951087594032288,0.008651054464280605
51.700000000005815,2.932059,-0.6623362,0,14.227622032165527,-14.360359191894531,-2.5918121337890625,2.891634464263916,-0.9732889533042908,0.010887623764574528,0.3385579586029053,0.874156653881073,0.0424971766769886
51.700000000005815,2.932059,-0.6623362,0,14.248988151550293,-14.367314338684082,-2.591827392578125,2.892751455307007,-0.9656105041503906,0.010864250361919403,0.33855539560317993,0.8726734519004822,0.010688788257539272
51.700000000005815,2.932059,-0.6623362,0,14.270401954650879,-14.374238014221191,-2.5918426513671875,2.89391827583313,-0.958039402961731,0.010512396693229675,0.3390998840332031,0.8622562289237976,-0.030761582776904106
51.700000000005815,2.932059,-0.6623362,0,14.291864395141602,-14.381129264831543,-2.59185791015625,2.895127773284912,-0.9505897760391235,0.01016976684331894,0.3388546109199524,0.8499897718429565,-0.029989050701260567
51.700000000005815,2.932059,-0.6623362,0,14.33460521697998,-14.394719123840332,-2.5919036865234375,2.8972890377044678,-0.9358183741569519,0.009732462465763092,0.33359524607658386,0.8365261554718018,-0.015149357728660107
51.700000000005815,2.932059,-0.6623362,0,14.356049537658691,-14.401468276977539,-2.5919342041015625,2.8983988761901855,-0.9285647869110107,0.009497534483671188,0.3310029208660126,0.8284046053886414,-0.016062984243035316
51.90000000000589,2.9618578,-0.5656241,0,14.377540588378906,-14.408186912536621,-2.5919647216796875,2.8995466232299805,-0.9213582873344421,0.009239023551344872,0.3302026689052582,0.825285017490387,-0.019394325092434883
51.90000000000589,2.9618578,-0.5656241,0,14.39891242980957,-14.414815902709961,-2.5919952392578125,2.900508403778076,-0.9142542481422424,0.009066358208656311,0.3238201439380646,0.8085461258888245,-0.007714610081166029
51.90000000000589,2.9618578,-0.5656241,0,14.441802024841309,-14.427987098693848,-2.592071533203125,2.9024574756622314,-0.9002875685691833,0.009085212834179401,0.3132173717021942,0.7916629314422607,0.022872814908623695
51.90000000000589,2.9618578,-0.5656241,0,14.46331787109375,-14.434529304504395,-2.59210205078125,2.9034950733184814,-0.8934016227722168,0.009298358112573624,0.31641635298728943,0.7894353866577148,0.03934790939092636
51.90000000000589,2.9618578,-0.5656241,0,14.484728813171387,-14.440990447998047,-2.5921173095703125,2.9043595790863037,-0.8865837454795837,0.009578904137015343,0.309922993183136,0.7774965763092041,0.048657409846782684
51.90000000000589,2.9618578,-0.5656241,0,14.506187438964844,-14.447423934936523,-2.5921478271484375,2.9052371978759766,-0.8798219561576843,0.009936419315636158,0.30586814880371094,0.7731475234031677,0.057780180126428604
51.90000000000589,2.9618578,-0.5656241,0,14.549243927001953,-14.46020793914795,-2.5921783447265625,2.906986951828003,-0.866581380367279,0.010762175545096397,0.29361140727996826,0.7571946382522583,0.06836186349391937
51.90000000000589,2.9618578,-0.5656241,0,14.570700645446777,-14.466519355773926,-2.592193603515625,2.9076263904571533,-0.860039234161377,0.010931229218840599,0.2788047790527344,0.7492908239364624,0.03484589606523514
51.90000000000589,2.9618578,-0.5656241,0,14.592204093933105,-14.472803115844727,-2.592193603515625,2.908391237258911,-0.8534953594207764,0.010970155708491802,0.28883373737335205,0.7519974708557129,0.018185002729296684
51.90000000000589,2.9618578,-0.5656241,0,14.613752365112305,-14.479060173034668,-2.5922088623046875,2.9090616703033447,-0.8470069766044617,0.010953282937407494,0.27156519889831543,0.7474855184555054,0.010825692676007748
52.200000000005964,3.0051365,-0.42078242,0,14.656982421875,-14.491490364074707,-2.59222412109375,2.9104137420654297,-0.8341915607452393,0.011234622448682785,0.2610189616680145,0.7334287166595459,0.032713633030653
52.200000000005964,3.0051365,-0.42078242,0,14.678520202636719,-14.497644424438477,-2.5922393798828125,2.9108479022979736,-0.8278738260269165,0.011361326090991497,0.24466657638549805,0.7315687537193298,0.02913363091647625
52.200000000005964,3.0051365,-0.42078242,0,14.700101852416992,-14.50377082824707,-2.5922393798828125,2.911250352859497,-0.8216069936752319,0.011512385681271553,0.23532351851463318,0.7274096608161926,0.03179441764950752
52.200000000005964,3.0051365,-0.42078242,0,14.721724510192871,-14.509869575500488,-2.5922393798828125,2.911632537841797,-0.8153622150421143,0.011625158600509167,0.22754015028476715,0.7267956733703613,0.026635823771357536
52.200000000005964,3.0051365,-0.42078242,0,14.76494312286377,-14.521967887878418,-2.592254638671875,2.912271022796631,-0.8031543493270874,0.011125252582132816,0.2186749428510666,0.7085316181182861,-0.03721844032406807
52.200000000005964,3.0051365,-0.42078242,0,14.786539077758789,-14.52796745300293,-2.5922698974609375,2.912539482116699,-0.7971659898757935,0.01074844691902399,0.2182682305574417,0.7000674605369568,-0.03400677442550659
52.200000000005964,3.0051365,-0.42078242,0,14.808176040649414,-14.533941268920898,-2.59228515625,2.9128053188323975,-0.791204035282135,0.010464734397828579,0.21273887157440186,0.6987137198448181,-0.022747552022337914
52.200000000005964,3.0051365,-0.42078242,0,14.829853057861328,-14.539887428283691,-2.59228515625,2.913086175918579,-0.7853286266326904,0.010308475233614445,0.20948195457458496,0.6897603869438171,-0.007533002179116011
52.200000000005964,3.0051365,-0.42078242,0,14.873047828674316,-14.551708221435547,-2.59228515625,2.913273572921753,-0.7738772630691528,0.010043713264167309,0.19337037205696106,0.6740151643753052,-0.006759073119610548
52.200000000005964,3.0051365,-0.42078242,0,14.894704818725586,-14.55757999420166,-2.59228515625,2.913440704345703,-0.7682663202285767,0.009936384856700897,0.1981819123029709,0.6642505526542664,-0.000837724597658962
52.40000000000604,3.0330257,-0.3244595,0,14.916401863098145,-14.563426971435547,-2.5923004150390625,2.9135916233062744,-0.762726902961731,0.00994245894253254,0.1910480260848999,0.6569492816925049,0.012974253855645657
52.40000000000604,3.0330257,-0.3244595,0,14.937995910644531,-14.569246292114258,-2.5923004150390625,2.9136879444122314,-0.757236659526825,0.009991387836635113,0.19766192138195038,0.6543694734573364,0.019749624654650688
52.40000000000604,3.0330257,-0.3244595,0,14.981303215026855,-14.580810546875,-2.592315673828125,2.9138541221618652,-0.746525228023529,0.010490206070244312,0.1871432065963745,0.6350296139717102,0.04976987466216087
52.40000000000604,3.0330257,-0.3244595,0,15.003015518188477,-14.586555480957031,-2.5923309326171875,2.9139647483825684,-0.7412482500076294,0.010821322910487652,0.18382611870765686,0.6321313977241516,0.05410657823085785
52.40000000000604,3.0330257,-0.3244595,0,15.024638175964355,-14.592289924621582,-2.5923614501953125,2.913916826248169,-0.736072838306427,0.011155548505485058,0.1757943034172058,0.6241085529327393,0.056641172617673874
52.40000000000604,3.0330257,-0.3244595,0,15.046300888061523,-14.597999572753906,-2.592376708984375,2.913862943649292,-0.7309454083442688,0.011500622145831585,0.169815331697464,0.6193729043006897,0.05756876990199089
52.40000000000604,3.0330257,-0.3244595,0,15.089736938476562,-14.609344482421875,-2.5924072265625,2.9136135578155518,-0.7207987308502197,0.012183803133666515,0.14647547900676727,0.613050103187561,0.05741836130619049
52.40000000000604,3.0330257,-0.3244595,0,15.111384391784668,-14.61500358581543,-2.5924224853515625,2.9132654666900635,-0.7157744765281677,0.0123904999345541,0.13481760025024414,0.6147850751876831,0.041225455701351166
52.40000000000604,3.0330257,-0.3244595,0,15.13306713104248,-14.620636940002441,-2.5924530029296875,2.912909984588623,-0.7108121514320374,0.012300409376621246,0.12875288724899292,0.6080410480499268,0.003682914888486266
53.10000000000612,3.1244218,0.010270504,0,15.154786109924316,-14.626245498657227,-2.5924530029296875,2.9124979972839355,-0.7059294581413269,0.012217686511576176,0.11661501228809357,0.5990617275238037,0.003774184500798583
53.10000000000612,3.1244218,0.010270504,0,15.176538467407227,-14.631830215454102,-2.5924530029296875,2.912081003189087,-0.7010734677314758,0.012304013594985008,0.11111549288034439,0.5966595411300659,0.024496575817465782
53.10000000000612,3.1244218,0.010270504,0,15.198203086853027,-14.637413024902344,-2.59246826171875,2.911487579345703,-0.6963045597076416,0.012403592467308044,0.10073920339345932,0.591273844242096,0.02808123640716076
53.10000000000612,3.1244218,0.010270504,0,15.241629600524902,-14.648506164550781,-2.5924835205078125,2.9099879264831543,-0.6868979334831238,0.012525664642453194,0.0682455375790596,0.5844813585281372,0.020205972716212273
53.10000000000612,3.1244218,0.010270504,0,15.263389587402344,-14.65401554107666,-2.5924835205078125,2.9091644287109375,-0.6821808218955994,0.01257329061627388,0.057346098124980927,0.5870009660720825,0.020269768312573433
53.10000000000612,3.1244218,0.010270504,0,15.306760787963867,-14.665017127990723,-2.592529296875,2.907069444656372,-0.6730078458786011,0.012900044210255146,0.035313960164785385,0.5740728974342346,0.04030856862664223
53.10000000000612,3.1244218,0.010270504,0,15.328490257263184,-14.670479774475098,-2.5925140380859375,2.906066417694092,-0.6684461236000061,0.01226266659796238,0.03643416613340378,0.5747155547142029,-0.06525823473930359
53.10000000000612,3.1244218,0.010270504,0,15.350248336791992,-14.675917625427246,-2.5925140380859375,2.9051129817962646,-0.6638273596763611,0.010522393509745598,0.037951741367578506,0.5823400020599365,-0.2035377472639084
53.10000000000612,3.1244218,0.010270504,0,15.372035026550293,-14.681327819824219,-2.592529296875,2.904198169708252,-0.659090518951416,0.008483847603201866,0.03821088373661041,0.59757000207901,-0.2412288337945938
53.10000000000612,3.1244218,0.010270504,0,15.393730163574219,-14.686745643615723,-2.5925750732421875,2.9032368659973145,-0.6544098854064941,0.006564438343048096,0.0430622436106205,0.5973995327949524,-0.22458051145076752
53.30000000000619,3.148729,0.104994744,0,15.415454864501953,-14.692134857177734,-2.5926361083984375,2.9022884368896484,-0.6496488451957703,0.004627334885299206,0.039901770651340485,0.6077419519424438,-0.22723664343357086
53.30000000000619,3.148729,0.104994744,0,15.458992004394531,-14.702824592590332,-2.5927886962890625,2.900745153427124,-0.6397271156311035,0.0007445783703587949,0.0640990138053894,0.6443312764167786,-0.223730206489563
53.30000000000619,3.148729,0.104994744,0,15.480698585510254,-14.708160400390625,-2.5928802490234375,2.900101661682129,-0.6346136331558228,-0.0009794746292755008,0.07771481573581696,0.6589401364326477,-0.20030511915683746
53.30000000000619,3.148729,0.104994744,0,15.524209022521973,-14.718728065490723,-2.593109130859375,2.8994369506835938,-0.6239148378372192,-0.0036891361232846975,0.12019015103578568,0.7022464275360107,-0.1381295621395111
53.30000000000619,3.148729,0.104994744,0,15.546014785766602,-14.723958015441895,-2.593231201171875,2.899351119995117,-0.6182900667190552,-0.004676051437854767,0.13373936712741852,0.7231397032737732,-0.10945228487253189
53.30000000000619,3.148729,0.104994744,0,15.567745208740234,-14.729186058044434,-2.5933837890625,2.8993442058563232,-0.6124676465988159,-0.005429594777524471,0.15334177017211914,0.7541725039482117,-0.07864972203969955
53.30000000000619,3.148729,0.104994744,0,15.58951187133789,-14.73437213897705,-2.593536376953125,2.8995347023010254,-0.6063622832298279,-0.005968080833554268,0.17345291376113892,0.7894476056098938,-0.0522201843559742
53.30000000000619,3.148729,0.104994744,0,15.611315727233887,-14.739516258239746,-2.59368896484375,2.8999104499816895,-0.6000423431396484,-0.006245049647986889,0.19211260974407196,0.8161816000938416,-0.019970813766121864
53.30000000000619,3.148729,0.104994744,0,15.633157730102539,-14.744614601135254,-2.593841552734375,2.9004299640655518,-0.5935295820236206,-0.006320446729660034,0.2057710886001587,0.8401944637298584,0.004796776454895735
53.30000000000619,3.148729,0.104994744,0,15.676736831665039,-14.754730224609375,-2.594207763671875,2.9017341136932373,-0.5796337723731995,-0.007000816985964775,0.2378363013267517,0.9241213798522949,-0.036026813089847565
53.400000000006266,3.1605785,0.15217021,0,15.698587417602539,-14.759710311889648,-2.5943756103515625,2.902630567550659,-0.5721787214279175,-0.007499417290091515,0.2544383704662323,0.9631385207176208,-0.047194767743349075
53.400000000006266,3.1605785,0.15217021,0,15.720479965209961,-14.764634132385254,-2.5945587158203125,2.903613567352295,-0.5644267201423645,-0.0078514963388443,0.26097363233566284,1.000019907951355,-0.0293231550604105
53.400000000006266,3.1605785,0.15217021,0,15.742324829101562,-14.76953125,-2.594757080078125,2.9046075344085693,-0.5564979314804077,-0.008194828405976295,0.2708200216293335,1.0275111198425293,-0.02645375020802021
53.400000000006266,3.1605785,0.15217021,0,15.786140441894531,-14.779142379760742,-2.5951690673828125,2.906744956970215,-0.5396480560302734,-0.00883476436138153,0.27407804131507874,1.1069186925888062,-0.01924671046435833
53.400000000006266,3.1605785,0.15217021,0,15.808112144470215,-14.783849716186523,-2.595367431640625,2.907963752746582,-0.5307850241661072,-0.008958992548286915,0.2864081859588623,1.1434003114700317,-0.0007585621788166463
53.400000000006266,3.1605785,0.15217021,0,15.852034568786621,-14.793089866638184,-2.59576416015625,2.9103446006774902,-0.5120958685874939,-0.009021851234138012,0.28594207763671875,1.2255263328552246,0.01296726893633604
53.400000000006266,3.1605785,0.15217021,0,15.874059677124023,-14.797600746154785,-2.5959625244140625,2.9115653038024902,-0.5022920370101929,-0.009042717516422272,0.2861645519733429,1.2641485929489136,0.012290663085877895
53.400000000006266,3.1605785,0.15217021,0,15.896125793457031,-14.802034378051758,-2.596160888671875,2.9128575325012207,-0.4921623468399048,-0.00900791585445404,0.29135680198669434,1.3046488761901855,0.01883087493479252
53.400000000006266,3.1605785,0.15217021,0,15.918177604675293,-14.806390762329102,-2.5963592529296875,2.914116859436035,-0.4817601442337036,-0.008890718221664429,0.2927384376525879,1.3401148319244385,0.02927752025425434
53.400000000006266,3.1605785,0.15217021,0,15.96240520477295,-14.814857482910156,-2.5967254638671875,2.916428327560425,-0.4601678252220154,-0.008412707597017288,0.27308860421180725,1.4055882692337036,0.04630162939429283
53.60000000000634,3.1836667,0.24611285,0,15.984578132629395,-14.818964004516602,-2.596893310546875,2.9175455570220947,-0.4489932656288147,-0.008052489720284939,0.2637968063354492,1.435969591140747,0.057924069464206696
53.60000000000634,3.1836667,0.24611285,0,16.00674057006836,-14.822961807250977,-2.5970306396484375,2.918605327606201,-0.4375620484352112,-0.007591127417981625,0.26169779896736145,1.4667694568634033,0.07012253254652023
53.60000000000634,3.1836667,0.24611285,0,16.028942108154297,-14.826870918273926,-2.59716796875,2.9195642471313477,-0.4258892238140106,-0.007081382442265749,0.2453881800174713,1.4967982769012451,0.07583758980035782
53.60000000000634,3.1836667,0.24611285,0,16.073453903198242,-14.834413528442383,-2.5974273681640625,2.9212541580200195,-0.4017169177532196,-0.005787862930446863,0.21618767082691193,1.562105655670166,0.09792344272136688
53.60000000000634,3.1836667,0.24611285,0,16.09575653076172,-14.838042259216309,-2.597564697265625,2.9219002723693848,-0.3892959952354431,-0.0050518144853413105,0.19886209070682526,1.587893009185791,0.10325992107391357
53.60000000000634,3.1836667,0.24611285,0,16.118017196655273,-14.841538429260254,-2.5976715087890625,2.922332525253296,-0.3765990734100342,-0.004641103558242321,0.18000370264053345,1.6198160648345947,0.0625993087887764
53.60000000000634,3.1836667,0.24611285,0,16.140308380126953,-14.844935417175293,-2.597808837890625,2.9227259159088135,-0.36363160610198975,-0.004541376605629921,0.17157165706157684,1.6536046266555786,0.02414686419069767
53.60000000000634,3.1836667,0.24611285,0,16.18498420715332,-14.851423263549805,-2.59808349609375,2.9231410026550293,-0.3371645212173462,-0.004524184390902519,0.13700003921985626,1.6940217018127441,0.018779652193188667
53.60000000000634,3.1836667,0.24611285,0,16.207284927368164,-14.854459762573242,-2.59820556640625,2.92311954498291,-0.3236616849899292,-0.004374394658952951,0.12114492058753967,1.7155603170394897,0.029009299352765083
53.70000000000641,3.1949048,0.292866,0,16.229610443115234,-14.857391357421875,-2.59832763671875,2.92294979095459,-0.31002330780029297,-0.004198277834802866,0.0990019142627716,1.7325688600540161,0.03204401209950447
53.70000000000641,3.1949048,0.292866,0,16.251964569091797,-14.860218048095703,-2.5984344482421875,2.922734260559082,-0.2962588965892792,-0.003935661166906357,0.08976557850837708,1.7483773231506348,0.042608004063367844
53.70000000000641,3.1949048,0.292866,0,16.274343490600586,-14.862936973571777,-2.598541259765625,2.9224185943603516,-0.2822982966899872,-0.0036771062295883894,0.07382652163505554,1.7729377746582031,0.041857823729515076
53.70000000000641,3.1949048,0.292866,0,16.3189754486084,-14.867951393127441,-2.59869384765625,2.921119451522827,-0.254003643989563,-0.0027737589552998543,0.0288662388920784,1.8007533550262451,0.06937141716480255
53.70000000000641,3.1949048,0.292866,0,16.341323852539062,-14.870294570922852,-2.5987548828125,2.920286178588867,-0.23968860507011414,-0.0022235882934182882,0.015452575869858265,1.8109052181243896,0.0763237401843071
53.70000000000641,3.1949048,0.292866,0,16.363689422607422,-14.872526168823242,-2.59881591796875,2.919245719909668,-0.22526296973228455,-0.0015234110178425908,-0.013965006917715073,1.8248703479766846,0.09489291906356812
53.70000000000641,3.1949048,0.292866,0,16.40831184387207,-14.876532554626465,-2.5988616943359375,2.9168078899383545,-0.19610704481601715,-0.00011310517584206536,-0.04083537682890892,1.8468074798583984,0.08507025986909866
53.70000000000641,3.1949048,0.292866,0,16.430646896362305,-14.878366470336914,-2.598876953125,2.9153454303741455,-0.18134504556655884,0.000362688850145787,-0.0657758042216301,1.8612685203552246,0.06575742363929749
53.70000000000641,3.1949048,0.292866,0,16.45299530029297,-14.880086898803711,-2.598907470703125,2.9137604236602783,-0.16653656959533691,0.0007552498718723655,-0.0845615342259407,1.867290735244751,0.055199019610881805
53.70000000000641,3.1949048,0.292866,0,16.475263595581055,-14.881612777709961,-2.598907470703125,2.9118921756744385,-0.151628777384758,0.0012627349933609366,-0.11002791672945023,1.8713175058364868,0.06929504871368408
53.900000000006486,3.216768,0.3859007,0,16.519805908203125,-14.884324073791504,-2.598907470703125,2.9077537059783936,-0.12171978503465652,0.002314080251380801,-0.14608076214790344,1.8758362531661987,0.07153534889221191
53.900000000006486,3.216768,0.3859007,0,16.542091369628906,-14.885507583618164,-2.598907470703125,2.9054670333862305,-0.10669571906328201,0.0028973279986530542,-0.1676318496465683,1.8853625059127808,0.07863761484622955
53.900000000006486,3.216768,0.3859007,0,16.564292907714844,-14.886499404907227,-2.598907470703125,2.9029524326324463,-0.09156017750501633,0.0035042783711105585,-0.1866316795349121,1.8911241292953491,0.08226464688777924
53.900000000006486,3.216768,0.3859007,0,16.58650016784668,-14.88737678527832,-2.5988922119140625,2.900377035140991,-0.07648416608572006,0.004076451528817415,-0.19799062609672546,1.8842382431030273,0.07774075120687485
53.900000000006486,3.216768,0.3859007,0,16.63092803955078,-14.888789176940918,-2.5988616943359375,2.8945956230163574,-0.0463879220187664,0.005341576877981424,-0.25287798047065735,1.8845537900924683,0.09152199327945709
53.900000000006486,3.216768,0.3859007,0,16.653032302856445,-14.889241218566895,-2.598846435546875,2.891371488571167,-0.031275831162929535,0.005964329931885004,-0.27422913908958435,1.8811523914337158,0.08445558696985245
53.900000000006486,3.216768,0.3859007,0,16.67512321472168,-14.889579772949219,-2.5988311767578125,2.88801908493042,-0.01618638075888157,0.006604813504964113,-0.2875377833843231,1.8778918981552124,0.08694873750209808
53.900000000006486,3.216768,0.3859007,0,16.69721031188965,-14.889805793762207,-2.59881591796875,2.884533643722534,-0.0011264015920460224,0.007265468128025532,-0.3079054355621338,1.8749150037765503,0.08926866203546524
53.900000000006486,3.216768,0.3859007,0,16.74125862121582,-14.889838218688965,-2.5987701416015625,2.876784324645996,0.02910153940320015,0.007542926352471113,-0.36987626552581787,1.8806434869766235,-0.00042142343590967357
53.900000000006486,3.216768,0.3859007,0,16.763214111328125,-14.889644622802734,-2.5987396240234375,2.872697591781616,0.04427487030625343,0.007389524951577187,-0.3779981732368469,1.8827565908432007,-0.012539326213300228
54.10000000000656,3.237826,0.47826493,0,16.785165786743164,-14.889338493347168,-2.598724365234375,2.8685691356658936,0.05930895730853081,0.007208541501313448,-0.3870297372341156,1.8661689758300781,-0.016192903742194176
54.10000000000656,3.237826,0.47826493,0,16.80710792541504,-14.888919830322266,-2.59869384765625,2.8642561435699463,0.07435635477304459,0.007022206671535969,-0.41379863023757935,1.8686094284057617,-0.01703249104321003
54.10000000000656,3.237826,0.47826493,0,16.829038619995117,-14.888387680053711,-2.5986785888671875,2.859778881072998,0.08936075121164322,0.006795916706323624,-0.43799498677253723,1.8639768362045288,-0.022227874025702477
54.10000000000656,3.237826,0.47826493,0,16.87257957458496,-14.886837005615234,-2.598663330078125,2.8502843379974365,0.11924534291028976,0.006515256129205227,-0.46432289481163025,1.8468177318572998,-0.010375398211181164
54.10000000000656,3.237826,0.47826493,0,16.89432144165039,-14.885895729064941,-2.5986480712890625,2.8453569412231445,0.1340845376253128,0.006461784243583679,-0.47972843050956726,1.8370987176895142,0.0004479661292862147
54.10000000000656,3.237826,0.47826493,0,16.916051864624023,-14.884843826293945,-2.5986480712890625,2.8403515815734863,0.14884574711322784,0.006524010561406612,-0.49333712458610535,1.8282026052474976,0.014672520570456982
54.10000000000656,3.237826,0.47826493,0,16.959178924560547,-14.882250785827637,-2.5986480712890625,2.82978892326355,0.1785370111465454,0.006818249821662903,-0.5208537578582764,1.8304669857025146,0.027859115973114967
54.10000000000656,3.237826,0.47826493,0,16.98072052001953,-14.880789756774902,-2.598663330078125,2.8244194984436035,0.193401038646698,0.006696644239127636,-0.5305481553077698,1.8358666896820068,-0.007517635356634855
54.10000000000656,3.237826,0.47826493,0,17.002243041992188,-14.879218101501465,-2.5986785888671875,2.818941831588745,0.20835338532924652,0.006219484377652407,-0.5481176376342773,1.8478659391403198,-0.052222512662410736
54.10000000000656,3.237826,0.47826493,0,17.02359962463379,-14.877462387084961,-2.5987091064453125,2.8132827281951904,0.22332888841629028,0.005750778131186962,-0.5533674955368042,1.844481348991394,-0.050622500479221344
54.300000000006634,3.2581131,0.56991637,0,17.066242218017578,-14.87362289428711,-2.5987701416015625,2.801771879196167,0.2531973719596863,0.004722737241536379,-0.5715187191963196,1.8406405448913574,-0.05344673618674278
54.300000000006634,3.2581131,0.56991637,0,17.0875244140625,-14.871538162231445,-2.5988006591796875,2.7958896160125732,0.2680537700653076,0.004309298470616341,-0.5870032906532288,1.832716941833496,-0.04392722249031067
54.300000000006634,3.2581131,0.56991637,0,17.10863494873047,-14.869281768798828,-2.598846435546875,2.789780855178833,0.2829732298851013,0.003867737017571926,-0.5985190272331238,1.8352000713348389,-0.046710480004549026
54.300000000006634,3.2581131,0.56991637,0,17.12972640991211,-14.866914749145508,-2.598876953125,2.7837021350860596,0.29790741205215454,0.0036126880440860987,-0.5993566513061523,1.8381743431091309,-0.023811588063836098
54.300000000006634,3.2581131,0.56991637,0,17.17184829711914,-14.861852645874023,-2.598968505859375,2.7716000080108643,0.3278266489505768,0.003335718996822834,-0.6060503721237183,1.8432328701019287,-2.6077030270243995e-05
54.300000000006634,3.2581131,0.56991637,0,17.1927433013916,-14.859092712402344,-2.5990142822265625,2.765369176864624,0.34287938475608826,0.003018215298652649,-0.612025797367096,1.8498483896255493,-0.031122935935854912
54.300000000006634,3.2581131,0.56991637,0,17.213619232177734,-14.856222152709961,-2.59906005859375,2.7591116428375244,0.35806170105934143,0.0023754832800477743,-0.6199037432670593,1.8672701120376587,-0.07207970321178436
54.300000000006634,3.2581131,0.56991637,0,17.234474182128906,-14.853240013122559,-2.59912109375,2.7528767585754395,0.37331727147102356,0.0016327982302755117,-0.6215114593505859,1.8776168823242188,-0.0848681628704071
54.300000000006634,3.2581131,0.56991637,0,17.275941848754883,-14.846884727478027,-2.599273681640625,2.7400963306427,0.4038373529911041,0.00047546872519887984,-0.6326590776443481,1.8800982236862183,-0.06225332245230675
54.300000000006634,3.2581131,0.56991637,0,17.29657745361328,-14.843512535095215,-2.5993499755859375,2.73368239402771,0.4191805422306061,-2.970615605590865e-05,-0.6315423250198364,1.8872559070587158,-0.054072584956884384
54.50000000000671,3.27766,0.660811,0,17.317190170288086,-14.840027809143066,-2.5994415283203125,2.7273571491241455,0.43453389406204224,-0.0004980743979103863,-0.6250613331794739,1.8897730112075806,-0.04978570714592934
54.50000000000671,3.27766,0.660811,0,17.33778190612793,-14.836429595947266,-2.599517822265625,2.721040964126587,0.44997531175613403,-0.0008121361024677753,-0.6284765005111694,1.9019864797592163,-0.030802560970187187
54.50000000000671,3.27766,0.660811,0,17.378643035888672,-14.828787803649902,-2.5997161865234375,2.7081174850463867,0.4809979498386383,-0.0009529083035886288,-0.6374504566192627,1.9092943668365479,0.012184026651084423
54.50000000000671,3.27766,0.660811,0,17.3990421295166,-14.824796676635742,-2.599822998046875,2.701751470565796,0.4965440630912781,-0.000799646892119199,-0.630135178565979,1.913988709449768,0.02846820093691349
54.50000000000671,3.27766,0.660811,0,17.419397354125977,-14.82069206237793,-2.59991455078125,2.6953227519989014,0.512113630771637,-0.0005516408709809184,-0.6356643438339233,1.9190977811813354,0.040661074221134186
54.50000000000671,3.27766,0.660811,0,17.439607620239258,-14.816417694091797,-2.600006103515625,2.6887614727020264,0.5277727842330933,-0.0001630844344617799,-0.6391727924346924,1.9262906312942505,0.058643050491809845
54.50000000000671,3.27766,0.660811,0,17.479961395263672,-14.807524681091309,-2.600189208984375,2.6758174896240234,0.5593389272689819,-0.0002693716378416866,-0.6367163062095642,1.9508389234542847,-0.01917220465838909
54.50000000000671,3.27766,0.660811,0,17.500106811523438,-14.80290412902832,-2.6002655029296875,2.6693010330200195,0.5752323865890503,-0.0005382181261666119,-0.6477482914924622,1.9594955444335938,-0.024512873962521553
54.50000000000671,3.27766,0.660811,0,17.520227432250977,-14.79816722869873,-2.6003570556640625,2.6628642082214355,0.5910927057266235,-0.0006553709390573204,-0.6422759294509888,1.9566071033477783,-0.005853827577084303
54.50000000000671,3.27766,0.660811,0,17.540199279785156,-14.793267250061035,-2.600433349609375,2.6563167572021484,0.6069875359535217,-0.0008457095245830715,-0.6433963775634766,1.9577796459197998,-0.015135387890040874
54.70000000000678,3.2964907,0.75090235,0,17.580080032348633,-14.783114433288574,-2.6005706787109375,2.643263816833496,0.6390300989151001,-0.0009164448129013181,-0.651161789894104,1.9799530506134033,0.010862945578992367
54.70000000000678,3.2964907,0.75090235,0,17.59996223449707,-14.777863502502441,-2.6006622314453125,2.6367154121398926,0.6550894379615784,-0.000824625720269978,-0.65036940574646,1.983330488204956,0.020191537216305733
54.70000000000678,3.2964907,0.75090235,0,17.61969566345215,-14.772452354431152,-2.600738525390625,2.630099296569824,0.6710749268531799,-0.0005894429050385952,-0.645455539226532,1.9715185165405273,0.03816932067275047
54.70000000000678,3.2964907,0.75090235,0,17.639406204223633,-14.766924858093262,-2.6008148193359375,2.6234641075134277,0.687076210975647,-0.0002000719541683793,-0.652665376663208,1.9747828245162964,0.05715340003371239
54.70000000000678,3.2964907,0.75090235,0,17.678756713867188,-14.75551700592041,-2.6009368896484375,2.6102938652038574,0.7191252708435059,0.0007845936925150454,-0.653453528881073,1.9799931049346924,0.08118198812007904
54.70000000000678,3.2964907,0.75090235,0,17.698272705078125,-14.749604225158691,-2.600982666015625,2.6035704612731934,0.7352563738822937,0.001148975919932127,-0.6607722043991089,1.9921236038208008,0.05267327278852463
54.70000000000678,3.2964907,0.75090235,0,17.717763900756836,-14.743573188781738,-2.60101318359375,2.5968830585479736,0.7514696717262268,0.0011060506803914905,-0.6611087322235107,2.003645658493042,0.0015264375833794475
54.70000000000678,3.2964907,0.75090235,0,17.737234115600586,-14.737422943115234,-2.6010284423828125,2.590318202972412,0.7677111029624939,0.0009755379287526011,-0.650477409362793,2.0083587169647217,-0.010097398422658443
54.70000000000678,3.2964907,0.75090235,0,17.756681442260742,-14.73115348815918,-2.601043701171875,2.5837185382843018,0.7839183807373047,0.0009638078627176583,-0.6594181656837463,2.005263566970825,0.004545319359749556
54.70000000000678,3.2964907,0.75090235,0,17.795230865478516,-14.718220710754395,-2.601043701171875,2.5702223777770996,0.8163954019546509,0.0010501709766685963,-0.6602187156677246,2.0091166496276855,0.015574506483972073
54.900000000006855,3.3146245,0.8401416,0,17.814472198486328,-14.71157455444336,-2.601043701171875,2.563458204269409,0.8325681090354919,0.001171428826637566,-0.6718451380729675,2.0044026374816895,0.020576173439621925
54.900000000006855,3.3146245,0.8401416,0,17.833688735961914,-14.70481014251709,-2.601043701171875,2.556781768798828,0.8487042784690857,0.0013460129266604781,-0.6656029224395752,2.000885009765625,0.02706330083310604
54.900000000006855,3.3146245,0.8401416,0,17.87181854248047,-14.690885543823242,-2.6009979248046875,2.5433716773986816,0.880928635597229,0.002201649360358715,-0.6633157134056091,1.9959419965744019,0.06840331107378006
54.900000000006855,3.3146245,0.8401416,0,17.890850067138672,-14.683745384216309,-2.600982666015625,2.536698341369629,0.8969874978065491,0.002849576761946082,-0.6642858982086182,1.9932918548583984,0.08523789793252945
54.900000000006855,3.3146245,0.8401416,0,17.90985870361328,-14.676486015319824,-2.6009521484375,2.5300815105438232,0.9130215048789978,0.003553718561306596,-0.6617884635925293,1.99114191532135,0.09212037175893784
54.900000000006855,3.3146245,0.8401416,0,17.928730010986328,-14.669084548950195,-2.60089111328125,2.523390293121338,0.9290205836296082,0.004345191176980734,-0.6605648398399353,1.9859989881515503,0.10192672908306122
54.900000000006855,3.3146245,0.8401416,0,17.966358184814453,-14.653929710388184,-2.60076904296875,2.5098564624786377,0.9609954953193665,0.004949135240167379,-0.6723996996879578,1.9925729036331177,0.01404061820358038
54.900000000006855,3.3146245,0.8401416,0,17.985137939453125,-14.646174430847168,-2.6007080078125,2.503171682357788,0.9769905209541321,0.005003686994314194,-0.6665748953819275,1.989699363708496,0.010112299583852291
54.900000000006855,3.3146245,0.8401416,0,18.003772735595703,-14.638278007507324,-2.600616455078125,2.4963219165802,0.9929026365280151,0.005035942420363426,-0.6756393909454346,1.978821039199829,0.006109009962528944
55.10000000000693,3.332075,0.9284782,0,18.022384643554688,-14.630264282226562,-2.6005401611328125,2.489429473876953,1.0087904930114746,0.005130178760737181,-0.6859006285667419,1.9766440391540527,0.013859475962817669
55.10000000000693,3.332075,0.9284782,0,18.05953598022461,-14.613884925842285,-2.600372314453125,2.4758875370025635,1.040416955947876,0.005330207757651806,-0.6753643751144409,1.9689806699752808,0.013483221642673016
55.10000000000693,3.332075,0.9284782,0,18.077964782714844,-14.605502128601074,-2.600250244140625,2.4690756797790527,1.0561723709106445,0.0055556586012244225,-0.6751041412353516,1.9617384672164917,0.029033979400992393
55.10000000000693,3.332075,0.9284782,0,18.09634780883789,-14.597003936767578,-2.6001434326171875,2.4622862339019775,1.071829915046692,0.005877628922462463,-0.669541597366333,1.9518417119979858,0.04167994111776352
55.10000000000693,3.332075,0.9284782,0,18.114709854125977,-14.588390350341797,-2.60003662109375,2.4555068016052246,1.0874674320220947,0.006301747169345617,-0.6731154322624207,1.9500387907028198,0.05438830330967903
55.10000000000693,3.332075,0.9284782,0,18.15135955810547,-14.570816040039062,-2.5998077392578125,2.442020893096924,1.1184015274047852,0.0074218385852873325,-0.6764448285102844,1.9256906509399414,0.07714936137199402
55.10000000000693,3.332075,0.9284782,0,18.16953468322754,-14.561857223510742,-2.5996856689453125,2.435289144515991,1.133884310722351,0.007774551399052143,-0.6664034724235535,1.9342681169509888,0.045301854610443115
55.10000000000693,3.332075,0.9284782,0,18.187685012817383,-14.55278205871582,-2.5995635986328125,2.4286205768585205,1.1493560075759888,0.0076666404493153095,-0.6632903218269348,1.933459758758545,-0.012325587682425976
55.10000000000693,3.332075,0.9284782,0,18.205814361572266,-14.543591499328613,-2.5994415283203125,2.4219300746917725,1.1647454500198364,0.007547526620328426,-0.6706824898719788,1.9237520694732666,-0.01377472560852766
55.10000000000693,3.332075,0.9284782,0,18.241901397705078,-14.524885177612305,-2.59918212890625,2.4085021018981934,1.1953341960906982,0.007425297982990742,-0.6755056381225586,1.907729148864746,-0.008509493432939053
55.400000000007005,3.3569877,1.0591756,0,18.259838104248047,-14.515371322631836,-2.59906005859375,2.4017438888549805,1.2104734182357788,0.007365400902926922,-0.6723233461380005,1.8991822004318237,-0.005641020368784666
55.400000000007005,3.3569877,1.0591756,0,18.277751922607422,-14.505743026733398,-2.59893798828125,2.3950607776641846,1.2256104946136475,0.007355657406151295,-0.667694091796875,1.8992524147033691,0.0005583278252743185
55.400000000007005,3.3569877,1.0591756,0,18.29564094543457,-14.496001243591309,-2.5988311767578125,2.3884801864624023,1.2407008409500122,0.0073758517391979694,-0.6594895124435425,1.8937486410140991,0.004456843715161085
55.400000000007005,3.3569877,1.0591756,0,18.331201553344727,-14.476195335388184,-2.5985870361328125,2.3751955032348633,1.270492434501648,0.007825749926269054,-0.6644643545150757,1.8678152561187744,0.03490317240357399
55.400000000007005,3.3569877,1.0591756,0,18.348947525024414,-14.466123580932617,-2.59844970703125,2.368622303009033,1.2852177619934082,0.008208932355046272,-0.6620117425918579,1.8511706590652466,0.04982389137148857
55.400000000007005,3.3569877,1.0591756,0,18.366670608520508,-14.455940246582031,-2.59832763671875,2.3621044158935547,1.300033688545227,0.008062375709414482,-0.659480094909668,1.8627312183380127,-0.016460193321108818
55.400000000007005,3.3569877,1.0591756,0,18.384309768676758,-14.445667266845703,-2.5982208251953125,2.3555796146392822,1.3148949146270752,0.007239905185997486,-0.656330406665802,1.8733160495758057,-0.09997235238552094
55.400000000007005,3.3569877,1.0591756,0,18.419498443603516,-14.424783706665039,-2.5980072021484375,2.34261155128479,1.3446499109268188,0.005415383260697126,-0.6518802642822266,1.876368761062622,-0.10516400635242462
55.400000000007005,3.3569877,1.0591756,0,18.43704605102539,-14.414173126220703,-2.5979461669921875,2.3362324237823486,1.3594523668289185,0.004497424699366093,-0.6436882615089417,1.8678319454193115,-0.11111515760421753
55.400000000007005,3.3569877,1.0591756,0,18.454505920410156,-14.40345287322998,-2.597900390625,2.329892158508301,1.3742338418960571,0.003686716081574559,-0.6345128417015076,1.8673510551452637,-0.09684077650308609
55.60000000000708,3.3727584,1.1450235,0,18.47194480895996,-14.392620086669922,-2.5978546142578125,2.323620080947876,1.3889356851577759,0.002972083166241646,-0.6303725242614746,1.8573870658874512,-0.08496688306331635
55.60000000000708,3.3727584,1.1450235,0,18.506759643554688,-14.370617866516113,-2.5977783203125,2.3114094734191895,1.4182941913604736,0.0019844372291117907,-0.6108266711235046,1.8526040315628052,-0.04320777580142021
55.60000000000708,3.3727584,1.1450235,0,18.524065017700195,-14.35945987701416,-2.5977630615234375,2.3054118156433105,1.4329583644866943,0.0017984049627557397,-0.6004524827003479,1.8556585311889648,-0.01788278855383396
55.60000000000708,3.3727584,1.1450235,0,18.541353225708008,-14.348189353942871,-2.5977325439453125,2.299558639526367,1.4475739002227783,0.001784836989827454,-0.5865146517753601,1.849472165107727,0.0035148111637681723
55.60000000000708,3.3727584,1.1450235,0,18.558622360229492,-14.336806297302246,-2.5977020263671875,2.293797254562378,1.4621531963348389,0.001958459382876754,-0.5791434645652771,1.8448004722595215,0.026590654626488686
55.60000000000708,3.3727584,1.1450235,0,18.59299659729004,-14.313714981079102,-2.59765625,2.282315969467163,1.4912874698638916,0.0024181900080293417,-0.5668948888778687,1.8529568910598755,0.020607372745871544
55.60000000000708,3.3727584,1.1450235,0,18.610122680664062,-14.302002906799316,-2.597625732421875,2.2766454219818115,1.50600004196167,0.0021777311339974403,-0.5646645426750183,1.8645232915878296,-0.024438368156552315
55.60000000000708,3.3727584,1.1450235,0,18.627233505249023,-14.290177345275879,-2.59759521484375,2.271150588989258,1.5206806659698486,0.001894198590889573,-0.5467596650123596,1.8603426218032837,-0.029984859749674797
55.60000000000708,3.3727584,1.1450235,0,18.64432716369629,-14.278238296508789,-2.5975799560546875,2.265726089477539,1.5353543758392334,0.001735535915941,-0.5419126152992249,1.8592790365219116,-0.014535150490701199
55.60000000000708,3.3727584,1.1450235,0,18.66132354736328,-14.26620101928711,-2.5975494384765625,2.2602717876434326,1.549973964691162,0.0015974786365404725,-0.5399516224861145,1.8555269241333008,-0.011331400834023952
55.900000000007154,3.3951511,1.2717316,0,18.678306579589844,-14.254050254821777,-2.5975341796875,2.254875659942627,1.5645936727523804,0.0015409860061481595,-0.536672055721283,1.855237364768982,-0.0013089737622067332
55.900000000007154,3.3951511,1.2717316,0,18.712202072143555,-14.229409217834473,-2.5975189208984375,2.244365692138672,1.5937871932983398,0.0016249367035925388,-0.5149571895599365,1.8482331037521362,0.017682554200291634
55.900000000007154,3.3951511,1.2717316,0,18.729116439819336,-14.2169189453125,-2.5975189208984375,2.2391469478607178,1.6083228588104248,0.0019546642433851957,-0.5190626978874207,1.8452463150024414,0.04719150811433792
55.900000000007154,3.3951511,1.2717316,0,18.762754440307617,-14.19165325164795,-2.5974884033203125,2.2288756370544434,1.6372089385986328,0.002827354706823826,-0.5035582780838013,1.8324183225631714,0.0703013464808464
55.900000000007154,3.3951511,1.2717316,0,18.77955436706543,-14.178852081298828,-2.59747314453125,2.2237958908081055,1.6514983177185059,0.003494831034913659,-0.5053012371063232,1.8181962966918945,0.08989264816045761
55.900000000007154,3.3951511,1.2717316,0,18.79633903503418,-14.165938377380371,-2.5974578857421875,2.218808650970459,1.6657687425613403,0.004198962822556496,-0.4974166750907898,1.8154805898666382,0.09429966658353806
55.900000000007154,3.3951511,1.2717316,0,18.813045501708984,-14.15294361114502,-2.5974273681640625,2.2137436866760254,1.6798917055130005,0.0050648171454668045,-0.503654956817627,1.8018672466278076,0.11572939902544022
55.900000000007154,3.3951511,1.2717316,0,18.846418380737305,-14.126623153686523,-2.59735107421875,2.203726291656494,1.7079944610595703,0.006295761093497276,-0.5062013864517212,1.7996472120285034,0.05074543505907059
55.900000000007154,3.3951511,1.2717316,0,18.863061904907227,-14.113296508789062,-2.597320556640625,2.1986351013183594,1.7222223281860352,0.005954248830676079,-0.5104467868804932,1.8145084381103516,-0.035520173609256744
56.10000000000723,3.4092274,1.3547462,0,18.879619598388672,-14.099873542785645,-2.5972900390625,2.1935372352600098,1.7363228797912598,0.005436898674815893,-0.5069032907485962,1.8015317916870117,-0.0572204552590847
56.10000000000723,3.4092274,1.3547462,0,18.896162033081055,-14.086339950561523,-2.597259521484375,2.188504934310913,1.7503035068511963,0.005033494438976049,-0.5024133324623108,1.785949468612671,-0.04318123310804367
56.10000000000723,3.4092274,1.3547462,0,18.929208755493164,-14.058939933776855,-2.597198486328125,2.1785998344421387,1.7780488729476929,0.004197803325951099,-0.4983843266963959,1.766493797302246,-0.042822208255529404
56.10000000000723,3.4092274,1.3547462,0,18.94564437866211,-14.045086860656738,-2.597198486328125,2.1736390590667725,1.79179048538208,0.0038232614751905203,-0.4966825544834137,1.7573124170303345,-0.03872997686266899
56.10000000000723,3.4092274,1.3547462,0,18.962066650390625,-14.031124114990234,-2.597198486328125,2.168698310852051,1.8054527044296265,0.0036408123560249805,-0.4977310001850128,1.7467658519744873,-0.014937481842935085
56.10000000000723,3.4092274,1.3547462,0,18.97847557067871,-14.017053604125977,-2.5971832275390625,2.163862705230713,1.8190419673919678,0.0035903756506741047,-0.4880160987377167,1.7370736598968506,0.0013508832780644298
56.10000000000723,3.4092274,1.3547462,0,18.994871139526367,-14.002874374389648,-2.5971832275390625,2.1591880321502686,1.832647681236267,0.003379254601895809,-0.47127190232276917,1.738547444343567,-0.01894216798245907
56.10000000000723,3.4092274,1.3547462,0,19.027420043945312,-13.974183082580566,-2.5972137451171875,2.1498286724090576,1.8598397970199585,0.002303303685039282,-0.45512551069259644,1.738516092300415,-0.057384833693504333
56.10000000000723,3.4092274,1.3547462,0,19.043676376342773,-13.959674835205078,-2.59722900390625,2.145308017730713,1.8733752965927124,0.0018884447636082768,-0.44561967253685,1.7297321557998657,-0.04392070323228836
56.10000000000723,3.4092274,1.3547462,0,19.05992317199707,-13.945058822631836,-2.597259521484375,2.140892744064331,1.8868805170059204,0.0015880698338150978,-0.4358886182308197,1.7253470420837402,-0.029711516574025154
56.4000000000073,3.4290345,1.4769403,0,19.09222984313965,-13.915504455566406,-2.597320556640625,2.132087230682373,1.9137837886810303,0.0011284364154562354,-0.42650318145751953,1.714629054069519,-0.01379335206001997
56.4000000000073,3.4290345,1.4769403,0,19.108367919921875,-13.900567054748535,-2.5973358154296875,2.127849817276001,1.927152156829834,0.0011313926661387086,-0.41468289494514465,1.7078943252563477,0.008022877387702465
56.4000000000073,3.4290345,1.4769403,0,19.12449836730957,-13.885522842407227,-2.5973663330078125,2.123704195022583,1.9404972791671753,0.0012536861468106508,-0.40661296248435974,1.7043259143829346,0.022716818377375603
56.4000000000073,3.4290345,1.4769403,0,19.140552520751953,-13.870360374450684,-2.5973968505859375,2.1195895671844482,1.9537445306777954,0.0015550476964563131,-0.39790457487106323,1.6915208101272583,0.04524923488497734
56.4000000000073,3.4290345,1.4769403,0,19.156578063964844,-13.855093002319336,-2.5974273681640625,2.1155104637145996,1.9669638872146606,0.001990274526178837,-0.3900708854198456,1.6876791715621948,0.06181792914867401
56.4000000000073,3.4290345,1.4769403,0,19.188608169555664,-13.824244499206543,-2.59747314453125,2.1075539588928223,1.993155837059021,0.0033763449173420668,-0.37964674830436707,1.6706428527832031,0.10028527677059174
56.4000000000073,3.4290345,1.4769403,0,19.204553604125977,-13.808662414550781,-2.597503662109375,2.103602170944214,2.0061299800872803,0.004235929809510708,-0.37750542163848877,1.6563420295715332,0.11523766070604324
56.4000000000073,3.4290345,1.4769403,0,19.220491409301758,-13.792977333068848,-2.5975189208984375,2.0996603965759277,2.0189661979675293,0.005145454313606024,-0.37958481907844543,1.638482928276062,0.12125074118375778
56.4000000000073,3.4290345,1.4769403,0,19.23642349243164,-13.777189254760742,-2.5975341796875,2.0957188606262207,2.0317535400390625,0.006058056373149157,-0.38282597064971924,1.6318211555480957,0.12141279131174088
56.4000000000073,3.4290345,1.4769403,0,19.26826286315918,-13.745306968688965,-2.5975341796875,2.0879766941070557,2.0574560165405273,0.006171677261590958,-0.37676164507865906,1.6391844749450684,-0.02415105514228344
56.70000000000738,3.4472246,1.596171,0,19.284093856811523,-13.729235649108887,-2.5975494384765625,2.084076404571533,2.070279121398926,0.0058077978901565075,-0.3743228614330292,1.6390198469161987,-0.03832671418786049
56.70000000000738,3.4472246,1.596171,0,19.299915313720703,-13.713061332702637,-2.5975494384765625,2.080183744430542,2.082963705062866,0.005543081555515528,-0.3766307532787323,1.6210579872131348,-0.026347579434514046
56.70000000000738,3.4472246,1.596171,0,19.331539154052734,-13.680408477783203,-2.5975494384765625,2.072523593902588,2.108020782470703,0.005027254112064838,-0.3698026239871979,1.594893455505371,-0.024127306416630745
56.70000000000738,3.4472246,1.596171,0,19.347307205200195,-13.663955688476562,-2.597564697265625,2.068751573562622,2.1203792095184326,0.004780763294547796,-0.3680086135864258,1.5825703144073486,-0.023750586435198784
56.70000000000738,3.4472246,1.596171,0,19.363067626953125,-13.647403717041016,-2.5975799560546875,2.0650908946990967,2.132664918899536,0.004613726865500212,-0.35709571838378906,1.5728470087051392,-0.014020594768226147
56.70000000000738,3.4472246,1.596171,0,19.378822326660156,-13.630751609802246,-2.5975799560546875,2.0614380836486816,2.1448769569396973,0.004674035124480724,-0.3590032458305359,1.5629829168319702,0.01420127134770155
56.70000000000738,3.4472246,1.596171,0,19.410282135009766,-13.597184181213379,-2.5976409912109375,2.05452561378479,2.1692898273468018,0.003383150091394782,-0.3256952464580536,1.571425199508667,-0.10724085569381714
56.70000000000738,3.4472246,1.596171,0,19.425968170166016,-13.580267906188965,-2.5976715087890625,2.051143169403076,2.1815226078033447,0.002467994811013341,-0.32450029253959656,1.568776249885559,-0.10630068928003311
56.70000000000738,3.4472246,1.596171,0,19.441648483276367,-13.563251495361328,-2.5977325439453125,2.0478615760803223,2.193746566772461,0.001669465098530054,-0.3147532343864441,1.5668950080871582,-0.09195692092180252
56.70000000000738,3.4472246,1.596171,0,19.457324981689453,-13.546134948730469,-2.5977783203125,2.0446832180023193,2.2059199810028076,0.0008496673544868827,-0.30467644333839417,1.5598492622375488,-0.09484449028968811
56.90000000000745,3.4584212,1.6739177,0,19.488609313964844,-13.511676788330078,-2.59796142578125,2.038682699203491,2.2300496101379395,-0.000618026708252728,-0.27742263674736023,1.5496530532836914,-0.07488438487052917
56.90000000000745,3.4584212,1.6739177,0,19.50424575805664,-13.494297981262207,-2.598052978515625,2.035857915878296,2.2421228885650635,-0.0011363496305420995,-0.2659691274166107,1.550948977470398,-0.05540391057729721
56.90000000000745,3.4584212,1.6739177,0,19.519882202148438,-13.476821899414062,-2.59814453125,2.033134698867798,2.254140615463257,-0.0013371254317462444,-0.25595107674598694,1.543115496635437,-0.015987547114491463
56.90000000000745,3.4584212,1.6739177,0,19.53550148010254,-13.459267616271973,-2.5982818603515625,2.0305676460266113,2.2661969661712646,-0.001378102577291429,-0.2378038913011551,1.551755666732788,0.006642657797783613
56.90000000000745,3.4584212,1.6739177,0,19.551118850708008,-13.441615104675293,-2.598419189453125,2.0281214714050293,2.278209924697876,-0.0011998022673651576,-0.22525840997695923,1.5453057289123535,0.03370456025004387
56.90000000000745,3.4584212,1.6739177,0,19.582317352294922,-13.406011581420898,-2.598663330078125,2.023480176925659,2.3022003173828125,-0.0005932670319452882,-0.2030150592327118,1.5469176769256592,0.03465963155031204
56.90000000000745,3.4584212,1.6739177,0,19.597919464111328,-13.388093948364258,-2.59881591796875,2.021298885345459,2.314234972000122,-0.0007116633933037519,-0.194718137383461,1.5498791933059692,-0.0025448387023061514
56.90000000000745,3.4584212,1.6739177,0,19.613525390625,-13.370076179504395,-2.5989532470703125,2.019219398498535,2.326230525970459,-0.000788712000939995,-0.1843758374452591,1.544061541557312,0.0022677702363580465
56.90000000000745,3.4584212,1.6739177,0,19.629131317138672,-13.351959228515625,-2.599090576171875,2.017200231552124,2.3382716178894043,-0.0007231002673506737,-0.17911818623542786,1.5487843751907349,0.01975521259009838
56.90000000000745,3.4584212,1.6739177,0,19.66036605834961,-13.315475463867188,-2.5993499755859375,2.0134570598602295,2.3621342182159424,-0.00042023323476314545,-0.1611187905073166,1.534159779548645,0.03549456223845482
57.30000000000753,3.4784768,1.8249836,0,19.675992965698242,-13.297109603881836,-2.5994720458984375,2.0116941928863525,2.3739662170410156,-0.0001327458885498345,-0.1559246927499771,1.5269505977630615,0.04814983904361725
57.30000000000753,3.4784768,1.8249836,0,19.69162368774414,-13.278643608093262,-2.5995941162109375,2.010061025619507,2.385794162750244,0.00024450954515486956,-0.1417468786239624,1.525394320487976,0.059017907828092575
57.30000000000753,3.4784768,1.8249836,0,19.72288703918457,-13.24144458770752,-2.599822998046875,2.0067996978759766,2.4092273712158203,0.0015118579613044858,-0.13666202127933502,1.5043271780014038,0.1023765578866005
57.30000000000753,3.4784768,1.8249836,0,19.73853874206543,-13.222713470458984,-2.5999298095703125,2.005237102508545,2.420832633972168,0.0023626801557838917,-0.13716161251068115,1.4981472492218018,0.11815456300973892
57.30000000000753,3.4784768,1.8249836,0,19.754192352294922,-13.203885078430176,-2.6000213623046875,2.003760576248169,2.4323654174804688,0.003312615444883704,-0.12815597653388977,1.4880903959274292,0.13021239638328552
57.30000000000753,3.4784768,1.8249836,0,19.76984977722168,-13.184961318969727,-2.600128173828125,2.00223970413208,2.443721055984497,0.0043780081905424595,-0.13541217148303986,1.4650001525878906,0.14465907216072083
57.30000000000753,3.4784768,1.8249836,0,19.78550910949707,-13.165942192077637,-2.6002197265625,2.0007827281951904,2.455174446105957,0.004709713626652956,-0.1291029006242752,1.4763535261154175,0.052626706659793854
57.30000000000753,3.4784768,1.8249836,0,19.816890716552734,-13.127694129943848,-2.60040283203125,1.998062252998352,2.4782168865203857,0.003177942708134651,-0.11993758380413055,1.4867844581604004,-0.10067922621965408
57.30000000000753,3.4784768,1.8249836,0,19.832565307617188,-13.108421325683594,-2.6005096435546875,1.9967164993286133,2.4897220134735107,0.0024218822363764048,-0.11789949983358383,1.4839613437652588,-0.08361367136240005
57.30000000000753,3.4784768,1.8249836,0,19.848243713378906,-13.089051246643066,-2.600616455078125,1.9954006671905518,2.501091957092285,0.0017096481751650572,-0.1157645732164383,1.4661086797714233,-0.07844343036413193
57.5000000000076,3.4872842,1.8981937,0,19.879661560058594,-13.050119400024414,-2.600830078125,1.9932312965393066,2.5235819816589355,0.0002583563909865916,-0.08429986983537674,1.4508817195892334,-0.07826601713895798
57.5000000000076,3.4872842,1.8981937,0,19.895376205444336,-13.030509948730469,-2.6009521484375,1.9922221899032593,2.534811496734619,-0.00025154725881293416,-0.08558585494756699,1.4522411823272705,-0.052801329642534256
57.5000000000076,3.4872842,1.8981937,0,19.911094665527344,-13.0108060836792,-2.6010894775390625,1.99129319190979,2.54601788520813,-0.000502455688547343,-0.07693932950496674,1.448270559310913,-0.02073589526116848
57.5000000000076,3.4872842,1.8981937,0,19.92683982849121,-12.991040229797363,-2.6012115478515625,1.9904959201812744,2.557100772857666,-0.0004698707489296794,-0.06478164345026016,1.4368399381637573,0.015397089533507824
57.5000000000076,3.4872842,1.8981937,0,19.958345413208008,-12.951227188110352,-2.6014556884765625,1.9890645742416382,2.5791149139404297,0.0003667132114060223,-0.053132880479097366,1.4228729009628296,0.07622315734624863
57.5000000000076,3.4872842,1.8981937,0,19.97408676147461,-12.931174278259277,-2.6015625,1.988405466079712,2.5901334285736084,0.0007613846100866795,-0.04495912790298462,1.423138976097107,0.059129200875759125
57.5000000000076,3.4872842,1.8981937,0,19.98985481262207,-12.911055564880371,-2.6016693115234375,1.9878098964691162,2.6011769771575928,0.000846459181047976,-0.041166141629219055,1.4296023845672607,0.021344514563679695
57.5000000000076,3.4872842,1.8981937,0,20.00562858581543,-12.890843391418457,-2.601776123046875,1.9873319864273071,2.6120991706848145,0.0010199411772191525,-0.0276445634663105,1.4132914543151855,0.03207055479288101
57.5000000000076,3.4872842,1.8981937,0,20.037195205688477,-12.850137710571289,-2.60198974609375,1.9865247011184692,2.6337854862213135,0.0017673824913799763,-0.017464639618992805,1.398085355758667,0.0664624348282814
57.5000000000076,3.4872842,1.8981937,0,20.05303955078125,-12.829652786254883,-2.602081298828125,1.9862148761749268,2.644575357437134,0.002198469126597047,-0.01590978167951107,1.3951255083084106,0.06400979310274124
57.90000000000768,3.502314,2.0397027,0,20.06888771057129,-12.809076309204102,-2.6021728515625,1.9859517812728882,2.6552650928497314,0.0027232205029577017,-0.011041032150387764,1.381524682044983,0.07541710138320923
57.90000000000768,3.502314,2.0397027,0,20.084741592407227,-12.788407325744629,-2.6022491455078125,1.9857261180877686,2.665917158126831,0.0032719303853809834,-0.007315072696655989,1.3756890296936035,0.07811793684959412
57.90000000000768,3.502314,2.0397027,0,20.100603103637695,-12.767648696899414,-2.602325439453125,1.9855645895004272,2.6765105724334717,0.0039939796552062035,-0.00022359016293194145,1.367311716079712,0.0995006337761879
57.90000000000768,3.502314,2.0397027,0,20.13237190246582,-12.725858688354492,-2.602447509765625,1.9852890968322754,2.697575569152832,0.0057543134316802025,0.006043963134288788,1.3577096462249756,0.1255595088005066
57.90000000000768,3.502314,2.0397027,0,20.148265838623047,-12.704828262329102,-2.6024932861328125,1.9851537942886353,2.7079546451568604,0.006815483793616295,0.002139538759365678,1.3368372917175293,0.1410469263792038
57.90000000000768,3.502314,2.0397027,0,20.164165496826172,-12.683710098266602,-2.6025390625,1.985085368156433,2.7183945178985596,0.007156031206250191,0.009744150564074516,1.3435823917388916,0.05072680860757828
57.90000000000768,3.502314,2.0397027,0,20.19605827331543,-12.641219139099121,-2.6026153564453125,1.985108733177185,2.7394018173217773,0.005698647350072861,0.012698335573077202,1.3479825258255005,-0.09454739838838577
57.90000000000768,3.502314,2.0397027,0,20.212013244628906,-12.61983871459961,-2.6026611328125,1.9851791858673096,2.7498228549957275,0.00502163777127862,0.02038775570690632,1.340614676475525,-0.07674935460090637
57.90000000000768,3.502314,2.0397027,0,20.22797393798828,-12.598370552062988,-2.6027069091796875,1.9852852821350098,2.7601518630981445,0.004393015522509813,0.02424992062151432,1.3282750844955444,-0.07092998921871185
57.90000000000768,3.502314,2.0397027,0,20.243993759155273,-12.576826095581055,-2.6027374267578125,1.9854589700698853,2.7703983783721924,0.0037296742666512728,0.025855114683508873,1.319370985031128,-0.07538823038339615
58.200000000007755,3.5112026,2.141337,0,20.276012420654297,-12.53346061706543,-2.602813720703125,1.9858312606811523,2.790778636932373,0.0028434444684535265,0.03673318028450012,1.3010817766189575,-0.038073860108852386
58.200000000007755,3.5112026,2.141337,0,20.29203224182129,-12.51164722442627,-2.60284423828125,1.9861674308776855,2.8009114265441895,0.002711780369281769,0.05048302188515663,1.299709677696228,-0.010300426743924618
58.200000000007755,3.5112026,2.141337,0,20.30805778503418,-12.489748001098633,-2.6028900146484375,1.9865412712097168,2.8109662532806396,0.0028743320144712925,0.054681189358234406,1.2892123460769653,0.0262907687574625
58.200000000007755,3.5112026,2.141337,0,20.324155807495117,-12.467784881591797,-2.6029052734375,1.9870821237564087,2.82096266746521,0.0033373830374330282,0.066621795296669,1.2840126752853394,0.06412854045629501
58.200000000007755,3.5112026,2.141337,0,20.340261459350586,-12.445734977722168,-2.6029205322265625,1.9876940250396729,2.83088755607605,0.003965475596487522,0.07523708045482635,1.2742458581924438,0.08457107096910477
58.200000000007755,3.5112026,2.141337,0,20.372495651245117,-12.401382446289062,-2.602935791015625,1.9889391660690308,2.850599527359009,0.005149581469595432,0.07824777066707611,1.2692533731460571,0.04932377114892006
58.200000000007755,3.5112026,2.141337,0,20.3886775970459,-12.379104614257812,-2.6029205322265625,1.9896588325500488,2.8606009483337402,0.005038844887167215,0.08501418679952621,1.2832196950912476,-0.008766538463532925
58.200000000007755,3.5112026,2.141337,0,20.404865264892578,-12.356740951538086,-2.6029052734375,1.9904741048812866,2.8705694675445557,0.004760266747325659,0.09681028872728348,1.2783677577972412,-0.029906628653407097
58.200000000007755,3.5112026,2.141337,0,20.421062469482422,-12.334291458129883,-2.6028900146484375,1.9913126230239868,2.88045072555542,0.00464699137955904,0.09957583993673325,1.2666131258010864,-0.009401234798133373
58.200000000007755,3.5112026,2.141337,0,20.437265396118164,-12.31175708770752,-2.602874755859375,1.9921891689300537,2.8903181552886963,0.004572874866425991,0.10413991659879684,1.2641607522964478,-0.004659406375139952
58.50000000000783,3.5179245,2.2389338,0,20.4698429107666,-12.26651382446289,-2.60284423828125,1.9941291809082031,2.9098308086395264,0.004446694161742926,0.10992483794689178,1.2548458576202393,-0.002523883944377303
58.50000000000783,3.5179245,2.2389338,0,20.486143112182617,-12.243764877319336,-2.602813720703125,1.9951379299163818,2.919503688812256,0.004648964386433363,0.11110419780015945,1.2430084943771362,0.03032618947327137
58.50000000000783,3.5179245,2.2389338,0,20.502450942993164,-12.220932960510254,-2.602783203125,1.99616277217865,2.9291062355041504,0.0049889120273292065,0.11324084550142288,1.2333967685699463,0.047375909984111786
58.50000000000783,3.5179245,2.2389338,0,20.535221099853516,-12.17509651184082,-2.60272216796875,1.9984067678451538,2.948052406311035,0.0062385424971580505,0.12037745118141174,1.2146937847137451,0.09499722719192505
58.50000000000783,3.5179245,2.2389338,0,20.55160903930664,-12.15204906463623,-2.602691650390625,1.9995921850204468,2.957486391067505,0.007069246377795935,0.12985116243362427,1.212443232536316,0.10915705561637878
58.50000000000783,3.5179245,2.2389338,0,20.568004608154297,-12.128920555114746,-2.602630615234375,2.0006930828094482,2.9667887687683105,0.008082685992121696,0.11958332359790802,1.1952513456344604,0.13183940947055817
58.50000000000783,3.5179245,2.2389338,0,20.600988388061523,-12.08249568939209,-2.6025238037109375,2.0030417442321777,2.985016107559204,0.010416784323751926,0.11733512580394745,1.1679874658584595,0.16246037185192108
58.50000000000783,3.5179245,2.2389338,0,20.617488861083984,-12.059163093566895,-2.602447509765625,2.0042150020599365,2.99407958984375,0.011073608882725239,0.11914131045341492,1.1687172651290894,0.08838064223527908
58.50000000000783,3.5179245,2.2389338,0,20.633996963500977,-12.035751342773438,-2.602386474609375,2.0054101943969727,3.003075361251831,0.011088107712566853,0.12236451357603073,1.1594047546386719,0.007903202436864376
58.800000000007905,3.5223644,2.3323393,0,20.650611877441406,-12.012298583984375,-2.602294921875,2.0067243576049805,3.0119738578796387,0.01096107717603445,0.125645250082016,1.151961326599121,-0.009161419235169888
58.800000000007905,3.5223644,2.3323393,0,20.683837890625,-11.965147972106934,-2.602142333984375,2.00903582572937,3.0294713973999023,0.011069553904235363,0.10290522873401642,1.121505856513977,0.01597590558230877
58.800000000007905,3.5223644,2.3323393,0,20.700448989868164,-11.941452980041504,-2.6020660400390625,2.0101091861724854,3.0380382537841797,0.01109616830945015,0.10312984138727188,1.1038578748703003,0.008534173481166363
58.800000000007905,3.5223644,2.3323393,0,20.717151641845703,-11.917718887329102,-2.6019744873046875,2.0112459659576416,3.046391248703003,0.011231671087443829,0.10067129135131836,1.0820412635803223,0.02248491905629635
58.800000000007905,3.5223644,2.3323393,0,20.733858108520508,-11.893909454345703,-2.6018829345703125,2.0124025344848633,3.0546553134918213,0.011350770480930805,0.10401546955108643,1.0700658559799194,0.0204783845692873
58.800000000007905,3.5223644,2.3323393,0,20.76728057861328,-11.846075057983398,-2.6016998291015625,2.0146799087524414,3.0709338188171387,0.011662976816296577,0.10235666483640671,1.0526723861694336,0.003602821147069335
58.800000000007905,3.5223644,2.3323393,0,20.784067153930664,-11.822088241577148,-2.6015777587890625,2.0159618854522705,3.0790467262268066,0.011147888377308846,0.11324536800384521,1.0551888942718506,-0.05977693572640419
58.800000000007905,3.5223644,2.3323393,0,20.800857543945312,-11.798029899597168,-2.601470947265625,2.0172691345214844,3.0870301723480225,0.01063426211476326,0.11741440743207932,1.0379915237426758,-0.059730835258960724
58.800000000007905,3.5223644,2.3323393,0,20.817649841308594,-11.773900985717773,-2.6013641357421875,2.018533229827881,3.0949552059173584,0.010238214395940304,0.11300928145647049,1.0297412872314453,-0.045167744159698486
58.800000000007905,3.5223644,2.3323393,0,20.851213455200195,-11.725408554077148,-2.6011505126953125,2.021038770675659,3.1107330322265625,0.009671914391219616,0.12202529609203339,1.017184853553772,-0.030022578313946724
59.20000000000798,3.5245292,2.4501123,0,20.868059158325195,-11.701120376586914,-2.60101318359375,2.022364854812622,3.1184403896331787,0.009465917944908142,0.12084142863750458,1.0054984092712402,-0.023377591744065285
59.20000000000798,3.5245292,2.4501123,0,20.88490867614746,-11.676762580871582,-2.6008758544921875,2.0236754417419434,3.1260597705841064,0.00932302512228489,0.11982470005750656,0.9934231042861938,-0.01556891854852438
59.20000000000798,3.5245292,2.4501123,0,20.90176010131836,-11.652337074279785,-2.600738525390625,2.0250439643859863,3.1336493492126465,0.00942927971482277,0.12790551781654358,0.9886654615402222,0.01549487840384245
59.20000000000798,3.5245292,2.4501123,0,20.935535430908203,-11.603339195251465,-2.6004486083984375,2.0279695987701416,3.148592710494995,0.01022245828062296,0.14071276783943176,0.9736115336418152,0.06323074549436569
59.20000000000798,3.5245292,2.4501123,0,20.95246124267578,-11.578768730163574,-2.60028076171875,2.0295097827911377,3.155866861343384,0.010896522551774979,0.14392642676830292,0.9546635746955872,0.08625024557113647
59.20000000000798,3.5245292,2.4501123,0,20.96937370300293,-11.554120063781738,-2.6001129150390625,2.030869483947754,3.163088321685791,0.01165776513516903,0.12746596336364746,0.9428353905677795,0.0961190015077591
59.20000000000798,3.5245292,2.4501123,0,20.986291885375977,-11.529406547546387,-2.599945068359375,2.0322463512420654,3.1701650619506836,0.012489560060203075,0.13050155341625214,0.9236742854118347,0.10480964183807373
59.20000000000798,3.5245292,2.4501123,0,21.020265579223633,-11.479905128479004,-2.5995635986328125,2.0352530479431152,3.184462547302246,0.011966517195105553,0.1456017792224884,0.9438803791999817,-0.08745304495096207
59.20000000000798,3.5245292,2.4501123,0,21.037256240844727,-11.455055236816406,-2.599395751953125,2.036717414855957,3.191622257232666,0.01108767744153738,0.13546998798847198,0.9396019577980042,-0.10847253352403641
59.20000000000798,3.5245292,2.4501123,0,21.05425262451172,-11.430139541625977,-2.5992279052734375,2.0382354259490967,3.1986334323883057,0.01039215736091137,0.1432218849658966,0.9198492169380188,-0.08560716360807419
59.60000000000806,3.5221403,2.5598683,0,21.071313858032227,-11.405226707458496,-2.5990753173828125,2.039777994155884,3.205482006072998,0.009756093844771385,0.1389339566230774,0.9080731272697449,-0.07703154534101486
59.60000000000806,3.5221403,2.5598683,0,21.10544776916504,-11.355209350585938,-2.5987701416015625,2.042891502380371,3.219048500061035,0.008524072356522083,0.14828485250473022,0.89559406042099,-0.07461848855018616
59.60000000000806,3.5221403,2.5598683,0,21.12250518798828,-11.330092430114746,-2.5986328125,2.0444538593292236,3.2258355617523193,0.008195601403713226,0.14976347982883453,0.8922779560089111,-0.039672475308179855
59.60000000000806,3.5221403,2.5598683,0,21.139631271362305,-11.304973602294922,-2.598480224609375,2.0460710525512695,3.232527256011963,0.008035783655941486,0.1494964063167572,0.8887678384780884,-0.018226446583867073
59.60000000000806,3.5221403,2.5598683,0,21.156761169433594,-11.279790878295898,-2.59832763671875,2.0476646423339844,3.239163875579834,0.008137887343764305,0.1478239893913269,0.8805766105651855,0.014461576007306576
59.60000000000806,3.5221403,2.5598683,0,21.191030502319336,-11.229239463806152,-2.5980224609375,2.050955057144165,3.252300500869751,0.008142586797475815,0.15820010006427765,0.8759698867797852,-0.035629138350486755
59.60000000000806,3.5221403,2.5598683,0,21.208221435546875,-11.203936576843262,-2.5978851318359375,2.052799940109253,3.258981704711914,0.007031792774796486,0.17572133243083954,0.8927587866783142,-0.13661058247089386
59.60000000000806,3.5221403,2.5598683,0,21.22541618347168,-11.178569793701172,-2.597747802734375,2.054701805114746,3.265651226043701,0.005867361556738615,0.18409323692321777,0.8898694515228271,-0.14337803423404694
59.60000000000806,3.5221403,2.5598683,0,21.242616653442383,-11.1531400680542,-2.5976104736328125,2.056628704071045,3.2722814083099365,0.004921907093375921,0.18843834102153778,0.8835703134536743,-0.11624907702207565
59.900000000008134,3.5171878,2.6367583,0,21.259822845458984,-11.127646446228027,-2.59747314453125,2.0585944652557373,3.278883695602417,0.004096622578799725,0.19448313117027283,0.8786713480949402,-0.10128458589315414
59.900000000008134,3.5171878,2.6367583,0,21.294336318969727,-11.076582908630371,-2.59722900390625,2.0625805854797363,3.2921934127807617,0.002572133671492338,0.19807828962802887,0.8880269527435303,-0.08565699309110641
59.900000000008134,3.5171878,2.6367583,0,21.311601638793945,-11.050954818725586,-2.59710693359375,2.0646519660949707,3.2989089488983154,0.0020361177157610655,0.20879799127578735,0.8942937254905701,-0.06607919186353683
59.900000000008134,3.5171878,2.6367583,0,21.328872680664062,-11.025262832641602,-2.5970001220703125,2.0667827129364014,3.305616617202759,0.0018054014071822166,0.21732454001903534,0.8919187188148499,-0.027948522940278053
59.900000000008134,3.5171878,2.6367583,0,21.363542556762695,-10.97382640838623,-2.596771240234375,2.0712594985961914,3.3188891410827637,0.002115732291713357,0.22665935754776,0.8894243836402893,0.038253605365753174
59.900000000008134,3.5171878,2.6367583,0,21.380887985229492,-10.948012351989746,-2.5966796875,2.0735533237457275,3.325467109680176,0.0026710727252066135,0.23437397181987762,0.8813567161560059,0.07136864215135574
59.900000000008134,3.5171878,2.6367583,0,21.39824104309082,-10.922134399414062,-2.596588134765625,2.0758819580078125,3.3320205211639404,0.003370805410668254,0.239960178732872,0.8768596649169922,0.08936551958322525
59.900000000008134,3.5171878,2.6367583,0,21.41560173034668,-10.896193504333496,-2.5964813232421875,2.0781679153442383,3.3385815620422363,0.004210027400404215,0.23582229018211365,0.8763737678527832,0.1067509800195694
59.900000000008134,3.5171878,2.6367583,0,21.450422286987305,-10.844239234924316,-2.5962371826171875,2.082670211791992,3.3514785766601562,0.005671188235282898,0.23483341932296753,0.8675460815429688,0.06283725798130035
59.900000000008134,3.5171878,2.6367583,0,21.467844009399414,-10.818166732788086,-2.5961151123046875,2.08497953414917,3.3580567836761475,0.005669313482940197,0.24036769568920135,0.8795451521873474,0.0010710208443924785
60.30000000000821,3.5061414,2.731851,0,21.485271453857422,-10.792031288146973,-2.5959930419921875,2.087254762649536,3.3646254539489746,0.005605218466371298,0.23724117875099182,0.8769307136535645,-0.006739981006830931
60.30000000000821,3.5061414,2.731851,0,21.502775192260742,-10.765887260437012,-2.5958709716796875,2.089561939239502,3.371086359024048,0.005704055540263653,0.23415353894233704,0.8696823716163635,0.013856681995093822
60.30000000000821,3.5061414,2.731851,0,21.53780174255371,-10.713412284851074,-2.5955963134765625,2.094076156616211,3.3836944103240967,0.005926900543272495,0.22908373177051544,0.8403377532958984,0.01588696427643299
60.30000000000821,3.5061414,2.731851,0,21.555326461791992,-10.687082290649414,-2.5954742431640625,2.096276044845581,3.389901638031006,0.006089791655540466,0.22451753914356232,0.8334466814994812,0.02175103686749935
60.30000000000821,3.5061414,2.731851,0,21.572912216186523,-10.660725593566895,-2.5953369140625,2.098524570465088,3.3960049152374268,0.006342137232422829,0.2277364283800125,0.821259081363678,0.03250175714492798
60.30000000000821,3.5061414,2.731851,0,21.590505599975586,-10.634308815002441,-2.5951995849609375,2.1006715297698975,3.4020211696624756,0.00673917168751359,0.2163933366537094,0.8090053796768188,0.05057127773761749
60.30000000000821,3.5061414,2.731851,0,21.62570571899414,-10.58129596710205,-2.5949249267578125,2.105095386505127,3.4141476154327393,0.005750862881541252,0.2330053448677063,0.8142336010932922,-0.1102290078997612
60.30000000000821,3.5061414,2.731851,0,21.64337730407715,-10.554736137390137,-2.59478759765625,2.107419967651367,3.4202029705047607,0.00473163602873683,0.23440104722976685,0.8154140710830688,-0.1261560171842575
60.30000000000821,3.5061414,2.731851,0,21.661056518554688,-10.528116226196289,-2.5946807861328125,2.1097373962402344,3.426218032836914,0.003993228543549776,0.2349008321762085,0.8089715242385864,-0.0910772904753685
60.30000000000821,3.5061414,2.731851,0,21.678739547729492,-10.501437187194824,-2.5945587158203125,2.1120083332061768,3.4322240352630615,0.0033343296963721514,0.23042438924312592,0.8065024614334106,-0.08116336166858673
60.70000000000829,3.4897614,2.8182745,0,21.696430206298828,-10.474699020385742,-2.5944671630859375,2.1142542362213135,3.4381866455078125,0.0026938985101878643,0.22860294580459595,0.7997021079063416,-0.07888208329677582
60.70000000000829,3.4897614,2.8182745,0,21.714187622070312,-10.4479398727417,-2.5943603515625,2.1166322231292725,3.444052219390869,0.002137739909812808,0.23852629959583282,0.7927282452583313,-0.06769829988479614
60.70000000000829,3.4897614,2.8182745,0,21.749698638916016,-10.394216537475586,-2.5941619873046875,2.121370553970337,3.455820322036743,0.001538656186312437,0.24533945322036743,0.7889978289604187,-0.023598315194249153
60.70000000000829,3.4897614,2.8182745,0,21.76746368408203,-10.367267608642578,-2.5940704345703125,2.123739242553711,3.461740016937256,0.0016477457247674465,0.24624332785606384,0.7909013032913208,0.01423014234751463
60.70000000000829,3.4897614,2.8182745,0,21.785314559936523,-10.340303421020508,-2.593963623046875,2.126193046569824,3.4675278663635254,0.0019259622786194086,0.24837550520896912,0.7799386978149414,0.03604869917035103
60.70000000000829,3.4897614,2.8182745,0,21.821035385131836,-10.286202430725098,-2.59375,2.1311495304107666,3.4790170192718506,0.00296027772128582,0.25501519441604614,0.7724680304527283,0.06872741132974625
60.70000000000829,3.4897614,2.8182745,0,21.838905334472656,-10.259066581726074,-2.5936431884765625,2.1336894035339355,3.48480224609375,0.002585003152489662,0.26316624879837036,0.77536541223526,-0.04574795812368393
60.70000000000829,3.4897614,2.8182745,0,21.85686492919922,-10.231925010681152,-2.5935516357421875,2.136354684829712,3.4905848503112793,0.0018801052356138825,0.27032002806663513,0.7815635204315186,-0.08551077544689178
60.70000000000829,3.4897614,2.8182745,0,21.892791748046875,-10.177453994750977,-2.5933990478515625,2.141648292541504,3.502039670944214,0.0007685714517720044,0.27177220582962036,0.7680764198303223,-0.05787796899676323
60.70000000000829,3.4897614,2.8182745,0,21.91075897216797,-10.150124549865723,-2.5933074951171875,2.144268751144409,3.507758378982544,0.0003145046648569405,0.27401626110076904,0.7648904323577881,-0.05565397068858147
61.100000000008365,3.4677763,2.8958714,0,21.9288272857666,-10.12279224395752,-2.593231201171875,2.147000312805176,3.513380527496338,-0.00010031950660049915,0.27782994508743286,0.7594269514083862,-0.04957336559891701
61.100000000008365,3.4677763,2.8958714,0,21.946901321411133,-10.095402717590332,-2.5931549072265625,2.149662971496582,3.519007921218872,-0.00042336140177212656,0.2707688510417938,0.7585709095001221,-0.038168855011463165
61.100000000008365,3.4677763,2.8958714,0,21.964982986450195,-10.067956924438477,-2.5930938720703125,2.152456521987915,3.5245954990386963,-0.0004888809053227305,0.28864383697509766,0.7521734833717346,-0.0060438173823058605
61.100000000008365,3.4677763,2.8958714,0,22.001169204711914,-10.012899398803711,-2.59295654296875,2.1579761505126953,3.535815477371216,9.608011168893427e-05,0.28488418459892273,0.7487865686416626,0.051862556487321854
61.100000000008365,3.4677763,2.8958714,0,22.01936912536621,-9.985336303710938,-2.5928955078125,2.1608219146728516,3.541250228881836,0.0006675142794847488,0.2875867187976837,0.7363718152046204,0.07474607974290848
61.100000000008365,3.4677763,2.8958714,0,22.037578582763672,-9.957719802856445,-2.5928497314453125,2.1636271476745605,3.5466370582580566,0.001402965048328042,0.2842748463153839,0.7289670705795288,0.09545310586690903
61.100000000008365,3.4677763,2.8958714,0,22.073991775512695,-9.902289390563965,-2.5927276611328125,2.16923189163208,3.5576889514923096,0.0010234599467366934,0.3008129596710205,0.7417046427726746,-0.07480056583881378
61.100000000008365,3.4677763,2.8958714,0,22.092308044433594,-9.874527931213379,-2.5926971435546875,2.1722300052642822,3.563206911087036,0.0003976743028033525,0.3061639666557312,0.7427142262458801,-0.07454165816307068
61.100000000008365,3.4677763,2.8958714,0,22.110631942749023,-9.846712112426758,-2.5926666259765625,2.1751623153686523,3.5686163902282715,2.733027758949902e-05,0.2996838092803955,0.7278175950050354,-0.0427137091755867
61.100000000008365,3.4677763,2.8958714,0,22.128963470458984,-9.818842887878418,-2.5926361083984375,2.1781184673309326,3.573978900909424,-0.0003205870743840933,0.3043501377105713,0.7206810116767883,-0.04001147672533989
61.50000000000844,3.4399264,2.96453,0,22.165746688842773,-9.76296615600586,-2.5926055908203125,2.1840085983276367,3.5846164226531982,-0.0010137587087228894,0.297151654958725,0.7122591137886047,-0.03553600609302521
61.50000000000844,3.4399264,2.96453,0,22.1841983795166,-9.734959602355957,-2.5926361083984375,2.1869819164276123,3.5898821353912354,-0.0011158569250255823,0.299165815114975,0.7084448337554932,-0.007527414243668318
61.50000000000844,3.4399264,2.96453,0,22.202646255493164,-9.706884384155273,-2.5926513671875,2.1899213790893555,3.595156192779541,-0.0009500598534941673,0.3018335998058319,0.7038781642913818,0.024904029443860054
61.50000000000844,3.4399264,2.96453,0,22.221101760864258,-9.678757667541504,-2.5926666259765625,2.192767858505249,3.600414991378784,-0.0005644816556014121,0.29186978936195374,0.7008250951766968,0.052255574613809586
61.50000000000844,3.4399264,2.96453,0,22.258249282836914,-9.622428894042969,-2.59271240234375,2.198745012283325,3.6106114387512207,0.0007749286596663296,0.29472532868385315,0.674235463142395,0.09898002445697784
61.50000000000844,3.4399264,2.96453,0,22.276832580566406,-9.594188690185547,-2.5927276611328125,2.201573133468628,3.6155738830566406,0.0016421462642028928,0.28165915608406067,0.6658386588096619,0.1134299635887146
61.50000000000844,3.4399264,2.96453,0,22.295419692993164,-9.565899848937988,-2.592742919921875,2.2044262886047363,3.620429515838623,0.002593445358797908,0.28663861751556396,0.6513568162918091,0.12379743903875351
61.50000000000844,3.4399264,2.96453,0,22.314138412475586,-9.537601470947266,-2.592742919921875,2.207348346710205,3.625168800354004,0.0036250322591513395,0.28256097435951233,0.641620934009552,0.13510416448116302
61.50000000000844,3.4399264,2.96453,0,22.351591110229492,-9.480860710144043,-2.5927276611328125,2.2131168842315674,3.6346209049224854,0.0038776209112256765,0.2808200418949127,0.6354330778121948,-0.02015288732945919
61.50000000000844,3.4399264,2.96453,0,22.370311737060547,-9.452401161193848,-2.5927276611328125,2.2159230709075928,3.6392767429351807,0.0035205152817070484,0.2794804871082306,0.6231573224067688,-0.03989645838737488
61.90000000000852,3.405964,3.0241847,0,22.389150619506836,-9.423938751220703,-2.592742919921875,2.2186646461486816,3.6437876224517822,0.003387648379430175,0.26000306010246277,0.6102121472358704,-0.010428017936646938
61.90000000000852,3.405964,3.0241847,0,22.407991409301758,-9.395430564880371,-2.592742919921875,2.221392869949341,3.648214340209961,0.0032794272992759943,0.26040875911712646,0.5984365940093994,-0.007533467840403318
61.90000000000852,3.405964,3.0241847,0,22.445680618286133,-9.338279724121094,-2.5927734375,2.226630926132202,3.656710147857666,0.003073441330343485,0.2464967966079712,0.5699549913406372,-0.0024843027349561453
61.90000000000852,3.405964,3.0241847,0,22.46463394165039,-9.30970287322998,-2.592803955078125,2.22932505607605,3.6607859134674072,0.0031628399156033993,0.2491285353899002,0.5599532127380371,0.018881632015109062
61.90000000000852,3.405964,3.0241847,0,22.48358917236328,-9.281083106994629,-2.5928497314453125,2.2319276332855225,3.6647939682006836,0.0034126974642276764,0.2399427890777588,0.5501888990402222,0.03871554136276245
61.90000000000852,3.405964,3.0241847,0,22.502544403076172,-9.252420425415039,-2.592864990234375,2.2344605922698975,3.6687397956848145,0.0038995419163256884,0.23347237706184387,0.5411492586135864,0.0681225135922432
61.90000000000852,3.405964,3.0241847,0,22.521501541137695,-9.223715782165527,-2.5928955078125,2.2370445728302,3.672626495361328,0.0039028238970786333,0.2419884353876114,0.5325520634651184,0.007466878276318312
61.90000000000852,3.405964,3.0241847,0,22.559587478637695,-9.166285514831543,-2.592987060546875,2.2422609329223633,3.6803696155548096,0.002616903046146035,0.2447761744260788,0.5299016833305359,-0.070806585252285
61.90000000000852,3.405964,3.0241847,0,22.578632354736328,-9.137507438659668,-2.5930328369140625,2.244816780090332,3.684143304824829,0.002180275972932577,0.2388007491827011,0.520031750202179,-0.04734005406498909
61.90000000000852,3.405964,3.0241847,0,22.597675323486328,-9.108689308166504,-2.59307861328125,2.247358798980713,3.6878678798675537,0.0018411686178296804,0.2391301393508911,0.5125789642333984,-0.035328321158885956
62.300000000008595,3.3656564,3.074815,0,22.61672019958496,-9.079830169677734,-2.5931396484375,2.249864339828491,3.6915524005889893,0.0015603168867528439,0.2365732342004776,0.5063286423683167,-0.028256790712475777
62.300000000008595,3.3656564,3.074815,0,22.654996871948242,-9.022165298461914,-2.59326171875,2.255002975463867,3.698611259460449,0.00123222719412297,0.23844198882579803,0.4931597113609314,0.0018714925972744823
62.300000000008595,3.3656564,3.074815,0,22.674135208129883,-8.99327278137207,-2.59332275390625,2.2575979232788086,3.702061891555786,0.0013755750842392445,0.2426634430885315,0.48420804738998413,0.02554571069777012
62.300000000008595,3.3656564,3.074815,0,22.693275451660156,-8.96434211730957,-2.5933837890625,2.260162115097046,3.705482244491577,0.001671132748015225,0.24086421728134155,0.4789305031299591,0.04433886706829071
62.300000000008595,3.3656564,3.074815,0,22.73171043395996,-8.906515121459961,-2.5935211181640625,2.2652831077575684,3.7119696140289307,0.0029336956795305014,0.2316691279411316,0.461115300655365,0.09996536374092102
62.300000000008595,3.3656564,3.074815,0,22.75092887878418,-8.877543449401855,-2.5935821533203125,2.2677226066589355,3.715179204940796,0.0037336708046495914,0.22573119401931763,0.4562118947505951,0.10742712020874023
62.300000000008595,3.3656564,3.074815,0,22.770145416259766,-8.84853458404541,-2.5936279296875,2.2701261043548584,3.718352794647217,0.004668036941438913,0.22325757145881653,0.4502177834510803,0.12400652468204498
62.300000000008595,3.3656564,3.074815,0,22.789445877075195,-8.819585800170898,-2.59368896484375,2.2726173400878906,3.7213709354400635,0.00508880615234375,0.2257561832666397,0.44192224740982056,0.06108032166957855
62.300000000008595,3.3656564,3.074815,0,22.828046798706055,-8.761575698852539,-2.59381103515625,2.277467727661133,3.727386236190796,0.004606870003044605,0.22191768884658813,0.44074803590774536,-0.025150829926133156
62.70000000000867,3.3187857,3.116446,0,22.84734344482422,-8.732515335083008,-2.5938568115234375,2.279879093170166,3.730289936065674,0.004516588058322668,0.22220927476882935,0.4225250482559204,-0.003525987034663558
62.70000000000867,3.3187857,3.116446,0,22.866727828979492,-8.703495979309082,-2.59393310546875,2.282249927520752,3.7330338954925537,0.004508634563535452,0.21260467171669006,0.4092213809490204,0.007223337423056364
62.70000000000867,3.3187857,3.116446,0,22.886110305786133,-8.674440383911133,-2.593994140625,2.2846035957336426,3.7357449531555176,0.004535865969955921,0.2126034051179886,0.4032762348651886,0.011285300366580486
62.70000000000867,3.3187857,3.116446,0,22.92486572265625,-8.616223335266113,-2.5941162109375,2.289175271987915,3.740962028503418,0.0046775853261351585,0.20413097739219666,0.38274264335632324,0.027987172827124596
62.70000000000867,3.3187857,3.116446,0,22.944337844848633,-8.587150573730469,-2.59417724609375,2.2914507389068604,3.7433438301086426,0.004988525994122028,0.19812557101249695,0.368536114692688,0.047213394194841385
62.70000000000867,3.3187857,3.116446,0,22.963804244995117,-8.55804443359375,-2.59423828125,2.2936410903930664,3.7457282543182373,0.005467881448566914,0.189753919839859,0.3670158088207245,0.06802565604448318
62.70000000000867,3.3187857,3.116446,0,22.983266830444336,-8.52890396118164,-2.59429931640625,2.2958459854125977,3.748072862625122,0.0055528609082102776,0.19376212358474731,0.36022669076919556,0.018496530130505562
62.70000000000867,3.3187857,3.116446,0,23.02227020263672,-8.47060489654541,-2.59442138671875,2.3003838062286377,3.7527618408203125,0.004628677386790514,0.1989155411720276,0.3597927987575531,-0.05408795177936554
62.70000000000867,3.3187857,3.116446,0,23.04180145263672,-8.441428184509277,-2.594482421875,2.3026208877563477,3.755063772201538,0.004369805101305246,0.19977262616157532,0.35647645592689514,-0.025125684216618538
62.70000000000867,3.3187857,3.116446,0,23.061328887939453,-8.412219047546387,-2.59454345703125,2.304715871810913,3.757272720336914,0.0042562359012663364,0.18409965932369232,0.34306231141090393,-0.007171649020165205
63.10000000000875,3.2651494,3.149147,0,23.08085060119629,-8.382978439331055,-2.5946044921875,2.306809663772583,3.7594761848449707,0.004171278327703476,0.186029314994812,0.340634286403656,-0.003799330210313201
63.10000000000875,3.2651494,3.149147,0,23.120071411132812,-8.324552536010742,-2.5947265625,2.3112220764160156,3.7637243270874023,0.004210241138935089,0.1909325271844864,0.3341599106788635,0.015473923645913601
63.10000000000875,3.2651494,3.149147,0,23.13967514038086,-8.29529094696045,-2.59478759765625,2.3133904933929443,3.7658064365386963,0.004496449138969183,0.19104234874248505,0.32938721776008606,0.04285759851336479
63.10000000000875,3.2651494,3.149147,0,23.15927505493164,-8.265998840332031,-2.5948333740234375,2.3154501914978027,3.7678661346435547,0.00495270686224103,0.17947109043598175,0.3246646523475647,0.06390362232923508
63.10000000000875,3.2651494,3.149147,0,23.1789608001709,-8.236736297607422,-2.594879150390625,2.3176026344299316,3.7698585987091064,0.005511417519301176,0.18283838033676147,0.3219565153121948,0.07689743489027023
63.10000000000875,3.2651494,3.149147,0,23.198640823364258,-8.207441329956055,-2.5949249267578125,2.3197274208068848,3.771817445755005,0.006248141173273325,0.18158778548240662,0.3157731294631958,0.09894044697284698
63.10000000000875,3.2651494,3.149147,0,23.218305587768555,-8.178099632263184,-2.5949554443359375,2.3217809200286865,3.7738287448883057,0.006600860506296158,0.1795053631067276,0.31692346930503845,0.0500781424343586
63.10000000000875,3.2651494,3.149147,0,23.25762367248535,-8.119325637817383,-2.5950164794921875,2.3259551525115967,3.777833938598633,0.006199040450155735,0.18672917783260345,0.3097902834415436,-0.021956393495202065
63.10000000000875,3.2651494,3.149147,0,23.277339935302734,-8.08996868133545,-2.5950469970703125,2.3279190063476562,3.779722213745117,0.006217951886355877,0.16630719602108002,0.30548107624053955,0.00826269295066595
63.10000000000875,3.2651494,3.149147,0,23.316757202148438,-8.03116512298584,-2.5950927734375,2.3319013118743896,3.78332257270813,0.006262106820940971,0.1751113384962082,0.2879580557346344,0.007574911694973707
63.600000000008826,3.1883059,3.1776404,0,23.336456298828125,-8.001720428466797,-2.595123291015625,2.3338234424591064,3.7850992679595947,0.006306962110102177,0.16714954376220703,0.2861022353172302,0.011248047463595867
63.600000000008826,3.1883059,3.1776404,0,23.356239318847656,-7.972322463989258,-2.5951385498046875,2.335787534713745,3.78684401512146,0.0064651621505618095,0.16395488381385803,0.28923162817955017,0.02542976103723049
63.600000000008826,3.1883059,3.1776404,0,23.37601661682129,-7.942895412445068,-2.59515380859375,2.33771014213562,3.7884809970855713,0.0068071153946220875,0.16087666153907776,0.2738286256790161,0.0482313297688961
63.600000000008826,3.1883059,3.1776404,0,23.41553497314453,-7.883923053741455,-2.5951690673828125,2.341428518295288,3.7916994094848633,0.007956558838486671,0.1619134545326233,0.2637330889701843,0.08914246410131454
63.600000000008826,3.1883059,3.1776404,0,23.435380935668945,-7.854471206665039,-2.5951690673828125,2.343309164047241,3.793138265609741,0.00873731728643179,0.15487121045589447,0.24935269355773926,0.10242964327335358
63.600000000008826,3.1883059,3.1776404,0,23.455219268798828,-7.8249921798706055,-2.59515380859375,2.34506893157959,3.7945001125335693,0.009612209163606167,0.14190617203712463,0.23788268864154816,0.11405627429485321
63.600000000008826,3.1883059,3.1776404,0,23.47504997253418,-7.795487403869629,-2.5951385498046875,2.3467910289764404,3.795875072479248,0.009921529330313206,0.13933292031288147,0.23776783049106598,0.04332698509097099
63.600000000008826,3.1883059,3.1776404,0,23.514774322509766,-7.736469745635986,-2.5951080322265625,2.3502795696258545,3.7985517978668213,0.009055264294147491,0.13341356813907623,0.23155498504638672,-0.04885764420032501
63.600000000008826,3.1883059,3.1776404,0,23.534666061401367,-7.7069573402404785,-2.5950775146484375,2.3519325256347656,3.799755334854126,0.00878958124667406,0.1265898495912552,0.21912343800067902,-0.029231885448098183
63.600000000008826,3.1883059,3.1776404,0,23.554542541503906,-7.677403450012207,-2.595062255859375,2.3534483909606934,3.8008928298950195,0.008578536100685596,0.11616938561201096,0.20576009154319763,-0.02311263047158718
64.0000000000089,3.118784,3.1907203,0,23.57440948486328,-7.647825241088867,-2.59503173828125,2.3549880981445312,3.8019890785217285,0.008387630805373192,0.12106586247682571,0.19885315001010895,-0.02069445140659809
64.0000000000089,3.118784,3.1907203,0,23.614334106445312,-7.588718891143799,-2.594940185546875,2.358142137527466,3.8040122985839844,0.008168783038854599,0.11138272285461426,0.1863815039396286,-0.007982830516994
64.0000000000089,3.118784,3.1907203,0,23.634281158447266,-7.5591301918029785,-2.59490966796875,2.3596560955047607,3.8050050735473633,0.008277751505374908,0.11119743436574936,0.18766315281391144,0.015914903953671455
64.0000000000089,3.118784,3.1907203,0,23.654216766357422,-7.529518127441406,-2.5948638916015625,2.361132860183716,3.8059639930725098,0.00859232246875763,0.1086411401629448,0.18174467980861664,0.04154583066701889
64.0000000000089,3.118784,3.1907203,0,23.674259185791016,-7.499927043914795,-2.59478759765625,2.3626773357391357,3.806898355484009,0.00911455973982811,0.10528886318206787,0.18201346695423126,0.06624496728181839
64.0000000000089,3.118784,3.1907203,0,23.694290161132812,-7.47031307220459,-2.5947113037109375,2.3642115592956543,3.8077592849731445,0.009727351367473602,0.10636211186647415,0.17108310759067535,0.0775330662727356
64.0000000000089,3.118784,3.1907203,0,23.734312057495117,-7.411003589630127,-2.5945281982421875,2.366946220397949,3.809354782104492,0.011407175101339817,0.0876484215259552,0.15754105150699615,0.10558636486530304
64.0000000000089,3.118784,3.1907203,0,23.754405975341797,-7.3813629150390625,-2.594390869140625,2.3683717250823975,3.810072898864746,0.011861429549753666,0.0917738601565361,0.1518010050058365,0.05538807809352875
64.0000000000089,3.118784,3.1907203,0,23.774486541748047,-7.351701259613037,-2.5942535400390625,2.369757652282715,3.81073260307312,0.01178217027336359,0.08915291726589203,0.14281345903873444,-0.011174938641488552
64.0000000000089,3.118784,3.1907203,0,23.814611434936523,-7.292319297790527,-2.593994140625,2.3722941875457764,3.8118889331817627,0.011667948216199875,0.07348877936601639,0.12358178198337555,0.005505978595465422
64.50000000000898,3.0215645,3.1952534,0,23.834768295288086,-7.262641906738281,-2.5938262939453125,2.373568296432495,3.8123481273651123,0.011788515374064445,0.06863577663898468,0.11811528354883194,0.012204050086438656
64.50000000000898,3.0215645,3.1952534,0,23.85491371154785,-7.232946395874023,-2.593658447265625,2.3747785091400146,3.8127174377441406,0.011849409900605679,0.06298493593931198,0.10517823696136475,0.004819593857973814
64.50000000000898,3.0215645,3.1952534,0,23.875041961669922,-7.203233242034912,-2.5934906005859375,2.3758814334869385,3.8130886554718018,0.012019605375826359,0.05190194770693779,0.10371037572622299,0.018555203452706337
64.50000000000898,3.0215645,3.1952534,0,23.895156860351562,-7.1735029220581055,-2.59332275390625,2.3769052028656006,3.813391923904419,0.012214169837534428,0.04427351430058479,0.09359756112098694,0.02167327143251896
64.50000000000898,3.0215645,3.1952534,0,23.935443878173828,-7.114003658294678,-2.592987060546875,2.37882661819458,3.813872814178467,0.012990070506930351,0.04004141315817833,0.07757577300071716,0.058890316635370255
64.50000000000898,3.0215645,3.1952534,0,23.95562171936035,-7.084251403808594,-2.592803955078125,2.379789352416992,3.8139448165893555,0.013026557862758636,0.034255411475896835,0.0618743896484375,0.0008014030172489583
64.50000000000898,3.0215645,3.1952534,0,23.975784301757812,-7.054484844207764,-2.592620849609375,2.380741834640503,3.814070463180542,0.012466809712350368,0.03528549522161484,0.06714671105146408,-0.07362337410449982
64.50000000000898,3.0215645,3.1952534,0,24.016193389892578,-6.994969844818115,-2.592254638671875,2.3827366828918457,3.8142154216766357,0.011397992260754108,0.03539267182350159,0.06090555340051651,-0.0581471212208271
64.50000000000898,3.0215645,3.1952534,0,24.03643798828125,-6.965220928192139,-2.592071533203125,2.3836750984191895,3.8142478466033936,0.011078407987952232,0.025585569441318512,0.05823143571615219,-0.04474073275923729
64.80000000000905,2.9576206,3.191847,0,24.056665420532227,-6.935458183288574,-2.591888427734375,2.3846404552459717,3.8142404556274414,0.010804385878145695,0.031417787075042725,0.051716398447752,-0.038912516087293625
64.80000000000905,2.9576206,3.191847,0,24.07687759399414,-6.905681610107422,-2.591705322265625,2.385509729385376,3.8142025470733643,0.010525978170335293,0.02175712026655674,0.046430617570877075,-0.03915465995669365
64.80000000000905,2.9576206,3.191847,0,24.11748695373535,-6.846181869506836,-2.59130859375,2.387312889099121,3.81406569480896,0.010271534323692322,0.019167941063642502,0.042172785848379135,-0.012956558726727962
64.80000000000905,2.9576206,3.191847,0,24.13776397705078,-6.81641149520874,-2.5911102294921875,2.38818621635437,3.8140149116516113,0.010452318005263805,0.019570447504520416,0.044985540211200714,0.016757750883698463
64.80000000000905,2.9576206,3.191847,0,24.158023834228516,-6.786627292633057,-2.590911865234375,2.389082670211792,3.8139266967773438,0.010719901882112026,0.02481772191822529,0.03880361095070839,0.02777017466723919
64.80000000000905,2.9576206,3.191847,0,24.178394317626953,-6.756889820098877,-2.5906829833984375,2.39007306098938,3.8136985301971436,0.011163941584527493,0.02418830804526806,0.02680039219558239,0.048622019588947296
64.80000000000905,2.9576206,3.191847,0,24.21907615661621,-6.697375297546387,-2.5902252197265625,2.391892433166504,3.813283681869507,0.012071831151843071,0.019343772903084755,0.02221115492284298,0.03612832725048065
64.80000000000905,2.9576206,3.191847,0,24.239391326904297,-6.667599678039551,-2.5900115966796875,2.3926875591278076,3.813044548034668,0.012162034399807453,0.0074676931835711,0.02075215056538582,0.005030072759836912
64.80000000000905,2.9576206,3.191847,0,24.259811401367188,-6.637846946716309,-2.5897674560546875,2.3935153484344482,3.8127503395080566,0.01227138563990593,0.00328941666521132,0.016231395304203033,0.006465706508606672
64.80000000000905,2.9576206,3.191847,0,24.28021240234375,-6.608082294464111,-2.5895233154296875,2.394286632537842,3.8124048709869385,0.012552889995276928,-0.0010997317731380463,0.008256014436483383,0.028188804164528847
65.30000000000913,2.8415062,3.1763198,0,24.32094955444336,-6.548521518707275,-2.5890350341796875,2.3954989910125732,3.8114938735961914,0.012990837916731834,-0.018645338714122772,-0.009626862592995167,0.02043135277926922
65.30000000000913,2.8415062,3.1763198,0,24.341405868530273,-6.51880407333374,-2.588775634765625,2.3961358070373535,3.81093430519104,0.013266293331980705,-0.02349386177957058,-0.01331441942602396,0.02737063728272915
65.30000000000913,2.8415062,3.1763198,0,24.361841201782227,-6.489077568054199,-2.5885162353515625,2.39668607711792,3.8101584911346436,0.013452203944325447,-0.03159059211611748,-0.04200642928481102,0.016378236934542656
65.30000000000913,2.8415062,3.1763198,0,24.382251739501953,-6.4593424797058105,-2.5882568359375,2.3971240520477295,3.809375762939453,0.013746281154453754,-0.04293881356716156,-0.04443930462002754,0.029878223314881325
65.30000000000913,2.8415062,3.1763198,0,24.42311668395996,-6.399927616119385,-2.58770751953125,2.397808313369751,3.8075499534606934,0.014502015896141529,-0.06370040774345398,-0.06731424480676651,0.04328274726867676
65.30000000000913,2.8415062,3.1763198,0,24.44356346130371,-6.370235443115234,-2.5874176025390625,2.398026943206787,3.806453227996826,0.01487360056489706,-0.07058113813400269,-0.08111868798732758,0.0385739803314209
65.30000000000913,2.8415062,3.1763198,0,24.463985443115234,-6.340538024902344,-2.5871429443359375,2.398146867752075,3.805265188217163,0.01475257333368063,-0.08023956418037415,-0.0940784141421318,-0.022776423022150993
65.30000000000913,2.8415062,3.1763198,0,24.4843807220459,-6.310835361480713,-2.58685302734375,2.398149251937866,3.804018974304199,0.014134335331618786,-0.09234075993299484,-0.10284243524074554,-0.08470797538757324
65.30000000000913,2.8415062,3.1763198,0,24.525325775146484,-6.251585483551025,-2.5863037109375,2.398193120956421,3.801123857498169,0.01300605945289135,-0.10152102261781693,-0.13041113317012787,-0.06678187847137451
65.30000000000913,2.8415062,3.1763198,0,24.545757293701172,-6.2219557762146,-2.586029052734375,2.3981125354766846,3.7995009422302246,0.012637045234441757,-0.10745123028755188,-0.1445089876651764,-0.05373591184616089
65.70000000000921,2.739877,3.1553612,0,24.566160202026367,-6.192324638366699,-2.58575439453125,2.397864580154419,3.797830820083618,0.012233627028763294,-0.1257743388414383,-0.1520908623933792,-0.05781789869070053
65.70000000000921,2.739877,3.1553612,0,24.586536407470703,-6.162692546844482,-2.585479736328125,2.397562026977539,3.796098232269287,0.011847145855426788,-0.13005204498767853,-0.1615377813577652,-0.05548866093158722
65.70000000000921,2.739877,3.1553612,0,24.607006072998047,-6.133147239685059,-2.5852203369140625,2.3972840309143066,3.794217586517334,0.011538428254425526,-0.13867197930812836,-0.17134983837604523,-0.045950986444950104
65.70000000000921,2.739877,3.1553612,0,24.627443313598633,-6.1035871505737305,-2.5849456787109375,2.3969199657440186,3.792332410812378,0.011348938569426537,-0.1428578943014145,-0.17619621753692627,-0.031208151951432228
65.70000000000921,2.739877,3.1553612,0,24.66822624206543,-6.044468402862549,-2.5844268798828125,2.3960208892822266,3.7883830070495605,0.011409186758100986,-0.15778937935829163,-0.1971069574356079,0.004549510311335325
65.70000000000921,2.739877,3.1553612,0,24.68868064880371,-6.0149922370910645,-2.58416748046875,2.395564317703247,3.7862446308135986,0.011589362286031246,-0.15919344127178192,-0.20316442847251892,0.015450640581548214
65.70000000000921,2.739877,3.1553612,0,24.729496002197266,-5.956045627593994,-2.583648681640625,2.394293785095215,3.7817885875701904,0.012226393446326256,-0.183609277009964,-0.21827323734760284,0.029190441593527794
65.70000000000921,2.739877,3.1553612,0,24.749855041503906,-5.926576614379883,-2.5833892822265625,2.393502712249756,3.7794291973114014,0.012191148474812508,-0.1931026428937912,-0.23622390627861023,-0.010880640707910061
65.70000000000921,2.739877,3.1553612,0,24.770292282104492,-5.897189617156982,-2.5831298828125,2.3927152156829834,3.776921510696411,0.011720254085958004,-0.20219212770462036,-0.24738378822803497,-0.06452621519565582
65.70000000000921,2.739877,3.1553612,0,24.790693283081055,-5.867807388305664,-2.5829010009765625,2.3918938636779785,3.77431058883667,0.011334002017974854,-0.20369428396224976,-0.2622349262237549,-0.05378108099102974
66.10000000000929,2.630371,3.1271658,0,24.831388473510742,-5.809032917022705,-2.582427978515625,2.3899338245391846,3.7689688205718994,0.010915405116975307,-0.22183345258235931,-0.27737104892730713,-0.0269766878336668
66.10000000000929,2.630371,3.1271658,0,24.8518009185791,-5.779725074768066,-2.58221435546875,2.3888909816741943,3.766162395477295,0.010722052305936813,-0.23326049745082855,-0.28612518310546875,-0.0284747201949358
66.10000000000929,2.630371,3.1271658,0,24.872177124023438,-5.750423908233643,-2.582000732421875,2.3877170085906982,3.76326847076416,0.010521809570491314,-0.24698883295059204,-0.29898616671562195,-0.029208602383732796
66.10000000000929,2.630371,3.1271658,0,24.89251708984375,-5.72113037109375,-2.5818023681640625,2.3865013122558594,3.7603113651275635,0.010371405631303787,-0.2495334893465042,-0.3087560534477234,-0.022855119779706
66.10000000000929,2.630371,3.1271658,0,24.93320655822754,-5.662634372711182,-2.5814208984375,2.3840601444244385,3.754075050354004,0.010222774930298328,-0.25654539465904236,-0.33496803045272827,-0.010209157131612301
66.10000000000929,2.630371,3.1271658,0,24.953554153442383,-5.633432865142822,-2.58123779296875,2.3827223777770996,3.7508792877197266,0.009953989647328854,-0.26984941959381104,-0.3353854715824127,-0.03605475276708603
66.10000000000929,2.630371,3.1271658,0,24.97386360168457,-5.60422945022583,-2.5810699462890625,2.3812801837921143,3.7476563453674316,0.009417945519089699,-0.27721554040908813,-0.3427082896232605,-0.06968247890472412
66.10000000000929,2.630371,3.1271658,0,24.99413299560547,-5.575036525726318,-2.5808868408203125,2.3798446655273438,3.74440336227417,0.008888265118002892,-0.27373751997947693,-0.34819185733795166,-0.06894300878047943
66.10000000000929,2.630371,3.1271658,0,25.034809112548828,-5.516801357269287,-2.58056640625,2.376911163330078,3.7375824451446533,0.008252093568444252,-0.2951798737049103,-0.36851391196250916,-0.03824848309159279
66.10000000000929,2.630371,3.1271658,0,25.055084228515625,-5.487701416015625,-2.580413818359375,2.3752779960632324,3.734161615371704,0.007982710376381874,-0.30423372983932495,-0.36661890149116516,-0.03521423414349556
66.60000000000937,2.4824512,3.0823445,0,25.075319290161133,-5.458613872528076,-2.58026123046875,2.3736214637756348,3.7306652069091797,0.007696839049458504,-0.30450886487960815,-0.3778274357318878,-0.03722589090466499
66.60000000000937,2.4824512,3.0823445,0,25.095659255981445,-5.4295783042907715,-2.5801239013671875,2.372026205062866,3.727102518081665,0.00746925687417388,-0.3094792664051056,-0.3826024830341339,-0.029344575479626656
66.60000000000937,2.4824512,3.0823445,0,25.136211395263672,-5.371547222137451,-2.5798492431640625,2.3686132431030273,3.7198808193206787,0.007305311504751444,-0.3254392445087433,-0.39332282543182373,-0.007825902663171291
66.60000000000937,2.4824512,3.0823445,0,25.156423568725586,-5.342541217803955,-2.5797119140625,2.366790294647217,3.716266393661499,0.00736572127789259,-0.32698822021484375,-0.3965294361114502,0.006389338057488203
66.60000000000937,2.4824512,3.0823445,0,25.176746368408203,-5.313579559326172,-2.579559326171875,2.364995002746582,3.7125346660614014,0.007510361261665821,-0.337607204914093,-0.40900418162345886,0.016903502866625786
66.60000000000937,2.4824512,3.0823445,0,25.197023391723633,-5.284633636474609,-2.5794219970703125,2.363043785095215,3.7087271213531494,0.00772593030706048,-0.3540717363357544,-0.42022740840911865,0.025810671970248222
66.60000000000937,2.4824512,3.0823445,0,25.23744010925293,-5.2267913818359375,-2.579132080078125,2.358921527862549,3.700861930847168,0.008084561675786972,-0.3671627640724182,-0.44455811381340027,0.0200811754912138
66.60000000000937,2.4824512,3.0823445,0,25.257577896118164,-5.197896957397461,-2.5789794921875,2.3567280769348145,3.696876287460327,0.007873323746025562,-0.37577348947525024,-0.44727805256843567,-0.02742418833076954
66.60000000000937,2.4824512,3.0823445,0,25.277803421020508,-5.1690802574157715,-2.5788421630859375,2.354585647583008,3.6927828788757324,0.007174696773290634,-0.3812123239040375,-0.45551761984825134,-0.08838716149330139
66.60000000000937,2.4824512,3.0823445,0,25.29798126220703,-5.140281677246094,-2.5786895751953125,2.352329730987549,3.6886138916015625,0.0065280054695904255,-0.3924115300178528,-0.4666685461997986,-0.08219293504953384
67.00000000000945,2.3553953,3.0393517,0,25.338193893432617,-5.082732677459717,-2.5784149169921875,2.3475067615509033,3.6801655292510986,0.005791715811938047,-0.41142165660858154,-0.48131388425827026,-0.04284921661019325
67.00000000000945,2.3553953,3.0393517,0,25.358362197875977,-5.054058074951172,-2.578277587890625,2.3450496196746826,3.675748825073242,0.005434908904135227,-0.4214763939380646,-0.4957848787307739,-0.0460408590734005
67.00000000000945,2.3553953,3.0393517,0,25.37847900390625,-5.02540397644043,-2.578155517578125,2.342541456222534,3.6712663173675537,0.0051034013740718365,-0.4247748553752899,-0.5056803226470947,-0.0428277961909771
67.00000000000945,2.3553953,3.0393517,0,25.39854621887207,-4.996771335601807,-2.578033447265625,2.3399624824523926,3.666755199432373,0.004806590732187033,-0.4306540787220001,-0.5108484029769897,-0.03844219818711281
67.00000000000945,2.3553953,3.0393517,0,25.418563842773438,-4.968160629272461,-2.577911376953125,2.337315320968628,3.662214517593384,0.004664169158786535,-0.43627995252609253,-0.516112744808197,-0.019096767529845238
67.00000000000945,2.3553953,3.0393517,0,25.43866539001465,-4.93966007232666,-2.5778045654296875,2.334749221801758,3.657553195953369,0.004618608858436346,-0.4384337067604065,-0.5224795937538147,-0.006690155249089003
67.00000000000945,2.3553953,3.0393517,0,25.47871208190918,-4.882724285125732,-2.5775604248046875,2.3292489051818848,3.648158311843872,0.004016514867544174,-0.463891863822937,-0.5340613126754761,-0.05354964733123779
67.00000000000945,2.3553953,3.0393517,0,25.4986572265625,-4.85429048538208,-2.5774383544921875,2.3263659477233887,3.6434292793273926,0.003666943870484829,-0.4689015746116638,-0.5360195636749268,-0.04483991861343384
67.00000000000945,2.3553953,3.0393517,0,25.53868293762207,-4.79763650894165,-2.5772247314453125,2.3207945823669434,3.633920431137085,0.00329412124119699,-0.4687331020832062,-0.5349504947662354,-0.02388097159564495
67.00000000000945,2.3553953,3.0393517,0,25.55861473083496,-4.76934289932251,-2.577117919921875,2.317854881286621,3.629141330718994,0.0031313905492424965,-0.48161399364471436,-0.5396869778633118,-0.021457204595208168
67.50000000000952,2.1859145,2.9774456,0,25.578493118286133,-4.741072654724121,-2.5770111083984375,2.3149328231811523,3.6243436336517334,0.0030373483896255493,-0.4763821065425873,-0.543756902217865,-0.01282524224370718
67.50000000000952,2.1859145,2.9774456,0,25.598472595214844,-4.712892532348633,-2.576904296875,2.3120555877685547,3.619500160217285,0.002940703183412552,-0.48563072085380554,-0.5425587296485901,-0.012851319275796413
67.50000000000952,2.1859145,2.9774456,0,25.618396759033203,-4.684735298156738,-2.5767974853515625,2.3091413974761963,3.61468505859375,0.002949139568954706,-0.48693522810935974,-0.5409289002418518,0.0003231689042877406
67.50000000000952,2.1859145,2.9774456,0,25.658079147338867,-4.628490447998047,-2.57659912109375,2.3031704425811768,3.6049206256866455,0.0030687141697853804,-0.4935508668422699,-0.5523619055747986,0.005689449142664671
67.50000000000952,2.1859145,2.9774456,0,25.677978515625,-4.600477695465088,-2.5764923095703125,2.300171136856079,3.599963665008545,0.0031905770301818848,-0.5025871396064758,-0.5551000237464905,0.014736316166818142
67.50000000000952,2.1859145,2.9774456,0,25.69782066345215,-4.572488784790039,-2.576385498046875,2.2970898151397705,3.5949959754943848,0.003398141823709011,-0.5094925165176392,-0.5583696365356445,0.025479121133685112
67.50000000000952,2.1859145,2.9774456,0,25.737335205078125,-4.51658296585083,-2.5761871337890625,2.2906668186187744,3.5848772525787354,0.00370157603174448,-0.5259038805961609,-0.5776547789573669,0.017335636541247368
67.50000000000952,2.1859145,2.9774456,0,25.757131576538086,-4.488752841949463,-2.5760955810546875,2.2873713970184326,3.5796518325805664,0.0035172030329704285,-0.5405217409133911,-0.584978461265564,-0.02334965206682682
67.50000000000952,2.1859145,2.9774456,0,25.776866912841797,-4.4609479904174805,-2.5760040283203125,2.2839906215667725,3.574352979660034,0.0029742850456386805,-0.5477915406227112,-0.5960917472839355,-0.06814440339803696
67.80000000000959,2.078687,2.9363077,0,25.796545028686523,-4.433169364929199,-2.575927734375,2.2805914878845215,3.5690345764160156,0.0024316629860550165,-0.5468014478683472,-0.6004886031150818,-0.06808432936668396
67.80000000000959,2.078687,2.9363077,0,25.83586311340332,-4.377773284912109,-2.575775146484375,2.2735345363616943,3.558228015899658,0.0018764995038509369,-0.56684410572052,-0.6144574880599976,-0.030911991372704506
67.80000000000959,2.078687,2.9363077,0,25.855504989624023,-4.350149631500244,-2.5756988525390625,2.2699499130249023,3.5527451038360596,0.001629733364097774,-0.5744114518165588,-0.6177448034286499,-0.03104703314602375
67.80000000000959,2.078687,2.9363077,0,25.87508773803711,-4.322552680969238,-2.57562255859375,2.266309976577759,3.547208309173584,0.0013576415367424488,-0.5780016183853149,-0.6264351606369019,-0.03419117629528046
67.80000000000959,2.078687,2.9363077,0,25.894607543945312,-4.294984817504883,-2.5755462646484375,2.2625503540039062,3.541612148284912,0.001177215832285583,-0.5896580219268799,-0.6357292532920837,-0.02281181327998638
67.80000000000959,2.078687,2.9363077,0,25.933591842651367,-4.240041255950928,-2.575408935546875,2.254909038543701,3.530409336090088,0.0008827160345390439,-0.6031014919281006,-0.6327545642852783,-0.015324446372687817
67.80000000000959,2.078687,2.9363077,0,25.953054428100586,-4.212664604187012,-2.575347900390625,2.251060724258423,3.524785280227661,0.0006835893727838993,-0.6056865453720093,-0.6316382884979248,-0.02474011667072773
67.80000000000959,2.078687,2.9363077,0,25.972454071044922,-4.185316562652588,-2.575286865234375,2.247154474258423,3.5191667079925537,0.0005765098030678928,-0.609591007232666,-0.6329655647277832,-0.01322477962821722
67.80000000000959,2.078687,2.9363077,0,25.991792678833008,-4.15799617767334,-2.575225830078125,2.2431933879852295,3.513530969619751,0.000623388506937772,-0.613233745098114,-0.6371031403541565,0.006029847543686628
67.80000000000959,2.078687,2.9363077,0,26.030494689941406,-4.103629112243652,-2.57513427734375,2.235217332839966,3.502061367034912,0.0007669999613426626,-0.6258588433265686,-0.6419457197189331,0.012408009730279446
68.30000000000967,1.8910753,2.8617575,0,26.04975128173828,-4.076484203338623,-2.5750885009765625,2.2310779094696045,3.4963409900665283,0.0007991436868906021,-0.6367918848991394,-0.6434863209724426,0.00506965396925807
68.30000000000967,1.8910753,2.8617575,0,26.068944931030273,-4.049367904663086,-2.575042724609375,2.2269341945648193,3.49062180519104,0.0008406444685533643,-0.6342093348503113,-0.6454418897628784,0.0062277535907924175
68.30000000000967,1.8910753,2.8617575,0,26.088176727294922,-4.02237606048584,-2.57501220703125,2.22273850440979,3.4847962856292725,0.0009035509428940713,-0.6495305895805359,-0.649203360080719,0.010615679435431957
68.30000000000967,1.8910753,2.8617575,0,26.126445770263672,-3.9684791564941406,-2.5749664306640625,2.214216947555542,3.4729628562927246,0.0010389627423137426,-0.6579118967056274,-0.6678011417388916,0.00971276219934225
68.30000000000967,1.8910753,2.8617575,0,26.14548110961914,-3.941575050354004,-2.574951171875,2.20983624458313,3.46703839302063,0.0011541126295924187,-0.6631250977516174,-0.6683526039123535,0.01697893999516964
68.30000000000967,1.8910753,2.8617575,0,26.164554595947266,-3.9147863388061523,-2.574951171875,2.2054176330566406,3.4610435962677,0.0012194444425404072,-0.6768492460250854,-0.6690698862075806,0.012381467036902905
68.30000000000967,1.8910753,2.8617575,0,26.18355941772461,-3.8880271911621094,-2.574951171875,2.2009308338165283,3.4550063610076904,0.0012441835133358836,-0.6821126341819763,-0.6766948103904724,0.007139518391340971
68.30000000000967,1.8910753,2.8617575,0,26.221384048461914,-3.8345882892608643,-2.574951171875,2.191596508026123,3.4426379203796387,0.0012181566562503576,-0.7049820423126221,-0.7051437497138977,0.0027325002010911703
68.30000000000967,1.8910753,2.8617575,0,26.24028968811035,-3.8079919815063477,-2.574981689453125,2.186840295791626,3.4362289905548096,0.0008733369177207351,-0.7170183658599854,-0.7215074300765991,-0.03750202804803848
68.30000000000967,1.8910753,2.8617575,0,26.259124755859375,-3.781428337097168,-2.57501220703125,2.1819214820861816,3.4297587871551514,0.0002380319929216057,-0.7341245412826538,-0.7313902974128723,-0.07395724952220917
68.70000000000975,1.7333056,2.7972934,0,26.277891159057617,-3.7548985481262207,-2.575042724609375,2.176909923553467,3.423218250274658,-0.0003306217258796096,-0.7425402998924255,-0.7424095869064331,-0.06576580554246902
68.70000000000975,1.7333056,2.7972934,0,26.315305709838867,-3.702016830444336,-2.5751495361328125,2.1668035984039307,3.410092353820801,-0.000993876252323389,-0.751856803894043,-0.7509599924087524,-0.03084726445376873
68.70000000000975,1.7333056,2.7972934,0,26.333951950073242,-3.6756653785705566,-2.5752105712890625,2.1616508960723877,3.403393268585205,-0.0012571288971230388,-0.7615454792976379,-0.7593416571617126,-0.02618366666138172
68.70000000000975,1.7333056,2.7972934,0,26.352537155151367,-3.649343967437744,-2.5752716064453125,2.156360149383545,3.396568775177002,-0.0015062730526551604,-0.775474488735199,-0.7786086201667786,-0.024654434993863106
68.70000000000975,1.7333056,2.7972934,0,26.371047973632812,-3.6230592727661133,-2.575347900390625,2.1510398387908936,3.389791488647461,-0.0017055012285709381,-0.7761247158050537,-0.7748122811317444,-0.018586402758955956
68.70000000000975,1.7333056,2.7972934,0,26.408016204833984,-3.570765495300293,-2.575531005859375,2.1403262615203857,3.376049280166626,-0.0020640746224671602,-0.7851027846336365,-0.7859082818031311,-0.017328651621937752
68.70000000000975,1.7333056,2.7972934,0,26.426389694213867,-3.544673442840576,-2.57562255859375,2.1348414421081543,3.369149923324585,-0.0023675248958170414,-0.7969681024551392,-0.7861469388008118,-0.030490567907691002
68.70000000000975,1.7333056,2.7972934,0,26.444690704345703,-3.518618106842041,-2.575714111328125,2.1293320655822754,3.3623335361480713,-0.002494105836376548,-0.7970370054244995,-0.7779326438903809,-0.008579342626035213
68.70000000000975,1.7333056,2.7972934,0,26.462997436523438,-3.4926705360412598,-2.5758056640625,2.1238608360290527,3.355414628982544,-0.002518279943615198,-0.7983726263046265,-0.7837212085723877,0.005532521288841963
68.70000000000975,1.7333056,2.7972934,0,26.481229782104492,-3.466759443283081,-2.5759124755859375,2.118274450302124,3.3485190868377686,-0.0025306888855993748,-0.8097671866416931,-0.7831135988235474,0.006775836925953627
69.00000000000983,1.6107163,2.7464604,0,26.499387741088867,-3.440885066986084,-2.576019287109375,2.112708806991577,3.3416099548339844,-0.0025634418707340956,-0.8042600750923157,-0.7870662212371826,0.00401306850835681
69.00000000000983,1.6107163,2.7464604,0,26.535505294799805,-3.3892369270324707,-2.5762176513671875,2.1013741493225098,3.3280017375946045,-0.0025405646301805973,-0.8133238554000854,-0.7780905365943909,0.016261355951428413
69.00000000000983,1.6107163,2.7464604,0,26.55352020263672,-3.3635404109954834,-2.5763397216796875,2.0957374572753906,3.321164131164551,-0.0025023939087986946,-0.8128814697265625,-0.777122974395752,0.013946554623544216
69.00000000000983,1.6107163,2.7464604,0,26.589332580566406,-3.312255382537842,-2.576568603515625,2.084332227706909,3.307605743408203,-0.0022745958995074034,-0.8185537457466125,-0.7740957140922546,0.025100072845816612
69.00000000000983,1.6107163,2.7464604,0,26.607128143310547,-3.2866671085357666,-2.5766754150390625,2.0785088539123535,3.30084228515625,-0.0021200142800807953,-0.8279571533203125,-0.7745750546455383,0.02786656655371189
69.00000000000983,1.6107163,2.7464604,0,26.624910354614258,-3.261186361312866,-2.5767974853515625,2.072681427001953,3.2940244674682617,-0.0020948315504938364,-0.832983672618866,-0.774776041507721,0.012681352905929089
69.00000000000983,1.6107163,2.7464604,0,26.64261817932129,-3.235741376876831,-2.5769195556640625,2.066877841949463,3.287238121032715,-0.002120174700394273,-0.8272198438644409,-0.7730993628501892,0.0061118039302527905
69.00000000000983,1.6107163,2.7464604,0,26.660253524780273,-3.2103331089019775,-2.5770416259765625,2.060950517654419,3.280376672744751,-0.0020509781315922737,-0.8400124907493591,-0.7846443057060242,0.017680225893855095
69.00000000000983,1.6107163,2.7464604,0,26.677825927734375,-3.184957265853882,-2.5771636962890625,2.055055856704712,3.2735543251037598,-0.001916977926157415,-0.8340872526168823,-0.7830579280853271,0.025552695617079735
69.40000000000953,1.4418802,2.6757658,0,26.712890625,-3.1344354152679443,-2.5774078369140625,2.043213367462158,3.2599103450775146,-0.001662921509705484,-0.8429917097091675,-0.7772511839866638,0.01703621633350849
69.40000000000953,1.4418802,2.6757658,0,26.730314254760742,-3.10922908782959,-2.5775299072265625,2.0372073650360107,3.2531111240386963,-0.0015856338432058692,-0.8489331007003784,-0.779492974281311,0.018932854756712914
69.40000000000953,1.4418802,2.6757658,0,26.765016555786133,-3.0589966773986816,-2.577789306640625,2.0249826908111572,3.239346742630005,-0.0014264598721638322,-0.8678861260414124,-0.7914064526557922,0.0206949170678854
69.40000000000953,1.4418802,2.6757658,0,26.782297134399414,-3.033971071243286,-2.5779266357421875,2.0187582969665527,3.232369899749756,-0.0013052294962108135,-0.8784842491149902,-0.7998991012573242,0.024714970961213112
69.40000000000953,1.4418802,2.6757658,0,26.799501419067383,-3.0089826583862305,-2.5780487060546875,2.0125515460968018,3.2254559993743896,-0.0011678923619911075,-0.8735640048980713,-0.7940908670425415,0.02646585740149021
69.40000000000953,1.4418802,2.6757658,0,26.81662940979004,-2.984031915664673,-2.57818603515625,2.0062437057495117,3.2184975147247314,-0.0010256500681862235,-0.883545458316803,-0.8016036152839661,0.02682255394756794
69.40000000000953,1.4418802,2.6757658,0,26.833772659301758,-2.959182024002075,-2.57830810546875,1.999921441078186,3.211364507675171,-0.000923016166780144,-0.893054187297821,-0.8187531232833862,0.02250121720135212
69.40000000000953,1.4418802,2.6757658,0,26.867826461791992,-2.9095983505249023,-2.578582763671875,1.9869906902313232,3.1971328258514404,-0.0012955637648701668,-0.9073152542114258,-0.8211190104484558,-0.023977363482117653
69.40000000000953,1.4418802,2.6757658,0,26.884737014770508,-2.8848655223846436,-2.578704833984375,1.9804574251174927,3.1899871826171875,-0.0014867762802168727,-0.911302924156189,-0.8263222575187683,-0.014825723133981228
69.40000000000953,1.4418802,2.6757658,0,26.901662826538086,-2.860241413116455,-2.5788726806640625,1.9739114046096802,3.182709217071533,-0.0015334824565798044,-0.9217739701271057,-0.8371871113777161,0.0049420627765357494
69.80000000000922,1.2672645,2.602177,0,26.935277938842773,-2.811112642288208,-2.5791778564453125,1.9606359004974365,3.1681363582611084,-0.0015612535644322634,-0.9328239560127258,-0.8465253710746765,0.006007961463183165
69.80000000000922,1.2672645,2.602177,0,26.951969146728516,-2.786609649658203,-2.5793304443359375,1.9538902044296265,3.160767078399658,-0.0015749754384160042,-0.9386175870895386,-0.8546217083930969,0.008206813596189022
69.80000000000922,1.2672645,2.602177,0,26.96867561340332,-2.762207269668579,-2.579498291015625,1.9471583366394043,3.153322219848633,-0.0015897548291832209,-0.9459069967269897,-0.8603916764259338,0.009255017153918743
69.80000000000922,1.2672645,2.602177,0,26.98530387878418,-2.7378461360931396,-2.5796661376953125,1.9403786659240723,3.145885705947876,-0.0015224152011796832,-0.9490950107574463,-0.8613802194595337,0.019432974979281425
69.80000000000922,1.2672645,2.602177,0,27.00185203552246,-2.713526964187622,-2.5798187255859375,1.9336270093917847,3.138385772705078,-0.001365696545690298,-0.9428776502609253,-0.8712646961212158,0.03030523471534252
69.80000000000922,1.2672645,2.602177,0,27.03479766845703,-2.6650753021240234,-2.580169677734375,1.919880747795105,3.1234169006347656,-0.0009968164376914501,-0.9588202834129333,-0.8696081042289734,0.03606965392827988
69.80000000000922,1.2672645,2.602177,0,27.051193237304688,-2.6409430503845215,-2.5803375244140625,1.9129424095153809,3.1157805919647217,-0.0008023018017411232,-0.9690258502960205,-0.88775235414505,0.035750675946474075
69.80000000000922,1.2672645,2.602177,0,27.067508697509766,-2.616854429244995,-2.58050537109375,1.9059425592422485,3.1080820560455322,-0.0006454758113250136,-0.9740086197853088,-0.8974819183349609,0.030728986486792564
69.80000000000922,1.2672645,2.602177,0,27.083742141723633,-2.5928099155426025,-2.5806732177734375,1.8988394737243652,3.1004016399383545,-0.0006804172298870981,-0.9842697381973267,-0.8971111178398132,0.006457324605435133
69.80000000000922,1.2672645,2.602177,0,27.116071701049805,-2.544922351837158,-2.581024169921875,1.8845930099487305,3.084810972213745,-0.0009573785355314612,-0.9969330430030823,-0.9147384762763977,-0.00383658311329782
70.10000000000892,1.1327728,2.5453627,0,27.132164001464844,-2.5210800170898438,-2.581207275390625,1.8773730993270874,3.076908826828003,-0.0009564966312609613,-1.003782868385315,-0.9244914054870605,0.011786817573010921
70.10000000000892,1.1327728,2.5453627,0,27.148174285888672,-2.4972829818725586,-2.5813751220703125,1.8701006174087524,3.0690579414367676,-0.0009217127808369696,-1.0076961517333984,-0.9199697971343994,0.015715600922703743
70.10000000000892,1.1327728,2.5453627,0,27.18003273010254,-2.4499049186706543,-2.5817413330078125,1.8555271625518799,3.0531723499298096,-0.0007634888170287013,-1.0180202722549438,-0.9353068470954895,0.020984092727303505
70.10000000000892,1.1327728,2.5453627,0,27.195880889892578,-2.4263243675231934,-2.581939697265625,1.848136067390442,3.045151472091675,-0.0007151135941967368,-1.0254042148590088,-0.9386530518531799,0.017819924280047417
70.10000000000892,1.1327728,2.5453627,0,27.211645126342773,-2.402789831161499,-2.582122802734375,1.8407518863677979,3.037116050720215,-0.0006400910788215697,-1.0218476057052612,-0.9423342347145081,0.02083647809922695
70.10000000000892,1.1327728,2.5453627,0,27.227327346801758,-2.3793022632598877,-2.5823211669921875,1.8333618640899658,3.0290443897247314,-0.0005037065129727125,-1.0199462175369263,-0.9486904740333557,0.02866424433887005
70.10000000000892,1.1327728,2.5453627,0,27.25862693786621,-2.332606077194214,-2.5827484130859375,1.8186722993850708,3.0128045082092285,-0.0002886933507397771,-1.0229301452636719,-0.9508362412452698,0.023260710760951042
70.10000000000892,1.1327728,2.5453627,0,27.274160385131836,-2.3093268871307373,-2.5829620361328125,1.8112280368804932,3.004734992980957,-0.000128697429317981,-1.0315032005310059,-0.9479056596755981,0.03227265179157257
70.10000000000892,1.1327728,2.5453627,0,27.289608001708984,-2.2860944271087646,-2.583160400390625,1.8037312030792236,2.996676206588745,0.00013127831334713846,-1.03538978099823,-0.9483874440193176,0.04444131255149841
70.10000000000892,1.1327728,2.5453627,0,27.305057525634766,-2.2629547119140625,-2.5833892822265625,1.7962815761566162,2.988612413406372,0.0003701646637637168,-1.0376662015914917,-0.946003794670105,0.042809635400772095
70.50000000000861,0.9491179,2.4677923,0,27.335704803466797,-2.216815948486328,-2.5838165283203125,1.781301498413086,2.972378969192505,0.0007060024654492736,-1.0403070449829102,-0.9555113911628723,0.04046596214175224
70.50000000000861,0.9491179,2.4677923,0,27.350902557373047,-2.1938178539276123,-2.5840301513671875,1.7737239599227905,2.9642889499664307,0.0008829979924485087,-1.0454447269439697,-0.954707682132721,0.03431783616542816
70.50000000000861,0.9491179,2.4677923,0,27.3660888671875,-2.1709134578704834,-2.5842437744140625,1.7661913633346558,2.956162691116333,0.0010297985281795263,-1.0456887483596802,-0.9560423493385315,0.030937137082219124
70.50000000000861,0.9491179,2.4677923,0,27.381189346313477,-2.148056745529175,-2.58447265625,1.7586263418197632,2.9480156898498535,0.001230478985235095,-1.0469920635223389,-0.9604687094688416,0.03734137490391731
70.50000000000861,0.9491179,2.4677923,0,27.411170959472656,-2.1024839878082275,-2.5848846435546875,1.743419885635376,2.931727409362793,0.0016851741820573807,-1.0526010990142822,-0.9653062224388123,0.03782566264271736
70.50000000000861,0.9491179,2.4677923,0,27.426095962524414,-2.0798070430755615,-2.5850982666015625,1.7357968091964722,2.923527479171753,0.0018814861541613936,-1.0556460618972778,-0.9691813588142395,0.036920882761478424
70.50000000000861,0.9491179,2.4677923,0,27.440935134887695,-2.0571787357330322,-2.585296630859375,1.7280828952789307,2.9153354167938232,0.0020934611093252897,-1.0642637014389038,-0.9698485136032104,0.03854883462190628
70.50000000000861,0.9491179,2.4677923,0,27.455690383911133,-2.034599542617798,-2.5854949951171875,1.7203272581100464,2.9071245193481445,0.0022826646454632282,-1.0667963027954102,-0.9738308787345886,0.035373955965042114
70.50000000000861,0.9491179,2.4677923,0,27.48501968383789,-1.9896186590194702,-2.5858917236328125,1.7047429084777832,2.8905863761901855,0.002128070453181863,-1.0755109786987305,-0.9802977442741394,-0.0047632488422095776
70.50000000000861,0.9491179,2.4677923,0,27.499591827392578,-1.9672174453735352,-2.5861053466796875,1.6968560218811035,2.8822455406188965,0.0021058751735836267,-1.0839555263519287,-0.9919707179069519,0.009184236638247967
70.80000000000831,0.8083953,2.4084682,0,27.514095306396484,-1.9448661804199219,-2.5863037109375,1.688962459564209,2.8739004135131836,0.0021440559066832066,-1.0846428871154785,-0.9949022531509399,0.01660408265888691
70.80000000000831,0.8083953,2.4084682,0,27.528512954711914,-1.9225660562515259,-2.5865020751953125,1.6809998750686646,2.8655200004577637,0.0023390084970742464,-1.090661883354187,-1.0007836818695068,0.03588758036494255
70.80000000000831,0.8083953,2.4084682,0,27.557226181030273,-1.8781704902648926,-2.5868988037109375,1.6651074886322021,2.848731279373169,0.0026728741358965635,-1.0952340364456177,-1.0084071159362793,0.028590204194188118
70.80000000000831,0.8083953,2.4084682,0,27.571455001831055,-1.8560506105422974,-2.5870819091796875,1.657099723815918,2.840331554412842,0.002842854941263795,-1.0961081981658936,-1.0049192905426025,0.03226101025938988
70.80000000000831,0.8083953,2.4084682,0,27.585596084594727,-1.8339831829071045,-2.5872650146484375,1.649088978767395,2.831936836242676,0.0030639073811471462,-1.0939141511917114,-1.0056310892105103,0.03835092857480049
70.80000000000831,0.8083953,2.4084682,0,27.599651336669922,-1.811968207359314,-2.587432861328125,1.6410480737686157,2.8235251903533936,0.0032555973157286644,-1.0951989889144897,-1.0090906620025635,0.03439373895525932
70.80000000000831,0.8083953,2.4084682,0,27.62761878967285,-1.7681561708450317,-2.587799072265625,1.6248753070831299,2.8065905570983887,0.003776384284719825,-1.103901982307434,-1.0132359266281128,0.04560965672135353
70.80000000000831,0.8083953,2.4084682,0,27.641489028930664,-1.7463291883468628,-2.5879669189453125,1.616770625114441,2.7980899810791016,0.003966926597058773,-1.1048256158828735,-1.0223774909973145,0.03446079418063164
70.80000000000831,0.8083953,2.4084682,0,27.655275344848633,-1.7245559692382812,-2.588134765625,1.6086801290512085,2.7895922660827637,0.004078790545463562,-1.100582480430603,-1.0232994556427002,0.02434477023780346
70.80000000000831,0.8083953,2.4084682,0,27.66901969909668,-1.7028571367263794,-2.5883026123046875,1.6006067991256714,2.7811172008514404,0.004303650464862585,-1.10122549533844,-1.0196613073349,0.038803085684776306
71.10000000000801,0.6653561,2.3483298,0,27.68267822265625,-1.6812121868133545,-2.5884552001953125,1.5924044847488403,2.772589921951294,0.004534576553851366,-1.1148825883865356,-1.0274163484573364,0.03928085416555405
71.10000000000801,0.6653561,2.3483298,0,27.696250915527344,-1.6596214771270752,-2.5886077880859375,1.5842543840408325,2.764116048812866,0.004741791170090437,-1.105973482131958,-1.0219707489013672,0.036044973880052567
71.10000000000801,0.6653561,2.3483298,0,27.72318458557129,-1.616621494293213,-2.58892822265625,1.5678423643112183,2.747093677520752,0.005170319229364395,-1.112790584564209,-1.028713345527649,0.036360692232847214
71.10000000000801,0.6653561,2.3483298,0,27.73654556274414,-1.5952123403549194,-2.589080810546875,1.559672236442566,2.7386012077331543,0.0054059214890003204,-1.10727059841156,-1.0261199474334717,0.0399397648870945
71.10000000000801,0.6653561,2.3483298,0,27.76302719116211,-1.5525587797164917,-2.5893707275390625,1.5431160926818848,2.721534013748169,0.005838720127940178,-1.1195595264434814,-1.0403172969818115,0.034241933375597
71.10000000000801,0.6653561,2.3483298,0,27.77619743347168,-1.5313317775726318,-2.58953857421875,1.534882664680481,2.712998867034912,0.006076714489609003,-1.1174566745758057,-1.0339832305908203,0.040836628526449203
71.10000000000801,0.6653561,2.3483298,0,27.789281845092773,-1.5101603269577026,-2.589691162109375,1.526633620262146,2.7044906616210938,0.006334354635328054,-1.11700439453125,-1.0316771268844604,0.04299869388341904
71.10000000000801,0.6653561,2.3483298,0,27.80228042602539,-1.4890445470809937,-2.58984375,1.5183632373809814,2.6959621906280518,0.006497170776128769,-1.117350459098816,-1.0352227687835693,0.030858440324664116
71.10000000000801,0.6653561,2.3483298,0,27.82807159423828,-1.4470001459121704,-2.5901336669921875,1.5017515420913696,2.678781032562256,0.006613463629037142,-1.1238044500350952,-1.0448014736175537,0.012233386747539043
71.10000000000801,0.6653561,2.3483298,0,27.840864181518555,-1.426072359085083,-2.5902862548828125,1.4934282302856445,2.6701459884643555,0.00670667877420783,-1.1237657070159912,-1.0489602088928223,0.02221297286450863
71.40000000000771,0.5202219,2.2875097,0,27.85357093811035,-1.405202031135559,-2.5904388427734375,1.4850283861160278,2.6614866256713867,0.0068882000632584095,-1.1310569047927856,-1.0529958009719849,0.032969746738672256
71.40000000000771,0.5202219,2.2875097,0,27.866191864013672,-1.3843895196914673,-2.5905609130859375,1.4766879081726074,2.652775287628174,0.007050282787531614,-1.1214152574539185,-1.0604926347732544,0.030029097571969032
71.40000000000771,0.5202219,2.2875097,0,27.878787994384766,-1.363659381866455,-2.5907135009765625,1.4683364629745483,2.6440627574920654,0.007201468106359243,-1.129270076751709,-1.0591623783111572,0.02970034070312977
71.40000000000771,0.5202219,2.2875097,0,27.903722763061523,-1.3223739862442017,-2.59100341796875,1.45157790184021,2.6266298294067383,0.007514182478189468,-1.1292363405227661,-1.0617716312408447,0.03201979771256447
71.40000000000771,0.5202219,2.2875097,0,27.916059494018555,-1.3018189668655396,-2.5911407470703125,1.4431824684143066,2.6179380416870117,0.007707386743277311,-1.1279969215393066,-1.059407353401184,0.03411899879574776
71.40000000000771,0.5202219,2.2875097,0,27.92836570739746,-1.28132963180542,-2.591278076171875,1.4348057508468628,2.609261989593506,0.007903123274445534,-1.1300522089004517,-1.0570359230041504,0.03473180904984474
71.40000000000771,0.5202219,2.2875097,0,27.94058609008789,-1.2608991861343384,-2.5914154052734375,1.426432490348816,2.6005239486694336,0.008050289936363697,-1.127353549003601,-1.065694808959961,0.02838577888906002
71.40000000000771,0.5202219,2.2875097,0,27.95271873474121,-1.2405279874801636,-2.5915374755859375,1.4180654287338257,2.5917916297912598,0.008210431784391403,-1.124355673789978,-1.0658320188522339,0.02973945625126362
71.40000000000771,0.5202219,2.2875097,0,27.976808547973633,-1.1999890804290771,-2.5918121337890625,1.4012470245361328,2.5742650032043457,0.008229678496718407,-1.1290162801742554,-1.0692907571792603,0.0012358649400994182
71.40000000000771,0.5202219,2.2875097,0,27.9887638092041,-1.1798216104507446,-2.5919647216796875,1.3929171562194824,2.565450429916382,0.00825415924191475,-1.1245601177215576,-1.0761172771453857,0.013275071047246456
71.7000000000074,0.37321946,2.2261202,0,28.012414932250977,-1.1396677494049072,-2.59222412109375,1.3760634660720825,2.547814130783081,0.008485621772706509,-1.1277402639389038,-1.0783177614212036,0.025583429262042046
71.7000000000074,0.37321946,2.2261202,0,28.024112701416016,-1.11968195438385,-2.59234619140625,1.367659330368042,2.538975715637207,0.008616909384727478,-1.1272042989730835,-1.0816189050674438,0.025836749002337456
71.7000000000074,0.37321946,2.2261202,0,28.03579330444336,-1.0997953414916992,-2.5924835205078125,1.3592870235443115,2.530045747756958,0.008745163679122925,-1.1301612854003906,-1.0896493196487427,0.026048624888062477
71.7000000000074,0.37321946,2.2261202,0,28.047386169433594,-1.0799695253372192,-2.592620849609375,1.350913166999817,2.5212502479553223,0.00888862181454897,-1.1280964612960815,-1.0737110376358032,0.02783397026360035
71.7000000000074,0.37321946,2.2261202,0,28.0703182220459,-1.040499210357666,-2.592864990234375,1.3341320753097534,2.5035881996154785,0.009270180948078632,-1.1234854459762573,-1.086167335510254,0.035002823919057846
71.7000000000074,0.37321946,2.2261202,0,28.081754684448242,-1.0209014415740967,-2.5930023193359375,1.3258627653121948,2.494662046432495,0.009484028443694115,-1.1224581003189087,-1.0879935026168823,0.03684591129422188
71.7000000000074,0.37321946,2.2261202,0,28.09310531616211,-1.0013645887374878,-2.5931396484375,1.3175522089004517,2.4857494831085205,0.009675461798906326,-1.1252028942108154,-1.0872139930725098,0.03377673774957657
71.7000000000074,0.37321946,2.2261202,0,28.104372024536133,-0.9818890690803528,-2.59326171875,1.3092445135116577,2.476801633834839,0.009820453822612762,-1.122482180595398,-1.0924978256225586,0.0277105700224638
71.7000000000074,0.37321946,2.2261202,0,28.126726150512695,-0.9431745409965515,-2.5934906005859375,1.2925891876220703,2.4589288234710693,0.009865048341453075,-1.127685785293579,-1.0925407409667969,0.007781665306538343
72.0000000000071,0.22457948,2.1642513,0,28.137815475463867,-0.9239351749420166,-2.593597412109375,1.2843692302703857,2.449921131134033,0.010009418241679668,-1.1155601739883423,-1.0966378450393677,0.027181578800082207
72.0000000000071,0.22457948,2.1642513,0,28.148820877075195,-0.904757559299469,-2.5937042236328125,1.276151418685913,2.4409403800964355,0.01023801788687706,-1.1129045486450195,-1.094221591949463,0.037470363080501556
72.0000000000071,0.22457948,2.1642513,0,28.159740447998047,-0.8856417536735535,-2.5937957763671875,1.2678651809692383,2.4319491386413574,0.010445673018693924,-1.11913001537323,-1.0964579582214355,0.03461911901831627
72.0000000000071,0.22457948,2.1642513,0,28.181476593017578,-0.8477055430412292,-2.5939788818359375,1.2514104843139648,2.413986921310425,0.010824075900018215,-1.1167734861373901,-1.0866718292236328,0.032100822776556015
72.0000000000071,0.22457948,2.1642513,0,28.192228317260742,-0.8288289308547974,-2.5940704345703125,1.243260383605957,2.405033588409424,0.010910030454397202,-1.1079648733139038,-1.0894540548324585,0.019420867785811424
72.0000000000071,0.22457948,2.1642513,0,28.20289421081543,-0.8100135326385498,-2.594146728515625,1.2350660562515259,2.3961033821105957,0.011050313711166382,-1.1110591888427734,-1.087501049041748,0.02598622627556324
72.0000000000071,0.22457948,2.1642513,0,28.213523864746094,-0.79132080078125,-2.59423828125,1.2269632816314697,2.387084722518921,0.011207069270312786,-1.1039495468139648,-1.092568278312683,0.0277105700224638
72.0000000000071,0.22457948,2.1642513,0,28.234533309936523,-0.7541187405586243,-2.594390869140625,1.2106138467788696,2.369030714035034,0.011255391873419285,-1.1125644445419312,-1.0948371887207031,0.009050126187503338
72.0000000000071,0.22457948,2.1642513,0,28.24491310119629,-0.7356097102165222,-2.5944671630859375,1.2024931907653809,2.360067129135132,0.01136744488030672,-1.098978042602539,-1.088782787322998,0.021497251465916634
72.0000000000071,0.22457948,2.1642513,0,28.255277633666992,-0.7172225117683411,-2.594512939453125,1.194380760192871,2.35115909576416,0.011555514298379421,-1.1050444841384888,-1.0757310390472412,0.029864253476262093
72.20000000000681,0.12469147,2.1227722,0,28.26555824279785,-0.6988953948020935,-2.594573974609375,1.1862784624099731,2.3421714305877686,0.011798258870840073,-1.1013091802597046,-1.0868158340454102,0.036534383893013
72.20000000000681,0.12469147,2.1227722,0,28.28590965270996,-0.6624218821525574,-2.5946502685546875,1.1702381372451782,2.3243961334228516,0.012140253558754921,-1.0869829654693604,-1.0738216638565063,0.0286432895809412
72.20000000000681,0.12469147,2.1227722,0,28.296031951904297,-0.6443171501159668,-2.594696044921875,1.1622439622879028,2.3155829906463623,0.012318382039666176,-1.0935790538787842,-1.0641611814498901,0.028063541278243065
72.20000000000681,0.12469147,2.1227722,0,28.306072235107422,-0.6262713670730591,-2.5947418212890625,1.1542586088180542,2.306792974472046,0.012473631650209427,-1.0899451971054077,-1.0624428987503052,0.025060957297682762
72.20000000000681,0.12469147,2.1227722,0,28.316028594970703,-0.6082850694656372,-2.5947723388671875,1.1463069915771484,2.2979631423950195,0.012586500495672226,-1.0832581520080566,-1.0685393810272217,0.019624361768364906
72.20000000000681,0.12469147,2.1227722,0,28.325904846191406,-0.590358316898346,-2.5948028564453125,1.1383432149887085,2.2891995906829834,0.012743238359689713,-1.0823606252670288,-1.0613116025924683,0.024971550330519676
72.20000000000681,0.12469147,2.1227722,0,28.34554672241211,-0.5547739267349243,-2.5948486328125,1.1226156949996948,2.271683931350708,0.013073745183646679,-1.079363465309143,-1.0529621839523315,0.02553686313331127
72.20000000000681,0.12469147,2.1227722,0,28.35526466369629,-0.5370699167251587,-2.5948486328125,1.11476469039917,2.2629261016845703,0.013293729163706303,-1.0735490322113037,-1.059403896331787,0.03221677243709564
72.20000000000681,0.12469147,2.1227722,0,28.36490249633789,-0.519425094127655,-2.5948486328125,1.1069190502166748,2.254148006439209,0.013366262428462505,-1.0703924894332886,-1.0629940032958984,0.013384035788476467
72.20000000000681,0.12469147,2.1227722,0,28.384008407592773,-0.48435768485069275,-2.5948333740234375,1.0913609266281128,2.2366786003112793,0.013379557989537716,-1.0592141151428223,-1.0551509857177734,0.010554677806794643
75.60000000000633,-1.6033366,1.406944,0,28.393478393554688,-0.4669344127178192,-2.594818115234375,1.083585500717163,2.227947950363159,0.013466441072523594,-1.0652323961257935,-1.0553518533706665,0.01482339482754469
75.60000000000633,-1.6033366,1.406944,0,28.402868270874023,-0.449569970369339,-2.5948028564453125,1.0758538246154785,2.2192554473876953,0.01353327464312315,-1.057247519493103,-1.051648497581482,0.012222210876643658
75.60000000000633,-1.6033366,1.406944,0,28.41217803955078,-0.4322647452354431,-2.5947723388671875,1.068131446838379,2.2105178833007812,0.013673893176019192,-1.053645133972168,-1.0583575963974,0.021352896466851234
75.60000000000633,-1.6033366,1.406944,0,28.43072509765625,-0.3978983163833618,-2.5947418212890625,1.0527604818344116,2.1930716037750244,0.013875680044293404,-1.0593807697296143,-1.0532516241073608,0.018346121534705162
75.60000000000633,-1.6033366,1.406944,0,28.439897537231445,-0.3808034658432007,-2.5947265625,1.0450847148895264,2.1843388080596924,0.013934042304754257,-1.0546544790267944,-1.0585646629333496,0.011889263056218624
75.60000000000633,-1.6033366,1.406944,0,28.44898796081543,-0.36376774311065674,-2.5947113037109375,1.037404179573059,2.1756718158721924,0.014040466398000717,-1.0526994466781616,-1.051276445388794,0.01778220571577549
75.60000000000633,-1.6033366,1.406944,0,28.458091735839844,-0.34681224822998047,-2.594696044921875,1.0298060178756714,2.1669955253601074,0.014130819588899612,-1.051709771156311,-1.051377534866333,0.015760304406285286
75.60000000000633,-1.6033366,1.406944,0,28.476055145263672,-0.3130798637866974,-2.59466552734375,1.0145459175109863,2.149428129196167,0.014149142429232597,-1.0476131439208984,-1.0706616640090942,0.007226597052067518
75.60000000000633,-1.6033366,1.406944,0,28.48491668701172,-0.29630422592163086,-2.594635009765625,1.0068572759628296,2.1406164169311523,0.014092374593019485,-1.054966688156128,-1.071146011352539,-0.002954620635136962
75.60000000000633,-1.6033366,1.406944,0,28.493778228759766,-0.2795940637588501,-2.5946197509765625,0.9990300536155701,2.131765365600586,0.012544035911560059,-1.080174446105957,-1.07699453830719,-0.18943193554878235
75.50000000000605,-1.5532862,1.4276756,0,28.502553939819336,-0.2629443109035492,-2.5946197509765625,0.9908477663993835,2.1230974197387695,0.010761961340904236,-1.1218093633651733,-1.0549521446228027,-0.21888035535812378
75.50000000000605,-1.5532862,1.4276756,0,28.511245727539062,-0.24635325372219086,-2.5946197509765625,0.9825567603111267,2.114736318588257,0.010667472146451473,-1.1327229738235474,-1.0174857378005981,-0.00802380871027708
75.50000000000605,-1.5532862,1.4276756,0,28.528472900390625,-0.21334855258464813,-2.5945892333984375,0.9651226997375488,2.0987167358398438,0.012255021370947361,-1.215627908706665,-0.9666911363601685,0.08195405453443527
75.50000000000605,-1.5532862,1.4276756,0,28.536983489990234,-0.19693312048912048,-2.594573974609375,0.9555650353431702,2.0908846855163574,0.011796923354268074,-1.2948228120803833,-0.9541248083114624,-0.05346536263823509
75.50000000000605,-1.5532862,1.4276756,0,28.545394897460938,-0.1805706024169922,-2.5945587158203125,0.9451947808265686,2.0832719802856445,0.010232392698526382,-1.3936870098114014,-0.9275270700454712,-0.1918538361787796
75.50000000000605,-1.5532862,1.4276756,0,28.561973571777344,-0.14800231158733368,-2.594573974609375,0.9218183755874634,2.069232225418091,0.0056321690790355206,-1.619102120399475,-0.8290024995803833,-0.2893372178077698
75.50000000000605,-1.5532862,1.4276756,0,28.57012367248535,-0.1317901462316513,-2.5946197509765625,0.9087546467781067,2.062864065170288,0.003987020347267389,-1.7323167324066162,-0.7735464572906494,-0.20187532901763916
75.50000000000605,-1.5532862,1.4276756,0,28.578147888183594,-0.11561834067106247,-2.5946502685546875,0.8947481513023376,2.0570294857025146,0.0034415845293551683,-1.8474665880203247,-0.707591712474823,-0.06449687480926514
75.50000000000605,-1.5532862,1.4276756,0,28.586036682128906,-0.09948332607746124,-2.5946807861328125,0.8798357844352722,2.0515902042388916,0.003970756195485592,-1.9580744504928589,-0.6588446497917175,0.06974534690380096
75.40000000000578,-1.5031005,1.4484632,0,28.60155487060547,-0.06732913106679916,-2.5947265625,0.8473560214042664,2.0420162677764893,0.00810692273080349,-2.190249443054199,-0.555528998374939,0.32850027084350586
75.40000000000578,-1.5031005,1.4484632,0,28.609081268310547,-0.05129440501332283,-2.5947113037109375,0.8296664953231812,2.037731885910034,0.011691481806337833,-2.3090360164642334,-0.5170148611068726,0.4519088864326477
75.40000000000578,-1.5031005,1.4484632,0,28.616445541381836,-0.03528477996587753,-2.59466552734375,0.810998797416687,2.033790349960327,0.016210775822401047,-2.42864990234375,-0.4748060405254364,0.568666934967041
75.40000000000578,-1.5031005,1.4484632,0,28.623682022094727,-0.01931227371096611,-2.5945892333984375,0.791327953338623,2.0300867557525635,0.021437285467982292,-2.5574283599853516,-0.4444417655467987,0.6570624709129333
75.40000000000578,-1.5031005,1.4484632,0,28.637609481811523,0.012570681981742382,-2.594268798828125,0.7491840124130249,2.023139476776123,0.034042611718177795,-2.7887015342712402,-0.40988609194755554,0.8280318379402161
75.40000000000578,-1.5031005,1.4484632,0,28.644283294677734,0.028483258560299873,-2.5940399169921875,0.7266506552696228,2.019937515258789,0.04111792892217636,-2.9074506759643555,-0.38364243507385254,0.887931764125824
75.40000000000578,-1.5031005,1.4484632,0,28.650775909423828,0.04437866434454918,-2.5937347412109375,0.7033708691596985,2.0168142318725586,0.04885347560048103,-3.0013492107391357,-0.37543606758117676,0.9708115458488464
75.40000000000578,-1.5031005,1.4484632,0,28.65707015991211,0.06025410816073418,-2.5933837890625,0.67923903465271,2.013684034347534,0.05725766345858574,-3.1067090034484863,-0.37718650698661804,1.0541411638259888
75.40000000000578,-1.5031005,1.4484632,0,28.66901206970215,0.09195162355899811,-2.592437744140625,0.6285458207130432,2.0073957443237305,0.07564973831176758,-3.301177501678467,-0.38391196727752686,1.1744316816329956
75.40000000000578,-1.5031005,1.4484632,0,28.674646377563477,0.10777231305837631,-2.5918426513671875,0.6020088195800781,2.0040643215179443,0.08527648448944092,-3.4018192291259766,-0.4029114544391632,1.2066805362701416
75.3000000000055,-1.452788,1.4693033,0,28.680025100708008,0.12360437959432602,-2.5911712646484375,0.5746524333953857,2.000699996948242,0.09510202705860138,-3.4986000061035156,-0.41168925166130066,1.2302937507629395
75.3000000000055,-1.452788,1.4693033,0,28.68516731262207,0.13941508531570435,-2.5904083251953125,0.5465620160102844,1.997209072113037,0.10498715937137604,-3.5891363620758057,-0.42741715908050537,1.237810492515564
75.3000000000055,-1.452788,1.4693033,0,28.690065383911133,0.15520276129245758,-2.589569091796875,0.5177515745162964,1.9934840202331543,0.11488023400306702,-3.6780245304107666,-0.4566054344177246,1.2388964891433716
75.3000000000055,-1.452788,1.4693033,0,28.69906234741211,0.18673767149448395,-2.587615966796875,0.4582462012767792,1.985242247581482,0.1346411257982254,-3.828890323638916,-0.5233401656150818,1.2359306812286377
75.3000000000055,-1.452788,1.4693033,0,28.70315170288086,0.2024799883365631,-2.5865020751953125,0.4276691675186157,1.9807560443878174,0.14442217350006104,-3.8910329341888428,-0.5560994744300842,1.2229652404785156
75.3000000000055,-1.452788,1.4693033,0,28.70698356628418,0.21818949282169342,-2.5853424072265625,0.3966549336910248,1.975939393043518,0.1540854424238205,-3.9449057579040527,-0.5972830057144165,1.2089930772781372
75.3000000000055,-1.452788,1.4693033,0,28.713726043701172,0.24954886734485626,-2.582733154296875,0.3325304388999939,1.9653546810150146,0.17158925533294678,-4.10768985748291,-0.6793240904808044,1.046924352645874
75.3000000000055,-1.452788,1.4693033,0,28.716629028320312,0.2651926577091217,-2.5813140869140625,0.2993842661380768,1.9595304727554321,0.17896297574043274,-4.191683292388916,-0.7300751209259033,0.9198630452156067
75.3000000000055,-1.452788,1.4693033,0,28.719257354736328,0.2807912826538086,-2.579833984375,0.2657567262649536,1.9533045291900635,0.1855778694152832,-4.251516819000244,-0.7801513075828552,0.8253775835037231
75.3000000000055,-1.452788,1.4693033,0,28.721603393554688,0.29634130001068115,-2.57830810546875,0.2317400872707367,1.946593999862671,0.19150176644325256,-4.299785614013672,-0.8406463861465454,0.739372730255127
75.30000000000521,-1.452788,1.4693033,0,28.725160598754883,0.3273839056491852,-2.575042724609375,0.1618962287902832,1.9321435689926147,0.19974417984485626,-4.425098896026611,-0.9428606629371643,0.42319154739379883
75.30000000000521,-1.452788,1.4693033,0,28.726526260375977,0.3428080081939697,-2.5733489990234375,0.12611258029937744,1.9241451025009155,0.20149876177310944,-4.509356498718262,-1.0033570528030396,0.21527986228466034
75.30000000000521,-1.452788,1.4693033,0,28.727598190307617,0.3581679165363312,-2.5716705322265625,0.08977004885673523,1.9156498908996582,0.20128923654556274,-4.578965663909912,-1.0654395818710327,-0.029790213331580162
75.30000000000521,-1.452788,1.4693033,0,28.728181838989258,0.3735094368457794,-2.5699310302734375,0.05257701873779297,1.9067466259002686,0.19908389449119568,-4.658174991607666,-1.1231296062469482,-0.28364869952201843
75.30000000000521,-1.452788,1.4693033,0,28.72844123840332,0.4039722681045532,-2.56658935546875,-0.02320369891822338,1.8875572681427002,0.1883866786956787,-4.766829967498779,-1.2404645681381226,-0.8051674365997314
75.30000000000521,-1.452788,1.4693033,0,28.728111267089844,0.4190863370895386,-2.56500244140625,-0.061438459903001785,1.8773103952407837,0.18023884296417236,-4.789181709289551,-1.2909702062606812,-1.0250182151794434
75.30000000000521,-1.452788,1.4693033,0,28.727258682250977,0.4341445565223694,-2.563446044921875,-0.09974029660224915,1.8667515516281128,0.1710725575685501,-4.767545223236084,-1.3343942165374756,-1.155734896659851
75.30000000000521,-1.452788,1.4693033,0,28.726102828979492,0.449117511510849,-2.5619659423828125,-0.1375637650489807,1.855892539024353,0.1612672060728073,-4.708587646484375,-1.3719102144241333,-1.235262393951416
75.30000000000521,-1.452788,1.4693033,0,28.72301483154297,0.47875088453292847,-2.5592803955078125,-0.21062998473644257,1.8336628675460815,0.14119841158390045,-4.509451389312744,-1.401586890220642,-1.265075922012329
75.30000000000521,-1.452788,1.4693033,0,28.720800399780273,0.49343401193618774,-2.55804443359375,-0.24605053663253784,1.8224186897277832,0.13135886192321777,-4.393136978149414,-1.412812352180481,-1.2395395040512085
75.30000000000493,-1.452788,1.4693033,0,28.718313217163086,0.5080277919769287,-2.5569000244140625,-0.2804703116416931,1.8111330270767212,0.121721550822258,-4.269021511077881,-1.4181252717971802,-1.2139118909835815
75.30000000000493,-1.452788,1.4693033,0,28.715559005737305,0.5225323438644409,-2.5558319091796875,-0.31383365392684937,1.7998934984207153,0.11245378851890564,-4.137857913970947,-1.4125192165374756,-1.1674076318740845
75.30000000000493,-1.452788,1.4693033,0,28.712549209594727,0.5369477868080139,-2.554840087890625,-0.3460375666618347,1.7886744737625122,0.10350357741117477,-3.9937307834625244,-1.410098910331726,-1.1274380683898926
75.30000000000493,-1.452788,1.4693033,0,28.70928955078125,0.5512744784355164,-2.553924560546875,-0.37722325325012207,1.777506709098816,0.09487860649824142,-3.8671762943267822,-1.4038255214691162,-1.0865427255630493
75.30000000000493,-1.452788,1.4693033,0,28.701677322387695,0.5795806050300598,-2.5523529052734375,-0.4366038739681244,1.7553006410598755,0.07861029356718063,-3.5966410636901855,-1.3837273120880127,-1.0019665956497192
75.30000000000493,-1.452788,1.4693033,0,28.69756507873535,0.5935893654823303,-2.551666259765625,-0.464580237865448,1.7443052530288696,0.07093264162540436,-3.4569292068481445,-1.37029230594635,-0.9661945104598999
75.30000000000493,-1.452788,1.4693033,0,28.688526153564453,0.6213141679763794,-2.550537109375,-0.5177384614944458,1.7226444482803345,0.056271884590387344,-3.2109477519989014,-1.3379660844802856,-0.9036482572555542
75.30000000000493,-1.452788,1.4693033,0,28.683612823486328,0.6350327134132385,-2.550079345703125,-0.5429058074951172,1.7119553089141846,0.049193643033504486,-3.083566427230835,-1.33000910282135,-0.8893058896064758
75.30000000000493,-1.452788,1.4693033,0,28.67851448059082,0.6486684679985046,-2.5496826171875,-0.5671306252479553,1.7014071941375732,0.04238605499267578,-2.9667983055114746,-1.3126983642578125,-0.8556250929832458
75.30000000000493,-1.452788,1.4693033,0,28.673234939575195,0.6622224450111389,-2.5493621826171875,-0.5904267430305481,1.6910334825515747,0.03580581396818161,-2.851679563522339,-1.2911691665649414,-0.8268560767173767
75.30000000000464,-1.452788,1.4693033,0,28.661855697631836,0.6889777183532715,-2.54901123046875,-0.6346266269683838,1.670623779296875,0.022991081699728966,-2.6294937133789062,-1.257022500038147,-0.7912469506263733
75.30000000000464,-1.452788,1.4693033,0,28.65598487854004,0.7022145986557007,-2.5489044189453125,-0.6552901864051819,1.6605560779571533,0.01680251769721508,-2.5223255157470703,-1.2383183240890503,-0.7743579149246216
75.30000000000464,-1.452788,1.4693033,0,28.64996337890625,0.7153745293617249,-2.5488433837890625,-0.6751535534858704,1.6506596803665161,0.01077352836728096,-2.4230599403381348,-1.217297911643982,-0.7547907829284668
75.30000000000464,-1.452788,1.4693033,0,28.643693923950195,0.728408694267273,-2.5489044189453125,-0.6943341493606567,1.6409026384353638,0.004802037961781025,-2.325794219970703,-1.1946786642074585,-0.7455469369888306
75.30000000000464,-1.452788,1.4693033,0,28.630748748779297,0.7542560696601868,-2.54913330078125,-0.7304171919822693,1.6216434240341187,-0.006911903154104948,-2.1370744705200195,-1.1712777614593506,-0.7292460203170776
75.30000000000464,-1.452788,1.4693033,0,28.624082565307617,0.7670707106590271,-2.5493011474609375,-0.7474040985107422,1.6122208833694458,-0.012667002156376839,-2.054347515106201,-1.15423583984375,-0.719747006893158
75.30000000000464,-1.452788,1.4693033,0,28.617231369018555,0.7797548770904541,-2.5495758056640625,-0.7638047933578491,1.6028701066970825,-0.018259359523653984,-1.974489688873291,-1.1383987665176392,-0.6976858377456665
75.30000000000464,-1.452788,1.4693033,0,28.61026382446289,0.7923690676689148,-2.549896240234375,-0.7795476317405701,1.5935978889465332,-0.02374585159122944,-1.8932650089263916,-1.1291253566741943,-0.6849337220191956
75.30000000000464,-1.452788,1.4693033,0,28.59604835510254,0.8173723220825195,-2.5506439208984375,-0.8091802000999451,1.5752854347229004,-0.034345053136348724,-1.7521342039108276,-1.1112170219421387,-0.6593223214149475
75.40000000000435,-1.5031005,1.4484632,0,28.588787078857422,0.8297116160392761,-2.551116943359375,-0.8230981230735779,1.5661870241165161,-0.03953467682003975,-1.6781833171844482,-1.095046043395996,-0.6456663608551025
75.40000000000435,-1.5031005,1.4484632,0,28.58142852783203,0.8419834971427917,-2.5516204833984375,-0.8365532755851746,1.557192087173462,-0.04456738382577896,-1.6210408210754395,-1.082900881767273,-0.6265188455581665
75.40000000000435,-1.5031005,1.4484632,0,28.573974609375,0.8541884422302246,-2.552154541015625,-0.8494277596473694,1.548221230506897,-0.049532387405633926,-1.5491490364074707,-1.0806376934051514,-0.6184931397438049
75.40000000000435,-1.5031005,1.4484632,0,28.558805465698242,0.8783603310585022,-2.5533905029296875,-0.8738095164299011,1.530456304550171,-0.059110719710588455,-1.4429566860198975,-1.065312147140503,-0.5894973278045654
75.40000000000435,-1.5031005,1.4484632,0,28.551097869873047,0.890328586101532,-2.5540771484375,-0.8853224515914917,1.5216816663742065,-0.06375320255756378,-1.3822088241577148,-1.0531344413757324,-0.5770856142044067
75.40000000000435,-1.5031005,1.4484632,0,28.543310165405273,0.9022320508956909,-2.5547943115234375,-0.8964981436729431,1.513001561164856,-0.06824687123298645,-1.340717077255249,-1.042150616645813,-0.5588768720626831
75.40000000000435,-1.5031005,1.4484632,0,28.535444259643555,0.9140706062316895,-2.5555267333984375,-0.9072380065917969,1.504248857498169,-0.07259887456893921,-1.2868996858596802,-1.052039384841919,-0.5415323972702026
75.40000000000435,-1.5031005,1.4484632,0,28.519678115844727,0.9374600648880005,-2.55718994140625,-0.9273890852928162,1.4866968393325806,-0.08091309666633606,-1.200222373008728,-1.0461467504501343,-0.5097835659980774
75.40000000000435,-1.5031005,1.4484632,0,28.511688232421875,0.9490573406219482,-2.5580596923828125,-0.9369469285011292,1.4779515266418457,-0.08500901609659195,-1.157089352607727,-1.0448882579803467,-0.5069174766540527
75.40000000000435,-1.5031005,1.4484632,0,28.503629684448242,0.9605897665023804,-2.5589599609375,-0.9462312459945679,1.4692176580429077,-0.08902842551469803,-1.1232175827026367,-1.044467568397522,-0.497702956199646
75.40000000000435,-1.5031005,1.4484632,0,28.495506286621094,0.972057044506073,-2.5598907470703125,-0.9552328586578369,1.4604241847991943,-0.09291277080774307,-1.088221549987793,-1.0529457330703735,-0.4811435639858246
75.50000000000406,-1.5532862,1.4276756,0,28.479278564453125,0.9947447776794434,-2.5618743896484375,-0.9723579287528992,1.4427860975265503,-0.10026849061250687,-1.0332280397415161,-1.0506198406219482,-0.43806198239326477
75.50000000000406,-1.5532862,1.4276756,0,28.471071243286133,1.0059903860092163,-2.562896728515625,-0.9805659055709839,1.4339358806610107,-0.10364194214344025,-1.003119707107544,-1.059245228767395,-0.41575634479522705
75.50000000000406,-1.5532862,1.4276756,0,28.462827682495117,1.0171661376953125,-2.5639495849609375,-0.988508403301239,1.4251549243927002,-0.1068563312292099,-0.97524493932724,-1.0509145259857178,-0.39520299434661865
75.50000000000406,-1.5532862,1.4276756,0,28.454652786254883,1.0282360315322876,-2.5650482177734375,-0.9961333870887756,1.416277289390564,-0.10987035185098648,-0.9522417783737183,-1.058205246925354,-0.36834877729415894
75.50000000000406,-1.5532862,1.4276756,0,28.43813133239746,1.050178050994873,-2.567291259765625,-1.010943055152893,1.3983571529388428,-0.11514764279127121,-0.9129459857940674,-1.0717805624008179,-0.3061029016971588
75.50000000000406,-1.5532862,1.4276756,0,28.429784774780273,1.0610493421554565,-2.56842041015625,-1.0181608200073242,1.3893061876296997,-0.11756858229637146,-0.9001652598381042,-1.0836541652679443,-0.29517707228660583
75.50000000000406,-1.5532862,1.4276756,0,28.421518325805664,1.0718224048614502,-2.569610595703125,-1.0251950025558472,1.3801499605178833,-0.12002536654472351,-0.8951377272605896,-1.093346118927002,-0.29772239923477173
75.50000000000406,-1.5532862,1.4276756,0,28.413196563720703,1.0825281143188477,-2.57080078125,-1.0321084260940552,1.3709965944290161,-0.12231730669736862,-0.8792721629142761,-1.0943630933761597,-0.2774446904659271
75.50000000000406,-1.5532862,1.4276756,0,28.396385192871094,1.1037347316741943,-2.573211669921875,-1.0459338426589966,1.3524112701416016,-0.12624841928482056,-0.8735772371292114,-1.1175224781036377,-0.22159375250339508
75.60000000000377,-1.6033366,1.406944,0,28.3880558013916,1.1141963005065918,-2.5744781494140625,-1.0525401830673218,1.3430123329162598,-0.1279100626707077,-0.8615971207618713,-1.124665379524231,-0.1958310455083847
75.60000000000377,-1.6033366,1.406944,0,28.379671096801758,1.1245888471603394,-2.5757598876953125,-1.0591627359390259,1.3336025476455688,-0.12932923436164856,-0.8624135851860046,-1.1274641752243042,-0.16588996350765228
75.60000000000377,-1.6033366,1.406944,0,28.371231079101562,1.1349122524261475,-2.5770263671875,-1.0657645463943481,1.32414710521698,-0.13047610223293304,-0.858686625957489,-1.1345947980880737,-0.1322030872106552
75.60000000000377,-1.6033366,1.406944,0,28.354333877563477,1.1553189754486084,-2.579620361328125,-1.0788118839263916,1.3048434257507324,-0.1322145015001297,-0.8595743179321289,-1.1675519943237305,-0.07743760198354721
75.60000000000377,-1.6033366,1.406944,0,28.345876693725586,1.1654006242752075,-2.5809326171875,-1.0852890014648438,1.2950576543807983,-0.13278138637542725,-0.8602778315544128,-1.1749260425567627,-0.05752779170870781
75.60000000000377,-1.6033366,1.406944,0,28.337360382080078,1.1754100322723389,-2.582244873046875,-1.091869831085205,1.2851871252059937,-0.13303372263908386,-0.8717589974403381,-1.186995506286621,-0.01859199069440365
75.60000000000377,-1.6033366,1.406944,0,28.328786849975586,1.1853464841842651,-2.5835723876953125,-1.098448634147644,1.2752505540847778,-0.13308337330818176,-0.870097815990448,-1.1967189311981201,0.006570945959538221
75.60000000000377,-1.6033366,1.406944,0,28.31180191040039,1.2049332857131958,-2.58624267578125,-1.111264944076538,1.2551935911178589,-0.13264143466949463,-0.8651657700538635,-1.2127996683120728,0.05728471651673317
75.60000000000377,-1.6033366,1.406944,0,28.303226470947266,1.214617371559143,-2.5875701904296875,-1.1177119016647339,1.2449984550476074,-0.13223902881145477,-0.8724070191383362,-1.2305713891983032,0.06577744334936142
75.60000000000377,-1.6033366,1.406944,0,28.294591903686523,1.2242259979248047,-2.588897705078125,-1.1242660284042358,1.2346982955932617,-0.1318383812904358,-0.8840364813804626,-1.2451367378234863,0.06513343751430511
75.70000000000348,-1.6532432,1.3862721,0,28.28606414794922,1.2337297201156616,-2.590240478515625,-1.1306815147399902,1.2242867946624756,-0.13128624856472015,-0.8868536949157715,-1.2552213668823242,0.08725746721029282
75.70000000000348,-1.6532432,1.3862721,0,28.26881980895996,1.2525070905685425,-2.5929107666015625,-1.1437338590621948,1.2032668590545654,-0.12967810034751892,-0.8985177874565125,-1.2763868570327759,0.13037024438381195
75.70000000000348,-1.6532432,1.3862721,0,28.260107040405273,1.2617794275283813,-2.594207763671875,-1.1502165794372559,1.1926189661026,-0.128602534532547,-0.8888083100318909,-1.2892844676971436,0.150951087474823
75.70000000000348,-1.6532432,1.3862721,0,28.25149154663086,1.2709425687789917,-2.5955352783203125,-1.1566296815872192,1.1819398403167725,-0.1273973137140274,-0.8989195227622986,-1.2893003225326538,0.170049250125885
75.70000000000348,-1.6532432,1.3862721,0,28.24281120300293,1.280027151107788,-2.5968475341796875,-1.163077473640442,1.1711628437042236,-0.1260114163160324,-0.900777280330658,-1.3030802011489868,0.19211973249912262
75.70000000000348,-1.6532432,1.3862721,0,28.22528076171875,1.2979673147201538,-2.599395751953125,-1.1761268377304077,1.1495792865753174,-0.12271618098020554,-0.9085335731506348,-1.3159042596817017,0.232456237077713
75.70000000000348,-1.6532432,1.3862721,0,28.216421127319336,1.306817889213562,-2.60064697265625,-1.1827751398086548,1.1386644840240479,-0.12073131650686264,-0.920446515083313,-1.3277716636657715,0.2662413716316223
75.70000000000348,-1.6532432,1.3862721,0,28.2076473236084,1.3155540227890015,-2.601898193359375,-1.1892340183258057,1.1277137994766235,-0.11854442209005356,-0.9136584997177124,-1.3281100988388062,0.2934108376502991
75.70000000000348,-1.6532432,1.3862721,0,28.198808670043945,1.3242098093032837,-2.603118896484375,-1.1956943273544312,1.1167035102844238,-0.11624039709568024,-0.9111828804016113,-1.3370070457458496,0.307412326335907
75.70000000000348,-1.6532432,1.3862721,0,28.180932998657227,1.34127938747406,-2.605499267578125,-1.2087966203689575,1.0945998430252075,-0.11180160939693451,-0.9188870191574097,-1.3514714241027832,0.2911751866340637
75.8000000000032,-1.7029974,1.3656632,0,28.172039031982422,1.3496695756912231,-2.6066741943359375,-1.215197205543518,1.083426594734192,-0.10958854854106903,-0.9141077399253845,-1.3576819896697998,0.29674777388572693
75.8000000000032,-1.7029974,1.3656632,0,28.1630916595459,1.3579810857772827,-2.6078338623046875,-1.2216345071792603,1.072226643562317,-0.10721897333860397,-0.9180252552032471,-1.3653067350387573,0.31660401821136475
75.8000000000032,-1.7029974,1.3656632,0,28.154077529907227,1.3662104606628418,-2.60894775390625,-1.228177785873413,1.0609577894210815,-0.10470573604106903,-0.9284434914588928,-1.3752211332321167,0.33403605222702026
75.8000000000032,-1.7029974,1.3656632,0,28.135984420776367,1.382401466369629,-2.61114501953125,-1.2411701679229736,1.0384573936462402,-0.0993833839893341,-0.9308110475540161,-1.3740452527999878,0.35984161496162415
75.8000000000032,-1.7029974,1.3656632,0,28.12690544128418,1.3903632164001465,-2.612213134765625,-1.2475477457046509,1.0271445512771606,-0.09652622789144516,-0.9163416028022766,-1.3809092044830322,0.37706127762794495
75.8000000000032,-1.7029974,1.3656632,0,28.117759704589844,1.3982415199279785,-2.613250732421875,-1.2540146112442017,1.015772819519043,-0.09357577562332153,-0.9245328307151794,-1.3894917964935303,0.3882124722003937
75.8000000000032,-1.7029974,1.3656632,0,28.108543395996094,1.4060362577438354,-2.6142425537109375,-1.260390043258667,1.0043781995773315,-0.09055857360363007,-0.9101626873016357,-1.3935753107070923,0.39605841040611267
75.8000000000032,-1.7029974,1.3656632,0,28.090145111083984,1.4213303327560425,-2.616180419921875,-1.2731045484542847,0.9815016984939575,-0.0843905359506607,-0.9218877553939819,-1.4016399383544922,0.4003792703151703
75.8000000000032,-1.7029974,1.3656632,0,28.080856323242188,1.4288541078567505,-2.617095947265625,-1.279536485671997,0.9699800610542297,-0.0813823863863945,-0.9250442385673523,-1.4117361307144165,0.3951587378978729
75.9000000000029,-1.7525908,1.3451209,0,28.07149887084961,1.4362932443618774,-2.6179962158203125,-1.2859753370285034,0.9585339426994324,-0.07832928001880646,-0.9228558540344238,-1.403385043144226,0.4002889394760132
75.9000000000029,-1.7525908,1.3451209,0,28.062175750732422,1.4436278343200684,-2.618865966796875,-1.292312741279602,0.9470515251159668,-0.07526443153619766,-0.9197132587432861,-1.4051826000213623,0.4018591344356537
75.9000000000029,-1.7525908,1.3451209,0,28.043317794799805,1.4580433368682861,-2.6205291748046875,-1.3050421476364136,0.9240193963050842,-0.06900845468044281,-0.9177326560020447,-1.4138767719268799,0.41511791944503784
75.9000000000029,-1.7525908,1.3451209,0,28.033784866333008,1.4651237726211548,-2.621307373046875,-1.3113676309585571,0.9124640226364136,-0.06587859988212585,-0.9087130427360535,-1.417541742324829,0.4085809588432312
75.9000000000029,-1.7525908,1.3451209,0,28.024290084838867,1.4721002578735352,-2.6220703125,-1.3176769018173218,0.9008881449699402,-0.06269007176160812,-0.9168404340744019,-1.4175422191619873,0.41633424162864685
75.9000000000029,-1.7525908,1.3451209,0,28.014726638793945,1.4789913892745972,-2.622802734375,-1.3239948749542236,0.8893073797225952,-0.05947626754641533,-0.9146116375923157,-1.4192323684692383,0.41903460025787354
75.9000000000029,-1.7525908,1.3451209,0,27.995403289794922,1.4925205707550049,-2.6241607666015625,-1.3366223573684692,0.8661593794822693,-0.053047455847263336,-0.9118066430091858,-1.4226443767547607,0.41751420497894287
75.9000000000029,-1.7525908,1.3451209,0,27.985759735107422,1.4991528987884521,-2.6248016357421875,-1.3428447246551514,0.8545911312103271,-0.04999402165412903,-0.9104889631271362,-1.4214484691619873,0.39973199367523193
75.9000000000029,-1.7525908,1.3451209,0,27.976043701171875,1.505699634552002,-2.62542724609375,-1.3491390943527222,0.8430132269859314,-0.0470188707113266,-0.9160482883453369,-1.4235780239105225,0.38947954773902893
75.9000000000029,-1.7525908,1.3451209,0,27.966257095336914,1.5121604204177856,-2.626007080078125,-1.3554741144180298,0.8313688635826111,-0.04399644955992699,-0.9177781939506531,-1.4327689409255981,0.39493244886398315
76.00000000000261,-1.8020147,1.3246489,0,27.94658088684082,1.5248262882232666,-2.627105712890625,-1.368098258972168,0.8081826567649841,-0.037990570068359375,-0.9193791151046753,-1.4271087646484375,0.39158573746681213
76.00000000000261,-1.8020147,1.3246489,0,27.936689376831055,1.5310311317443848,-2.6276092529296875,-1.3743257522583008,0.7965868711471558,-0.03500308841466904,-0.9085814952850342,-1.4281035661697388,0.39028048515319824
76.00000000000261,-1.8020147,1.3246489,0,27.926729202270508,1.5371496677398682,-2.628082275390625,-1.380631446838379,0.7849946022033691,-0.03200490400195122,-0.9149410128593445,-1.4284694194793701,0.39117735624313354
76.00000000000261,-1.8020147,1.3246489,0,27.91669464111328,1.5431815385818481,-2.6285247802734375,-1.386982798576355,0.7733861804008484,-0.029012685641646385,-0.9173264503479004,-1.4312536716461182,0.39010724425315857
76.00000000000261,-1.8020147,1.3246489,0,27.906606674194336,1.5491297245025635,-2.6289520263671875,-1.3933053016662598,0.761796772480011,-0.026053277775645256,-0.9138056039810181,-1.4321465492248535,0.38656821846961975
76.00000000000261,-1.8020147,1.3246489,0,27.886438369750977,1.5607367753982544,-2.629730224609375,-1.4056308269500732,0.738619863986969,-0.020179446786642075,-0.9027815461158752,-1.4289013147354126,0.38371792435646057
76.00000000000261,-1.8020147,1.3246489,0,27.876245498657227,1.5664105415344238,-2.63006591796875,-1.4118458032608032,0.7270419597625732,-0.017228692770004272,-0.9038490653038025,-1.4299311637878418,0.38488951325416565
76.00000000000261,-1.8020147,1.3246489,0,27.865982055664062,1.5719976425170898,-2.6303863525390625,-1.4180511236190796,0.7154518961906433,-0.014286277815699577,-0.8992893099784851,-1.432121753692627,0.3834240734577179
76.00000000000261,-1.8020147,1.3246489,0,27.855775833129883,1.5774742364883423,-2.63067626953125,-1.4241660833358765,0.7038554549217224,-0.011353196576237679,-0.9004952907562256,-1.429903268814087,0.38241779804229736
76.00000000000261,-1.8020147,1.3246489,0,27.835145950317383,1.588167667388916,-2.63116455078125,-1.4363839626312256,0.6806240081787109,-0.005961161106824875,-0.8922614455223083,-1.4367510080337524,0.34105217456817627
76.20000000000232,-1.9003204,1.2839293,0,27.824743270874023,1.5933868885040283,-2.631378173828125,-1.4425022602081299,0.6689819097518921,-0.0034942650236189365,-0.8938127756118774,-1.440167784690857,0.32380592823028564
76.20000000000232,-1.9003204,1.2839293,0,27.814395904541016,1.5985016822814941,-2.631561279296875,-1.4484797716140747,0.6573507785797119,-0.0011426571290940046,-0.8878248929977417,-1.4363293647766113,0.3094658851623535
76.20000000000232,-1.9003204,1.2839293,0,27.793485641479492,1.6084697246551514,-2.631866455078125,-1.4603490829467773,0.6339824199676514,0.0034271252807229757,-0.8672688603401184,-1.4450629949569702,0.2931062877178192
76.20000000000232,-1.9003204,1.2839293,0,27.782922744750977,1.6133227348327637,-2.631988525390625,-1.4662046432495117,0.6223763227462769,0.005676762200891972,-0.8616243004798889,-1.4351359605789185,0.2955226004123688
76.20000000000232,-1.9003204,1.2839293,0,27.772422790527344,1.6180660724639893,-2.6320953369140625,-1.47195565700531,0.6107545495033264,0.00784226879477501,-0.8606196641921997,-1.4336498975753784,0.2856077551841736
76.20000000000232,-1.9003204,1.2839293,0,27.761850357055664,1.6227225065231323,-2.632171630859375,-1.4777963161468506,0.5991504192352295,0.010009238496422768,-0.8680376410484314,-1.432136058807373,0.28527992963790894
76.20000000000232,-1.9003204,1.2839293,0,27.740489959716797,1.6317753791809082,-2.6322784423828125,-1.4892852306365967,0.5759853720664978,0.014167345128953457,-0.8434505462646484,-1.4316571950912476,0.2746767997741699
76.20000000000232,-1.9003204,1.2839293,0,27.729846954345703,1.6361573934555054,-2.6323089599609375,-1.4947971105575562,0.5644107460975647,0.01621321775019169,-0.834419310092926,-1.4292529821395874,0.2707596719264984
76.20000000000232,-1.9003204,1.2839293,0,27.719133377075195,1.6404531002044678,-2.63232421875,-1.5003913640975952,0.5528568029403687,0.01789984665811062,-0.8408414125442505,-1.4273163080215454,0.2254578173160553
76.20000000000232,-1.9003204,1.2839293,0,27.70834732055664,1.6446620225906372,-2.63232421875,-1.5060346126556396,0.5412498712539673,0.01917150430381298,-0.8431681990623474,-1.4345778226852417,0.17319898307323456
76.30000000000203,-1.9491853,1.2636888,0,27.697490692138672,1.6487839221954346,-2.6323089599609375,-1.511730670928955,0.5297010540962219,0.020299866795539856,-0.8460805416107178,-1.427930235862732,0.15490686893463135
76.30000000000203,-1.9491853,1.2636888,0,27.686668395996094,1.6528000831604004,-2.632293701171875,-1.517365574836731,0.5180937647819519,0.02127911150455475,-0.847241997718811,-1.4321995973587036,0.13674607872962952
76.30000000000203,-1.9491853,1.2636888,0,27.664804458618164,1.6605722904205322,-2.632232666015625,-1.5286283493041992,0.4950049817562103,0.023108426481485367,-0.8426317572593689,-1.427693486213684,0.12586264312267303
76.30000000000203,-1.9491853,1.2636888,0,27.653764724731445,1.6643285751342773,-2.6321868896484375,-1.534401297569275,0.4835304617881775,0.02397468313574791,-0.8531938195228577,-1.4175609350204468,0.12165261059999466
76.30000000000203,-1.9491853,1.2636888,0,27.63170051574707,1.6715500354766846,-2.63214111328125,-1.545762062072754,0.4606963098049164,0.025751685723662376,-0.8488091826438904,-1.408135175704956,0.12924520671367645
76.30000000000203,-1.9491853,1.2636888,0,27.620567321777344,1.6750339269638062,-2.6320953369140625,-1.551590085029602,0.4492954909801483,0.026512693613767624,-0.864639937877655,-1.4090685844421387,0.11022341996431351
76.30000000000203,-1.9491853,1.2636888,0,27.609359741210938,1.6784321069717407,-2.632049560546875,-1.557478904724121,0.43793317675590515,0.027088424190878868,-0.8685418963432312,-1.4048465490341187,0.08665117621421814
76.30000000000203,-1.9491853,1.2636888,0,27.598182678222656,1.6817160844802856,-2.63201904296875,-1.56340491771698,0.42659470438957214,0.027694398537278175,-0.8815270066261292,-1.397765874862671,0.09216321259737015
76.30000000000203,-1.9491853,1.2636888,0,27.575599670410156,1.688030481338501,-2.631927490234375,-1.5754767656326294,0.4040992856025696,0.028759906068444252,-0.8932675123214722,-1.388872742652893,0.08025997877120972
76.30000000000203,-1.9491853,1.2636888,0,27.564193725585938,1.6910611391067505,-2.6318817138671875,-1.5816799402236938,0.39290258288383484,0.029242748394608498,-0.9049763679504395,-1.3820115327835083,0.07544829696416855
76.40000000000174,-1.9978468,1.2435325,0,27.55271339416504,1.6940078735351562,-2.6318206787109375,-1.5879725217819214,0.381725937128067,0.029864950105547905,-0.9126090407371521,-1.3801146745681763,0.09244819730520248
76.40000000000174,-1.9978468,1.2435325,0,27.541259765625,1.696858286857605,-2.63177490234375,-1.5942413806915283,0.3706261217594147,0.03047635592520237,-0.9180224537849426,-1.3688042163848877,0.0927857980132103
76.40000000000174,-1.9978468,1.2435325,0,27.518152236938477,1.702317476272583,-2.6316680908203125,-1.6070424318313599,0.34854236245155334,0.03171273320913315,-0.9351649284362793,-1.363855004310608,0.10008597373962402
76.40000000000174,-1.9978468,1.2435325,0,27.506481170654297,1.7049225568771362,-2.6316070556640625,-1.6135443449020386,0.33751991391181946,0.03238862752914429,-0.9392879009246826,-1.363401174545288,0.10058748722076416
76.40000000000174,-1.9978468,1.2435325,0,27.494840621948242,1.707421898841858,-2.631561279296875,-1.6199595928192139,0.3265436589717865,0.03312535211443901,-0.9373257160186768,-1.35447096824646,0.10999570786952972
76.40000000000174,-1.9978468,1.2435325,0,27.483118057250977,1.709839105606079,-2.6315155029296875,-1.6264009475708008,0.31562572717666626,0.03388624265789986,-0.9368996620178223,-1.3477842807769775,0.1125154048204422
76.40000000000174,-1.9978468,1.2435325,0,27.45943832397461,1.7144286632537842,-2.631378173828125,-1.6393927335739136,0.29397016763687134,0.035442255437374115,-0.9395418763160706,-1.3339595794677734,0.11989613622426987
76.40000000000174,-1.9978468,1.2435325,0,27.447587966918945,1.716596007347107,-2.6313323974609375,-1.6458665132522583,0.2831651270389557,0.03606873378157616,-0.9425864219665527,-1.333916425704956,0.09661120921373367
76.40000000000174,-1.9978468,1.2435325,0,27.435672760009766,1.7186863422393799,-2.6312713623046875,-1.6523277759552002,0.2724842131137848,0.03649074211716652,-0.9403694868087769,-1.321460485458374,0.07145898044109344
76.40000000000174,-1.9978468,1.2435325,0,27.423677444458008,1.7206963300704956,-2.6312103271484375,-1.6588184833526611,0.2618085741996765,0.03690079227089882,-0.9405073523521423,-1.3212960958480835,0.06956467032432556
76.60000000000144,-2.094527,1.2034863,0,27.399555206298828,1.7244811058044434,-2.6310882568359375,-1.6716632843017578,0.24053849279880524,0.037691667675971985,-0.925865650177002,-1.309828758239746,0.06409408152103424
76.60000000000144,-2.094527,1.2034863,0,27.38743019104004,1.7262566089630127,-2.6310272216796875,-1.6780186891555786,0.229961559176445,0.03805801644921303,-0.9249466061592102,-1.3102880716323853,0.06453273445367813
76.60000000000144,-2.094527,1.2034863,0,27.37522315979004,1.7279521226882935,-2.6309661865234375,-1.684389591217041,0.21946069598197937,0.03840195760130882,-0.9233877062797546,-1.3012235164642334,0.06121256947517395
76.60000000000144,-2.094527,1.2034863,0,27.362939834594727,1.7295677661895752,-2.630889892578125,-1.690712809562683,0.208927184343338,0.038814470171928406,-0.9140017628669739,-1.3057392835617065,0.06927968561649323
76.60000000000144,-2.094527,1.2034863,0,27.338333129882812,1.7326099872589111,-2.630767822265625,-1.7031586170196533,0.18818050622940063,0.03984268754720688,-0.9023441076278687,-1.2855572700500488,0.08623580634593964
76.60000000000144,-2.094527,1.2034863,0,27.325929641723633,1.7340160608291626,-2.6306915283203125,-1.7093794345855713,0.17794960737228394,0.039973463863134384,-0.9047197699546814,-1.2733441591262817,0.03528827428817749
76.60000000000144,-2.094527,1.2034863,0,27.313447952270508,1.7353438138961792,-2.6305999755859375,-1.7156493663787842,0.1677464246749878,0.039713773876428604,-0.9074340462684631,-1.2701635360717773,-0.014041083864867687
76.60000000000144,-2.094527,1.2034863,0,27.300966262817383,1.7366045713424683,-2.6305389404296875,-1.7218780517578125,0.15758103132247925,0.03926324471831322,-0.9078652858734131,-1.2659579515457153,-0.03694230318069458
76.60000000000144,-2.094527,1.2034863,0,27.288406372070312,1.737786889076233,-2.630462646484375,-1.7280880212783813,0.14738740026950836,0.0387883335351944,-0.9020096063613892,-1.2697504758834839,-0.040525566786527634
76.60000000000144,-2.094527,1.2034863,0,27.2630558013916,1.7399187088012695,-2.63031005859375,-1.7405551671981812,0.12740661203861237,0.037843622267246246,-0.8964817523956299,-1.2383308410644531,-0.045505814254283905
76.70000000000115,-2.142529,1.1836032,0,27.250354766845703,1.740881085395813,-2.6302642822265625,-1.746788740158081,0.1175299659371376,0.037359680980443954,-0.9055034518241882,-1.2308188676834106,-0.04174094274640083
76.70000000000115,-2.142529,1.1836032,0,27.23757553100586,1.741767168045044,-2.630218505859375,-1.7530276775360107,0.10771314054727554,0.036962658166885376,-0.902682363986969,-1.2235788106918335,-0.031289175152778625
76.70000000000115,-2.142529,1.1836032,0,27.224720001220703,1.7425776720046997,-2.630157470703125,-1.7592334747314453,0.09799451380968094,0.036698125302791595,-0.8951238989830017,-1.2115299701690674,-0.01524342130869627
76.70000000000115,-2.142529,1.1836032,0,27.21180534362793,1.7433165311813354,-2.6301116943359375,-1.7655143737792969,0.08839081227779388,0.036492690443992615,-0.9042549133300781,-1.1994283199310303,-0.007504131179302931
76.70000000000115,-2.142529,1.1836032,0,27.185882568359375,1.744614601135254,-2.630035400390625,-1.778003215789795,0.06949558109045029,0.036601416766643524,-0.897532045841217,-1.178106665611267,0.03154761716723442
76.70000000000115,-2.142529,1.1836032,0,27.172805786132812,1.7451536655426025,-2.6299896240234375,-1.7842676639556885,0.060169123113155365,0.03658733144402504,-0.900149405002594,-1.1665958166122437,0.016222240403294563
76.70000000000115,-2.142529,1.1836032,0,27.146419525146484,1.7460143566131592,-2.6298828125,-1.7970575094223022,0.041706059128046036,0.03631851077079773,-0.9147511124610901,-1.1427359580993652,0.0006016343249939382
76.70000000000115,-2.142529,1.1836032,0,27.13319206237793,1.7463619709014893,-2.629852294921875,-1.8034613132476807,0.032604534178972244,0.036317601799964905,-0.9171969890594482,-1.140844702720642,0.018529126420617104
76.70000000000115,-2.142529,1.1836032,0,27.119888305664062,1.7466384172439575,-2.62982177734375,-1.8097928762435913,0.023590723052620888,0.036317624151706696,-0.9048833250999451,-1.1299107074737549,0.018114687874913216
76.90000000000086,-2.2378156,1.1441342,0,27.106504440307617,1.7468441724777222,-2.6297760009765625,-1.8161827325820923,0.014660648070275784,0.03632395341992378,-0.9089558720588684,-1.119469404220581,0.018384771421551704
76.90000000000086,-2.2378156,1.1441342,0,27.093061447143555,1.7469838857650757,-2.629730224609375,-1.8225462436676025,0.005853903014212847,0.03635747358202934,-0.9053544402122498,-1.1061168909072876,0.022086312994360924
76.90000000000086,-2.2378156,1.1441342,0,27.066120147705078,1.747129201889038,-2.62969970703125,-1.8351517915725708,-0.011499345302581787,0.036634065210819244,-0.9010336995124817,-1.0892590284347534,0.04219682514667511
76.90000000000086,-2.2378156,1.1441342,0,27.052534103393555,1.7470988035202026,-2.6296539306640625,-1.8414381742477417,-0.02011277712881565,0.036928873509168625,-0.8961043357849121,-1.0855668783187866,0.055347565561532974
76.90000000000086,-2.2378156,1.1441342,0,27.038869857788086,1.746999979019165,-2.629608154296875,-1.8477704524993896,-0.028676869347691536,0.03723745793104172,-0.8987547755241394,-1.0792547464370728,0.056379470974206924
76.90000000000086,-2.2378156,1.1441342,0,27.0114688873291,1.7466602325439453,-2.629547119140625,-1.860219955444336,-0.045482683926820755,0.03808096423745155,-0.8859647512435913,-1.0580906867980957,0.07373978942632675
76.90000000000086,-2.2378156,1.1441342,0,26.997655868530273,1.7463897466659546,-2.629486083984375,-1.866378664970398,-0.05376165732741356,0.03852102905511856,-0.8766316771507263,-1.0462486743927002,0.07312464714050293
76.90000000000086,-2.2378156,1.1441342,0,26.983779907226562,1.746057152748108,-2.6294403076171875,-1.872423768043518,-0.061891958117485046,0.0389484167098999,-0.8620709180831909,-1.0294067859649658,0.07177981734275818
76.90000000000086,-2.2378156,1.1441342,0,26.96990203857422,1.745679497718811,-2.62939453125,-1.878332495689392,-0.06993670761585236,0.039422933012247086,-0.8499820232391357,-1.0202810764312744,0.07888953387737274
76.90000000000086,-2.2378156,1.1441342,0,26.941925048828125,1.744729995727539,-2.6292877197265625,-1.8902010917663574,-0.08595968782901764,0.03933529555797577,-0.8472106456756592,-1.0181571245193481,-0.014157499186694622
77.00000000000057,-2.2850842,1.124555,0,26.927827835083008,1.7441582679748535,-2.6292266845703125,-1.896069049835205,-0.09390147775411606,0.0390276201069355,-0.83579021692276,-1.0065478086471558,-0.02050120197236538
77.00000000000057,-2.2850842,1.124555,0,26.913719177246094,1.743556022644043,-2.629180908203125,-1.901795744895935,-0.10169366002082825,0.03877946361899376,-0.8221269249916077,-0.9912434816360474,-0.012331175617873669
77.00000000000057,-2.2850842,1.124555,0,26.899538040161133,1.7428902387619019,-2.629119873046875,-1.9074809551239014,-0.1094372496008873,0.03853121027350426,-0.8139463067054749,-0.9848034977912903,-0.012876930646598339
77.00000000000057,-2.2850842,1.124555,0,26.870967864990234,1.741371750831604,-2.6290130615234375,-1.9187425374984741,-0.12459667772054672,0.03812329098582268,-0.7954330444335938,-0.9602797627449036,-0.01083547156304121
77.00000000000057,-2.2850842,1.124555,0,26.856653213500977,1.7405716180801392,-2.62896728515625,-1.9242537021636963,-0.13200169801712036,0.037934090942144394,-0.7935511469841003,-0.9486879706382751,-0.004883855115622282
77.00000000000057,-2.2850842,1.124555,0,26.842269897460938,1.7397103309631348,-2.6289215087890625,-1.9297889471054077,-0.1393461674451828,0.03793440759181976,-0.7935992479324341,-0.9405984878540039,0.018271615728735924
77.00000000000057,-2.2850842,1.124555,0,26.827817916870117,1.7387886047363281,-2.6288604736328125,-1.935319423675537,-0.14658190310001373,0.03792336583137512,-0.790134847164154,-0.9264984130859375,0.01624785177409649
77.00000000000057,-2.2850842,1.124555,0,26.798765182495117,1.7368075847625732,-2.6287384033203125,-1.9463088512420654,-0.16075043380260468,0.03775256872177124,-0.781857967376709,-0.9041326642036438,0.006395391654223204
77.00000000000057,-2.2850842,1.124555,0,26.784164428710938,1.7357490062713623,-2.628692626953125,-1.9517972469329834,-0.1676785796880722,0.037730857729911804,-0.7828322052955627,-0.8912760019302368,0.014814547263085842
77.00000000000057,-2.2850842,1.124555,0,26.769495010375977,1.7346327304840088,-2.628631591796875,-1.95728600025177,-0.17453186213970184,0.03780054301023483,-0.7800840139389038,-0.8813343048095703,0.025732440873980522
77.20000000000027,-2.3788314,1.0857236,0,26.7547607421875,1.7334591150283813,-2.6285552978515625,-1.962705135345459,-0.18134485185146332,0.03784656152129173,-0.7686318755149841,-0.8757272958755493,0.022279562428593636
77.20000000000027,-2.3788314,1.0857236,0,26.725231170654297,1.7310289144515991,-2.6284332275390625,-1.9735199213027954,-0.1946086436510086,0.038145050406455994,-0.7714698314666748,-0.8526449799537659,0.04640081524848938
77.20000000000027,-2.3788314,1.0857236,0,26.710372924804688,1.7297319173812866,-2.628387451171875,-1.9788553714752197,-0.2010539174079895,0.038341883569955826,-0.7593870162963867,-0.8347309827804565,0.04205433279275894
77.20000000000027,-2.3788314,1.0857236,0,26.695449829101562,1.7283798456192017,-2.628326416015625,-1.984317660331726,-0.20754194259643555,0.03863983228802681,-0.7725056409835815,-0.8393809795379639,0.05418061837553978
77.20000000000027,-2.3788314,1.0857236,0,26.680458068847656,1.7269731760025024,-2.628265380859375,-1.9897267818450928,-0.21390850841999054,0.03895730525255203,-0.763154149055481,-0.8235187530517578,0.05612102895975113
77.20000000000027,-2.3788314,1.0857236,0,26.650470733642578,1.724090814590454,-2.6281585693359375,-2.0003252029418945,-0.2263643741607666,0.039694659411907196,-0.7521507143974304,-0.8074210286140442,0.06420164555311203
77.20000000000027,-2.3788314,1.0857236,0,26.635377883911133,1.7225695848464966,-2.628082275390625,-2.005610227584839,-0.2324804812669754,0.03976254537701607,-0.7504685521125793,-0.7961464524269104,0.0255205649882555
77.20000000000027,-2.3788314,1.0857236,0,26.620222091674805,1.7209956645965576,-2.6280059814453125,-2.0109775066375732,-0.23857183754444122,0.039538487792015076,-0.7581067681312561,-0.7922699451446533,-0.01147203054279089
77.20000000000027,-2.3788314,1.0857236,0,26.605104446411133,1.7194201946258545,-2.6279449462890625,-2.016296625137329,-0.2445317655801773,0.03922156244516373,-0.7620279788970947,-0.7817635536193848,-0.021324491128325462
77.20000000000027,-2.3788314,1.0857236,0,26.574691772460938,1.7161210775375366,-2.6278076171875,-2.026623010635376,-0.25629135966300964,0.0388084277510643,-0.7344260811805725,-0.7670290470123291,-0.00741984648630023
77.39999999999998,-2.471473,1.0473502,0,26.559389114379883,1.7143945693969727,-2.627716064453125,-2.031843423843384,-0.2620770037174225,0.03866635635495186,-0.7432337999343872,-0.7589609026908875,-0.000479631096823141
77.39999999999998,-2.471473,1.0473502,0,26.544116973876953,1.7126617431640625,-2.627655029296875,-2.0369505882263184,-0.2677513659000397,0.03848367929458618,-0.7374393939971924,-0.7502089142799377,-0.004044733475893736
77.39999999999998,-2.471473,1.0473502,0,26.528778076171875,1.7108787298202515,-2.627593994140625,-2.0421066284179688,-0.2732853889465332,0.03837107494473457,-0.7406790256500244,-0.7316446304321289,0.00416953070089221
77.39999999999998,-2.471473,1.0473502,0,26.497907638549805,1.7071654796600342,-2.62744140625,-2.0523645877838135,-0.2842230498790741,0.0386195071041584,-0.7324194312095642,-0.7182190418243408,0.03992439806461334
77.39999999999998,-2.471473,1.0473502,0,26.48244857788086,1.7053031921386719,-2.6273651123046875,-2.0574567317962646,-0.2895542085170746,0.038895413279533386,-0.7328925132751465,-0.7119702100753784,0.052791085094213486
77.39999999999998,-2.471473,1.0473502,0,26.46693229675293,1.703396201133728,-2.6273040771484375,-2.06253719329834,-0.29482293128967285,0.03920138627290726,-0.7302356958389282,-0.7046648263931274,0.056527551263570786
77.39999999999998,-2.471473,1.0473502,0,26.451351165771484,1.7014411687850952,-2.6272125244140625,-2.067599058151245,-0.3000311255455017,0.039572589099407196,-0.7251565456390381,-0.6959371566772461,0.06415321677923203
77.39999999999998,-2.471473,1.0473502,0,26.420047760009766,1.6974494457244873,-2.6270294189453125,-2.077683925628662,-0.3102013170719147,0.04017430543899536,-0.7214478850364685,-0.6845454573631287,0.03858049958944321
77.39999999999998,-2.471473,1.0473502,0,26.404327392578125,1.695412516593933,-2.6269378662109375,-2.082770824432373,-0.3152022361755371,0.039834871888160706,-0.726026713848114,-0.6742339730262756,-0.025264451280236244
77.39999999999998,-2.471473,1.0473502,0,26.38854217529297,1.693329095840454,-2.6268463134765625,-2.0878710746765137,-0.32010796666145325,0.03947668895125389,-0.7250810265541077,-0.6610909104347229,-0.028108244761824608
77.59999999999968,-2.5629473,1.0094603,0,26.37269401550293,1.6911998987197876,-2.6267547607421875,-2.0929746627807617,-0.3250000476837158,0.039211299270391464,-0.722933292388916,-0.658190906047821,-0.016617586836218834
77.59999999999968,-2.5629473,1.0094603,0,26.340900421142578,1.6869503259658813,-2.6265869140625,-2.1031792163848877,-0.33461135625839233,0.03881175071001053,-0.729920506477356,-0.6546477675437927,-0.0067385840229690075
77.59999999999968,-2.5629473,1.0094603,0,26.32491683959961,1.6847606897354126,-2.6265106201171875,-2.10831356048584,-0.33929601311683655,0.038580168038606644,-0.725226104259491,-0.6391432881355286,-0.01247506495565176
77.59999999999968,-2.5629473,1.0094603,0,26.30887222290039,1.6825263500213623,-2.6264190673828125,-2.113429069519043,-0.3438560366630554,0.03846173360943794,-0.720433235168457,-0.6221957206726074,0.0011869705049321055
77.59999999999968,-2.5629473,1.0094603,0,26.292816162109375,1.6803135871887207,-2.6263275146484375,-2.118532419204712,-0.348373144865036,0.03852427378296852,-0.7223489880561829,-0.6239842176437378,0.023855825886130333
77.59999999999968,-2.5629473,1.0094603,0,26.276697158813477,1.678056240081787,-2.626220703125,-2.123607635498047,-0.352780282497406,0.03865432366728783,-0.716386616230011,-0.6087096333503723,0.031827013939619064
77.59999999999968,-2.5629473,1.0094603,0,26.24427604675293,1.6734119653701782,-2.626007080078125,-2.1338894367218018,-0.3613862097263336,0.03915223851799965,-0.7204291224479675,-0.5885235071182251,0.05080317705869675
77.59999999999968,-2.5629473,1.0094603,0,26.228023529052734,1.6710997819900513,-2.6258697509765625,-2.13906192779541,-0.3656112253665924,0.03914310783147812,-0.7278051376342773,-0.5911044478416443,0.013148411177098751
77.59999999999968,-2.5629473,1.0094603,0,26.21170997619629,1.6687445640563965,-2.625732421875,-2.144299030303955,-0.3697924315929413,0.03881007432937622,-0.7335129380226135,-0.5840128064155579,-0.027756204828619957
77.79999999999939,-2.6531942,0.97207886,0,26.19533348083496,1.666346549987793,-2.6255950927734375,-2.1496012210845947,-0.37394702434539795,0.038397807627916336,-0.7393526434898376,-0.579109251499176,-0.03806640952825546
77.79999999999939,-2.6531942,0.97207886,0,26.162405014038086,1.6614331007003784,-2.6253204345703125,-2.16021728515625,-0.38209542632102966,0.0377572663128376,-0.7363394498825073,-0.56544429063797,-0.02477131597697735
77.79999999999939,-2.6531942,0.97207886,0,26.145906448364258,1.65897536277771,-2.62518310546875,-2.1655778884887695,-0.38611921668052673,0.037490032613277435,-0.7474271655082703,-0.567848265171051,-0.019890720024704933
77.79999999999939,-2.6531942,0.97207886,0,26.129343032836914,1.65647554397583,-2.62506103515625,-2.1709702014923096,-0.3901262879371643,0.03727751225233078,-0.749129056930542,-0.564095675945282,-0.013219191692769527
77.79999999999939,-2.6531942,0.97207886,0,26.096025466918945,1.6513524055480957,-2.624786376953125,-2.1818268299102783,-0.3978841304779053,0.03704448044300079,-0.7494755387306213,-0.5403212904930115,0.005664303433150053
77.79999999999939,-2.6531942,0.97207886,0,26.0793399810791,1.6488032341003418,-2.624664306640625,-2.1873104572296143,-0.401574045419693,0.03710108622908592,-0.7608814239501953,-0.5292137861251831,0.020722856745123863
77.79999999999939,-2.6531942,0.97207886,0,26.062589645385742,1.6462135314941406,-2.624542236328125,-2.1928510665893555,-0.4053478240966797,0.0368240624666214,-0.765777587890625,-0.5379310846328735,-0.021383164450526237
77.79999999999939,-2.6531942,0.97207886,0,26.0457763671875,1.6435834169387817,-2.624420166015625,-2.198514461517334,-0.40908610820770264,0.0362284854054451,-0.7789968252182007,-0.531773567199707,-0.06159208342432976
77.79999999999939,-2.6531942,0.97207886,0,26.012020111083984,1.6382976770401,-2.624176025390625,-2.2099664211273193,-0.41626715660095215,0.0351223386824131,-0.7908686995506287,-0.5153390765190125,-0.050694212317466736
77.79999999999939,-2.6531942,0.97207886,0,25.995071411132812,1.6356382369995117,-2.624053955078125,-2.215824604034424,-0.41973885893821716,0.03465479239821434,-0.8040789365768433,-0.5055814385414124,-0.045126765966415405
77.99999999999909,-2.7421546,0.93523014,0,25.978055953979492,1.632939338684082,-2.623931884765625,-2.22172212600708,-0.4232524335384369,0.034242913126945496,-0.8068901896476746,-0.5089524388313293,-0.03855954483151436
77.99999999999909,-2.7421546,0.93523014,0,25.960973739624023,1.6302014589309692,-2.623809814453125,-2.2276735305786133,-0.42667868733406067,0.03389507904648781,-0.8115542531013489,-0.496221661567688,-0.0309357400983572
77.99999999999909,-2.7421546,0.93523014,0,25.926712036132812,1.6247966289520264,-2.623565673828125,-2.239708662033081,-0.43330761790275574,0.03362734615802765,-0.8215274214744568,-0.4900881052017212,0.007146503310650587
77.99999999999909,-2.7421546,0.93523014,0,25.90947914123535,1.6220356225967407,-2.623443603515625,-2.245856523513794,-0.4365898668766022,0.033664967864751816,-0.8351951837539673,-0.4846252202987671,0.017276497557759285
77.99999999999909,-2.7421546,0.93523014,0,25.892181396484375,1.619240164756775,-2.623321533203125,-2.252089500427246,-0.4398404061794281,0.033822111785411835,-0.8448032140731812,-0.47992053627967834,0.0321599617600441
77.99999999999909,-2.7421546,0.93523014,0,25.874845504760742,1.6164902448654175,-2.6231689453125,-2.258261203765869,-0.4430091083049774,0.03410240262746811,-0.8377766609191895,-0.4784259796142578,0.047724224627017975
77.99999999999909,-2.7421546,0.93523014,0,25.839969635009766,1.6108746528625488,-2.62286376953125,-2.270771026611328,-0.4493095576763153,0.034482602030038834,-0.8498279452323914,-0.4703727066516876,0.014711170457303524
77.99999999999909,-2.7421546,0.93523014,0,25.822429656982422,1.6080094575881958,-2.6226959228515625,-2.2771894931793213,-0.45246028900146484,0.03400827571749687,-0.8629704117774963,-0.4698858857154846,-0.04768883436918259
77.99999999999909,-2.7421546,0.93523014,0,25.804851531982422,1.605188012123108,-2.6225433349609375,-2.2836248874664307,-0.4554535150527954,0.03364492207765579,-0.8657106161117554,-0.45855283737182617,-0.03402772918343544
77.99999999999909,-2.7421546,0.93523014,0,25.78720474243164,1.6023284196853638,-2.6223907470703125,-2.290043354034424,-0.4584614932537079,0.03336498141288757,-0.8617902994155884,-0.45818960666656494,-0.023936385288834572
78.1999999999988,-2.8297722,0.89893776,0,25.7517032623291,1.596496343612671,-2.6220703125,-2.30310320854187,-0.46438491344451904,0.03288117051124573,-0.8728542327880859,-0.4449343681335449,-0.018113290891051292
78.1999999999988,-2.8297722,0.89893776,0,25.73388671875,1.5936006307601929,-2.621917724609375,-2.3096306324005127,-0.46722766757011414,0.03275261074304581,-0.8738412857055664,-0.4415004849433899,-0.005889217834919691
78.1999999999988,-2.8297722,0.89893776,0,25.716001510620117,1.590667724609375,-2.62176513671875,-2.3161776065826416,-0.4700586497783661,0.032681532204151154,-0.8745691776275635,-0.43778061866760254,0.0009946523932740092
78.1999999999988,-2.8297722,0.89893776,0,25.698047637939453,1.5876981019973755,-2.621612548828125,-2.3227856159210205,-0.47283509373664856,0.0327339842915535,-0.8805663585662842,-0.4287678003311157,0.016144009307026863
78.1999999999988,-2.8297722,0.89893776,0,25.680023193359375,1.5846922397613525,-2.6214599609375,-2.3293380737304688,-0.47559696435928345,0.03289901092648506,-0.8720284700393677,-0.4248073101043701,0.02993270568549633
78.1999999999988,-2.8297722,0.89893776,0,25.66195297241211,1.581710934638977,-2.6212921142578125,-2.335883378982544,-0.4783823788166046,0.03317250311374664,-0.8709874749183655,-0.4331924021244049,0.04269135743379593
78.1999999999988,-2.8297722,0.89893776,0,25.625606536865234,1.575637698173523,-2.620941162109375,-2.349048137664795,-0.4838884174823761,0.033528465777635574,-0.874973475933075,-0.42255616188049316,0.009860842488706112
78.1999999999988,-2.8297722,0.89893776,0,25.607330322265625,1.5725468397140503,-2.620758056640625,-2.3557193279266357,-0.4865884482860565,0.03313906863331795,-0.8822358250617981,-0.4159926176071167,-0.04098796844482422
78.1999999999988,-2.8297722,0.89893776,0,25.570592880249023,1.5663182735443115,-2.620391845703125,-2.3691246509552,-0.49175143241882324,0.032401103526353836,-0.8819535970687866,-0.40112316608428955,-0.030857043340802193
78.1999999999988,-2.8297722,0.89893776,0,25.552133560180664,1.563180923461914,-2.620208740234375,-2.3757896423339844,-0.4942689836025238,0.03210235387086868,-0.8792130351066589,-0.394197553396225,-0.0307671707123518
78.3999999999985,-2.915992,0.8632244,0,25.533605575561523,1.5600087642669678,-2.620025634765625,-2.3824355602264404,-0.49687016010284424,0.031836625188589096,-0.8754279017448425,-0.4025656580924988,-0.026841646060347557
78.3999999999985,-2.915992,0.8632244,0,25.5150089263916,1.5568017959594727,-2.619842529296875,-2.3891446590423584,-0.4993916153907776,0.03160729631781578,-0.8819020986557007,-0.3905632793903351,-0.022490041330456734
78.3999999999985,-2.915992,0.8632244,0,25.477649688720703,1.5504026412963867,-2.6194610595703125,-2.4024510383605957,-0.5042745471000671,0.03146101534366608,-0.8720307946205139,-0.37972620129585266,0.001788139226846397
78.3999999999985,-2.915992,0.8632244,0,25.4588680267334,1.5471519231796265,-2.6192626953125,-2.409120559692383,-0.5066916346549988,0.03160383924841881,-0.8737818002700806,-0.37821486592292786,0.02283649332821369
78.3999999999985,-2.915992,0.8632244,0,25.440019607543945,1.543867588043213,-2.6190643310546875,-2.415764808654785,-0.5091222524642944,0.0317968986928463,-0.8693397641181946,-0.3778921961784363,0.028957145288586617
78.3999999999985,-2.915992,0.8632244,0,25.421125411987305,1.5406116247177124,-2.618865966796875,-2.4223403930664062,-0.5114496946334839,0.03214365243911743,-0.8603728413581848,-0.3704499304294586,0.04758452624082565
78.3999999999985,-2.915992,0.8632244,0,25.38314437866211,1.5340031385421753,-2.6184539794921875,-2.4356377124786377,-0.5160989165306091,0.03170039877295494,-0.8720433115959167,-0.37365853786468506,-0.049950551241636276
78.3999999999985,-2.915992,0.8632244,0,25.364055633544922,1.5306483507156372,-2.6182403564453125,-2.442310333251953,-0.5184545516967773,0.031278327107429504,-0.8699674010276794,-0.36834895610809326,-0.048710960894823074
78.3999999999985,-2.915992,0.8632244,0,25.344934463500977,1.527329444885254,-2.6180267333984375,-2.4489967823028564,-0.520639181137085,0.03091909922659397,-0.8725430369377136,-0.35353195667266846,-0.041532326489686966
78.3999999999985,-2.915992,0.8632244,0,25.325746536254883,1.523977518081665,-2.6177978515625,-2.455644130706787,-0.5227987766265869,0.030585400760173798,-0.8664872050285339,-0.34823593497276306,-0.038865018635988235
78.6999999999982,-3.0425851,0.8107878,0,25.287172317504883,1.5171761512756348,-2.6173553466796875,-2.4688374996185303,-0.5271412134170532,0.03002077341079712,-0.8575008511543274,-0.3470819890499115,-0.029414424672722816
78.6999999999982,-3.0425851,0.8107878,0,25.267812728881836,1.5137966871261597,-2.61712646484375,-2.4755444526672363,-0.5292283892631531,0.02988569810986519,-0.8716076016426086,-0.3418869376182556,-0.014534219168126583
78.6999999999982,-3.0425851,0.8107878,0,25.248390197753906,1.5103864669799805,-2.61688232421875,-2.4820868968963623,-0.5312308669090271,0.02978450059890747,-0.8509014248847961,-0.3296044170856476,-0.01019891258329153
78.6999999999982,-3.0425851,0.8107878,0,25.22890281677246,1.5069446563720703,-2.6166534423828125,-2.4887025356292725,-0.5332310199737549,0.029866980388760567,-0.858948290348053,-0.3271755278110504,0.012669711373746395
78.6999999999982,-3.0425851,0.8107878,0,25.209348678588867,1.5034712553024292,-2.616424560546875,-2.495405673980713,-0.5352568626403809,0.02949017658829689,-0.8687947988510132,-0.3283035159111023,-0.044828277081251144
78.6999999999982,-3.0425851,0.8107878,0,25.170076370239258,1.4966025352478027,-2.6159820556640625,-2.509117364883423,-0.5389787554740906,0.02707068808376789,-0.8887719511985779,-0.312398761510849,-0.15875044465065002
78.6999999999982,-3.0425851,0.8107878,0,25.150339126586914,1.4931210279464722,-2.6157684326171875,-2.515990972518921,-0.5408996343612671,0.025917135179042816,-0.8873810172080994,-0.31965216994285583,-0.1420224905014038
78.6999999999982,-3.0425851,0.8107878,0,25.130535125732422,1.4896087646484375,-2.6155548095703125,-2.5229568481445312,-0.5427197217941284,0.024845412001013756,-0.898013174533844,-0.30489763617515564,-0.13187573850154877
78.6999999999982,-3.0425851,0.8107878,0,25.090774536132812,1.4826745986938477,-2.615203857421875,-2.5370161533355713,-0.5461917519569397,0.02278684265911579,-0.9045495390892029,-0.3009313642978668,-0.12124841660261154
78.6999999999982,-3.0425851,0.8107878,0,25.070796966552734,1.4791629314422607,-2.6150360107421875,-2.5441651344299316,-0.547815203666687,0.021914007142186165,-0.9205387234687805,-0.28532183170318604,-0.10602688044309616
78.8999999999979,-3.125083,0.7766161,0,25.050748825073242,1.4756217002868652,-2.6148681640625,-2.551367998123169,-0.5494734644889832,0.021223224699497223,-0.9262871146202087,-0.287447452545166,-0.08338270336389542
78.8999999999979,-3.125083,0.7766161,0,25.030654907226562,1.4721486568450928,-2.614715576171875,-2.558590888977051,-0.5510931611061096,0.02081138826906681,-0.9291454553604126,-0.2924661934375763,-0.04739220812916756
78.8999999999979,-3.125083,0.7766161,0,24.990259170532227,1.4651106595993042,-2.6144256591796875,-2.5731871128082275,-0.554257333278656,0.02070358395576477,-0.9398705363273621,-0.2844034433364868,0.010366084985435009
78.8999999999979,-3.125083,0.7766161,0,24.969955444335938,1.4615466594696045,-2.6142730712890625,-2.5805790424346924,-0.5558308959007263,0.020916344597935677,-0.9475630521774292,-0.2796052098274231,0.030272172763943672
78.8999999999979,-3.125083,0.7766161,0,24.949581146240234,1.4579533338546753,-2.6141204833984375,-2.587970733642578,-0.5573642253875732,0.02125556953251362,-0.946693480014801,-0.2723197638988495,0.045952849090099335
78.8999999999979,-3.125083,0.7766161,0,24.929157257080078,1.4544309377670288,-2.613983154296875,-2.595517873764038,-0.558837354183197,0.021237514913082123,-0.9659685492515564,-0.27445268630981445,0.002058222657069564
78.8999999999979,-3.125083,0.7766161,0,24.908660888671875,1.4508785009384155,-2.61383056640625,-2.6031482219696045,-0.5602996945381165,0.02088908664882183,-0.9755949378013611,-0.2706567645072937,-0.03938329964876175
78.8999999999979,-3.125083,0.7766161,0,24.867460250854492,1.4436860084533691,-2.6135711669921875,-2.6184465885162354,-0.5633703470230103,0.020239410921931267,-0.9785849452018738,-0.2722957730293274,-0.025688203051686287
78.8999999999979,-3.125083,0.7766161,0,24.846765518188477,1.4401553869247437,-2.6134490966796875,-2.626100778579712,-0.5647659301757812,0.020049020648002625,-0.9770923852920532,-0.26846012473106384,-0.018726101145148277
78.8999999999979,-3.125083,0.7766161,0,24.826000213623047,1.436594009399414,-2.61334228515625,-2.633770227432251,-0.5662150382995605,0.019938994199037552,-0.9782388210296631,-0.27260833978652954,-0.00884989183396101
79.1999999999976,-3.2458646,0.72658664,0,24.805164337158203,1.433002233505249,-2.61322021484375,-2.6414599418640137,-0.5676525235176086,0.01983381062746048,-0.9800659418106079,-0.2686842679977417,-0.008407513611018658
79.1999999999976,-3.2458646,0.72658664,0,24.763294219970703,1.4258350133895874,-2.61297607421875,-2.656791925430298,-0.5704824328422546,0.020055720582604408,-0.9727303385734558,-0.2682079076766968,0.032469626516103745
79.1999999999976,-3.2458646,0.72658664,0,24.742259979248047,1.422258734703064,-2.6128387451171875,-2.6644375324249268,-0.5718438625335693,0.02042323350906372,-0.9724761247634888,-0.26432833075523376,0.05040503665804863
79.1999999999976,-3.2458646,0.72658664,0,24.72115707397461,1.4186519384384155,-2.612701416015625,-2.672058343887329,-0.5731922388076782,0.020910995081067085,-0.9688189625740051,-0.2601301670074463,0.0649094507098198
79.1999999999976,-3.2458646,0.72658664,0,24.678754806518555,1.4114655256271362,-2.6123809814453125,-2.6870412826538086,-0.5758092403411865,0.022149762138724327,-0.9469006657600403,-0.25714823603630066,0.09099067747592926
79.1999999999976,-3.2458646,0.72658664,0,24.65745735168457,1.4078842401504517,-2.612213134765625,-2.6946191787719727,-0.577111542224884,0.02218186855316162,-0.9615963101387024,-0.2604995369911194,0.007764435838907957
79.1999999999976,-3.2458646,0.72658664,0,24.63608741760254,1.4042720794677734,-2.6120452880859375,-2.702286720275879,-0.5783914923667908,0.02147190272808075,-0.9723106026649475,-0.2550773024559021,-0.08511542528867722
79.1999999999976,-3.2458646,0.72658664,0,24.614646911621094,1.4006296396255493,-2.61187744140625,-2.7099525928497314,-0.5796908736228943,0.02058860845863819,-0.9716157913208008,-0.2549481987953186,-0.10690092295408249
79.1999999999976,-3.2458646,0.72658664,0,24.571535110473633,1.3934845924377441,-2.6115875244140625,-2.7252330780029297,-0.5821413993835449,0.019171789288520813,-0.9631226658821106,-0.25391077995300293,-0.08573661744594574
79.1999999999976,-3.2458646,0.72658664,0,24.549877166748047,1.3898650407791138,-2.6114501953125,-2.7328224182128906,-0.5834052562713623,0.018483225256204605,-0.9579850435256958,-0.2559521198272705,-0.08233030885457993
79.3999999999973,-3.3243446,0.6940792,0,24.528152465820312,1.3862146139144897,-2.611328125,-2.7403955459594727,-0.5846126079559326,0.01786682941019535,-0.9563565254211426,-0.24625129997730255,-0.07333745807409286
79.3999999999973,-3.3243446,0.6940792,0,24.506351470947266,1.3826465606689453,-2.6112213134765625,-2.7479782104492188,-0.5856736898422241,0.017304349690675735,-0.9549643993377686,-0.23838678002357483,-0.06561027467250824
79.3999999999973,-3.3243446,0.6940792,0,24.462543487548828,1.375417947769165,-2.6110076904296875,-2.7631895542144775,-0.5878351330757141,0.016883788630366325,-0.9566764235496521,-0.23397541046142578,-0.005444045644253492
79.3999999999973,-3.3243446,0.6940792,0,24.440536499023438,1.3717583417892456,-2.61090087890625,-2.770787000656128,-0.5889136791229248,0.01695275865495205,-0.9557322263717651,-0.23226846754550934,0.012865289114415646
79.3999999999973,-3.3243446,0.6940792,0,24.41844367980957,1.3681641817092896,-2.610809326171875,-2.7783639430999756,-0.589894711971283,0.017168903723359108,-0.9496436715126038,-0.22798985242843628,0.03213667869567871
79.3999999999973,-3.3243446,0.6940792,0,24.396282196044922,1.3645395040512085,-2.6107177734375,-2.785878896713257,-0.5908900499343872,0.01764806918799877,-0.9416415095329285,-0.22694410383701324,0.06478884816169739
79.3999999999973,-3.3243446,0.6940792,0,24.374053955078125,1.360884666442871,-2.6106109619140625,-2.7934532165527344,-0.5918928384780884,0.01776033081114292,-0.9488031268119812,-0.2251138687133789,0.018761491402983665
79.3999999999973,-3.3243446,0.6940792,0,24.351760864257812,1.3571999073028564,-2.610504150390625,-2.801034450531006,-0.5929377675056458,0.017523346468806267,-0.9494264721870422,-0.22768928110599518,-0.02505536936223507
79.3999999999973,-3.3243446,0.6940792,0,24.30695915222168,1.3499239683151245,-2.6103515625,-2.816216468811035,-0.5948091149330139,0.017053857445716858,-0.9501132369041443,-0.22038280963897705,-0.015296041034162045
79.699999999997,-3.4388988,0.64662933,0,24.284460067749023,1.3462409973144531,-2.610260009765625,-2.8237364292144775,-0.5957329273223877,0.01699311099946499,-0.9397274851799011,-0.21479390561580658,-0.0022179444786161184
79.699999999997,-3.4388988,0.64662933,0,24.2392635345459,1.3387867212295532,-2.6100921630859375,-2.838726758956909,-0.5976986289024353,0.016952015459537506,-0.929707407951355,-0.21801738440990448,0.009397975169122219
79.699999999997,-3.4388988,0.64662933,0,24.216567993164062,1.3351054191589355,-2.6100006103515625,-2.846141815185547,-0.5985120534896851,0.017056148499250412,-0.924024224281311,-0.20310579240322113,0.018239950761198997
79.699999999997,-3.4388988,0.64662933,0,24.19380760192871,1.3313945531845093,-2.6099090576171875,-2.853543519973755,-0.5994190573692322,0.017330972477793694,-0.9221924543380737,-0.2120494842529297,0.03939494118094444
79.699999999997,-3.4388988,0.64662933,0,24.170982360839844,1.3276546001434326,-2.60980224609375,-2.860896348953247,-0.6002819538116455,0.017719242721796036,-0.9159374237060547,-0.2038573920726776,0.05340249836444855
79.699999999997,-3.4388988,0.64662933,0,24.148094177246094,1.3238859176635742,-2.6096954345703125,-2.8681938648223877,-0.6012259125709534,0.01827009581029415,-0.9089590907096863,-0.2113659381866455,0.07355957478284836
79.699999999997,-3.4388988,0.64662933,0,24.102130889892578,1.3164236545562744,-2.6095123291015625,-2.882547616958618,-0.602860689163208,0.019636698067188263,-0.8833563923835754,-0.1944899708032608,0.10016373544931412
79.699999999997,-3.4388988,0.64662933,0,24.079057693481445,1.3126498460769653,-2.6094207763671875,-2.889575958251953,-0.6036370396614075,0.02043791115283966,-0.8740513920783997,-0.1914350688457489,0.10602547973394394
79.699999999997,-3.4388988,0.64662933,0,24.055923461914062,1.3088476657867432,-2.6092987060546875,-2.896595001220703,-0.6044724583625793,0.02058977633714676,-0.8728217482566833,-0.19622638821601868,0.024471895769238472
79.699999999997,-3.4388988,0.64662933,0,24.009475708007812,1.3013131618499756,-2.609100341796875,-2.9106802940368652,-0.6060879230499268,0.019261891022324562,-0.8698736429214478,-0.19814488291740417,-0.08410634100437164
79.9999999999967,-3.549541,0.6007998,0,23.986160278320312,1.2975025177001953,-2.6090087890625,-2.917661666870117,-0.606935977935791,0.018605351448059082,-0.8669155836105347,-0.19862723350524902,-0.07619009912014008
79.9999999999967,-3.549541,0.6007998,0,23.962787628173828,1.293663740158081,-2.608917236328125,-2.9245569705963135,-0.6077252626419067,0.017980186268687248,-0.8560963273048401,-0.1887543946504593,-0.07246899604797363
79.9999999999967,-3.549541,0.6007998,0,23.939350128173828,1.2898696660995483,-2.60882568359375,-2.9313721656799316,-0.6084542870521545,0.017443960532546043,-0.8442046046257019,-0.1871228963136673,-0.06117717921733856
79.9999999999967,-3.549541,0.6007998,0,23.91585922241211,1.2860469818115234,-2.6087493896484375,-2.9382123947143555,-0.6091666221618652,0.016953423619270325,-0.8480166792869568,-0.18231648206710815,-0.05559296905994415
79.9999999999967,-3.549541,0.6007998,0,23.868703842163086,1.278319239616394,-2.60858154296875,-2.9517154693603516,-0.6106186509132385,0.016406521201133728,-0.833202600479126,-0.18091042339801788,-0.01971004344522953
79.9999999999967,-3.549541,0.6007998,0,23.845020294189453,1.2744839191436768,-2.608489990234375,-2.9584238529205322,-0.6112887859344482,0.016440339386463165,-0.8281171321868896,-0.17754755914211273,0.009291804395616055
79.9999999999967,-3.549541,0.6007998,0,23.821279525756836,1.2706210613250732,-2.6083984375,-2.965210437774658,-0.6119504570960999,0.016022486612200737,-0.8379958271980286,-0.17390944063663483,-0.04734238237142563
79.9999999999967,-3.549541,0.6007998,0,23.773624420166016,1.2628153562545776,-2.608245849609375,-2.9790749549865723,-0.6132873892784119,0.013909783214330673,-0.8550055027008057,-0.17719820141792297,-0.13090109825134277
79.9999999999967,-3.549541,0.6007998,0,23.74968147277832,1.2589389085769653,-2.6081695556640625,-2.9860711097717285,-0.6139106154441833,0.012954137288033962,-0.8602170944213867,-0.16925814747810364,-0.11533777415752411
79.9999999999967,-3.549541,0.6007998,0,23.725683212280273,1.255035400390625,-2.6081085205078125,-2.9930379390716553,-0.6145095229148865,0.012114939279854298,-0.8573972582817078,-0.16359786689281464,-0.10086828470230103
80.2999999999964,-3.6561565,0.55663824,0,23.701627731323242,1.251105546951294,-2.6080474853515625,-3.0000460147857666,-0.6151331663131714,0.011300417594611645,-0.8627021908760071,-0.16424542665481567,-0.09779538214206696
80.2999999999964,-3.6561565,0.55663824,0,23.653305053710938,1.2432368993759155,-2.6079559326171875,-3.0143215656280518,-0.616308331489563,0.010020753368735313,-0.8771153688430786,-0.15619975328445435,-0.06551108509302139
80.2999999999964,-3.6561565,0.55663824,0,23.629039764404297,1.2392984628677368,-2.60791015625,-3.0215256214141846,-0.6168309450149536,0.009704194962978363,-0.8828098773956299,-0.15224838256835938,-0.03591877967119217
80.2999999999964,-3.6561565,0.55663824,0,23.604713439941406,1.2353342771530151,-2.6078643798828125,-3.028778553009033,-0.6174109578132629,0.00969766080379486,-0.8891085982322693,-0.15701894462108612,0.002686399733647704
80.2999999999964,-3.6561565,0.55663824,0,23.5803279876709,1.2313448190689087,-2.607818603515625,-3.036052703857422,-0.6179553866386414,0.009911276400089264,-0.8918967247009277,-0.15021052956581116,0.030063090845942497
80.2999999999964,-3.6561565,0.55663824,0,23.531312942504883,1.2234368324279785,-2.60772705078125,-3.0508604049682617,-0.6190217137336731,0.010258570313453674,-0.9138526320457458,-0.15464536845684052,-0.007507390808314085
80.2999999999964,-3.6561565,0.55663824,0,23.506717681884766,1.2194442749023438,-2.6076812744140625,-3.058509588241577,-0.6195676922798157,0.00950402021408081,-0.9357213973999023,-0.1516912579536438,-0.0910530760884285
80.2999999999964,-3.6561565,0.55663824,0,23.482059478759766,1.2154266834259033,-2.607635498046875,-3.066194534301758,-0.6201769113540649,0.008662109263241291,-0.940557599067688,-0.15726536512374878,-0.10209856182336807
80.2999999999964,-3.6561565,0.55663824,0,23.457340240478516,1.2113834619522095,-2.6075897216796875,-3.073927640914917,-0.6208202242851257,0.008049619384109974,-0.9469854831695557,-0.1592433750629425,-0.07354234904050827
80.2999999999964,-3.6561565,0.55663824,0,23.407615661621094,1.203391194343567,-2.6075439453125,-3.089733839035034,-0.621934711933136,0.007159064989537001,-0.9608056545257568,-0.1534423828125,-0.04799244552850723
80.5999999999961,-3.758644,0.51418644,0,23.382658004760742,1.1993566751480103,-2.6075286865234375,-3.0977277755737305,-0.622506320476532,0.006814698223024607,-0.9736903309822083,-0.15289129316806793,-0.03947317227721214
80.5999999999961,-3.758644,0.51418644,0,23.35763931274414,1.195297122001648,-2.6074981689453125,-3.105664014816284,-0.6230553388595581,0.0066234092228114605,-0.9669473171234131,-0.14777283370494843,-0.020475590601563454
80.5999999999961,-3.758644,0.51418644,0,23.33251190185547,1.19130539894104,-2.60748291015625,-3.1137492656707764,-0.6235424876213074,0.0065633081831038,-0.9794663190841675,-0.1482612043619156,-0.0035236587282270193
80.5999999999961,-3.758644,0.51418644,0,23.307321548461914,1.1872878074645996,-2.6074676513671875,-3.121887683868408,-0.6240543127059937,0.006772911641746759,-0.9867777824401855,-0.1489100158214569,0.030043533071875572
80.5999999999961,-3.758644,0.51418644,0,23.256752014160156,1.1791759729385376,-2.6074066162109375,-3.138174057006836,-0.6252111792564392,0.007815846242010593,-0.9880532026290894,-0.15168137848377228,0.07993913441896439
80.5999999999961,-3.758644,0.51418644,0,23.231321334838867,1.1751651763916016,-2.6073760986328125,-3.1464521884918213,-0.6257646679878235,0.007964659482240677,-0.9996113777160645,-0.15648436546325684,0.022481659427285194
80.5999999999961,-3.758644,0.51418644,0,23.20582389831543,1.1711279153823853,-2.6073455810546875,-3.154874324798584,-0.6263718605041504,0.007439300883561373,-1.0184845924377441,-0.1607634723186493,-0.06192596256732941
80.5999999999961,-3.758644,0.51418644,0,23.154638290405273,1.1629748344421387,-2.6072998046875,-3.1718053817749023,-0.6276254057884216,0.006375187076628208,-1.025148868560791,-0.1542852520942688,-0.04816008359193802
80.5999999999961,-3.758644,0.51418644,0,23.12889862060547,1.158935785293579,-2.6072845458984375,-3.1803510189056396,-0.628250777721405,0.006037995684891939,-1.0293164253234863,-0.16468526422977448,-0.038652677088975906
80.8999999999958,-3.8569176,0.4734802,0,23.103092193603516,1.1548701524734497,-2.6072540283203125,-3.188934087753296,-0.6288767457008362,0.00571280624717474,-1.034936547279358,-0.16234718263149261,-0.03728363290429115
80.8999999999958,-3.8569176,0.4734802,0,23.07722282409668,1.1507782936096191,-2.60723876953125,-3.1975059509277344,-0.6294907927513123,0.005438018590211868,-1.0343796014785767,-0.15850482881069183,-0.03111269138753414
80.8999999999958,-3.8569176,0.4734802,0,23.051288604736328,1.1466599702835083,-2.607208251953125,-3.20611834526062,-0.6300748586654663,0.00533134862780571,-1.0409109592437744,-0.15226426720619202,-0.010179820470511913
80.8999999999958,-3.8569176,0.4734802,0,22.99909782409668,1.1385116577148438,-2.6071624755859375,-3.2234368324279785,-0.6311753392219543,0.005802105646580458,-1.0402491092681885,-0.1558281034231186,0.045192889869213104
80.8999999999958,-3.8569176,0.4734802,0,22.972904205322266,1.1343985795974731,-2.6071319580078125,-3.2320454120635986,-0.6317349672317505,0.006372608710080385,-1.0349379777908325,-0.15152451395988464,0.07400381565093994
80.8999999999958,-3.8569176,0.4734802,0,22.94664764404297,1.1302603483200073,-2.607086181640625,-3.2405998706817627,-0.6323049068450928,0.0071080210618674755,-1.0291681289672852,-0.15052461624145508,0.09457161277532578
80.8999999999958,-3.8569176,0.4734802,0,22.893815994262695,1.1220734119415283,-2.6069793701171875,-3.257678508758545,-0.6334765553474426,0.009091150015592575,-1.014469027519226,-0.15840372443199158,0.1342361718416214
80.8999999999958,-3.8569176,0.4734802,0,22.867307662963867,1.11794114112854,-2.6069183349609375,-3.266038179397583,-0.6339796781539917,0.010166511870920658,-1.0000680685043335,-0.14476391673088074,0.13633210957050323
80.8999999999958,-3.8569176,0.4734802,0,22.840742111206055,1.1137824058532715,-2.606842041015625,-3.2743892669677734,-0.6345126032829285,0.010693013668060303,-1.0007258653640747,-0.14581610262393951,0.06767268478870392
80.8999999999958,-3.8569176,0.4734802,0,22.814048767089844,1.1096806526184082,-2.60675048828125,-3.2828927040100098,-0.6350002288818359,0.010587567463517189,-1.012701392173767,-0.14730708301067352,-0.012154689989984035
81.1999999999955,-3.9509056,0.43454912,0,22.760478973388672,1.1014010906219482,-2.6065673828125,-3.2996861934661865,-0.6360262632369995,0.010192358866333961,-0.9877334237098694,-0.15216675400733948,-0.013913958333432674
81.1999999999955,-3.9509056,0.43454912,0,22.733604431152344,1.0972235202789307,-2.6064910888671875,-3.30790376663208,-0.6365237236022949,0.010111305862665176,-0.9804295301437378,-0.14149414002895355,-0.009042675606906414
81.1999999999955,-3.9509056,0.43454912,0,22.706602096557617,1.0930920839309692,-2.6063995361328125,-3.3161754608154297,-0.6369603872299194,0.01000993698835373,-0.9799509644508362,-0.1393549144268036,-0.012788920663297176
81.1999999999955,-3.9509056,0.43454912,0,22.679540634155273,1.0889358520507812,-2.6063079833984375,-3.324424982070923,-0.6373522877693176,0.010014678351581097,-0.9784519672393799,-0.1313835233449936,0.00044004988740198314
81.1999999999955,-3.9509056,0.43454912,0,22.625246047973633,1.0805505514144897,-2.606109619140625,-3.340496301651001,-0.6382547616958618,0.010374238714575768,-0.9466806650161743,-0.1364494413137436,0.033095475286245346
81.1999999999955,-3.9509056,0.43454912,0,22.5980167388916,1.0763200521469116,-2.60601806640625,-3.3483705520629883,-0.6386857032775879,0.010825466364622116,-0.9360232353210449,-0.1290440857410431,0.0561973974108696
81.1999999999955,-3.9509056,0.43454912,0,22.570693969726562,1.072126030921936,-2.60589599609375,-3.3563215732574463,-0.6390493512153625,0.010783917270600796,-0.9413095712661743,-0.1245138943195343,-0.0067832875065505505
81.1999999999955,-3.9509056,0.43454912,0,22.54331398010254,1.0679082870483398,-2.60577392578125,-3.364351749420166,-0.639445424079895,0.010210022330284119,-0.952470600605011,-0.12633264064788818,-0.07337191700935364
81.1999999999955,-3.9509056,0.43454912,0,22.488386154174805,1.059403419494629,-2.60552978515625,-3.380230665206909,-0.6401936411857605,0.009129079058766365,-0.9383739233016968,-0.11898206919431686,-0.0580865852534771
81.1999999999955,-3.9509056,0.43454912,0,22.460800170898438,1.055161714553833,-2.60540771484375,-3.3881232738494873,-0.6405112743377686,0.008776593022048473,-0.9330207705497742,-0.11474020034074783,-0.046375203877687454
81.4999999999952,-4.040551,0.39741662,0,22.43315887451172,1.050897479057312,-2.60528564453125,-3.39601731300354,-0.6408402919769287,0.008402252569794655,-0.9344305992126465,-0.1140257716178894,-0.049083955585956573
81.4999999999952,-4.040551,0.39741662,0,22.40546226501465,1.046610951423645,-2.60516357421875,-3.4039218425750732,-0.6411768794059753,0.008061491884291172,-0.9369314312934875,-0.11289555579423904,-0.04486646130681038
81.4999999999952,-4.040551,0.39741662,0,22.377708435058594,1.0423027276992798,-2.6050567626953125,-3.411787509918213,-0.6414950489997864,0.007915448397397995,-0.9332315921783447,-0.10856819152832031,-0.02050911821424961
81.4999999999952,-4.040551,0.39741662,0,22.321962356567383,1.0336692333221436,-2.6048126220703125,-3.427506923675537,-0.6420753002166748,0.008219056762754917,-0.9247429370880127,-0.10619132965803146,0.03303121402859688
81.4999999999952,-4.040551,0.39741662,0,22.294008255004883,1.0293210744857788,-2.604705810546875,-3.4352550506591797,-0.6423627734184265,0.008748781867325306,-0.9166745543479919,-0.10105769336223602,0.06416066735982895
81.4999999999952,-4.040551,0.39741662,0,22.26599884033203,1.0249521732330322,-2.604583740234375,-3.4428975582122803,-0.6426761150360107,0.009450055658817291,-0.9046531915664673,-0.10240313410758972,0.08561508357524872
81.4999999999952,-4.040551,0.39741662,0,22.209716796875,1.016196608543396,-2.604339599609375,-3.45865535736084,-0.6431902647018433,0.009182028472423553,-0.9335954785346985,-0.09135227650403976,-0.059949230402708054
81.4999999999952,-4.040551,0.39741662,0,22.181493759155273,1.0117892026901245,-2.6042327880859375,-3.466498613357544,-0.6434588432312012,0.008667482063174248,-0.9269925951957703,-0.0935647115111351,-0.06599491089582443
81.4999999999952,-4.040551,0.39741662,0,22.153217315673828,1.0073623657226562,-2.6041107177734375,-3.474329710006714,-0.6437292695045471,0.008312265388667583,-0.9267090559005737,-0.09202386438846588,-0.046072058379650116
81.4999999999952,-4.040551,0.39741662,0,22.124828338623047,1.0029336214065552,-2.603973388671875,-3.4821951389312744,-0.6439889073371887,0.008041691966354847,-0.9257869720458984,-0.09080290794372559,-0.03656930848956108
81.89999999999489,-4.153256,0.35073295,0,22.06789779663086,0.9940162301063538,-2.60369873046875,-3.4978208541870117,-0.6445177793502808,0.007570318877696991,-0.9205356240272522,-0.08349310606718063,-0.02827867679297924
81.89999999999489,-4.153256,0.35073295,0,22.039352416992188,0.9895299673080444,-2.6035614013671875,-3.5055859088897705,-0.6447370648384094,0.007467587012797594,-0.9177134037017822,-0.08039453625679016,-0.015459022484719753
81.89999999999489,-4.153256,0.35073295,0,22.010696411132812,0.9850285649299622,-2.6034088134765625,-3.513383626937866,-0.6449615359306335,0.007580808829516172,-0.916945219039917,-0.07926421612501144,0.010700895451009274
81.89999999999489,-4.153256,0.35073295,0,21.98198699951172,0.9805096387863159,-2.6032562255859375,-3.5210835933685303,-0.6451880931854248,0.007920254953205585,-0.9060690999031067,-0.07798430323600769,0.03903684765100479
81.89999999999489,-4.153256,0.35073295,0,21.92441749572754,0.971420168876648,-2.6029510498046875,-3.5362229347229004,-0.6455935835838318,0.009187174960970879,-0.888670027256012,-0.06805028021335602,0.08528167009353638
81.89999999999489,-4.153256,0.35073295,0,21.895490646362305,0.9668532609939575,-2.6027679443359375,-3.5438742637634277,-0.6458088159561157,0.009215278550982475,-0.897182822227478,-0.07182690501213074,-0.0008344649686478078
81.89999999999489,-4.153256,0.35073295,0,21.86651611328125,0.9622683525085449,-2.602569580078125,-3.551636219024658,-0.6460222601890564,0.00830050092190504,-0.9130619764328003,-0.06986518204212189,-0.11858110874891281
81.89999999999489,-4.153256,0.35073295,0,21.837488174438477,0.9576675891876221,-2.6024017333984375,-3.5594677925109863,-0.6462075114250183,0.00719916308298707,-0.9231876134872437,-0.06501022726297379,-0.14181387424468994
81.89999999999489,-4.153256,0.35073295,0,21.808408737182617,0.9530507922172546,-2.60223388671875,-3.5672221183776855,-0.6464731097221375,0.006343769375234842,-0.9149464964866638,-0.0737583339214325,-0.1109871044754982
81.89999999999489,-4.153256,0.35073295,0,21.77920913696289,0.9484125971794128,-2.6020660400390625,-3.5750374794006348,-0.6466530561447144,0.005491230171173811,-0.9162649512290955,-0.05997982621192932,-0.11073937267065048
82.19999999999459,-4.2326365,0.31785238,0,21.72065544128418,0.9390917420387268,-2.6017913818359375,-3.590648889541626,-0.646960973739624,0.003928976133465767,-0.9190398454666138,-0.053782567381858826,-0.09421351552009583
82.19999999999459,-4.2326365,0.31785238,0,21.691301345825195,0.9344097375869751,-2.6016693115234375,-3.5984768867492676,-0.6471415162086487,0.0034175848122686148,-0.9221407771110535,-0.056611668318510056,-0.06759259104728699
82.19999999999459,-4.2326365,0.31785238,0,21.661895751953125,0.9297136068344116,-2.6015472412109375,-3.6062707901000977,-0.6472927331924438,0.003094817977398634,-0.9192286133766174,-0.05186177417635918,-0.04394957423210144
82.19999999999459,-4.2326365,0.31785238,0,21.6027889251709,0.9202901721000671,-2.6013031005859375,-3.621922492980957,-0.647616446018219,0.0034766150638461113,-0.9179775714874268,-0.052308447659015656,0.03651249781250954
82.19999999999459,-4.2326365,0.31785238,0,21.57316017150879,0.9155572056770325,-2.6011810302734375,-3.6297879219055176,-0.6477597951889038,0.0039946576580405235,-0.9246395826339722,-0.04693939536809921,0.06074271723628044
82.19999999999459,-4.2326365,0.31785238,0,21.543479919433594,0.9108109474182129,-2.6010589599609375,-3.6376771926879883,-0.6479324698448181,0.00406658137217164,-0.9291223883628845,-0.04964247718453407,0.005060340743511915
82.19999999999459,-4.2326365,0.31785238,0,21.483823776245117,0.9013068675994873,-2.600830078125,-3.6538026332855225,-0.6481583118438721,0.0030688673723489046,-0.943104088306427,-0.03928786516189575,-0.07039307802915573
82.19999999999459,-4.2326365,0.31785238,0,21.453916549682617,0.8965356349945068,-2.6007080078125,-3.6618804931640625,-0.6483029127120972,0.0027725128456950188,-0.9492112398147583,-0.04334898293018341,-0.040723007172346115
82.19999999999459,-4.2326365,0.31785238,0,21.42395782470703,0.8917518258094788,-2.6006011962890625,-3.6698880195617676,-0.6484090685844421,0.0026607371401041746,-0.941889762878418,-0.03768386319279671,-0.017581971362233162
82.19999999999459,-4.2326365,0.31785238,0,21.39387321472168,0.8869620561599731,-2.6005096435546875,-3.677963972091675,-0.6485044360160828,0.0024715219624340534,-0.9435665011405945,-0.034496817737817764,-0.027101485058665276
82.59999999999428,-4.3316045,0.27685854,0,21.33355140686035,0.8773450255393982,-2.6003265380859375,-3.693979024887085,-0.6486923694610596,0.002433657180517912,-0.9384872913360596,-0.03103465586900711,0.010619870387017727
82.59999999999428,-4.3316045,0.27685854,0,21.303316116333008,0.8725185394287109,-2.6002349853515625,-3.701935052871704,-0.648741602897644,0.0027007514145225286,-0.9337203502655029,-0.02605794183909893,0.030119435861706734
82.59999999999428,-4.3316045,0.27685854,0,21.272947311401367,0.8676958084106445,-2.600128173828125,-3.7099556922912598,-0.6488056182861328,0.0031902766786515713,-0.934010922908783,-0.02734757587313652,0.05747982859611511
82.59999999999428,-4.3316045,0.27685854,0,21.242530822753906,0.8628619909286499,-2.60003662109375,-3.7179806232452393,-0.6488192081451416,0.003854501759633422,-0.9362942576408386,-0.02033592015504837,0.07947859913110733
82.59999999999428,-4.3316045,0.27685854,0,21.212060928344727,0.8580175042152405,-2.5999298095703125,-3.7258553504943848,-0.6488200426101685,0.004666501190513372,-0.9192836880683899,-0.018040437251329422,0.09802169352769852
82.59999999999428,-4.3316045,0.27685854,0,21.150896072387695,0.8483180403709412,-2.5997161865234375,-3.74133563041687,-0.6488634347915649,0.006740320008248091,-0.8975628614425659,-0.02141004242002964,0.1361919492483139
82.59999999999428,-4.3316045,0.27685854,0,21.120201110839844,0.8434628248214722,-2.5995941162109375,-3.748924732208252,-0.6488724946975708,0.007908225059509277,-0.8791958689689636,-0.01806732825934887,0.14204950630664825
82.59999999999428,-4.3316045,0.27685854,0,21.089458465576172,0.8385977149009705,-2.5994720458984375,-3.756552219390869,-0.6487799286842346,0.008409413509070873,-0.8858055472373962,-0.0047237807884812355,0.05879252776503563
82.59999999999428,-4.3316045,0.27685854,0,21.027746200561523,0.8288535475730896,-2.599212646484375,-3.7717971801757812,-0.6486375331878662,0.007238827645778656,-0.8755918741226196,-0.008421589620411396,-0.09066098928451538
82.99999999999397,-4.422748,0.23910557,0,20.996774673461914,0.8239758014678955,-2.599090576171875,-3.7792060375213623,-0.6485809683799744,0.006661256309598684,-0.8535224795341492,-0.008020780980587006,-0.0766906812787056
82.99999999999397,-4.422748,0.23910557,0,20.96575927734375,0.8190891742706299,-2.5989837646484375,-3.7865207195281982,-0.6484613418579102,0.006231761537492275,-0.8435683250427246,0.0004606499569490552,-0.058090776205062866
82.99999999999397,-4.422748,0.23910557,0,20.934701919555664,0.8141939640045166,-2.5988616943359375,-3.793806791305542,-0.6483315229415894,0.005743913818150759,-0.8418103456497192,0.002302825916558504,-0.06529641896486282
82.99999999999397,-4.422748,0.23910557,0,20.87227439880371,0.8044129610061646,-2.5986480712890625,-3.8082661628723145,-0.647857129573822,0.005067896563559771,-0.8221195936203003,0.01589300110936165,-0.037163492292165756
82.99999999999397,-4.422748,0.23910557,0,20.840999603271484,0.7995112538337708,-2.598541259765625,-3.8153107166290283,-0.6476028561592102,0.004967076703906059,-0.8069491982460022,0.01889592967927456,-0.017282551154494286
82.99999999999397,-4.422748,0.23910557,0,20.80968475341797,0.794600248336792,-2.5984344482421875,-3.8223068714141846,-0.647348165512085,0.00516359182074666,-0.8032233119010925,0.020003166049718857,0.019981523975729942
82.99999999999397,-4.422748,0.23910557,0,20.778249740600586,0.7896995544433594,-2.5983123779296875,-3.829449415206909,-0.6470081210136414,0.004827830474823713,-0.8139417767524719,0.030283886939287186,-0.047767531126737595
82.99999999999397,-4.422748,0.23910557,0,20.715255737304688,0.7798784971237183,-2.5980987548828125,-3.844029188156128,-0.6463847756385803,0.002476719208061695,-0.8391022682189941,0.03211721032857895,-0.1629418581724167
82.99999999999397,-4.422748,0.23910557,0,20.68369483947754,0.7749590873718262,-2.597991943359375,-3.8512654304504395,-0.6459697484970093,0.0015015389071777463,-0.8315889239311218,0.04115929827094078,-0.1273173689842224
82.99999999999397,-4.422748,0.23910557,0,20.65209197998047,0.770034670829773,-2.5979156494140625,-3.858482837677002,-0.6455718874931335,0.0006156980525702238,-0.8310691118240356,0.03948847949504852,-0.11603440344333649
83.29999999999367,-4.4860168,0.21289876,0,20.620380401611328,0.7651412487030029,-2.59783935546875,-3.8657774925231934,-0.6451629996299744,-0.0002784156531561166,-0.8339952230453491,0.03831660747528076,-0.11737550795078278
83.29999999999367,-4.4860168,0.21289876,0,20.556833267211914,0.7553393840789795,-2.5977020263671875,-3.8804314136505127,-0.6441794633865356,-0.0016029552789404988,-0.8465131521224976,0.048171959817409515,-0.07370998710393906
83.29999999999367,-4.4860168,0.21289876,0,20.524995803833008,0.7504293322563171,-2.59765625,-3.887817859649658,-0.6437567472457886,-0.001883051241748035,-0.8513561487197876,0.04202275723218918,-0.040024980902671814
83.29999999999367,-4.4860168,0.21289876,0,20.493051528930664,0.7455577254295349,-2.5976104736328125,-3.895252227783203,-0.6432290077209473,-0.001801899285055697,-0.8506921529769897,0.05171116068959236,0.004944856744259596
83.29999999999367,-4.4860168,0.21289876,0,20.4610652923584,0.740681529045105,-2.597564697265625,-3.9026527404785156,-0.6426500678062439,-0.001440368127077818,-0.8483400344848633,0.05869126692414284,0.04009157046675682
83.29999999999367,-4.4860168,0.21289876,0,20.396963119506836,0.7309168577194214,-2.5974578857421875,-3.9173054695129395,-0.641471266746521,-0.00014001643285155296,-0.8398258090019226,0.06211928650736809,0.08999136835336685
83.29999999999367,-4.4860168,0.21289876,0,20.364782333374023,0.7260755300521851,-2.597381591796875,-3.9246325492858887,-0.640795111656189,0.0008001202950254083,-0.8361059427261353,0.06817449629306793,0.11210515350103378
83.29999999999367,-4.4860168,0.21289876,0,20.332561492919922,0.7212305068969727,-2.5973052978515625,-3.931868314743042,-0.640112042427063,0.0018548951484262943,-0.826714277267456,0.06965968757867813,0.1265532225370407
83.29999999999367,-4.4860168,0.21289876,0,20.300296783447266,0.7163820862770081,-2.59722900390625,-3.939051628112793,-0.6394038796424866,0.0030689039267599583,-0.8221743702888489,0.07339993119239807,0.14664185047149658
83.29999999999367,-4.4860168,0.21289876,0,20.267990112304688,0.7115300297737122,-2.597137451171875,-3.9462015628814697,-0.6387993097305298,0.003785069566220045,-0.8199440836906433,0.06104772537946701,0.08452310413122177
83.69999999999337,-4.5636864,0.18072695,0,20.203126907348633,0.7019104957580566,-2.596954345703125,-3.960521697998047,-0.6372889280319214,0.004038246814161539,-0.8054777383804321,0.07862647622823715,0.0025266779121011496
83.69999999999337,-4.5636864,0.18072695,0,20.170635223388672,0.6970958709716797,-2.5968475341796875,-3.967541456222534,-0.6365435719490051,0.0042912219651043415,-0.8013284206390381,0.07617336511611938,0.026579944416880608
83.69999999999337,-4.5636864,0.18072695,0,20.13810157775879,0.6922784447669983,-2.5967559814453125,-3.9744715690612793,-0.6357643008232117,0.004571227822452784,-0.7920696139335632,0.08103571832180023,0.030067747458815575
83.69999999999337,-4.5636864,0.18072695,0,20.072763442993164,0.6827074289321899,-2.5965118408203125,-3.9880669116973877,-0.6340659856796265,0.005140692461282015,-0.7576913833618164,0.09232401102781296,0.030623281374573708
83.69999999999337,-4.5636864,0.18072695,0,20.0400390625,0.6779186725616455,-2.59637451171875,-3.994616746902466,-0.6331868171691895,0.005468148738145828,-0.7413834929466248,0.09188636392354965,0.034811437129974365
83.69999999999337,-4.5636864,0.18072695,0,20.007278442382812,0.6731282472610474,-2.59625244140625,-4.001021385192871,-0.6322824358940125,0.005948283243924379,-0.7252997159957886,0.09567663818597794,0.05404697358608246
83.69999999999337,-4.5636864,0.18072695,0,19.974393844604492,0.6683628559112549,-2.5960845947265625,-4.00740909576416,-0.6313541531562805,0.006597936153411865,-0.7146555185317993,0.09697119146585464,0.07343850284814835
83.69999999999337,-4.5636864,0.18072695,0,19.908527374267578,0.6588253974914551,-2.5957489013671875,-4.019804000854492,-0.629317045211792,0.0075452569872140884,-0.6876531839370728,0.11267158389091492,0.008196103386580944
83.69999999999337,-4.5636864,0.18072695,0,19.875545501708984,0.654056191444397,-2.5955810546875,-4.026050090789795,-0.6283134818077087,0.006897741928696632,-0.7037431597709656,0.10872387886047363,-0.08815200626850128
83.69999999999337,-4.5636864,0.18072695,0,19.84244155883789,0.6493147611618042,-2.59539794921875,-4.0322771072387695,-0.6272476315498352,0.006137421820312738,-0.6929971575737,0.11432068049907684,-0.10404223203659058
84.09999999999306,-4.6338763,0.15165931,0,19.809307098388672,0.6445732712745667,-2.59521484375,-4.03827428817749,-0.6261566877365112,0.005563374143093824,-0.6664256453514099,0.11812442541122437,-0.08072284609079361
84.09999999999306,-4.6338763,0.15165931,0,19.776142120361328,0.6398320198059082,-2.59503173828125,-4.044199466705322,-0.625076174736023,0.005024707410484552,-0.6595466136932373,0.11745283752679825,-0.07607834041118622
84.09999999999306,-4.6338763,0.15165931,0,19.742948532104492,0.6350911855697632,-2.5948638916015625,-4.050076007843018,-0.6239843368530273,0.004506371915340424,-0.6555667519569397,0.11948518455028534,-0.07332348823547363
84.09999999999306,-4.6338763,0.15165931,0,19.67629623413086,0.6256573796272278,-2.5944671630859375,-4.061744689941406,-0.621614933013916,0.0037705288268625736,-0.6411449909210205,0.13961823284626007,-0.04823831468820572
84.09999999999306,-4.6338763,0.15165931,0,19.642929077148438,0.6209416389465332,-2.5942840576171875,-4.067432880401611,-0.6204631328582764,0.0037073532585054636,-0.6279751062393188,0.1271311342716217,-0.017863696441054344
84.09999999999306,-4.6338763,0.15165931,0,19.57611083984375,0.611514151096344,-2.593902587890625,-4.078697204589844,-0.6180914640426636,0.004268344026058912,-0.6207007169723511,0.13727453351020813,0.037670597434043884
84.09999999999306,-4.6338763,0.15165931,0,19.54257583618164,0.6068410277366638,-2.5937042236328125,-4.084290027618408,-0.616816520690918,0.004853586666285992,-0.6116828322410583,0.1405123472213745,0.06230361387133598
84.09999999999306,-4.6338763,0.15165931,0,19.509014129638672,0.6021700501441956,-2.593505859375,-4.089944362640381,-0.6154700517654419,0.00487113744020462,-0.6215728521347046,0.150116965174675,-0.008386093191802502
84.09999999999306,-4.6338763,0.15165931,0,19.475425720214844,0.5975016355514526,-2.5933074951171875,-4.095632076263428,-0.6141834855079651,0.004094472620636225,-0.6278571486473083,0.14326240122318268,-0.10739778727293015
84.49999999999275,-4.6969867,0.12561059,0,19.4080810546875,0.5881972312927246,-2.592926025390625,-4.10687780380249,-0.6115633249282837,0.0025531435385346413,-0.6138355135917664,0.1500772088766098,-0.09331991523504257
84.49999999999275,-4.6969867,0.12561059,0,19.374326705932617,0.5835604667663574,-2.5927276611328125,-4.11241340637207,-0.6102089881896973,0.0019752047955989838,-0.6053503155708313,0.15156075358390808,-0.08357594907283783
84.49999999999275,-4.6969867,0.12561059,0,19.340547561645508,0.578926682472229,-2.592529296875,-4.117915153503418,-0.6088653802871704,0.0014802858931943774,-0.6032676696777344,0.15084074437618256,-0.07291323691606522
84.49999999999275,-4.6969867,0.12561059,0,19.30674171447754,0.5742959380149841,-2.592376708984375,-4.123476505279541,-0.6075718402862549,0.001055450877174735,-0.6127651333808899,0.14516402781009674,-0.06342818588018417
84.49999999999275,-4.6969867,0.12561059,0,19.238862991333008,0.5651337504386902,-2.5919952392578125,-4.134653568267822,-0.604875385761261,0.0007183850393630564,-0.6055364608764648,0.14656439423561096,-0.01926719956099987
84.49999999999275,-4.6969867,0.12561059,0,19.204885482788086,0.5605568289756775,-2.5918121337890625,-4.1401824951171875,-0.6034741401672363,0.0008908565505407751,-0.6044865250587463,0.1556227058172226,0.010190996341407299
84.49999999999275,-4.6969867,0.12561059,0,19.170881271362305,0.5559831857681274,-2.5916290283203125,-4.145669937133789,-0.6020823121070862,0.0012830282794311643,-0.6015473008155823,0.15511304140090942,0.03794766589999199
84.49999999999275,-4.6969867,0.12561059,0,19.136770248413086,0.5514463782310486,-2.5914306640625,-4.151176452636719,-0.6006168723106384,0.0018365648575127125,-0.5965219140052795,0.16159342229366302,0.056894492357969284
84.49999999999275,-4.6969867,0.12561059,0,19.06847381591797,0.5423831939697266,-2.59100341796875,-4.162007808685303,-0.5976197123527527,0.002682912163436413,-0.5882269740104675,0.16924621164798737,0.0028219071682542562
84.49999999999275,-4.6969867,0.12561059,0,19.03428840637207,0.537857174873352,-2.5908050537109375,-4.167526721954346,-0.5961593389511108,0.0021011694334447384,-0.6051468253135681,0.16323362290859222,-0.0841580256819725
84.99999999999244,-4.766642,0.09713652,0,19.000001907348633,0.5333694815635681,-2.590576171875,-4.1731061935424805,-0.5945970416069031,0.0014034027699381113,-0.6062541604042053,0.17294941842556,-0.09992299228906631
84.99999999999244,-4.766642,0.09713652,0,18.965688705444336,0.5288861393928528,-2.590362548828125,-4.17852783203125,-0.5930145382881165,0.0009455578401684761,-0.5889278054237366,0.17620129883289337,-0.0695972666144371
84.99999999999244,-4.766642,0.09713652,0,18.89699363708496,0.5199332237243652,-2.5899505615234375,-4.189236640930176,-0.5898946523666382,0.00011095692025264725,-0.5784100890159607,0.17554907500743866,-0.05988776311278343
84.99999999999244,-4.766642,0.09713652,0,18.86252784729004,0.5154909491539001,-2.5897216796875,-4.194605350494385,-0.58829265832901,-0.00020105639123357832,-0.5793749094009399,0.17798259854316711,-0.052556391805410385
84.99999999999244,-4.766642,0.09713652,0,18.828039169311523,0.5110535621643066,-2.5894927978515625,-4.20001220703125,-0.5866755247116089,-0.00037211034214124084,-0.5864962935447693,0.18059135973453522,-0.03457814082503319
84.99999999999244,-4.766642,0.09713652,0,18.793527603149414,0.5066210031509399,-2.5892791748046875,-4.20529317855835,-0.5851123929023743,-0.00039029656909406185,-0.5730504393577576,0.1745411455631256,-0.015174037776887417
84.99999999999244,-4.766642,0.09713652,0,18.758991241455078,0.5021927356719971,-2.58905029296875,-4.210548400878906,-0.5835041403770447,-0.00011865537089761347,-0.5721995234489441,0.18104253709316254,0.021374782547354698
84.99999999999244,-4.766642,0.09713652,0,18.689708709716797,0.4934241473674774,-2.58856201171875,-4.221439838409424,-0.5801224708557129,-0.0018550538225099444,-0.6022893190383911,0.1905660480260849,-0.17855176329612732
84.99999999999244,-4.766642,0.09713652,0,18.655031204223633,0.48904815316200256,-2.5883331298828125,-4.227044105529785,-0.5784871578216553,-0.0034224167466163635,-0.6148791909217834,0.18269160389900208,-0.20958994328975677
84.99999999999244,-4.766642,0.09713652,0,18.62032699584961,0.48467743396759033,-2.588134765625,-4.232659339904785,-0.5768563151359558,-0.004665238782763481,-0.6185123324394226,0.18282364308834076,-0.16865132749080658
85.39999999999213,-4.8154488,0.077478275,0,18.515892028808594,0.4717634916305542,-2.58746337890625,-4.2497429847717285,-0.5716959834098816,-0.007901208475232124,-0.6371986269950867,0.1919640302658081,-0.14609096944332123
85.39999999999213,-4.8154488,0.077478275,0,18.48102569580078,0.46746915578842163,-2.5872650146484375,-4.255562782287598,-0.5699697136878967,-0.008585916832089424,-0.6465158462524414,0.19185452163219452,-0.09977211803197861
85.39999999999213,-4.8154488,0.077478275,0,18.446130752563477,0.4631807804107666,-2.587066650390625,-4.26140832901001,-0.5682268142700195,-0.008948381058871746,-0.6517764329910278,0.19470131397247314,-0.059110574424266815
85.39999999999213,-4.8154488,0.077478275,0,18.37615394592285,0.454708069562912,-2.586639404296875,-4.27343225479126,-0.5646507143974304,-0.00882500410079956,-0.6667653918266296,0.19423729181289673,0.015758907422423363
85.39999999999213,-4.8154488,0.077478275,0,18.341121673583984,0.450480580329895,-2.58642578125,-4.279422283172607,-0.5628748536109924,-0.008340680971741676,-0.6698744297027588,0.19653145968914032,0.04607950896024704
85.39999999999213,-4.8154488,0.077478275,0,18.306058883666992,0.4462590515613556,-2.586212158203125,-4.285439491271973,-0.5611308217048645,-0.007605154998600483,-0.6753184795379639,0.19335174560546875,0.07787393033504486
85.39999999999213,-4.8154488,0.077478275,0,18.270915985107422,0.44209274649620056,-2.585968017578125,-4.291429042816162,-0.5593168139457703,-0.00669673690572381,-0.6676415801048279,0.19756130874156952,0.09852693974971771
85.39999999999213,-4.8154488,0.077478275,0,18.200544357299805,0.43377789855003357,-2.5854949951171875,-4.303255081176758,-0.5557016134262085,-0.004641758278012276,-0.6589095592498779,0.19591642916202545,0.12172664701938629
85.39999999999213,-4.8154488,0.077478275,0,18.165311813354492,0.42962852120399475,-2.5852508544921875,-4.308980464935303,-0.5539544820785522,-0.003496093675494194,-0.6409269571304321,0.19198818504810333,0.1293569654226303
85.79999999999183,-4.8584356,0.060444534,0,18.130001068115234,0.4255162179470062,-2.5849761962890625,-4.314757347106934,-0.5521937012672424,-0.0029015778563916683,-0.6427764296531677,0.191181018948555,0.059493813663721085
85.79999999999183,-4.8584356,0.060444534,0,18.094663619995117,0.4214097559452057,-2.5847015380859375,-4.320529937744141,-0.5503504872322083,-0.0031668010633438826,-0.6443224549293518,0.2023610919713974,-0.04756869375705719
85.79999999999183,-4.8584356,0.060444534,0,18.023900985717773,0.4132162034511566,-2.584197998046875,-4.331833839416504,-0.5466015934944153,-0.0037565254606306553,-0.6209100484848022,0.21301200985908508,-0.03530829772353172
85.79999999999183,-4.8584356,0.060444534,0,17.988414764404297,0.4091601073741913,-2.5839385986328125,-4.337329387664795,-0.5447567105293274,-0.0038259660359472036,-0.6075271964073181,0.20200371742248535,-0.023500991985201836
85.79999999999183,-4.8584356,0.060444534,0,17.95290184020996,0.40511032938957214,-2.58367919921875,-4.342729568481445,-0.542891263961792,-0.003902252996340394,-0.5977877378463745,0.2054496854543686,-0.02394476719200611
85.79999999999183,-4.8584356,0.060444534,0,17.91736602783203,0.40106716752052307,-2.58343505859375,-4.347994327545166,-0.5410226583480835,-0.003967234864830971,-0.5830522179603577,0.20669841766357422,-0.022128688171505928
85.79999999999183,-4.8584356,0.060444534,0,17.881803512573242,0.3970307409763336,-2.58319091796875,-4.353359699249268,-0.5391714572906494,-0.004462810233235359,-0.5977482795715332,0.20533837378025055,-0.07555912435054779
85.79999999999183,-4.8584356,0.060444534,0,17.810468673706055,0.38903775811195374,-2.5826873779296875,-4.364177227020264,-0.5353440046310425,-0.006395444273948669,-0.5972062945365906,0.20864549279212952,-0.13367179036140442
85.79999999999183,-4.8584356,0.060444534,0,17.774763107299805,0.38505178689956665,-2.5824737548828125,-4.369518280029297,-0.5334157347679138,-0.0071829515509307384,-0.5932194590568542,0.21443822979927063,-0.11205486208200455
85.79999999999183,-4.8584356,0.060444534,0,17.739032745361328,0.3810732066631317,-2.5822601318359375,-4.374884605407715,-0.5314836502075195,-0.007861303165555,-0.5984664559364319,0.2157163769006729,-0.09778653830289841
86.19999999999152,-4.8958325,0.045882136,0,17.66735076904297,0.3731822371482849,-2.5818328857421875,-4.385736465454102,-0.5275503993034363,-0.009174270555377007,-0.6017309427261353,0.22162750363349915,-0.08825025707483292
86.19999999999152,-4.8958325,0.045882136,0,17.631473541259766,0.3692481517791748,-2.581634521484375,-4.391171932220459,-0.5256453156471252,-0.009618724696338177,-0.6051151752471924,0.21262554824352264,-0.06901425868272781
86.19999999999152,-4.8958325,0.045882136,0,17.595569610595703,0.3653215169906616,-2.581451416015625,-4.3966064453125,-0.5237228274345398,-0.009860572405159473,-0.6069979667663574,0.21559466421604156,-0.0433213971555233
86.19999999999152,-4.8958325,0.045882136,0,17.5595703125,0.36141863465309143,-2.5812530517578125,-4.402052879333496,-0.5217888355255127,-0.00986301340162754,-0.6025305390357971,0.21608859300613403,-0.013950279913842678
86.19999999999152,-4.8958325,0.045882136,0,17.48749351501465,0.35363319516181946,-2.5808563232421875,-4.412904739379883,-0.5179505944252014,-0.009125816635787487,-0.6005954146385193,0.213349387049675,0.04959897696971893
86.19999999999152,-4.8958325,0.045882136,0,17.451417922973633,0.34975242614746094,-2.580657958984375,-4.418289661407471,-0.5159375071525574,-0.008435687981545925,-0.6005945205688477,0.22860585153102875,0.07345899194478989
86.19999999999152,-4.8958325,0.045882136,0,17.41525650024414,0.3459010720252991,-2.5804595947265625,-4.423652172088623,-0.5139479041099548,-0.007628956343978643,-0.5930447578430176,0.22396759688854218,0.08845189213752747
86.19999999999152,-4.8958325,0.045882136,0,17.379070281982422,0.3420579433441162,-2.58026123046875,-4.428837776184082,-0.5119934678077698,-0.006715637166053057,-0.5729185342788696,0.2203521877527237,0.102106474339962
86.19999999999152,-4.8958325,0.045882136,0,17.34286117553711,0.33822283148765564,-2.5800628662109375,-4.434010982513428,-0.5100482106208801,-0.0063950070179998875,-0.5733392834663391,0.21995244920253754,0.02834480069577694
86.19999999999152,-4.8958325,0.045882136,0,17.270370483398438,0.3305791914463043,-2.579681396484375,-4.444393157958984,-0.506019651889801,-0.007302077487111092,-0.5756620764732361,0.22516831755638123,-0.07743620872497559
86.6999999999912,-4.9349766,0.030901087,0,17.23404884338379,0.32678255438804626,-2.5795135498046875,-4.449488162994385,-0.5040628910064697,-0.007579846773296595,-0.5639743208885193,0.22228918969631195,-0.04510487988591194
86.6999999999912,-4.9349766,0.030901087,0,17.197704315185547,0.3229946792125702,-2.5793304443359375,-4.454507350921631,-0.5020263195037842,-0.007826559245586395,-0.5564386248588562,0.23299410939216614,-0.0414741188287735
86.6999999999912,-4.9349766,0.030901087,0,17.12494659423828,0.31544673442840576,-2.5789794921875,-4.464197158813477,-0.49801045656204224,-0.008264989592134953,-0.5311716198921204,0.23058412969112396,-0.03816606104373932
86.6999999999912,-4.9349766,0.030901087,0,17.088489532470703,0.31169024109840393,-2.5788116455078125,-4.468932151794434,-0.49601247906684875,-0.00834549218416214,-0.5207421183586121,0.23003031313419342,-0.01980922929942608
86.6999999999912,-4.9349766,0.030901087,0,17.052011489868164,0.3079432547092438,-2.578643798828125,-4.473559379577637,-0.4939808249473572,-0.008217240683734417,-0.5093051195144653,0.23488375544548035,0.006555113475769758
86.6999999999912,-4.9349766,0.030901087,0,17.015514373779297,0.30420613288879395,-2.5784912109375,-4.478111267089844,-0.49193575978279114,-0.007888383232057095,-0.5018361806869507,0.2371835559606552,0.031894534826278687
86.6999999999912,-4.9349766,0.030901087,0,16.94242286682129,0.29675400257110596,-2.57818603515625,-4.487237930297852,-0.4877917170524597,-0.009456632658839226,-0.5081326961517334,0.24476084113121033,-0.1610116958618164
86.6999999999912,-4.9349766,0.030901087,0,16.90582847595215,0.2930387556552887,-2.578033447265625,-4.491823673248291,-0.4856574237346649,-0.010753161273896694,-0.5070643424987793,0.2515745460987091,-0.171420156955719
86.6999999999912,-4.9349766,0.030901087,0,16.869213104248047,0.2893347144126892,-2.577911376953125,-4.496338844299316,-0.483550101518631,-0.01179540529847145,-0.5000859498977661,0.2487240582704544,-0.13937613368034363
86.6999999999912,-4.9349766,0.030901087,0,16.832578659057617,0.28564175963401794,-2.577789306640625,-4.500870227813721,-0.481467604637146,-0.0127223776653409,-0.5038715600967407,0.2461390495300293,-0.12471712380647659
87.1999999999909,-4.9658785,0.019175189,0,16.759180068969727,0.27829286456108093,-2.57757568359375,-4.510004997253418,-0.47730913758277893,-0.014447677880525589,-0.5018390417098999,0.2407003790140152,-0.11051492393016815
87.1999999999909,-4.9658785,0.019175189,0,16.722450256347656,0.2746349573135376,-2.5774688720703125,-4.5145063400268555,-0.4752146899700165,-0.015052738599479198,-0.5006995797157288,0.2495311051607132,-0.08484254777431488
87.1999999999909,-4.9658785,0.019175189,0,16.685699462890625,0.2709885835647583,-2.577392578125,-4.519043922424316,-0.47312358021736145,-0.01536333654075861,-0.5067970752716064,0.24956506490707397,-0.04778708890080452
87.1999999999909,-4.9658785,0.019175189,0,16.64888572692871,0.26736778020858765,-2.577301025390625,-4.523665428161621,-0.4710371494293213,-0.015367950312793255,-0.5138257145881653,0.24823132157325745,-0.009926035068929195
87.1999999999909,-4.9658785,0.019175189,0,16.575193405151367,0.26015928387641907,-2.5771331787109375,-4.5328264236450195,-0.46690788865089417,-0.014712979085743427,-0.5073692798614502,0.2414858043193817,0.048410143703222275
87.1999999999909,-4.9658785,0.019175189,0,16.538312911987305,0.2565712630748749,-2.577056884765625,-4.537457466125488,-0.46484553813934326,-0.014895073138177395,-0.5197322964668274,0.24677078425884247,-0.03140931576490402
87.1999999999909,-4.9658785,0.019175189,0,16.501371383666992,0.25299984216690063,-2.5769805908203125,-4.542200565338135,-0.4626986086368561,-0.01594715379178524,-0.5306008458137512,0.2571984529495239,-0.14005321264266968
87.1999999999909,-4.9658785,0.019175189,0,16.464405059814453,0.24944064021110535,-2.5769195556640625,-4.5470404624938965,-0.4605344533920288,-0.016978180035948753,-0.5443897247314453,0.2597782611846924,-0.13718752562999725
87.1999999999909,-4.9658785,0.019175189,0,16.39040184020996,0.24235890805721283,-2.5768280029296875,-4.5567145347595215,-0.4562872648239136,-0.0185120590031147,-0.547741174697876,0.25096115469932556,-0.09963241964578629
87.1999999999909,-4.9658785,0.019175189,0,16.353330612182617,0.2388458251953125,-2.5767974853515625,-4.561598300933838,-0.4541319012641907,-0.019170988351106644,-0.5500465035438538,0.25839564204216003,-0.0897715762257576
87.59999999999059,-4.9847493,0.011891812,0,16.316234588623047,0.2353452742099762,-2.5767669677734375,-4.566509246826172,-0.45194515585899353,-0.019705522805452347,-0.5550801753997803,0.2627429962158203,-0.07402244210243225
87.59999999999059,-4.9847493,0.011891812,0,16.27911376953125,0.23185740411281586,-2.576751708984375,-4.571389198303223,-0.4497654139995575,-0.020092813298106194,-0.5526828765869141,0.26227253675460815,-0.055423468351364136
87.59999999999059,-4.9847493,0.011891812,0,16.241966247558594,0.22838155925273895,-2.576751708984375,-4.576368808746338,-0.44761183857917786,-0.020189769566059113,-0.566561222076416,0.25956064462661743,-0.018977558240294456
87.59999999999059,-4.9847493,0.011891812,0,16.167516708374023,0.22146032750606537,-2.5767364501953125,-4.586415767669678,-0.44330692291259766,-0.01947934925556183,-0.5674031376838684,0.2594805657863617,0.056319400668144226
87.59999999999059,-4.9847493,0.011891812,0,16.130252838134766,0.2180192619562149,-2.57672119140625,-4.591382026672363,-0.44112610816955566,-0.018748806789517403,-0.5645378828048706,0.26381129026412964,0.08503580093383789
87.59999999999059,-4.9847493,0.011891812,0,16.09296417236328,0.21459150314331055,-2.5767059326171875,-4.596434593200684,-0.43894121050834656,-0.01853593811392784,-0.5769591927528381,0.2646864056587219,0.020319128409028053
87.59999999999059,-4.9847493,0.011891812,0,16.018266677856445,0.20776182413101196,-2.576690673828125,-4.606800079345703,-0.4345589876174927,-0.019137486815452576,-0.591867208480835,0.2669835686683655,-0.044092532247304916
87.59999999999059,-4.9847493,0.011891812,0,15.98085880279541,0.2043604850769043,-2.576690673828125,-4.61195182800293,-0.4323834180831909,-0.019264429807662964,-0.5889889597892761,0.2656364142894745,-0.02173054777085781
87.59999999999059,-4.9847493,0.011891812,0,15.943422317504883,0.20097215473651886,-2.576690673828125,-4.617084503173828,-0.4302237033843994,-0.019306423142552376,-0.5880040526390076,0.2641385495662689,-0.010985414497554302
87.59999999999059,-4.9847493,0.011891812,0,15.90595817565918,0.1975976824760437,-2.5767059326171875,-4.622140407562256,-0.4280737340450287,-0.019337927922606468,-0.5799025893211365,0.26319798827171326,-0.00951532181352377
88.09999999999027,-5.0010552,0.0050894055,0,15.830854415893555,0.19085612893104553,-2.5767059326171875,-4.632362365722656,-0.42371827363967896,-0.019034136086702347,-0.5824079513549805,0.2656174600124359,0.02705119363963604
88.09999999999027,-5.0010552,0.0050894055,0,15.793262481689453,0.18750737607479095,-2.57672119140625,-4.637410640716553,-0.42150208353996277,-0.01864645630121231,-0.5774354338645935,0.27392908930778503,0.0427737794816494
88.09999999999027,-5.0010552,0.0050894055,0,15.755643844604492,0.18417364358901978,-2.57672119140625,-4.642364501953125,-0.4192917048931122,-0.018080513924360275,-0.5671647191047668,0.2734089195728302,0.06521492451429367
88.09999999999027,-5.0010552,0.0050894055,0,15.71795654296875,0.18083345890045166,-2.57672119140625,-4.647286891937256,-0.41711094975471497,-0.017229942604899406,-0.5595502257347107,0.27210187911987305,0.10021495819091797
88.09999999999027,-5.0010552,0.0050894055,0,15.680243492126465,0.1775086224079132,-2.57672119140625,-4.652105331420898,-0.4149187207221985,-0.016273491084575653,-0.5481663346290588,0.27367156744003296,0.11362414062023163
88.09999999999027,-5.0010552,0.0050894055,0,15.604743957519531,0.17090456187725067,-2.576690673828125,-4.661306381225586,-0.4105048179626465,-0.014069702476263046,-0.5142629146575928,0.27410799264907837,0.14014588296413422
88.09999999999027,-5.0010552,0.0050894055,0,15.566917419433594,0.16759535670280457,-2.5766448974609375,-4.665706634521484,-0.4084429144859314,-0.012872148305177689,-0.4955700933933258,0.2612968385219574,0.1437719762325287
88.09999999999027,-5.0010552,0.0050894055,0,15.529069900512695,0.1643017828464508,-2.5765838623046875,-4.670131206512451,-0.40622323751449585,-0.012374483048915863,-0.5001649260520935,0.28106075525283813,0.055973879992961884
88.09999999999027,-5.0010552,0.0050894055,0,15.453310012817383,0.1577642410993576,-2.57647705078125,-4.67872428894043,-0.4017831087112427,-0.013304044492542744,-0.4796912372112274,0.2810305953025818,-0.07449834793806076
88.49999999998997,-5.008253,0.0012464595,0,15.415337562561035,0.15449915826320648,-2.5764312744140625,-4.682879447937012,-0.3994981646537781,-0.013696691021323204,-0.46444377303123474,0.2913420796394348,-0.05549890547990799
88.49999999998997,-5.008253,0.0012464595,0,15.37734603881836,0.15125153958797455,-2.576385498046875,-4.686868667602539,-0.39723122119903564,-0.013952365145087242,-0.44516146183013916,0.2890630066394806,-0.0382009856402874
88.49999999998997,-5.008253,0.0012464595,0,15.339337348937988,0.14802135527133942,-2.5763397216796875,-4.690698623657227,-0.39494991302490234,-0.01417055819183588,-0.42669451236724854,0.29083043336868286,-0.03334413841366768
88.49999999998997,-5.008253,0.0012464595,0,15.26320743560791,0.141603484749794,-2.5762786865234375,-4.698127269744873,-0.39041396975517273,-0.01444497425109148,-0.4040578305721283,0.2918575704097748,-0.011205672286450863
88.49999999998997,-5.008253,0.0012464595,0,15.225089073181152,0.13841620087623596,-2.5762481689453125,-4.701704978942871,-0.3881196081638336,-0.014348098076879978,-0.39293721318244934,0.29332539439201355,0.006116926204413176
88.49999999998997,-5.008253,0.0012464595,0,15.186955451965332,0.13524658977985382,-2.5762176513671875,-4.705198764801025,-0.38586175441741943,-0.013984466902911663,-0.38395702838897705,0.2887135148048401,0.03962963446974754
88.49999999998997,-5.008253,0.0012464595,0,15.148807525634766,0.13209469616413116,-2.576202392578125,-4.708577632904053,-0.38357388973236084,-0.013408137485384941,-0.3710702657699585,0.2924164831638336,0.06638000905513763
88.49999999998997,-5.008253,0.0012464595,0,15.072348594665527,0.1258247345685959,-2.57611083984375,-4.715357780456543,-0.37903693318367004,-0.013554476201534271,-0.3690573275089264,0.2919330596923828,-0.04920037090778351
88.49999999998997,-5.008253,0.0012464595,0,15.034100532531738,0.12271678447723389,-2.576080322265625,-4.718662261962891,-0.37672093510627747,-0.01387186348438263,-0.35978028178215027,0.29666364192962646,-0.04582339525222778
88.49999999998997,-5.008253,0.0012464595,0,14.99583911895752,0.11962710320949554,-2.5760650634765625,-4.721885681152344,-0.3744044005870819,-0.014032047241926193,-0.3510476350784302,0.29666227102279663,-0.026005784049630165
88.99999999998965,-5.0098624,-0.0018862895,0,14.957503318786621,0.11655008792877197,-2.5760345458984375,-4.725027084350586,-0.3720588684082031,-0.014081167988479137,-0.3363363444805145,0.30008310079574585,-0.012254341505467892
88.99999999998965,-5.0098624,-0.0018862895,0,14.88079833984375,0.11045049875974655,-2.5760040283203125,-4.7312188148498535,-0.3673091232776642,-0.014235426671802998,-0.3318421244621277,0.3050413131713867,-0.009821726940572262
88.99999999998965,-5.0098624,-0.0018862895,0,14.842430114746094,0.10742921382188797,-2.5760040283203125,-4.734185695648193,-0.36490193009376526,-0.014142602682113647,-0.31846439838409424,0.3078247308731079,0.0059241424314677715
88.99999999998965,-5.0098624,-0.0018862895,0,14.804051399230957,0.10442692786455154,-2.57598876953125,-4.737105846405029,-0.3625282347202301,-0.01390397921204567,-0.3138730823993683,0.30357593297958374,0.024296807125210762
88.99999999998965,-5.0098624,-0.0018862895,0,14.765604972839355,0.10144761949777603,-2.5759735107421875,-4.739949703216553,-0.3601451516151428,-0.013472439721226692,-0.2995968759059906,0.3035597503185272,0.04840269312262535
88.99999999998965,-5.0098624,-0.0018862895,0,14.688688278198242,0.09554656594991684,-2.575958251953125,-4.745361328125,-0.35531601309776306,-0.012051806785166264,-0.2810207009315491,0.30390307307243347,0.08985492587089539
88.99999999998965,-5.0098624,-0.0018862895,0,14.650218963623047,0.0926247388124466,-2.575927734375,-4.747910499572754,-0.3529161214828491,-0.011210653930902481,-0.26698893308639526,0.3055689036846161,0.10006920993328094
88.99999999998965,-5.0098624,-0.0018862895,0,14.611679077148438,0.089717797935009,-2.5759124755859375,-4.750357151031494,-0.350451797246933,-0.010251076892018318,-0.2493733912706375,0.31357696652412415,0.11501321196556091
88.99999999998965,-5.0098624,-0.0018862895,0,14.573135375976562,0.08683065325021744,-2.5758819580078125,-4.752658843994141,-0.34799841046333313,-0.009173893369734287,-0.23285289108753204,0.3121788799762726,0.1298496425151825
88.99999999998965,-5.0098624,-0.0018862895,0,14.496037483215332,0.08111602813005447,-2.5758056640625,-4.756979942321777,-0.3430096209049225,-0.009318108670413494,-0.21563352644443512,0.3180488646030426,-0.06358185410499573
89.49999999998934,-5.0031176,-0.0035217705,0,14.457412719726562,0.07826735079288483,-2.575775146484375,-4.7590789794921875,-0.3405376970767975,-0.009939891286194324,-0.20544086396694183,0.31638965010643005,-0.08250585943460464
89.49999999998934,-5.0031176,-0.0035217705,0,14.418787002563477,0.07543907314538956,-2.5757598876953125,-4.761004447937012,-0.33805423974990845,-0.010282163508236408,-0.18520084023475647,0.3177454471588135,-0.0474369116127491
89.49999999998934,-5.0031176,-0.0035217705,0,14.38016128540039,0.07263131439685822,-2.5757293701171875,-4.762783050537109,-0.3355422019958496,-0.01052144356071949,-0.1682458519935608,0.32123786211013794,-0.03465637192130089
89.49999999998934,-5.0031176,-0.0035217705,0,14.341536521911621,0.06984426081180573,-2.5756988525390625,-4.764432907104492,-0.33303043246269226,-0.010711254552006721,-0.1536434143781662,0.3211213946342468,-0.02834293805062771
89.49999999998934,-5.0031176,-0.0035217705,0,14.302854537963867,0.06707388162612915,-2.5756683349609375,-4.766040802001953,-0.33052003383636475,-0.010935678146779537,-0.14519047737121582,0.3207997679710388,-0.032549720257520676
89.49999999998934,-5.0031176,-0.0035217705,0,14.225494384765625,0.0615948922932148,-2.5756378173828125,-4.768900394439697,-0.3255637586116791,-0.011035919189453125,-0.118454709649086,0.3193577527999878,-0.00043446195195429027
89.49999999998934,-5.0031176,-0.0035217705,0,14.186820030212402,0.05888664722442627,-2.57562255859375,-4.770248889923096,-0.32298770546913147,-0.01077189575880766,-0.11706916242837906,0.3287876546382904,0.028843989595770836
89.49999999998934,-5.0031176,-0.0035217705,0,14.148087501525879,0.056188326328992844,-2.575592041015625,-4.771568298339844,-0.32045668363571167,-0.010257985442876816,-0.11058098822832108,0.3239947557449341,0.06012338772416115
89.49999999998934,-5.0031176,-0.0035217705,0,14.070638656616211,0.0508556105196476,-2.5755615234375,-4.774018287658691,-0.31529501080513,-0.011156298220157623,-0.10353023558855057,0.3355605900287628,-0.10963621735572815
89.49999999998934,-5.0031176,-0.0035217705,0,14.031922340393066,0.04822181910276413,-2.5755462646484375,-4.775224208831787,-0.3126797676086426,-0.011881186626851559,-0.1006757915019989,0.33423030376434326,-0.09450548887252808
89.99999999998903,-4.9878087,-0.004031927,0,13.993148803710938,0.04559459909796715,-2.575531005859375,-4.7763752937316895,-0.3101241886615753,-0.012352474965155125,-0.09080243110656738,0.3280109167098999,-0.06294948607683182
89.99999999998903,-4.9878087,-0.004031927,0,13.915618896484375,0.04040594771504402,-2.575531005859375,-4.778600215911865,-0.30491727590560913,-0.013100342825055122,-0.0866047590970993,0.3368017077445984,-0.050803642719984055
89.99999999998903,-4.9878087,-0.004031927,0,13.876862525939941,0.0378449410200119,-2.575531005859375,-4.779731750488281,-0.3023551106452942,-0.013442330062389374,-0.09215550124645233,0.3283839821815491,-0.04648975655436516
89.99999999998903,-4.9878087,-0.004031927,0,13.838057518005371,0.035286713391542435,-2.5755462646484375,-4.781000137329102,-0.2998255491256714,-0.01413912046700716,-0.10668916255235672,0.3256835341453552,-0.09062419831752777
89.99999999998903,-4.9878087,-0.004031927,0,13.7992582321167,0.03275063633918762,-2.5755767822265625,-4.7824015617370605,-0.2972203195095062,-0.015253609977662563,-0.12457600235939026,0.3349764943122864,-0.1424304097890854
89.99999999998903,-4.9878087,-0.004031927,0,13.760462760925293,0.030237041413784027,-2.57562255859375,-4.783870697021484,-0.29459547996520996,-0.016317514702677727,-0.13430170714855194,0.3372746706008911,-0.1360224485397339
89.99999999998903,-4.9878087,-0.004031927,0,13.72166919708252,0.027745654806494713,-2.5756683349609375,-4.785436630249023,-0.2920379042625427,-0.01709773577749729,-0.14765815436840057,0.32871559262275696,-0.10047852247953415
89.99999999998903,-4.9878087,-0.004031927,0,13.643974304199219,0.022782282903790474,-2.5758209228515625,-4.788925647735596,-0.28689324855804443,-0.01840236596763134,-0.17334018647670746,0.33508652448654175,-0.08053331822156906
89.99999999998903,-4.9878087,-0.004031927,0,13.605128288269043,0.020334754139184952,-2.575897216796875,-4.79086446762085,-0.2842705547809601,-0.018970491364598274,-0.19392643868923187,0.3384399116039276,-0.07299193739891052
90.39999999998872,-4.969218,-0.0038656236,0,13.527426719665527,0.015510053373873234,-2.576080322265625,-4.795133590698242,-0.27910494804382324,-0.019468985497951508,-0.22706274688243866,0.3343943953514099,-0.01872377283871174
90.39999999998872,-4.969218,-0.0038656236,0,13.488511085510254,0.01310544554144144,-2.5761871337890625,-4.797484874725342,-0.27654829621315,-0.019342437386512756,-0.24415114521980286,0.3320426344871521,0.014325137250125408
90.39999999998872,-4.969218,-0.0038656236,0,13.449591636657715,0.010723654180765152,-2.5762939453125,-4.800021648406982,-0.2739783525466919,-0.018989479169249535,-0.268697053194046,0.33345577120780945,0.042669471353292465
90.39999999998872,-4.969218,-0.0038656236,0,13.410667419433594,0.00836461316794157,-2.576385498046875,-4.802551746368408,-0.27142956852912903,-0.018380319699645042,-0.2691117525100708,0.3305772542953491,0.07473630458116531
90.39999999998872,-4.969218,-0.0038656236,0,13.332743644714355,0.0036738011986017227,-2.576568603515625,-4.807763576507568,-0.26630207896232605,-0.016633810475468636,-0.27828338742256165,0.3345032334327698,0.11617922782897949
90.39999999998872,-4.969218,-0.0038656236,0,13.293745040893555,0.0013427997473627329,-2.57666015625,-4.810382843017578,-0.26373857259750366,-0.01554237212985754,-0.2790340781211853,0.33558037877082825,0.13551348447799683
90.39999999998872,-4.969218,-0.0038656236,0,13.25473690032959,-0.0009630121639929712,-2.5767364501953125,-4.813058376312256,-0.2611824572086334,-0.014968391507863998,-0.2873976528644562,0.33408766984939575,0.070842444896698
90.39999999998872,-4.969218,-0.0038656236,0,13.21572208404541,-0.003245662897825241,-2.576812744140625,-4.815865993499756,-0.25865909457206726,-0.014938377775251865,-0.3052085041999817,0.3296978771686554,0.0027013008948415518
90.39999999998872,-4.969218,-0.0038656236,0,13.137537956237793,-0.007831559516489506,-2.57696533203125,-4.821436882019043,-0.2535596191883087,-0.01458838488906622,-0.29594850540161133,0.3383772671222687,0.032580919563770294
90.39999999998872,-4.969218,-0.0038656236,0,13.09843635559082,-0.010088103823363781,-2.5770416259765625,-4.82405424118042,-0.2509661018848419,-0.014305021613836288,-0.27962836623191833,0.34182026982307434,0.034397464245557785
90.89999999998841,-4.9377804,-0.0032093427,0,13.05932903289795,-0.012320591136813164,-2.577117919921875,-4.8265862464904785,-0.24844501912593842,-0.013981769792735577,-0.270323246717453,0.3323809802532196,0.039416827261447906
90.89999999998841,-4.9377804,-0.0032093427,0,13.020146369934082,-0.01456987764686346,-2.577178955078125,-4.829130172729492,-0.2459322214126587,-0.013626343570649624,-0.26670899987220764,0.33471402525901794,0.042618248611688614
90.89999999998841,-4.9377804,-0.0032093427,0,12.941768646240234,-0.01899540424346924,-2.577301025390625,-4.8339691162109375,-0.24094052612781525,-0.012640652246773243,-0.24876677989959717,0.332685261964798,0.06719677895307541
90.89999999998841,-4.9377804,-0.0032093427,0,12.902571678161621,-0.021171048283576965,-2.5773468017578125,-4.836275577545166,-0.23842841386795044,-0.011925257742404938,-0.24155721068382263,0.3331764340400696,0.08773523569107056
90.89999999998841,-4.9377804,-0.0032093427,0,12.86328125,-0.023371178656816483,-2.577392578125,-4.838486671447754,-0.23598280549049377,-0.01105608232319355,-0.22320160269737244,0.3292241394519806,0.10584806650876999
90.89999999998841,-4.9377804,-0.0032093427,0,12.823989868164062,-0.025546494871377945,-2.5774078369140625,-4.84053373336792,-0.23348772525787354,-0.010099080391228199,-0.20429493486881256,0.3348630666732788,0.1169135719537735
90.89999999998841,-4.9377804,-0.0032093427,0,12.784699440002441,-0.027697045356035233,-2.5774383544921875,-4.842441082000732,-0.23102672398090363,-0.009037580341100693,-0.18845392763614655,0.3300752639770508,0.1300601214170456
90.89999999998841,-4.9377804,-0.0032093427,0,12.706028938293457,-0.0319637767970562,-2.57745361328125,-4.84578800201416,-0.2261582911014557,-0.007368752267211676,-0.14775390923023224,0.3277108669281006,0.06234598904848099
90.89999999998841,-4.9377804,-0.0032093427,0,12.666651725769043,-0.034079402685165405,-2.57745361328125,-4.847416400909424,-0.22368040680885315,-0.007629523519426584,-0.14906060695648193,0.3343033492565155,-0.03612273931503296
90.89999999998841,-4.9377804,-0.0032093427,0,12.627279281616211,-0.036169666796922684,-2.57745361328125,-4.848842620849609,-0.22119095921516418,-0.008033647201955318,-0.12535804510116577,0.3351723849773407,-0.05373917147517204
91.3999999999881,-4.896878,-0.0023177224,0,12.548462867736816,-0.04032023623585701,-2.5774688720703125,-4.851174354553223,-0.21632806956768036,-0.008150960318744183,-0.08115075528621674,0.328646183013916,-0.0006817280664108694
91.3999999999881,-4.896878,-0.0023177224,0,12.509021759033203,-0.04237993061542511,-2.5774688720703125,-4.852168560028076,-0.21385283768177032,-0.008105257526040077,-0.06700379401445389,0.33620986342430115,0.0015976837603375316
91.3999999999881,-4.896878,-0.0023177224,0,12.46959114074707,-0.04441407695412636,-2.5774688720703125,-4.853058815002441,-0.2113770693540573,-0.008137212134897709,-0.05558217316865921,0.33564525842666626,-0.00799307506531477
91.3999999999881,-4.896878,-0.0023177224,0,12.430171012878418,-0.046422865241765976,-2.577484130859375,-4.853775978088379,-0.20893676578998566,-0.008096911013126373,-0.03539901599287987,0.33059731125831604,0.0011525115696713328
91.3999999999881,-4.896878,-0.0023177224,0,12.351225852966309,-0.0504397451877594,-2.5774688720703125,-4.854858875274658,-0.2040635347366333,-0.007401556242257357,0.0013305688044056296,0.3339345157146454,0.054068394005298615
91.3999999999881,-4.896878,-0.0023177224,0,12.311775207519531,-0.05240963399410248,-2.57745361328125,-4.855224132537842,-0.20162492990493774,-0.00678143510594964,0.010295653715729713,0.33183184266090393,0.07325782626867294
91.3999999999881,-4.896878,-0.0023177224,0,12.2723388671875,-0.05435418710112572,-2.5774383544921875,-4.855369567871094,-0.19920846819877625,-0.006039750762283802,0.03631811589002609,0.3284265697002411,0.08857528865337372
91.3999999999881,-4.896878,-0.0023177224,0,12.232918739318848,-0.05627363175153732,-2.577423095703125,-4.855424880981445,-0.19681212306022644,-0.0052713677287101746,0.0460396371781826,0.3252886235713959,0.09203096479177475
91.3999999999881,-4.896878,-0.0023177224,0,12.153995513916016,-0.06009827181696892,-2.577392578125,-4.855457305908203,-0.1918896734714508,-0.005392089951783419,0.06063707172870636,0.3387843072414398,-0.049155667424201965
91.3999999999881,-4.896878,-0.0023177224,0,12.114561080932617,-0.06197138875722885,-2.5773773193359375,-4.855242729187012,-0.18939000368118286,-0.005809552036225796,0.08215673267841339,0.33896440267562866,-0.0559687577188015
91.89999999998778,-4.846062,-0.0014231324,0,12.07514476776123,-0.06381867825984955,-2.577362060546875,-4.854949474334717,-0.18691185116767883,-0.006055828183889389,0.09067033231258392,0.3356466591358185,-0.03446405380964279
91.89999999998778,-4.846062,-0.0014231324,0,12.035676956176758,-0.06567702442407608,-2.577362060546875,-4.854610443115234,-0.18444150686264038,-0.006206156685948372,0.10230255126953125,0.33794888854026794,-0.023071186617016792
91.89999999998778,-4.846062,-0.0014231324,0,11.996230125427246,-0.06750920414924622,-2.5773468017578125,-4.854144096374512,-0.1819974035024643,-0.006354885175824165,0.11677442491054535,0.33396661281585693,-0.022750811651349068
91.89999999998778,-4.846062,-0.0014231324,0,11.917400360107422,-0.07109574228525162,-2.5773468017578125,-4.852904796600342,-0.1771508902311325,-0.006564162205904722,0.14035172760486603,0.3262086510658264,-0.012193339876830578
91.89999999998778,-4.846062,-0.0014231324,0,11.877951622009277,-0.07288456708192825,-2.57733154296875,-4.852230548858643,-0.17475780844688416,-0.006408065557479858,0.1449858397245407,0.32948267459869385,0.014609656296670437
91.89999999998778,-4.846062,-0.0014231324,0,11.838525772094727,-0.07464726269245148,-2.577301025390625,-4.851470470428467,-0.17232193052768707,-0.0060644736513495445,0.15414735674858093,0.3341009318828583,0.0381888784468174
91.89999999998778,-4.846062,-0.0014231324,0,11.759744644165039,-0.0780944675207138,-2.5772705078125,-4.849873065948486,-0.1674538105726242,-0.006714902352541685,0.15582340955734253,0.33073899149894714,-0.07908651232719421
91.89999999998778,-4.846062,-0.0014231324,0,11.720340728759766,-0.07980703562498093,-2.5772552490234375,-4.849142074584961,-0.16504305601119995,-0.0072776502929627895,0.1503176987171173,0.33209487795829773,-0.07517775148153305
91.89999999998778,-4.846062,-0.0014231324,0,11.680959701538086,-0.08149338513612747,-2.577239990234375,-4.848397254943848,-0.16260899603366852,-0.007493653334677219,0.15047384798526764,0.3342641592025757,-0.03169150650501251
91.89999999998778,-4.846062,-0.0014231324,0,11.6416015625,-0.08315351605415344,-2.5772247314453125,-4.847619533538818,-0.16014985740184784,-0.007725279778242111,0.15309487283229828,0.3366754949092865,-0.03350525721907616
92.29999999998748,-4.7979193,-0.0008215905,0,11.562885284423828,-0.08640719950199127,-2.57720947265625,-4.846011638641357,-0.15526901185512543,-0.008127767592668533,0.15490281581878662,0.3401050865650177,-0.026727093383669853
92.29999999998748,-4.7979193,-0.0008215905,0,11.523524284362793,-0.08799796551465988,-2.5771942138671875,-4.84526252746582,-0.15278275310993195,-0.00817522220313549,0.15122736990451813,0.3389231562614441,-0.01089321356266737
92.29999999998748,-4.7979193,-0.0008215905,0,11.484186172485352,-0.08956284821033478,-2.577178955078125,-4.844555854797363,-0.15036961436271667,-0.008082980290055275,0.1444685161113739,0.32910528779029846,0.0067171636037528515
92.29999999998748,-4.7979193,-0.0008215905,0,11.444869995117188,-0.09110245108604431,-2.5771636962890625,-4.843859672546387,-0.14800585806369781,-0.007785185240209103,0.14177203178405762,0.32227274775505066,0.03252550587058067
92.29999999998748,-4.7979193,-0.0008215905,0,11.366172790527344,-0.09410090744495392,-2.5771026611328125,-4.842402458190918,-0.14305683970451355,-0.006662582512944937,0.15560173988342285,0.33526483178138733,0.06892857700586319
92.29999999998748,-4.7979193,-0.0008215905,0,11.326858520507812,-0.09556178003549576,-2.577056884765625,-4.8416056632995605,-0.14061559736728668,-0.006352961529046297,0.15542687475681305,0.32947519421577454,0.03310013189911842
92.29999999998748,-4.7979193,-0.0008215905,0,11.287567138671875,-0.09699732810258865,-2.5770263671875,-4.840903282165527,-0.138144388794899,-0.0064682019874453545,0.14214245975017548,0.3326427936553955,-0.019839031621813774
92.29999999998748,-4.7979193,-0.0008215905,0,11.248244285583496,-0.0984240248799324,-2.57696533203125,-4.840179443359375,-0.1357223242521286,-0.0065377638675272465,0.14695684611797333,0.3274001479148865,-0.014725140295922756
92.29999999998748,-4.7979193,-0.0008215905,0,11.16966438293457,-0.10119910538196564,-2.576873779296875,-4.838683128356934,-0.1308738738298416,-0.006202583201229572,0.15255673229694366,0.3264450132846832,0.019014345481991768
92.29999999998748,-4.7979193,-0.0008215905,0,11.130407333374023,-0.10254756361246109,-2.57684326171875,-4.83781099319458,-0.128437340259552,-0.006074122153222561,0.1609003096818924,0.32714489102363586,0.010957940481603146
92.89999999998716,-4.712475,-0.00022761853,0,11.091119766235352,-0.10389817506074905,-2.5767822265625,-4.836950302124023,-0.12607479095458984,-0.005910451989620924,0.16199824213981628,0.31983518600463867,0.014164484106004238
92.89999999998716,-4.712475,-0.00022761853,0,11.051856994628906,-0.10522372275590897,-2.5767364501953125,-4.836083889007568,-0.12366330623626709,-0.005667997989803553,0.16126000881195068,0.3253614902496338,0.02420227788388729
92.89999999998716,-4.712475,-0.00022761853,0,10.973401069641113,-0.10779943317174911,-2.5766143798828125,-4.83419942855835,-0.11886437982320786,-0.004840732552111149,0.17616254091262817,0.3196560740470886,0.05263927951455116
92.89999999998716,-4.712475,-0.00022761853,0,10.934208869934082,-0.10904990136623383,-2.576568603515625,-4.833122253417969,-0.11640738695859909,-0.004194431938230991,0.1832878440618515,0.3293652832508087,0.07521872967481613
92.89999999998716,-4.712475,-0.00022761853,0,10.895001411437988,-0.11030633002519608,-2.57647705078125,-4.831904411315918,-0.11405938118696213,-0.0035285265184938908,0.20247694849967957,0.3180692195892334,0.07682758569717407
92.89999999998716,-4.712475,-0.00022761853,0,10.85582160949707,-0.11153770983219147,-2.576385498046875,-4.830535888671875,-0.11167123913764954,-0.0027695370372384787,0.21980005502700806,0.3224905729293823,0.08841929584741592
92.89999999998716,-4.712475,-0.00022761853,0,10.77753734588623,-0.11391988396644592,-2.5761871337890625,-4.827421188354492,-0.1069323867559433,-0.0012298774672672153,0.2505221962928772,0.3185420334339142,0.093658447265625
92.89999999998716,-4.712475,-0.00022761853,0,10.738409042358398,-0.11510524898767471,-2.5760650634765625,-4.825676441192627,-0.10458681732416153,-0.0011606230400502682,0.2644714415073395,0.31819453835487366,0.0019189900485798717
92.89999999998716,-4.712475,-0.00022761853,0,10.699310302734375,-0.11626569926738739,-2.5759429931640625,-4.823880672454834,-0.10224897414445877,-0.0018322112737223506,0.2694683372974396,0.316616952419281,-0.09048449993133545
92.89999999998716,-4.712475,-0.00022761853,0,10.660242080688477,-0.11740090698003769,-2.5758514404296875,-4.821927070617676,-0.09985648840665817,-0.0025894411373883486,0.2879873216152191,0.32285076379776,-0.10099354386329651
93.29999999998685,-4.646148,-4.913916e-05,0,10.582171440124512,-0.1196206659078598,-2.5756378173828125,-4.817648410797119,-0.0952032133936882,-0.0033797132782638073,0.31606578826904297,0.31755200028419495,-0.04668673127889633
93.29999999998685,-4.646148,-4.913916e-05,0,10.543169975280762,-0.1207050159573555,-2.5755157470703125,-4.815313339233398,-0.09287317097187042,-0.0037832395173609257,0.3335976004600525,0.31552910804748535,-0.057473309338092804
93.29999999998685,-4.646148,-4.913916e-05,0,10.50420093536377,-0.12176158279180527,-2.575408935546875,-4.812849998474121,-0.09052571654319763,-0.00413089944049716,0.34850698709487915,0.31681689620018005,-0.050276514142751694
93.29999999998685,-4.646148,-4.913916e-05,0,10.465266227722168,-0.12279350310564041,-2.5753021240234375,-4.810359477996826,-0.08822137117385864,-0.004337725695222616,0.3506883382797241,0.31085655093193054,-0.032467763870954514
93.29999999998685,-4.646148,-4.913916e-05,0,10.387426376342773,-0.12482564896345139,-2.5750579833984375,-4.805283546447754,-0.08367452025413513,-0.004298039712011814,0.3617306053638458,0.3023809790611267,0.004516448359936476
93.29999999998685,-4.646148,-4.913916e-05,0,10.348559379577637,-0.12580545246601105,-2.574951171875,-4.802616596221924,-0.08140551298856735,-0.004014117177575827,0.3717600405216217,0.3067100942134857,0.028408130630850792
93.29999999998685,-4.646148,-4.913916e-05,0,10.309727668762207,-0.1267612725496292,-2.5748443603515625,-4.799871921539307,-0.07917341589927673,-0.0035830200649797916,0.3803189694881439,0.30152809619903564,0.04701735079288483
93.29999999998685,-4.646148,-4.913916e-05,0,10.270885467529297,-0.12771685421466827,-2.5746917724609375,-4.797096252441406,-0.07693438231945038,-0.0031538137700408697,0.3858233094215393,0.30426540970802307,0.04520034044981003
93.29999999998685,-4.646148,-4.913916e-05,0,10.193314552307129,-0.12955604493618011,-2.57440185546875,-4.791253089904785,-0.07249537855386734,-0.0031466595828533173,0.40205082297325134,0.3012062907218933,-0.024696344509720802
93.79999999998654,-4.5519376,-2.220446e-18,0,10.154583930969238,-0.1304367482662201,-2.5742645263671875,-4.78824520111084,-0.07029670476913452,-0.0033106799237430096,0.4116808772087097,0.29713672399520874,-0.028207430616021156
93.79999999998654,-4.5519376,-2.220446e-18,0,10.115856170654297,-0.13130290806293488,-2.5741119384765625,-4.785162925720215,-0.06810776889324188,-0.0032737685833126307,0.42151960730552673,0.2963733673095703,-0.004048458766192198
93.79999999998654,-4.5519376,-2.220446e-18,0,10.077168464660645,-0.13214562833309174,-2.5739593505859375,-4.782002925872803,-0.06589806079864502,-0.0032013508025556803,0.4303261637687683,0.2984086275100708,0.0006505287601612508
93.79999999998654,-4.5519376,-2.220446e-18,0,10.038519859313965,-0.13296525180339813,-2.5738067626953125,-4.7787299156188965,-0.06376975029706955,-0.0031196463387459517,0.44354966282844543,0.287685364484787,0.00206520757637918
93.79999999998654,-4.5519376,-2.220446e-18,0,9.999911308288574,-0.1337621808052063,-2.57366943359375,-4.7754058837890625,-0.061641257256269455,-0.0030978391878306866,0.4491333067417145,0.28717556595802307,-0.005174893420189619
93.79999999998654,-4.5519376,-2.220446e-18,0,9.922764778137207,-0.135316863656044,-2.5733489990234375,-4.768530368804932,-0.057322364300489426,-0.0029327329248189926,0.4639035165309906,0.29329097270965576,0.0010752117959782481
93.79999999998654,-4.5519376,-2.220446e-18,0,9.88425350189209,-0.13605980575084686,-2.5731964111328125,-4.764925003051758,-0.055181462317705154,-0.0026520993560552597,0.4824778735637665,0.2887435555458069,0.027091240510344505
93.79999999998654,-4.5519376,-2.220446e-18,0,9.845785140991211,-0.13678042590618134,-2.5730438232421875,-4.761301040649414,-0.05309194326400757,-0.0022913310676813126,0.4839254915714264,0.2817994952201843,0.037348825484514236
93.79999999998654,-4.5519376,-2.220446e-18,0,9.768904685974121,-0.13816212117671967,-2.5727081298828125,-4.753732204437256,-0.04889483377337456,-0.001917096320539713,0.5119233131408691,0.2804473638534546,-0.009483656845986843
93.79999999998654,-4.5519376,-2.220446e-18,0,9.730530738830566,-0.13882000744342804,-2.5725555419921875,-4.7497992515563965,-0.046799492090940475,-0.0023507464211434126,0.5214228630065918,0.28137993812561035,-0.06229057535529137
94.29999999998623,-4.444311,0.0,0,9.692201614379883,-0.13945625722408295,-2.5724029541015625,-4.745798110961914,-0.04476464167237282,-0.0028141981456428766,0.5290709137916565,0.2733443081378937,-0.06584403663873672
94.29999999998623,-4.444311,0.0,0,9.615650177001953,-0.1406671553850174,-2.5720977783203125,-4.737555980682373,-0.04057414457201958,-0.003156068967655301,0.550968587398529,0.2807391285896301,-0.025985760614275932
94.29999999998623,-4.444311,0.0,0,9.577430725097656,-0.14124156534671783,-2.571929931640625,-4.733333110809326,-0.03846931830048561,-0.003376779844984412,0.5564513802528381,0.28101062774658203,-0.03591691702604294
94.29999999998623,-4.444311,0.0,0,9.539257049560547,-0.14179447293281555,-2.5717926025390625,-4.729002952575684,-0.036396581679582596,-0.0036088319029659033,0.5691006183624268,0.2765620946884155,-0.0370820015668869
94.29999999998623,-4.444311,0.0,0,9.501130104064941,-0.14232617616653442,-2.5716400146484375,-4.724669456481934,-0.03434838354587555,-0.003710324177518487,0.5688445568084717,0.2730684280395508,-0.020516103133559227
94.29999999998623,-4.444311,0.0,0,9.424957275390625,-0.14334219694137573,-2.571319580078125,-4.71592378616333,-0.03035377711057663,-0.004073974676430225,0.5767924785614014,0.26101839542388916,-0.050949860364198685
94.29999999998623,-4.444311,0.0,0,9.386940956115723,-0.14381955564022064,-2.5711669921875,-4.711550712585449,-0.02834988199174404,-0.004672291222959757,0.5739153027534485,0.266951322555542,-0.0833575576543808
94.29999999998623,-4.444311,0.0,0,9.348971366882324,-0.14427606761455536,-2.571014404296875,-4.707208156585693,-0.026299364864826202,-0.00522221252322197,0.5693572759628296,0.2723817527294159,-0.07704924046993256
94.29999999998623,-4.444311,0.0,0,9.311026573181152,-0.14471851289272308,-2.57086181640625,-4.702847003936768,-0.024294329807162285,-0.005521346349269152,0.572067379951477,0.26661109924316406,-0.04701828211545944
94.29999999998623,-4.444311,0.0,0,9.23527717590332,-0.14554230868816376,-2.570556640625,-4.694068431854248,-0.020374948158860207,-0.0058359308168292046,0.5723851323127747,0.2572014033794403,-0.028288455680012703
94.79999999998591,-4.3227234,0.0,0,9.197470664978027,-0.1459241360425949,-2.570404052734375,-4.689708232879639,-0.018382426351308823,-0.006040092557668686,0.5696723461151123,0.2639194428920746,-0.0343020036816597
94.79999999998591,-4.3227234,0.0,0,9.15969181060791,-0.14626620709896088,-2.57025146484375,-4.685450553894043,-0.01639915443956852,-0.006122620776295662,0.5566103458404541,0.26000505685806274,-0.01996755413711071
94.79999999998591,-4.3227234,0.0,0,9.121956825256348,-0.14658889174461365,-2.570098876953125,-4.681220054626465,-0.014476070180535316,-0.006121342070400715,0.5525608062744141,0.25220444798469543,-0.009484588168561459
94.79999999998591,-4.3227234,0.0,0,9.046621322631836,-0.14717747271060944,-2.569793701171875,-4.672743320465088,-0.010697088204324245,-0.005869152955710888,0.5561776161193848,0.24650271236896515,0.014014075510203838
94.79999999998591,-4.3227234,0.0,0,9.008996963500977,-0.14742371439933777,-2.56964111328125,-4.668566703796387,-0.008793460205197334,-0.005629668943583965,0.5441744327545166,0.24633386731147766,0.019967088475823402
94.79999999998591,-4.3227234,0.0,0,8.971416473388672,-0.14765185117721558,-2.5694732666015625,-4.664459705352783,-0.006931006442755461,-0.005709568504244089,0.5348637700080872,0.24100367724895477,-0.0196541640907526
94.79999999998591,-4.3227234,0.0,0,8.933878898620605,-0.14786189794540405,-2.5693359375,-4.6603312492370605,-0.0050201998092234135,-0.006154750008136034,0.5369077920913696,0.24686969816684723,-0.06502261012792587
94.79999999998591,-4.3227234,0.0,0,8.858901023864746,-0.14820532500743866,-2.5690460205078125,-4.652013778686523,-0.0012430250644683838,-0.006854136474430561,0.539914071559906,0.23785912990570068,-0.03889342397451401
94.79999999998591,-4.3227234,0.0,0,8.821459770202637,-0.14833466708660126,-2.56890869140625,-4.647897243499756,0.0006393066723830998,-0.006951699964702129,0.534494161605835,0.23943547904491425,-0.022170132026076317
94.79999999998591,-4.3227234,0.0,0,8.784061431884766,-0.14844678342342377,-2.5687713623046875,-4.64380407333374,0.002496669301763177,-0.007114481180906296,0.5309262275695801,0.23624621331691742,-0.03002304397523403
95.19999999998561,-4.2151985,0.0,0,8.746705055236816,-0.1485416293144226,-2.568634033203125,-4.639653205871582,0.004384167958050966,-0.007240844890475273,0.537551760673523,0.23994557559490204,-0.025179700925946236
95.19999999998561,-4.2151985,0.0,0,8.672037124633789,-0.14865627884864807,-2.568359375,-4.631420135498047,0.008097129873931408,-0.007357280235737562,0.5324724912643433,0.23533734679222107,-0.010448972694575787
95.19999999998561,-4.2151985,0.0,0,8.634767532348633,-0.14868830144405365,-2.5682373046875,-4.627371311187744,0.009932057932019234,-0.0072062877006828785,0.5255781412124634,0.23101212084293365,0.009146052412688732
95.19999999998561,-4.2151985,0.0,0,8.597539901733398,-0.14870379865169525,-2.568115234375,-4.623294353485107,0.011746908538043499,-0.006993526127189398,0.5284068584442139,0.2284921258687973,0.017156822606921196
95.19999999998561,-4.2151985,0.0,0,8.56031608581543,-0.14871050417423248,-2.567962646484375,-4.619156360626221,0.013470640406012535,-0.006731814239174128,0.5376309752464294,0.21708884835243225,0.02190563641488552
95.19999999998561,-4.2151985,0.0,0,8.48599910736084,-0.1486711949110031,-2.56768798828125,-4.610662937164307,0.016880404204130173,-0.006066136993467808,0.5520386099815369,0.2079860270023346,0.03498559445142746
95.19999999998561,-4.2151985,0.0,0,8.448906898498535,-0.1486259400844574,-2.5675506591796875,-4.606311798095703,0.018573004752397537,-0.005744685884565115,0.5620126128196716,0.21294423937797546,0.030344350263476372
95.19999999998561,-4.2151985,0.0,0,8.411860466003418,-0.1485651731491089,-2.567413330078125,-4.6018500328063965,0.020297212526202202,-0.005762129090726376,0.5751805901527405,0.2168916016817093,-0.011724884621798992
95.19999999998561,-4.2151985,0.0,0,8.374821662902832,-0.14848971366882324,-2.5672607421875,-4.597297668457031,0.02202066034078598,-0.0060378918424248695,0.5882293581962585,0.216099351644516,-0.045911870896816254
95.19999999998561,-4.2151985,0.0,0,8.300887107849121,-0.14829283952713013,-2.5669708251953125,-4.5878825187683105,0.025358542799949646,-0.006348525173962116,0.6148830652236938,0.2121487259864807,-0.019989440217614174
95.6999999999853,-4.0678296,0.0,0,8.263992309570312,-0.14817163348197937,-2.56683349609375,-4.582953453063965,0.026990873739123344,-0.006419461686164141,0.6335766911506653,0.20473600924015045,-0.01912098191678524
95.6999999999853,-4.0678296,0.0,0,8.2271089553833,-0.1480393409729004,-2.566680908203125,-4.577955722808838,0.028577424585819244,-0.006429850123822689,0.643653154373169,0.1987520158290863,-0.013463198207318783
95.6999999999853,-4.0678296,0.0,0,8.190276145935059,-0.1478923261165619,-2.5665283203125,-4.572848796844482,0.030202092602849007,-0.006463003344833851,0.656661331653595,0.20352832973003387,-0.01594656892120838
95.6999999999853,-4.0678296,0.0,0,8.1167631149292,-0.14754435420036316,-2.566253662109375,-4.562363147735596,0.03341098502278328,-0.006460739299654961,0.679258406162262,0.19542545080184937,-0.008887610398232937
95.6999999999853,-4.0678296,0.0,0,8.080033302307129,-0.14737127721309662,-2.56610107421875,-4.556870937347412,0.034945569932460785,-0.006375976372510195,0.7061622738838196,0.19361138343811035,-0.0018347053555771708
95.6999999999853,-4.0678296,0.0,0,8.043357849121094,-0.14718371629714966,-2.565948486328125,-4.551307678222656,0.036508336663246155,-0.006618793122470379,0.7144620418548584,0.19711165130138397,-0.04241335764527321
95.6999999999853,-4.0678296,0.0,0,8.00673770904541,-0.14698156714439392,-2.5657958984375,-4.545730113983154,0.03804311156272888,-0.007237888406962156,0.71555095911026,0.19359272718429565,-0.08941767364740372
95.6999999999853,-4.0678296,0.0,0,7.933600425720215,-0.1465446799993515,-2.5655059814453125,-4.534289360046387,0.04101687669754028,-0.008078561164438725,0.7419359683990479,0.18875166773796082,-0.0514984093606472
95.6999999999853,-4.0678296,0.0,0,7.897085189819336,-0.1463100016117096,-2.5653533935546875,-4.528524398803711,0.042439501732587814,-0.0082695996388793,0.742074191570282,0.17953170835971832,-0.03653205558657646
96.09999999998499,-3.9395356,0.0,0,7.860627174377441,-0.1460573673248291,-2.565216064453125,-4.522590160369873,0.04382835328578949,-0.008512374013662338,0.7624128460884094,0.17517000436782837,-0.04257354512810707
96.09999999998499,-3.9395356,0.0,0,7.824227809906006,-0.14579156041145325,-2.565093994140625,-4.516567707061768,0.04522981494665146,-0.008768231607973576,0.7728243470191956,0.17672964930534363,-0.043839678168296814
96.09999999998499,-3.9395356,0.0,0,7.751467704772949,-0.14526040852069855,-2.5648193359375,-4.504501819610596,0.047977324575185776,-0.009038053452968597,0.7802446484565735,0.1745970994234085,-0.02808542735874653
96.09999999998499,-3.9395356,0.0,0,7.715177536010742,-0.14497506618499756,-2.564697265625,-4.498413562774658,0.0492885559797287,-0.009064801968634129,0.7842440009117126,0.16653744876384735,-0.016055533662438393
96.09999999998499,-3.9395356,0.0,0,7.6789469718933105,-0.14467722177505493,-2.5645599365234375,-4.492273330688477,0.050583090633153915,-0.008997946046292782,0.7901672124862671,0.16440482437610626,-0.003967433702200651
96.09999999998499,-3.9395356,0.0,0,7.642725944519043,-0.14438442885875702,-2.564422607421875,-4.486096382141113,0.051808953285217285,-0.008803444914519787,0.7972479462623596,0.15703587234020233,0.010574235580861568
96.09999999998499,-3.9395356,0.0,0,7.570469379425049,-0.14376148581504822,-2.56414794921875,-4.473479270935059,0.05431618541479111,-0.009154832921922207,0.8152957558631897,0.15956009924411774,-0.049188729375600815
96.09999999998499,-3.9395356,0.0,0,7.534433841705322,-0.1434263288974762,-2.56402587890625,-4.467036724090576,0.055542994290590286,-0.009386280551552773,0.8282923102378845,0.15685079991817474,-0.04139914736151695
96.09999999998499,-3.9395356,0.0,0,7.498426914215088,-0.14309854805469513,-2.5638885498046875,-4.460551738739014,0.05674261972308159,-0.00946012232452631,0.8338088393211365,0.15516671538352966,-0.02289470098912716
96.09999999998499,-3.9395356,0.0,0,7.4624834060668945,-0.14275884628295898,-2.56378173828125,-4.454010486602783,0.05788521468639374,-0.009415426291525364,0.8402434587478638,0.14793163537979126,-0.007314141374081373
96.49999999998468,-3.8020387,0.0,0,7.3907880783081055,-0.14204411208629608,-2.563568115234375,-4.440769672393799,0.060222480446100235,-0.009500066749751568,0.8554250001907349,0.14972352981567383,-0.025937797501683235
96.49999999998468,-3.8020387,0.0,0,7.355010986328125,-0.14171335101127625,-2.563446044921875,-4.434047222137451,0.061320073902606964,-0.009528492577373981,0.8612188696861267,0.14658288657665253,-0.016435513272881508
96.49999999998468,-3.8020387,0.0,0,7.319299221038818,-0.14137066900730133,-2.5633392333984375,-4.427238464355469,0.06239784136414528,-0.009508062154054642,0.8715212345123291,0.14389118552207947,-0.009932554326951504
96.49999999998468,-3.8020387,0.0,0,7.2836527824401855,-0.1410161852836609,-2.5632476806640625,-4.420379161834717,0.06345527619123459,-0.00946726929396391,0.8773060441017151,0.14114415645599365,-0.007004010956734419
96.49999999998468,-3.8020387,0.0,0,7.212556838989258,-0.14026890695095062,-2.56304931640625,-4.406431198120117,0.06533697247505188,-0.009280110709369183,0.8977841734886169,0.12409559637308121,0.0073583791963756084
96.49999999998468,-3.8020387,0.0,0,7.177107334136963,-0.13992100954055786,-2.562957763671875,-4.399281024932861,0.06629759073257446,-0.009369134902954102,0.9090544581413269,0.1331513524055481,-0.02271355874836445
96.49999999998468,-3.8020387,0.0,0,7.141725540161133,-0.13956193625926971,-2.5628814697265625,-4.392032146453857,0.06721663475036621,-0.009656251408159733,0.9208946824073792,0.12765765190124512,-0.04712165892124176
96.49999999998468,-3.8020387,0.0,0,7.106410980224609,-0.13919195532798767,-2.56280517578125,-4.384735584259033,0.06814371794462204,-0.00993144977837801,0.9264587759971619,0.12837634980678558,-0.04528835043311119
96.49999999998468,-3.8020387,0.0,0,7.035990238189697,-0.13845790922641754,-2.562652587890625,-4.369850158691406,0.06991715729236603,-0.010138028301298618,0.9483820199966431,0.12391253560781479,-0.022767575457692146
96.49999999998468,-3.8020387,0.0,0,7.000884532928467,-0.13809363543987274,-2.5625762939453125,-4.362239360809326,0.07076156139373779,-0.01026783138513565,0.961181640625,0.12127168476581573,-0.027181578800082207
96.99999999998437,-3.6173818,0.0,0,6.96584939956665,-0.13771896064281464,-2.5625,-4.35453462600708,0.07155516743659973,-0.010385875590145588,0.9726565480232239,0.1145603358745575,-0.025373416021466255
96.99999999998437,-3.6173818,0.0,0,6.930884838104248,-0.1373339295387268,-2.5624237060546875,-4.346753120422363,0.07239577919244766,-0.010555941611528397,0.9819925427436829,0.12008650600910187,-0.03195413947105408
96.99999999998437,-3.6173818,0.0,0,6.861173152923584,-0.13659171760082245,-2.5622711181640625,-4.330949783325195,0.0739227756857872,-0.0107515724375844,0.9985154867172241,0.11040472239255905,-0.015677882358431816
96.99999999998437,-3.6173818,0.0,0,6.826425075531006,-0.13620533049106598,-2.56219482421875,-4.322927474975586,0.0746777281165123,-0.01074411440640688,1.008203148841858,0.11215642094612122,-0.009601469151675701
96.99999999998437,-3.6173818,0.0,0,6.791749954223633,-0.1358090043067932,-2.5621337890625,-4.31473970413208,0.0754026472568512,-0.010767281986773014,1.0286962985992432,0.10800284147262573,-0.013106035999953747
96.99999999998437,-3.6173818,0.0,0,6.757150173187256,-0.13541744649410248,-2.5620574951171875,-4.306435585021973,0.07611826807260513,-0.010728581808507442,1.0398309230804443,0.10771001130342484,-0.005814246367663145
96.99999999998437,-3.6173818,0.0,0,6.688174724578857,-0.13460542261600494,-2.56195068359375,-4.289541244506836,0.07748996466398239,-0.011358583346009254,1.0616990327835083,0.10447140038013458,-0.06873765587806702
96.99999999998437,-3.6173818,0.0,0,6.653800010681152,-0.13418518006801605,-2.5618896484375,-4.2809906005859375,0.07818949967622757,-0.011793386191129684,1.0704474449157715,0.10450119525194168,-0.0642957091331482
96.99999999998437,-3.6173818,0.0,0,6.619513511657715,-0.13375818729400635,-2.5618133544921875,-4.272238731384277,0.07887954264879227,-0.011995641514658928,1.091040015220642,0.1035090908408165,-0.036150213330984116
96.99999999998437,-3.6173818,0.0,0,6.585303783416748,-0.1333218812942505,-2.5617523193359375,-4.263443946838379,0.07958436012268066,-0.01211119070649147,1.0964785814285278,0.10498369485139847,-0.02497667260468006
97.39999999998406,-3.4596267,0.0,0,6.517117500305176,-0.13242226839065552,-2.5616607666015625,-4.245572090148926,0.08085770905017853,-0.01241813413798809,1.1229523420333862,0.0929214134812355,-0.0401926189661026
97.39999999998406,-3.4596267,0.0,0,6.48314905166626,-0.1319713443517685,-2.561614990234375,-4.236545562744141,0.08154358714818954,-0.012573517858982086,1.1225709915161133,0.1028626337647438,-0.029475891962647438
97.39999999998406,-3.4596267,0.0,0,6.449258804321289,-0.13151150941848755,-2.5615692138671875,-4.227433204650879,0.08214927464723587,-0.012671601958572865,1.1335352659225464,0.09247392416000366,-0.022001562640070915
97.39999999998406,-3.4596267,0.0,0,6.4154486656188965,-0.13104335963726044,-2.5615386962890625,-4.2182817459106445,0.08272646367549896,-0.012716392055153847,1.1384690999984741,0.08855355530977249,-0.014859716407954693
97.39999999998406,-3.4596267,0.0,0,6.3480682373046875,-0.1300983428955078,-2.5614776611328125,-4.199796199798584,0.0839017704129219,-0.012557251378893852,1.148421049118042,0.08686801791191101,0.001084525021724403
97.39999999998406,-3.4596267,0.0,0,6.31450080871582,-0.12961526215076447,-2.56146240234375,-4.190441131591797,0.08449679613113403,-0.012433825060725212,1.1613738536834717,0.09172560274600983,0.006094574462622404
97.39999999998406,-3.4596267,0.0,0,6.281013488769531,-0.12912379205226898,-2.561431884765625,-4.1810407638549805,0.08511550724506378,-0.0122979786247015,1.167242407798767,0.09432721138000488,0.007935798726975918
97.39999999998406,-3.4596267,0.0,0,6.247607707977295,-0.1286245733499527,-2.5614013671875,-4.171527862548828,0.08561857044696808,-0.012334899976849556,1.1814885139465332,0.07951997965574265,-0.013378913514316082
97.39999999998406,-3.4596267,0.0,0,6.181075572967529,-0.1276281327009201,-2.5613555908203125,-4.152193069458008,0.08662072569131851,-0.012890320271253586,1.198414921760559,0.08008863776922226,-0.04435143992304802
97.39999999998406,-3.4596267,0.0,0,6.147933006286621,-0.12711887061595917,-2.5613250732421875,-4.142426490783691,0.08707773685455322,-0.012975784949958324,1.209446668624878,0.07410259544849396,-0.019831115379929543
97.79999999998375,-3.2931979,0.0,0,6.11487340927124,-0.12660276889801025,-2.561309814453125,-4.132539749145508,0.08752453327178955,-0.013017665594816208,1.2248011827468872,0.07247473299503326,-0.014095100574195385
97.79999999998375,-3.2931979,0.0,0,6.081898212432861,-0.12607945501804352,-2.561279296875,-4.12257194519043,0.0880497395992279,-0.013072810135781765,1.2352931499481201,0.08193349093198776,-0.015472526662051678
97.79999999998375,-3.2931979,0.0,0,6.016229152679443,-0.12505179643630981,-2.561248779296875,-4.102474212646484,0.08902712166309357,-0.013282432220876217,1.2453951835632324,0.0745340883731842,-0.018327029421925545
97.79999999998375,-3.2931979,0.0,0,5.983522415161133,-0.12452390789985657,-2.561248779296875,-4.092301368713379,0.08948064595460892,-0.013338955119252205,1.2580490112304688,0.07467693090438843,-0.015406402759253979
97.79999999998375,-3.2931979,0.0,0,5.950901031494141,-0.1239892840385437,-2.5612335205078125,-4.082016944885254,0.08989770710468292,-0.013308549299836159,1.272356390953064,0.06975585222244263,-0.004281755071133375
97.79999999998375,-3.2931979,0.0,0,5.9183735847473145,-0.12347305566072464,-2.56121826171875,-4.071671485900879,0.0902872085571289,-0.013284650631248951,1.2776325941085815,0.06834322959184647,-0.0055758277885615826
97.79999999998375,-3.2931979,0.0,0,5.853577613830566,-0.12242031842470169,-2.5612030029296875,-4.050797939300537,0.09103196859359741,-0.013207021169364452,1.2961655855178833,0.06466377526521683,0.0014780088094994426
97.79999999998375,-3.2931979,0.0,0,5.821310520172119,-0.12188395857810974,-2.561187744140625,-4.040236473083496,0.09143462777137756,-0.013268702663481236,1.3057302236557007,0.06878645718097687,-0.015507916919887066
97.79999999998375,-3.2931979,0.0,0,5.7891340255737305,-0.12137550860643387,-2.561187744140625,-4.029573440551758,0.0917484238743782,-0.013255765661597252,1.317107081413269,0.0608024001121521,-0.00638375012204051
98.19999999998345,-3.1183758,0.0,0,5.757046222686768,-0.12086032330989838,-2.5611724853515625,-4.018744945526123,0.09205702692270279,-0.013488570228219032,1.33816659450531,0.05968841537833214,-0.036852896213531494
98.19999999998345,-3.1183758,0.0,0,5.693145275115967,-0.11979649215936661,-2.561187744140625,-3.9967851638793945,0.09282402694225311,-0.014123967848718166,1.360262155532837,0.06863879412412643,-0.0456077940762043
98.19999999998345,-3.1183758,0.0,0,5.661325931549072,-0.11927976459264755,-2.5612030029296875,-3.9856982231140137,0.09311965852975845,-0.014269481413066387,1.3700883388519287,0.05945445969700813,-0.025623010471463203
98.19999999998345,-3.1183758,0.0,0,5.629598140716553,-0.11875639855861664,-2.56121826171875,-3.9745030403137207,0.0934184193611145,-0.014390894211828709,1.3840502500534058,0.05936881899833679,-0.022372694686055183
98.19999999998345,-3.1183758,0.0,0,5.597963333129883,-0.1182268038392067,-2.5612335205078125,-3.963204860687256,0.09365867078304291,-0.014467771165072918,1.3973802328109741,0.051589448004961014,-0.01657521165907383
98.19999999998345,-3.1183758,0.0,0,5.534970283508301,-0.11715210974216461,-2.561279296875,-3.940375328063965,0.09407675266265869,-0.014783401973545551,1.4149165153503418,0.045828212052583694,-0.028740612789988518
98.19999999998345,-3.1183758,0.0,0,5.503612995147705,-0.1166071742773056,-2.5612945556640625,-3.9288833141326904,0.09432468563318253,-0.015043082647025585,1.4214673042297363,0.05093863978981972,-0.03981636464595795
98.19999999998345,-3.1183758,0.0,0,5.472350120544434,-0.1160566508769989,-2.5613250732421875,-3.9173777103424072,0.09452599287033081,-0.015346161089837551,1.4235714673995972,0.0446922667324543,-0.045011281967163086
98.19999999998345,-3.1183758,0.0,0,5.441181659698486,-0.11550034582614899,-2.56134033203125,-3.9058268070220947,0.09481129795312881,-0.015499366447329521,1.4295772314071655,0.05478382483124733,-0.026325693354010582
98.19999999998345,-3.1183758,0.0,0,5.379148006439209,-0.1143788993358612,-2.561370849609375,-3.8827338218688965,0.0952644795179367,-0.01528243813663721,1.4272106885910034,0.04760005325078964,0.010200775228440762
98.59999999998314,-2.935494,0.0,0,5.348272800445557,-0.11380975693464279,-2.5613861083984375,-3.8711318969726562,0.09553658217191696,-0.015232405625283718,1.4345723390579224,0.05181434005498886,-0.0009508802904747427
98.59999999998314,-2.935494,0.0,0,5.317492485046387,-0.11323479562997818,-2.5614013671875,-3.8594751358032227,0.09581094235181808,-0.01519736833870411,1.441885232925415,0.051727138459682465,-0.0025965271051973104
98.59999999998314,-2.935494,0.0,0,5.286811351776123,-0.11265520006418228,-2.5614166259765625,-3.8478140830993652,0.0960368886590004,-0.015182381495833397,1.4411951303482056,0.0447886660695076,-0.00554136885330081
98.59999999998314,-2.935494,0.0,0,5.225732803344727,-0.11148029565811157,-2.5614471435546875,-3.8245720863342285,0.09648885577917099,-0.015069006942212582,1.436501145362854,0.04507473111152649,0.0018891877261921763
98.59999999998314,-2.935494,0.0,0,5.195335388183594,-0.11088483780622482,-2.561492919921875,-3.8128981590270996,0.09673680365085602,-0.014949655160307884,1.4441887140274048,0.046525511890649796,0.008691566996276379
98.59999999998314,-2.935494,0.0,0,5.165043830871582,-0.11028652638196945,-2.5615081787109375,-3.8012261390686035,0.09695262461900711,-0.014773555099964142,1.4420958757400513,0.041572388261556625,0.014895572327077389
98.59999999998314,-2.935494,0.0,0,5.1348466873168945,-0.10968317091464996,-2.5615386962890625,-3.7895429134368896,0.09715677797794342,-0.014572498388588428,1.4440090656280518,0.039813332259655,0.018246470019221306
98.59999999998314,-2.935494,0.0,0,5.07473611831665,-0.10846211761236191,-2.5615997314453125,-3.7660486698150635,0.09751895815134048,-0.014365016482770443,1.458854079246521,0.03627066686749458,0.0020838340278714895
98.59999999998314,-2.935494,0.0,0,5.04482364654541,-0.10784471035003662,-2.5616302490234375,-3.7541966438293457,0.09767280519008636,-0.01440100185573101,1.4664807319641113,0.03265579044818878,-0.010738148353993893
98.59999999998314,-2.935494,0.0,0,5.015026569366455,-0.10722306370735168,-2.5616455078125,-3.74229097366333,0.09783875942230225,-0.014616533182561398,1.4708704948425293,0.03350149840116501,-0.03404449298977852
98.99999999998283,-2.744936,0.0,0,4.985325336456299,-0.10659700632095337,-2.561676025390625,-3.730346202850342,0.09798603504896164,-0.014824331738054752,1.4762099981307983,0.030900849029421806,-0.032961830496788025
98.99999999998283,-2.744936,0.0,0,4.926209926605225,-0.10533203184604645,-2.5617218017578125,-3.7063851356506348,0.09831302613019943,-0.014731114730238914,1.4831323623657227,0.033016547560691833,0.0056098210625350475
98.99999999998283,-2.744936,0.0,0,4.896805286407471,-0.10469327867031097,-2.5617218017578125,-3.6943678855895996,0.09850233793258667,-0.014745602384209633,1.485050082206726,0.034702859818935394,-0.010093207471072674
98.99999999998283,-2.744936,0.0,0,4.867496490478516,-0.10404986888170242,-2.561737060546875,-3.6822874546051025,0.09871149063110352,-0.014843731187283993,1.4933854341506958,0.03695002943277359,-0.020293982699513435
98.99999999998283,-2.744936,0.0,0,4.838284492492676,-0.10340233147144318,-2.561737060546875,-3.6701743602752686,0.09882059693336487,-0.01488669402897358,1.4978525638580322,0.0242143664509058,-0.013153533451259136
98.99999999998283,-2.744936,0.0,0,4.7801642417907715,-0.10210743546485901,-2.5617523193359375,-3.645787000656128,0.09903473407030106,-0.01497300062328577,1.5068879127502441,0.025873957201838493,-0.0122669143602252
98.99999999998283,-2.744936,0.0,0,4.751255989074707,-0.10145966708660126,-2.561767578125,-3.633518695831299,0.0991632491350174,-0.015071013942360878,1.516255497932434,0.026567811146378517,-0.020289326086640358
98.99999999998283,-2.744936,0.0,0,4.722445487976074,-0.10080783814191818,-2.5617828369140625,-3.621305465698242,0.09930595755577087,-0.015260636806488037,1.5097928047180176,0.028108660131692886,-0.031499188393354416
98.99999999998283,-2.744936,0.0,0,4.693731784820557,-0.10015204548835754,-2.561798095703125,-3.60917592048645,0.09941191226243973,-0.015361188910901546,1.4997063875198364,0.02328335866332054,-0.02013006992638111
98.99999999998283,-2.744936,0.0,0,4.636569499969482,-0.09883837401866913,-2.5618438720703125,-3.5848286151885986,0.09962470829486847,-0.015310386195778847,1.5068355798721313,0.022662628442049026,-0.0005746259703300893
99.29999999998253,-2.597237,0.0,0,4.608133792877197,-0.09817621111869812,-2.561859130859375,-3.5726335048675537,0.09965822845697403,-0.015283382497727871,1.5099725723266602,0.0134911322966218,-0.003912485670298338
99.29999999998253,-2.597237,0.0,0,4.579795837402344,-0.0975106805562973,-2.5618896484375,-3.5603699684143066,0.09974227100610733,-0.015297092497348785,1.5188955068588257,0.01958990842103958,-0.008774920366704464
99.29999999998253,-2.597237,0.0,0,4.551551818847656,-0.09683912247419357,-2.561920166015625,-3.548109531402588,0.09981715679168701,-0.015264283865690231,1.51839280128479,0.01749320700764656,-0.0029820946510881186
99.29999999998253,-2.597237,0.0,0,4.495356559753418,-0.0954863429069519,-2.5619964599609375,-3.5237419605255127,0.09992924332618713,-0.015214572660624981,1.5123203992843628,0.012256995774805546,-0.0022053716238588095
99.29999999998253,-2.597237,0.0,0,4.467404365539551,-0.09480531513690948,-2.5620269775390625,-3.5115232467651367,0.1000165194272995,-0.015134619548916817,1.5143033266067505,0.018479671329259872,0.0035664995666593313
99.29999999998253,-2.597237,0.0,0,4.439563274383545,-0.09411531686782837,-2.56207275390625,-3.499309539794922,0.10008152574300766,-0.014989781193435192,1.5115177631378174,0.014195621944963932,0.011694150976836681
99.29999999998253,-2.597237,0.0,0,4.411819934844971,-0.09342219680547714,-2.5621185302734375,-3.487018585205078,0.10016515105962753,-0.014936789870262146,1.521552562713623,0.016376690939068794,0.0004149041778873652
99.29999999998253,-2.597237,0.0,0,4.356625080108643,-0.0920281782746315,-2.562225341796875,-3.462460994720459,0.1001950204372406,-0.015118344686925411,1.5221495628356934,0.00699108000844717,-0.02042716182768345
99.29999999998253,-2.597237,0.0,0,4.329190731048584,-0.09131698310375214,-2.562286376953125,-3.450115919113159,0.10022883862257004,-0.015203307382762432,1.526475429534912,0.0077722882851958275,-0.016652977094054222
99.69999999998223,-2.394308,0.0,0,4.301854133605957,-0.09060345590114594,-2.5623321533203125,-3.437758445739746,0.1002625972032547,-0.015163570642471313,1.5284454822540283,0.00767745915800333,-0.0008773058070801198
99.69999999998223,-2.394308,0.0,0,4.274615287780762,-0.08988773077726364,-2.5623931884765625,-3.4254281520843506,0.10028163343667984,-0.015140458010137081,1.5254617929458618,0.0057511040940880775,-0.0027716157492250204
99.69999999998223,-2.394308,0.0,0,4.2204484939575195,-0.0884423553943634,-2.5625152587890625,-3.4005987644195557,0.10036960989236832,-0.015252543613314629,1.5371289253234863,0.008046656847000122,-0.020226461812853813
99.69999999998223,-2.394308,0.0,0,4.193521499633789,-0.08771279454231262,-2.562591552734375,-3.388150215148926,0.10038474202156067,-0.015279355458915234,1.5386312007904053,0.003399942070245743,-0.009122303687036037
99.69999999998223,-2.394308,0.0,0,4.166692733764648,-0.08698143064975739,-2.562652587890625,-3.3756229877471924,0.10039322078227997,-0.015306288376450539,1.548899531364441,0.0025257484521716833,-0.008957459591329098
99.69999999998223,-2.394308,0.0,0,4.139962673187256,-0.08624827861785889,-2.562713623046875,-3.36307430267334,0.10038826614618301,-0.01534923817962408,1.5520172119140625,0.0008038695668801665,-0.010978895239531994
99.69999999998223,-2.394308,0.0,0,4.086822986602783,-0.08477157354354858,-2.5628509521484375,-3.337862968444824,0.10047540813684464,-0.015415210276842117,1.5589531660079956,0.004384982865303755,-0.010902061127126217
99.69999999998223,-2.394308,0.0,0,4.060413360595703,-0.08402833342552185,-2.5629119873046875,-3.325178623199463,0.10042594373226166,-0.01544582936912775,1.5666543245315552,-0.006167987361550331,-0.009400303475558758
99.69999999998223,-2.394308,0.0,0,4.0341033935546875,-0.0832839161157608,-2.56298828125,-3.312479257583618,0.10037610679864883,-0.015592275187373161,1.5689789056777954,-0.00622520362958312,-0.023709608241915703
99.69999999998223,-2.394308,0.0,0,4.0078935623168945,-0.08253838866949081,-2.5630645751953125,-3.2997336387634277,0.10031011700630188,-0.015844181180000305,1.5751813650131226,-0.00825448613613844,-0.0367267020046711
99.99999999998192,-2.2378895,0.0,0,3.9558284282684326,-0.08104926347732544,-2.563262939453125,-3.274073600769043,0.10025852918624878,-0.016095738857984543,1.5857985019683838,-0.0055639180354774,-0.010742339305579662
99.99999999998192,-2.2378895,0.0,0,3.9299466609954834,-0.08030284196138382,-2.563385009765625,-3.261186361312866,0.10019705444574356,-0.016067130491137505,1.590311884880066,-0.007995331659913063,-0.000503845454659313
99.99999999998192,-2.2378895,0.0,0,3.9041659832000732,-0.07955530285835266,-2.5635223388671875,-3.248289108276367,0.10014215856790543,-0.01609542965888977,1.5920602083206177,-0.007177336141467094,-0.007485970389097929
99.99999999998192,-2.2378895,0.0,0,3.8785006999969482,-0.07880711555480957,-2.56365966796875,-3.235358715057373,0.10006703436374664,-0.016189606860280037,1.5939477682113647,-0.010474502108991146,-0.015869734808802605
99.99999999998192,-2.2378895,0.0,0,3.8274731636047363,-0.07730749994516373,-2.563934326171875,-3.209458351135254,0.09997402876615524,-0.016290543600916862,1.603861689567566,-0.0061731841415166855,-0.0018551944522187114
99.99999999998192,-2.2378895,0.0,0,3.8021116256713867,-0.0765562430024147,-2.5640716552734375,-3.196485757827759,0.09987987577915192,-0.016265563666820526,1.600918173789978,-0.012813763692975044,-0.0005932524218223989
99.99999999998192,-2.2378895,0.0,0,3.7768616676330566,-0.07580883800983429,-2.5642242431640625,-3.1834936141967773,0.0998319536447525,-0.016263829544186592,1.6015536785125732,-0.0072803255170583725,-0.003452878212556243
99.99999999998192,-2.2378895,0.0,0,3.7517130374908447,-0.0750606581568718,-2.564361572265625,-3.1705148220062256,0.09970907866954803,-0.01632789522409439,1.6004822254180908,-0.016632582992315292,-0.011812894605100155
99.99999999998192,-2.2378895,0.0,0,3.7017204761505127,-0.07356269657611847,-2.5646514892578125,-3.144495725631714,0.09947065263986588,-0.016239004209637642,1.6069858074188232,-0.014795037917792797,0.006808433216065168
99.99999999998192,-2.2378895,0.0,0,3.6768887042999268,-0.0728045403957367,-2.5648040771484375,-3.1315524578094482,0.09938875585794449,-0.016161950305104256,1.5949866771697998,-0.013729952275753021,0.005547888111323118
100.29999999998162,-2.0781033,0.0,0,3.652158260345459,-0.07204578816890717,-2.56494140625,-3.1185758113861084,0.0992867648601532,-0.016128994524478912,1.5997706651687622,-0.016169127076864243,0.0001662410650169477
100.29999999998162,-2.0781033,0.0,0,3.6275291442871094,-0.07128649204969406,-2.5650787353515625,-3.1056067943573,0.09920082986354828,-0.016129562631249428,1.5993831157684326,-0.014089852571487427,-0.003895722096785903
100.29999999998162,-2.0781033,0.0,0,3.5785908699035645,-0.06975823640823364,-2.5653839111328125,-3.0796685218811035,0.0989423468708992,-0.016036342829465866,1.5958095788955688,-0.02044259011745453,0.005519948434084654
100.29999999998162,-2.0781033,0.0,0,3.554281711578369,-0.06898951530456543,-2.5655517578125,-3.0666990280151367,0.09881961345672607,-0.015965988859534264,1.598275899887085,-0.021097252145409584,0.00570202199742198
100.29999999998162,-2.0781033,0.0,0,3.5300731658935547,-0.06822065263986588,-2.5657196044921875,-3.053769588470459,0.09869857877492905,-0.01586279645562172,1.5938949584960938,-0.020753739401698112,0.009912065230309963
100.29999999998162,-2.0781033,0.0,0,3.5059657096862793,-0.06745174527168274,-2.5658721923828125,-3.040827751159668,0.09856528788805008,-0.015716664493083954,1.5960339307785034,-0.022158954292535782,0.015379860065877438
100.29999999998162,-2.0781033,0.0,0,3.458080291748047,-0.06589814275503159,-2.5662078857421875,-3.0148587226867676,0.09832856059074402,-0.015373382717370987,1.5969313383102417,-0.021768197417259216,0.016415024176239967
100.29999999998162,-2.0781033,0.0,0,3.4342892169952393,-0.06512162834405899,-2.5663604736328125,-3.0018627643585205,0.09815963357686996,-0.015390340238809586,1.6018840074539185,-0.02855260856449604,-0.004819593857973814
100.29999999998162,-2.0781033,0.0,0,3.410599708557129,-0.0643455758690834,-2.5665283203125,-2.9887843132019043,0.09799077361822128,-0.015494492836296558,1.6127402782440186,-0.028370818123221397,-0.015633178874850273
100.29999999998162,-2.0781033,0.0,0,3.387019395828247,-0.06356502324342728,-2.5666961669921875,-2.975656509399414,0.09781041741371155,-0.015505213290452957,1.6175832748413086,-0.031563859432935715,-0.004036351572722197
100.59999999998132,-1.9151869,0.0,0,3.3401639461517334,-0.06200603395700455,-2.5670166015625,-2.94954776763916,0.0974326804280281,-0.015243103727698326,1.6092278957366943,-0.030928850173950195,0.015009193681180477
100.59999999998132,-1.9151869,0.0,0,3.3168890476226807,-0.06122767552733421,-2.5671844482421875,-2.9364521503448486,0.09722921997308731,-0.015149654820561409,1.6153051853179932,-0.03382234647870064,0.009237322025001049
100.59999999998132,-1.9151869,0.0,0,3.2937161922454834,-0.06045008823275566,-2.5673370361328125,-2.9233450889587402,0.09706807881593704,-0.015077485702931881,1.6172627210617065,-0.0283355675637722,0.006657093297690153
100.59999999998132,-1.9151869,0.0,0,3.2706427574157715,-0.05967274680733681,-2.5675048828125,-2.910221576690674,0.09689011424779892,-0.01500024925917387,1.6197161674499512,-0.03182142972946167,0.006935558747500181
100.59999999998132,-1.9151869,0.0,0,3.2248029708862305,-0.058121129870414734,-2.56781005859375,-2.8839361667633057,0.09641162306070328,-0.014871948398649693,1.6246716976165771,-0.039754718542099,0.007031019311398268
100.59999999998132,-1.9151869,0.0,0,3.2020373344421387,-0.057346902787685394,-2.567962646484375,-2.8707950115203857,0.09621904045343399,-0.014848170801997185,1.6233854293823242,-0.032979559153318405,0.00045448538730852306
100.59999999998132,-1.9151869,0.0,0,3.1793675422668457,-0.056570637971162796,-2.568115234375,-2.8576443195343018,0.09600629657506943,-0.014780363067984581,1.6249778270721436,-0.03700355812907219,0.0055795530788600445
100.59999999998132,-1.9151869,0.0,0,3.1568009853363037,-0.05579530447721481,-2.568267822265625,-2.8444721698760986,0.0958082526922226,-0.014661027118563652,1.628135323524475,-0.03491587191820145,0.0121104521676898
100.59999999998132,-1.9151869,0.0,0,3.1343371868133545,-0.05502091348171234,-2.5684051513671875,-2.831378221511841,0.09556842595338821,-0.014482326805591583,1.6187924146652222,-0.03989510238170624,0.01961923949420452
100.59999999998132,-1.9151869,0.0,0,3.0897140502929688,-0.053456082940101624,-2.5687103271484375,-2.805180788040161,0.09505879878997803,-0.014149649068713188,1.6212701797485352,-0.04203350469470024,0.019556375220417976
100.89999999998102,-1.749387,0.0,0,3.0675551891326904,-0.05266555771231651,-2.5688629150390625,-2.7920429706573486,0.09484297782182693,-0.013985911384224892,1.6248146295547485,-0.03992015868425369,0.018137505277991295
100.89999999998102,-1.749387,0.0,0,3.045499324798584,-0.05187679082155228,-2.569000244140625,-2.7789511680603027,0.09458994120359421,-0.013779912143945694,1.619528889656067,-0.044255878776311874,0.023255588486790657
100.89999999998102,-1.749387,0.0,0,3.0016844272613525,-0.05028938874602318,-2.56927490234375,-2.7529735565185547,0.09411831945180893,-0.013358482159674168,1.6046807765960693,-0.04728657752275467,0.019782686606049538
100.89999999998102,-1.749387,0.0,0,2.9799253940582275,-0.049490973353385925,-2.569427490234375,-2.739936590194702,0.09395164251327515,-0.013177340850234032,1.6144715547561646,-0.035256508737802505,0.020493751391768456
100.89999999998102,-1.749387,0.0,0,2.958268642425537,-0.048694219440221786,-2.5695648193359375,-2.7269034385681152,0.09372127801179886,-0.01296312641352415,1.6143813133239746,-0.042863115668296814,0.024703795090317726
100.89999999998102,-1.749387,0.0,0,2.9367141723632812,-0.047899335622787476,-2.5697021484375,-2.7138936519622803,0.09349635243415833,-0.012785946018993855,1.6118470430374146,-0.04183661565184593,0.020147299394011497
100.89999999998102,-1.749387,0.0,0,2.8939013481140137,-0.04631583020091057,-2.57000732421875,-2.687831401824951,0.09293701499700546,-0.012676535174250603,1.6191409826278687,-0.048211682587862015,0.003524124389514327
100.89999999998102,-1.749387,0.0,0,2.8726491928100586,-0.04552748426795006,-2.5701904296875,-2.674769401550293,0.09264881163835526,-0.012596993707120419,1.6193289756774902,-0.04961499199271202,0.009530688636004925
100.89999999998102,-1.749387,0.0,0,2.851499557495117,-0.044741563498973846,-2.57037353515625,-2.6617109775543213,0.09237121045589447,-0.012390930205583572,1.619179368019104,-0.04795290157198906,0.0253701563924551
100.89999999998102,-1.749387,0.0,0,2.830458402633667,-0.043950408697128296,-2.5705718994140625,-2.6486501693725586,0.09211967140436172,-0.012259064242243767,1.618340015411377,-0.04636785015463829,0.01700175739824772
101.19999999998072,-1.5809588,0.0,0,2.8095195293426514,-0.04316157102584839,-2.570770263671875,-2.6356353759765625,0.09184201061725616,-0.012229781597852707,1.612962007522583,-0.049262356013059616,0.004177446942776442
101.19999999998072,-1.5809588,0.0,0,2.7679498195648193,-0.04159139469265938,-2.5711517333984375,-2.60955548286438,0.09122704714536667,-0.012135744094848633,1.615394115447998,-0.05639991536736488,0.005295034032315016
101.19999999998072,-1.5809588,0.0,0,2.7473158836364746,-0.040816888213157654,-2.57135009765625,-2.596545934677124,0.09092161804437637,-0.01207744237035513,1.6124380826950073,-0.05204934626817703,0.008243600837886333
101.19999999998072,-1.5809588,0.0,0,2.7267844676971436,-0.04004499688744545,-2.5715179443359375,-2.5835447311401367,0.09058825671672821,-0.011989589780569077,1.611743450164795,-0.055196743458509445,0.01144502218812704
101.19999999998072,-1.5809588,0.0,0,2.6860272884368896,-0.03850945457816124,-2.5718536376953125,-2.557699680328369,0.08988092839717865,-0.011739245615899563,1.603081464767456,-0.060499679297208786,0.014770309440791607
101.19999999998072,-1.5809588,0.0,0,2.6657936573028564,-0.03774379566311836,-2.572021484375,-2.5447778701782227,0.08958827704191208,-0.0116642527282238,1.6023792028427124,-0.0503719300031662,0.009913927875459194
101.19999999998072,-1.5809588,0.0,0,2.6456620693206787,-0.03698087856173515,-2.5721893310546875,-2.5318775177001953,0.08923288434743881,-0.011638778261840343,1.599975347518921,-0.05786960944533348,0.0037178394850343466
101.19999999998072,-1.5809588,0.0,0,2.6256320476531982,-0.03622082248330116,-2.572357177734375,-2.5189900398254395,0.08887391537427902,-0.011527558788657188,1.5986915826797485,-0.05798013508319855,0.014430376701056957
101.19999999998072,-1.5809588,0.0,0,2.5858774185180664,-0.03470984473824501,-2.5726776123046875,-2.493241786956787,0.0881270095705986,-0.011141514405608177,1.592860460281372,-0.0619225800037384,0.024869104847311974
101.19999999998072,-1.5809588,0.0,0,2.5661542415618896,-0.03394145891070366,-2.572845458984375,-2.4803576469421387,0.08774171769618988,-0.010968486778438091,1.5980799198150635,-0.06354766339063644,0.022502614185214043
101.39999999998042,-1.4673423,0.0,0,2.546532392501831,-0.0331767313182354,-2.572998046875,-2.4675405025482178,0.08733056485652924,-0.010802756994962692,1.5900391340255737,-0.06638962030410767,0.021578742191195488
101.39999999998042,-1.4673423,0.0,0,2.5270118713378906,-0.03241598978638649,-2.5731658935546875,-2.454726219177246,0.08689026534557343,-0.01067360583692789,1.5899966955184937,-0.06965093314647675,0.016995703801512718
101.39999999998042,-1.4673423,0.0,0,2.4882678985595703,-0.030892562121152878,-2.5734710693359375,-2.429111957550049,0.08606859296560287,-0.010284077376127243,1.5847445726394653,-0.0681331530213356,0.02652592770755291
101.39999999998042,-1.4673423,0.0,0,2.4690442085266113,-0.030130431056022644,-2.5736236572265625,-2.4164040088653564,0.085616834461689,-0.010131905786693096,1.5771467685699463,-0.07248874753713608,0.02014916203916073
101.39999999998042,-1.4673423,0.0,0,2.449921131134033,-0.02937229722738266,-2.5737762451171875,-2.403667688369751,0.08523287624120712,-0.009978042915463448,1.5809617042541504,-0.06360620260238647,0.02033822052180767
101.39999999998042,-1.4673423,0.0,0,2.430898666381836,-0.028618155047297478,-2.5739288330078125,-2.3909952640533447,0.08481089770793915,-0.009811392053961754,1.5732635259628296,-0.06795795261859894,0.02206442691385746
101.39999999998042,-1.4673423,0.0,0,2.393137216567993,-0.027075717225670815,-2.5742340087890625,-2.3656153678894043,0.08405051380395889,-0.009583099745213985,1.5748999118804932,-0.06301313638687134,0.01605367101728916
101.39999999998042,-1.4673423,0.0,0,2.3744072914123535,-0.026310769841074944,-2.5743865966796875,-2.352991819381714,0.0836462453007698,-0.009443015791475773,1.5683404207229614,-0.06851547211408615,0.018834134563803673
101.39999999998042,-1.4673423,0.0,0,2.3557772636413574,-0.025550108402967453,-2.57452392578125,-2.3403496742248535,0.08329174667596817,-0.009226426482200623,1.5709037780761719,-0.061832889914512634,0.028370412066578865
101.39999999998042,-1.4673423,0.0,0,2.3372268676757812,-0.024783045053482056,-2.5746612548828125,-2.3277711868286133,0.08286052942276001,-0.009005136787891388,1.5651774406433105,-0.07347825914621353,0.029043758288025856
101.59999999998013,-1.3527528,0.0,0,2.3004257678985596,-0.023263271898031235,-2.574920654296875,-2.3026578426361084,0.08195175230503082,-0.008633273653686047,1.563538670539856,-0.0793142095208168,0.024510545656085014
101.59999999998013,-1.3527528,0.0,0,2.282175302505493,-0.022510772570967674,-2.5750579833984375,-2.290045976638794,0.08153828233480453,-0.008541880175471306,1.5698801279067993,-0.06978725641965866,0.012745614163577557
101.59999999998013,-1.3527528,0.0,0,2.263998508453369,-0.021769162267446518,-2.5751800537109375,-2.2774202823638916,0.0810914933681488,-0.008402381092309952,1.5733973979949951,-0.07370194047689438,0.018998978659510612
101.59999999998013,-1.3527528,0.0,0,2.245922327041626,-0.021032042801380157,-2.5753021240234375,-2.264864444732666,0.08067631721496582,-0.008306407369673252,1.5647671222686768,-0.06928946077823639,0.013525131158530712
101.59999999998013,-1.3527528,0.0,0,2.210071563720703,-0.019571349024772644,-2.575531005859375,-2.239823341369629,0.07977928221225739,-0.008056985214352608,1.557342290878296,-0.07245775312185287,0.01725274883210659
101.59999999998013,-1.3527528,0.0,0,2.192265272140503,-0.018848881125450134,-2.575653076171875,-2.2272963523864746,0.07930085062980652,-0.007978438399732113,1.5632821321487427,-0.07687442749738693,0.011948402039706707
101.59999999998013,-1.3527528,0.0,0,2.174560070037842,-0.018130827695131302,-2.575775146484375,-2.214737892150879,0.0789148211479187,-0.007931862957775593,1.5672798156738281,-0.0648828074336052,0.007901339791715145
101.59999999998013,-1.3527528,0.0,0,2.1569559574127197,-0.01741710491478443,-2.5758819580078125,-2.202186107635498,0.07843727618455887,-0.00784224271774292,1.5664631128311157,-0.07589247077703476,0.013270880095660686
101.59999999998013,-1.3527528,0.0,0,2.1220340728759766,-0.01600445993244648,-2.5761260986328125,-2.1771364212036133,0.07755174487829208,-0.00768332788720727,1.5625722408294678,-0.07244646549224854,0.016098840162158012
101.59999999998013,-1.3527528,0.0,0,2.1047163009643555,-0.015305322594940662,-2.5762481689453125,-2.1646335124969482,0.07711530476808548,-0.007640719413757324,1.5609638690948486,-0.07014497369527817,0.008462927304208279
101.89999999997983,-1.1792195,0.0,0,2.0874996185302734,-0.014610466547310352,-2.5763702392578125,-2.1521100997924805,0.07670029997825623,-0.007525802124291658,1.563535451889038,-0.06705871969461441,0.01742550916969776
101.89999999997983,-1.1792195,0.0,0,2.0703840255737305,-0.01392009574919939,-2.5764923095703125,-2.139531373977661,0.07621873170137405,-0.007460627239197493,1.570496916770935,-0.0749833807349205,0.011134426109492779
101.89999999997983,-1.1792195,0.0,0,2.0364058017730713,-0.012562659569084644,-2.5767364501953125,-2.1145095825195312,0.07519438862800598,-0.007361878640949726,1.5653272867202759,-0.0767398327589035,0.00813091080635786
101.89999999997983,-1.1792195,0.0,0,2.019568920135498,-0.011891083791851997,-2.576873779296875,-2.102022409439087,0.07469605654478073,-0.007252538576722145,1.5607717037200928,-0.07634320110082626,0.017855314537882805
101.89999999997983,-1.1792195,0.0,0,2.002833127975464,-0.011224348098039627,-2.5770111083984375,-2.08949875831604,0.07418516278266907,-0.007111080456525087,1.5653190612792969,-0.07754401117563248,0.021763144060969353
101.89999999997983,-1.1792195,0.0,0,1.9861986637115479,-0.010562439449131489,-2.5771484375,-2.0770037174224854,0.0736914575099945,-0.006968115456402302,1.561750888824463,-0.07503542304039001,0.021847428753972054
101.89999999997983,-1.1792195,0.0,0,1.9531850814819336,-0.009243744425475597,-2.5774078369140625,-2.0520823001861572,0.07261010259389877,-0.006946595851331949,1.5571731328964233,-0.08308347314596176,0.0011185182956978679
101.89999999997983,-1.1792195,0.0,0,1.9368300437927246,-0.008592148311436176,-2.5775299072265625,-2.039655923843384,0.07209132611751556,-0.006962898653000593,1.5549702644348145,-0.07890129089355469,0.0019143334357067943
101.89999999997983,-1.1792195,0.0,0,1.9205756187438965,-0.007945598103106022,-2.5776519775390625,-2.027287244796753,0.07156509160995483,-0.006858692038804293,1.5477031469345093,-0.07946203649044037,0.01687975414097309
102.09999999997953,-1.0625489,0.0,0,1.9043890237808228,-0.007306973449885845,-2.5777587890625,-2.0148978233337402,0.07103398442268372,-0.006760486401617527,1.5528860092163086,-0.08014027029275894,0.016056930646300316
102.09999999997953,-1.0625489,0.0,0,1.888303518295288,-0.006673471070826054,-2.5778656005859375,-2.0025463104248047,0.07049412280321121,-0.006631538737565279,1.548055648803711,-0.08086912333965302,0.019808297976851463
102.09999999997953,-1.0625489,0.0,0,1.8564350605010986,-0.005422166548669338,-2.5780792236328125,-1.977830410003662,0.0693613812327385,-0.006383226253092289,1.54866361618042,-0.08217166364192963,0.019600147381424904
102.09999999997953,-1.0625489,0.0,0,1.8406165838241577,-0.004799361806362867,-2.5781707763671875,-1.965563178062439,0.06882541626691818,-0.0062622190453112125,1.5401105880737305,-0.08116476982831955,0.018897464498877525
102.09999999997953,-1.0625489,0.0,0,1.8248988389968872,-0.004181506112217903,-2.578277587890625,-1.953316569328308,0.0683172345161438,-0.006094552576541901,1.5373611450195312,-0.07731273025274277,0.024638602510094643
102.09999999997953,-1.0625489,0.0,0,1.7937633991241455,-0.0029609412886202335,-2.578460693359375,-1.9290169477462769,0.06724027544260025,-0.005698999855667353,1.525207281112671,-0.08075149357318878,0.0348375141620636
102.09999999997953,-1.0625489,0.0,0,1.778306007385254,-0.0023463787510991096,-2.5785369873046875,-1.916899561882019,0.0667138323187828,-0.005562000907957554,1.5242115259170532,-0.08099491149187088,0.02049468271434307
102.09999999997953,-1.0625489,0.0,0,1.7629486322402954,-0.0017371905269101262,-2.5785980224609375,-1.9048340320587158,0.06617580354213715,-0.005512066651135683,1.5174564123153687,-0.08203444629907608,0.00953161995857954
102.09999999997953,-1.0625489,0.0,0,1.7476906776428223,-0.0011331377318128943,-2.57867431640625,-1.8928266763687134,0.06567137688398361,-0.005390043370425701,1.5099332332611084,-0.07743672281503677,0.018465330824255943
102.09999999997953,-1.0625489,0.0,0,1.7174360752105713,8.28854608698748e-05,-2.57879638671875,-1.8689687252044678,0.06460140645503998,-0.00496087409555912,1.4978296756744385,-0.08365219086408615,0.03254273533821106
102.29999999997924,-0.9451876,0.0,0,1.7024394273757935,0.0006946198991499841,-2.578857421875,-1.8570531606674194,0.06412993371486664,-0.00476748077198863,1.5004884004592896,-0.07609794288873672,0.02739950828254223
102.29999999997924,-0.9451876,0.0,0,1.6875414848327637,0.0013009656686335802,-2.57891845703125,-1.8451827764511108,0.06360553205013275,-0.0046082958579063416,1.4945601224899292,-0.08225341886281967,0.023050231859087944
102.29999999997924,-0.9451876,0.0,0,1.6727416515350342,0.001901682815514505,-2.5789642333984375,-1.8333847522735596,0.06309407949447632,-0.004477209411561489,1.485223650932312,-0.0801871195435524,0.019310040399432182
102.29999999997924,-0.9451876,0.0,0,1.6433640718460083,0.00312851183116436,-2.579071044921875,-1.8100683689117432,0.062100861221551895,-0.004252989310771227,1.46871817111969,-0.08143176883459091,0.020025761798024178
102.29999999997924,-0.9451876,0.0,0,1.6288211345672607,0.003733324585482478,-2.579132080078125,-1.7984107732772827,0.06161263957619667,-0.004145571030676365,1.4698847532272339,-0.07950785011053085,0.017175914719700813
102.29999999997924,-0.9451876,0.0,0,1.6143749952316284,0.004332332871854305,-2.5791778564453125,-1.786784291267395,0.06108194217085838,-0.004017954226583242,1.4656301736831665,-0.08432143181562424,0.019608063623309135
102.29999999997924,-0.9451876,0.0,0,1.600000262260437,0.004940155893564224,-2.5792388916015625,-1.7751520872116089,0.06054442375898361,-0.0038716744165867567,1.4680756330490112,-0.087416872382164,0.02283276803791523
102.29999999997924,-0.9451876,0.0,0,1.5857226848602295,0.005541762337088585,-2.5792999267578125,-1.7635337114334106,0.06001324579119682,-0.003834507428109646,1.4659407138824463,-0.08608333766460419,0.009076668880879879
102.29999999997924,-0.9451876,0.0,0,1.5715421438217163,0.0061372206546366215,-2.5793609619140625,-1.751928687095642,0.059483595192432404,-0.0038711095694452524,1.4638652801513672,-0.08536636084318161,-0.00025844198535196483
102.29999999997924,-0.9451876,0.0,0,1.5434504747390747,0.007318910211324692,-2.579498291015625,-1.7289007902145386,0.058520521968603134,-0.003971242345869541,1.4491981267929077,-0.07945971190929413,0.003898981725797057
102.39999999997895,-0.8862734,0.0,0,1.529538869857788,0.00790499895811081,-2.5795745849609375,-1.7174558639526367,0.05798383802175522,-0.0039065065793693066,1.4442126750946045,-0.08667929470539093,0.012783798389136791
102.39999999997895,-0.8862734,0.0,0,1.5020017623901367,0.00905944500118494,-2.5797119140625,-1.6946476697921753,0.056973982602357864,-0.003843160578981042,1.4346369504928589,-0.08452092111110687,0.0073518599383533
102.39999999997895,-0.8862734,0.0,0,1.4883754253387451,0.009627754800021648,-2.57977294921875,-1.6833354234695435,0.05646232143044472,-0.0038031009025871754,1.4264819622039795,-0.08202224224805832,0.009347683750092983
102.39999999997895,-0.8862734,0.0,0,1.4748190641403198,0.010199958458542824,-2.579864501953125,-1.6720268726348877,0.055980369448661804,-0.003764691762626171,1.42802894115448,-0.08001828193664551,0.010508577339351177
102.39999999997895,-0.8862734,0.0,0,1.4613574743270874,0.010766156017780304,-2.579925537109375,-1.660757303237915,0.05544087290763855,-0.003683490213006735,1.4227384328842163,-0.08668621629476547,0.015292315743863583
102.39999999997895,-0.8862734,0.0,0,1.4347162246704102,0.011879920028150082,-2.580047607421875,-1.6383155584335327,0.054393183439970016,-0.0035373796708881855,1.411178469657898,-0.07995980232954025,0.017367767170071602
102.39999999997895,-0.8862734,0.0,0,1.4215000867843628,0.012429099529981613,-2.5801239013671875,-1.6271568536758423,0.05388184264302254,-0.003454307559877634,1.411819577217102,-0.0825880914926529,0.016522591933608055
102.39999999997895,-0.8862734,0.0,0,1.4083775281906128,0.01297210343182087,-2.5802001953125,-1.6160255670547485,0.053301941603422165,-0.003414162900298834,1.40790593624115,-0.0906582847237587,0.010992865078151226
102.39999999997895,-0.8862734,0.0,0,1.3953485488891602,0.013508674688637257,-2.5802764892578125,-1.6049000024795532,0.052740029990673065,-0.003363966941833496,1.4067258834838867,-0.08792393654584885,0.012090428732335567
102.39999999997895,-0.8862734,0.0,0,1.3695346117019653,0.014562588185071945,-2.5804443359375,-1.5828555822372437,0.05170836299657822,-0.0032633296214044094,1.393120288848877,-0.08118186146020889,0.014759133569896221
102.59999999997865,-0.7680286,0.0,0,1.3567495346069336,0.015079975128173828,-2.580535888671875,-1.5718309879302979,0.051142677664756775,-0.0032210187055170536,1.3968093395233154,-0.08787145465612411,0.012170056812465191
102.59999999997865,-0.7680286,0.0,0,1.3440572023391724,0.015591198578476906,-2.58062744140625,-1.5608481168746948,0.05055491253733635,-0.003194057149812579,1.3910815715789795,-0.09017077833414078,0.010068993084132671
102.59999999997865,-0.7680286,0.0,0,1.3314570188522339,0.016096128150820732,-2.5807037353515625,-1.5499356985092163,0.04999323934316635,-0.003145913826301694,1.3817745447158813,-0.0864599198102951,0.012539791874587536
102.59999999997865,-0.7680286,0.0,0,1.306458830833435,0.017067521810531616,-2.5808868408203125,-1.5281598567962646,0.04881945252418518,-0.002979742595925927,1.379659652709961,-0.08604711294174194,0.01794099621474743
102.59999999997865,-0.7680286,0.0,0,1.2940977811813354,0.017544550821185112,-2.5809783935546875,-1.5173012018203735,0.04830131307244301,-0.002945683663710952,1.3776166439056396,-0.07961766421794891,0.010943970642983913
102.59999999997865,-0.7680286,0.0,0,1.2818284034729004,0.01801617257297039,-2.5810699462890625,-1.5064784288406372,0.04778028279542923,-0.002895486308261752,1.3725873231887817,-0.07957587391138077,0.012783798389136791
102.59999999997865,-0.7680286,0.0,0,1.2696119546890259,0.01846545934677124,-2.5811767578125,-1.4956377744674683,0.047213271260261536,-0.002802571514621377,1.378051519393921,-0.08369692414999008,0.018905380740761757
102.59999999997865,-0.7680286,0.0,0,1.2574877738952637,0.01890902779996395,-2.581268310546875,-1.4848066568374634,0.04657779261469841,-0.002790080616250634,1.3762266635894775,-0.091905876994133,0.008657108061015606
102.59999999997865,-0.7680286,0.0,0,1.2335143089294434,0.019778136163949966,-2.5814666748046875,-1.4632582664489746,0.045357655733823776,-0.00286479271017015,1.369497537612915,-0.08396722376346588,0.0008922069682739675
102.59999999997865,-0.7680286,0.0,0,1.2216018438339233,0.020195871591567993,-2.581573486328125,-1.4525432586669922,0.044746384024620056,-0.0028882359620183706,1.3664754629135132,-0.08773764222860336,0.0046775671653449535
102.79999999997835,-0.6492963,0.0,0,1.2097814083099365,0.02060803212225437,-2.5816650390625,-1.4418214559555054,0.044161539524793625,-0.002790268510580063,1.3665691614151,-0.08412015438079834,0.019651370123028755
102.79999999997835,-0.6492963,0.0,0,1.1864155530929565,0.021416272968053818,-2.5818634033203125,-1.4205349683761597,0.04299253597855568,-0.002725271275267005,1.3517320156097412,-0.08431576937437057,0.00983429979532957
102.79999999997835,-0.6492963,0.0,0,1.1748147010803223,0.021809959784150124,-2.58197021484375,-1.4099293947219849,0.04239179939031601,-0.002640655031427741,1.3556796312332153,-0.0855264738202095,0.018406657502055168
102.79999999997835,-0.6492963,0.0,0,1.163305640220642,0.02219812385737896,-2.5820770263671875,-1.3993223905563354,0.04178331792354584,-0.0026096857618540525,1.3550353050231934,-0.08620111644268036,0.01149251963943243
102.79999999997835,-0.6492963,0.0,0,1.151888132095337,0.022580910474061966,-2.5821685791015625,-1.3887465000152588,0.04122666269540787,-0.0025641487445682287,1.3503382205963135,-0.07943501323461533,0.013110692612826824
102.79999999997835,-0.6492963,0.0,0,1.1292665004730225,0.023337863385677338,-2.5823822021484375,-1.367777705192566,0.04004483297467232,-0.0024991920217871666,1.3328092098236084,-0.08073121309280396,0.01258822064846754
102.79999999997835,-0.6492963,0.0,0,1.118061900138855,0.023711860179901123,-2.582489013671875,-1.3574204444885254,0.03942067176103592,-0.0024172691628336906,1.3268910646438599,-0.08850113302469254,0.018246935680508614
102.79999999997835,-0.6492963,0.0,0,1.106947422027588,0.02408023178577423,-2.5825958251953125,-1.3470587730407715,0.03887125849723816,-0.002290333155542612,1.3265659809112549,-0.07885841280221939,0.023661179468035698
102.79999999997835,-0.6492963,0.0,0,1.095922827720642,0.024443063884973526,-2.5826873779296875,-1.3368116617202759,0.03824898600578308,-0.002131182001903653,1.311400294303894,-0.08767540007829666,0.02749636583030224
102.89999999997806,-0.5897726,0.0,0,1.0740737915039062,0.02516487054526806,-2.5829010009765625,-1.316501259803772,0.03705427423119545,-0.0018629705300554633,1.300797462463379,-0.08855655044317245,0.02391217090189457
102.89999999997806,-0.5897726,0.0,0,1.0632492303848267,0.02552373707294464,-2.5830078125,-1.306496024131775,0.036485377699136734,-0.0017246047500520945,1.2857717275619507,-0.08219723403453827,0.025593673810362816
102.89999999997806,-0.5897726,0.0,0,1.052512764930725,0.025876564905047417,-2.583099365234375,-1.2964586019515991,0.035844285041093826,-0.0015796285588294268,1.2888411283493042,-0.09090524166822433,0.026201827451586723
102.89999999997806,-0.5897726,0.0,0,1.0418643951416016,0.02622317709028721,-2.5832061767578125,-1.2864594459533691,0.03522234782576561,-0.001477769110351801,1.2831398248672485,-0.08820103108882904,0.020600387826561928
102.89999999997806,-0.5897726,0.0,0,1.0207009315490723,0.026918446645140648,-2.58343505859375,-1.266774296760559,0.034066639840602875,-0.0012005260214209557,1.264927864074707,-0.08128324896097183,0.02792430855333805
102.89999999997806,-0.5897726,0.0,0,1.0102497339248657,0.0272572822868824,-2.583526611328125,-1.2570403814315796,0.0334818996489048,-0.0010492453584447503,1.253824234008789,-0.08440682291984558,0.027455387637019157
102.89999999997806,-0.5897726,0.0,0,0.9998849630355835,0.027590332552790642,-2.5836181640625,-1.2472987174987793,0.032946933060884476,-0.0008527531172148883,1.253801941871643,-0.07785949110984802,0.03288033977150917
102.89999999997806,-0.5897726,0.0,0,0.9895487427711487,0.02793416567146778,-2.5837249755859375,-1.2376247644424438,0.032364923506975174,-0.0006912629469297826,1.250161051750183,-0.08600453287363052,0.02943817339837551
102.89999999997806,-0.5897726,0.0,0,0.9691346883773804,0.028603781014680862,-2.5839385986328125,-1.2184712886810303,0.03128170594573021,-0.0004405104846227914,1.2340798377990723,-0.07906737178564072,0.021398531273007393
102.89999999997806,-0.5897726,0.0,0,0.9590558409690857,0.028929734602570534,-2.5840301513671875,-1.2089204788208008,0.03072378970682621,-0.00029543472919613123,1.2315168380737305,-0.08189506083726883,0.026663763448596
102.99999999997777,-0.53015715,0.0,0,0.9489908218383789,0.029265688732266426,-2.584136962890625,-1.199436068534851,0.030259599909186363,-0.0002552021178416908,1.2293864488601685,-0.07213248312473297,0.014728865586221218
102.99999999997777,-0.53015715,0.0,0,0.939011812210083,0.02959604002535343,-2.584228515625,-1.1899502277374268,0.029755406081676483,-0.00015690432337578386,1.2283596992492676,-0.0767374262213707,0.021328216418623924
102.99999999997777,-0.53015715,0.0,0,0.9193087220191956,0.03023897297680378,-2.58441162109375,-1.1712207794189453,0.02869279868900776,7.76705564931035e-06,1.209755301475525,-0.0787346139550209,0.020077450200915337
102.99999999997777,-0.53015715,0.0,0,0.9095075726509094,0.030575506389141083,-2.5845184326171875,-1.1619526147842407,0.02817518636584282,0.00013035796291660517,1.2049334049224854,-0.08058416098356247,0.025847459211945534
102.99999999997777,-0.53015715,0.0,0,0.899791419506073,0.030905775725841522,-2.584625244140625,-1.1526906490325928,0.027671633288264275,0.0002013960765907541,1.2028437852859497,-0.07838106155395508,0.01911679096519947
102.99999999997777,-0.53015715,0.0,0,0.8901598453521729,0.031229965388774872,-2.5847320556640625,-1.1434533596038818,0.027150988578796387,0.0003516742726787925,1.1985028982162476,-0.08008313179016113,0.02874247543513775
102.99999999997777,-0.53015715,0.0,0,0.8710712194442749,0.03187796100974083,-2.5849761962890625,-1.1251044273376465,0.02612902596592903,0.0005433431942947209,1.1915372610092163,-0.07870601862668991,0.022078862413764
102.99999999997777,-0.53015715,0.0,0,0.8616144061088562,0.03220166265964508,-2.5850677490234375,-1.1160141229629517,0.02560843527317047,0.0005400240188464522,1.1844152212142944,-0.08159132301807404,0.010510439984500408
102.99999999997777,-0.53015715,0.0,0,0.8522418737411499,0.03251905366778374,-2.585174560546875,-1.1069120168685913,0.025110440328717232,0.0005649314261972904,1.1845495700836182,-0.07830554246902466,0.013740266673266888
102.99999999997777,-0.53015715,0.0,0,0.8429528474807739,0.032830141484737396,-2.58526611328125,-1.0978721380233765,0.02459314465522766,0.000668930821120739,1.175477147102356,-0.08026920258998871,0.023336613550782204
103.09999999997748,-0.47046006,0.0,0,0.824475884437561,0.03346782177686691,-2.58551025390625,-1.0799081325531006,0.023597352206707,0.0008495607762597501,1.173267126083374,-0.0799543559551239,0.019536351785063744
103.09999999997748,-0.47046006,0.0,0,0.8153628706932068,0.033777087926864624,-2.5856170654296875,-1.0710277557373047,0.023115860298275948,0.000947559077758342,1.1594229936599731,-0.07699927687644958,0.024080274626612663
103.09999999997748,-0.47046006,0.0,0,0.8063328862190247,0.03408007323741913,-2.5857391357421875,-1.0620664358139038,0.02262403443455696,0.0010312211234122515,1.1681972742080688,-0.07782316952943802,0.02196524105966091
103.09999999997748,-0.47046006,0.0,0,0.7973194718360901,0.034373775124549866,-2.5858612060546875,-1.0532047748565674,0.022191978991031647,0.001075321459211409,1.1616911888122559,-0.06982088834047318,0.018608754500746727
103.09999999997748,-0.47046006,0.0,0,0.7795425057411194,0.03494351729750633,-2.5861053466796875,-1.0355018377304077,0.02124752290546894,0.001231456990353763,1.158571720123291,-0.07103747129440308,0.01900968886911869
103.09999999997748,-0.47046006,0.0,0,0.7707786560058594,0.03521968796849251,-2.5862274169921875,-1.026620864868164,0.020799294114112854,0.0012252398300915956,1.1598138809204102,-0.07055442035198212,0.011273193173110485
103.09999999997748,-0.47046006,0.0,0,0.7620973587036133,0.03549030423164368,-2.586334228515625,-1.0178041458129883,0.020370788872241974,0.0012906469637528062,1.1504219770431519,-0.06768225133419037,0.019896307960152626
103.09999999997748,-0.47046006,0.0,0,0.7534172534942627,0.03574780374765396,-2.5864715576171875,-1.009063720703125,0.019917607307434082,0.001387302065268159,1.1483927965164185,-0.0696064755320549,0.025088896974921227
103.09999999997748,-0.47046006,0.0,0,0.7448198199272156,0.035999689251184464,-2.5865936279296875,-1.0003787279129028,0.01944023370742798,0.001435046549886465,1.1399623155593872,-0.07226508855819702,0.018618999049067497
103.09999999997748,-0.47046006,0.0,0,0.7363046407699585,0.03624609112739563,-2.58673095703125,-0.9917083382606506,0.01898595690727234,0.0014117135433480144,1.1366478204727173,-0.06902211904525757,0.009388196282088757
103.29999999997719,-0.35086045,0.0,0,0.7194353938102722,0.03672957047820091,-2.587005615234375,-0.974449634552002,0.01801554299890995,0.0015467912890017033,1.1379876136779785,-0.07418439537286758,0.03235926479101181
103.29999999997719,-0.35086045,0.0,0,0.7110822796821594,0.036966465413570404,-2.5871429443359375,-0.9659180641174316,0.01756686344742775,0.0016386543866246939,1.1239794492721558,-0.06818025559186935,0.024206003174185753
103.29999999997719,-0.35086045,0.0,0,0.6946206092834473,0.037423811852931976,-2.58740234375,-0.9488852620124817,0.016642611473798752,0.0018088766373693943,1.1150543689727783,-0.07035765051841736,0.024201346561312675
103.29999999997719,-0.35086045,0.0,0,0.6864396333694458,0.037648480385541916,-2.5875244140625,-0.9404195547103882,0.01619531773030758,0.001893805107101798,1.1191469430923462,-0.06720195710659027,0.023006459698081017
103.29999999997719,-0.35086045,0.0,0,0.6783404350280762,0.03786756843328476,-2.587646484375,-0.9319586753845215,0.015741119161248207,0.0019718867260962725,1.1168931722640991,-0.06774239242076874,0.02181343547999859
103.29999999997719,-0.35086045,0.0,0,0.6703226566314697,0.03808120638132095,-2.587738037109375,-0.9235052466392517,0.015298690646886826,0.002061825478449464,1.114356517791748,-0.06595739722251892,0.022606922313570976
103.29999999997719,-0.35086045,0.0,0,0.6544680595397949,0.03849658742547035,-2.5879364013671875,-0.9067717790603638,0.014425884932279587,0.0023392748553305864,1.1033108234405518,-0.0639115422964096,0.029939690604805946
103.29999999997719,-0.35086045,0.0,0,0.6466310620307922,0.03869835287332535,-2.588043212890625,-0.8984525799751282,0.013971441425383091,0.0024464691523462534,1.0999444723129272,-0.06663454324007034,0.024597158655524254
103.29999999997719,-0.35086045,0.0,0,0.638874351978302,0.03889450058341026,-2.588134765625,-0.8901487588882446,0.013516678474843502,0.0025206434074789286,1.096402883529663,-0.06638814508914948,0.0201654601842165
103.29999999997719,-0.35086045,0.0,0,0.631197452545166,0.03908494487404823,-2.588226318359375,-0.8819051384925842,0.013022062368690968,0.0025834201369434595,1.0872857570648193,-0.07109035551548004,0.018444841727614403
103.3999999999769,-0.29097754,0.0,0,0.615937352180481,0.039463430643081665,-2.5883941650390625,-0.8655787706375122,0.012105408124625683,0.0028607151471078396,1.0794563293457031,-0.06696262210607529,0.029589978978037834
103.3999999999769,-0.29097754,0.0,0,0.6084268689155579,0.03964400291442871,-2.588470458984375,-0.8574022054672241,0.0116225341334939,0.0029464291874319315,1.081419587135315,-0.0691024512052536,0.020819248631596565
103.3999999999769,-0.29097754,0.0,0,0.6009953022003174,0.03981872275471687,-2.5885467529296875,-0.8493417501449585,0.011142075061798096,0.0030721279326826334,1.0652999877929688,-0.06853976100683212,0.025544313713908195
103.3999999999769,-0.29097754,0.0,0,0.5935641527175903,0.04000447317957878,-2.588623046875,-0.8414005041122437,0.010644334368407726,0.0031814745161682367,1.0569428205490112,-0.07196813821792603,0.024097038432955742
103.3999999999769,-0.29097754,0.0,0,0.5862115025520325,0.04018404334783554,-2.5886993408203125,-0.8334879875183105,0.010196392424404621,0.003303631441667676,1.051606297492981,-0.06545480340719223,0.025416722521185875
103.3999999999769,-0.29097754,0.0,0,0.571739137172699,0.04052593186497688,-2.588836669921875,-0.8177635669708252,0.00931381806731224,0.003671223996207118,1.0411126613616943,-0.06568316370248795,0.03235134854912758
103.3999999999769,-0.29097754,0.0,0,0.5645449757575989,0.04070752486586571,-2.5889129638671875,-0.8100558519363403,0.00886133499443531,0.0037768918555229902,1.0284262895584106,-0.06706048548221588,0.023365018889307976
103.3999999999769,-0.29097754,0.0,0,0.5574280619621277,0.0408831425011158,-2.5889739990234375,-0.8023402690887451,0.008464598096907139,0.003969441633671522,1.0276315212249756,-0.059783242642879486,0.03381818160414696
103.3999999999769,-0.29097754,0.0,0,0.5434228181838989,0.041217438876628876,-2.589080810546875,-0.7871233820915222,0.007688825950026512,0.004332550801336765,1.007700800895691,-0.05803850293159485,0.03540375828742981
103.3999999999769,-0.29097754,0.0,0,0.5364699363708496,0.04138999432325363,-2.589141845703125,-0.7796565890312195,0.007293364033102989,0.004429798107594252,0.9983271956443787,-0.05999130755662918,0.021913086995482445
103.39999999997661,-0.29097754,0.0,0,0.5295923948287964,0.041556768119335175,-2.589202880859375,-0.7721816897392273,0.006920306943356991,0.004586454015225172,0.9975663423538208,-0.05687864124774933,0.029074957594275475
103.39999999997661,-0.29097754,0.0,0,0.5227895379066467,0.041717685759067535,-2.5892486572265625,-0.764790952205658,0.0064995442517101765,0.004697106312960386,0.9853229522705078,-0.06253863871097565,0.02306746132671833
103.39999999997661,-0.29097754,0.0,0,0.5094038248062134,0.04202178120613098,-2.58935546875,-0.7501974105834961,0.005682455375790596,0.0050157238729298115,0.9692481756210327,-0.06118086725473404,0.026021616533398628
103.39999999997661,-0.29097754,0.0,0,0.502748966217041,0.04217114672064781,-2.5894012451171875,-0.7429995536804199,0.005311326123774052,0.005161046050488949,0.9640519618988037,-0.055412955582141876,0.027221160009503365
103.39999999997661,-0.29097754,0.0,0,0.49616703391075134,0.04231482744216919,-2.5894622802734375,-0.735832154750824,0.004932342562824488,0.005364362616091967,0.9584794044494629,-0.056123167276382446,0.034224238246679306
103.39999999997661,-0.29097754,0.0,0,0.4896574318408966,0.042452942579984665,-2.5894927978515625,-0.7287009358406067,0.004554379731416702,0.005473746918141842,0.952229380607605,-0.05573048070073128,0.022242309525609016
103.39999999997661,-0.29097754,0.0,0,0.47677144408226013,0.042717210948467255,-2.5895843505859375,-0.714605450630188,0.003746384521946311,0.005644182674586773,0.9430413246154785,-0.05759496986865997,0.018864402547478676
103.39999999997661,-0.29097754,0.0,0,0.47039520740509033,0.04284295812249184,-2.5896148681640625,-0.7076772451400757,0.0032793348655104637,0.005751549266278744,0.9305538535118103,-0.06579272449016571,0.021943820640444756
103.39999999997661,-0.29097754,0.0,0,0.464089959859848,0.04296274855732918,-2.58966064453125,-0.7007514238357544,0.0028892371337860823,0.005879586096853018,0.9284557700157166,-0.05594383925199509,0.024293547496199608
103.49999999997632,-0.23105222,0.0,0,0.45785531401634216,0.043076835572719574,-2.589691162109375,-0.6938601732254028,0.0024660853669047356,0.006020895205438137,0.9223850965499878,-0.059852149337530136,0.025757120922207832
103.49999999997632,-0.23105222,0.0,0,0.4454294741153717,0.04332172870635986,-2.589752197265625,-0.6803522706031799,0.0016166656278073788,0.006163672544062138,0.9142823219299316,-0.058999694883823395,0.018761491402983665
103.49999999997632,-0.23105222,0.0,0,0.43932244181632996,0.04343514144420624,-2.5897674560546875,-0.6735350489616394,0.0012406964087858796,0.006225496530532837,0.9166086912155151,-0.05454617366194725,0.015427823178470135
103.49999999997632,-0.23105222,0.0,0,0.43328559398651123,0.04354294016957283,-2.5897979736328125,-0.6667506694793701,0.0008569128694944084,0.006199739407747984,0.9107038974761963,-0.05528867989778519,0.0042687165550887585
103.49999999997632,-0.23105222,0.0,0,0.4272535443305969,0.0436573326587677,-2.5898284912109375,-0.6600430011749268,0.0004467631515581161,0.006267697550356388,0.9063941836357117,-0.05964736267924309,0.016449948772788048
103.49999999997632,-0.23105222,0.0,0,0.4153996407985687,0.043868642300367355,-2.5898895263671875,-0.6466302871704102,-0.00028759543783962727,0.006403171457350254,0.9036293029785156,-0.05488499253988266,0.01667626015841961
103.49999999997632,-0.23105222,0.0,0,0.40957725048065186,0.04396574944257736,-2.58990478515625,-0.6399108171463013,-0.0006548014935106039,0.006422804668545723,0.9023076295852661,-0.05353030934929848,0.009461305104196072
103.49999999997632,-0.23105222,0.0,0,0.4037491977214813,0.04407400265336037,-2.5899200439453125,-0.63325434923172,-0.0009995398577302694,0.006467955652624369,0.9006977081298828,-0.051923420280218124,0.01325178798288107
103.49999999997632,-0.23105222,0.0,0,0.3979909420013428,0.0441763699054718,-2.5899505615234375,-0.6266460418701172,-0.0013744892785325646,0.006503541022539139,0.8927595615386963,-0.05542956292629242,0.01184688787907362
103.49999999997632,-0.23105222,0.0,0,0.3866817355155945,0.044364672154188156,-2.5899810791015625,-0.6134587526321411,-0.0019917034078389406,0.006511110812425613,0.8889800310134888,-0.049060922116041183,0.006191897671669722
103.59999999997603,-0.17109407,0.0,0,0.3810547888278961,0.04446396231651306,-2.59002685546875,-0.6068969368934631,-0.0023452017921954393,0.006439113989472389,0.8896210193634033,-0.05331598222255707,-0.001286156359128654
103.59999999997603,-0.17109407,0.0,0,0.37549737095832825,0.044557664543390274,-2.590057373046875,-0.6003378033638,-0.002656690077856183,0.0063966792076826096,0.8873566389083862,-0.04778679460287094,0.002197455381974578
103.59999999997603,-0.17109407,0.0,0,0.3700092136859894,0.04464578628540039,-2.590087890625,-0.5937711596488953,-0.002982031786814332,0.006424975115805864,0.8864296674728394,-0.0492478683590889,0.011015216819941998
103.59999999997603,-0.17109407,0.0,0,0.3591451644897461,0.04483044520020485,-2.590179443359375,-0.5808285474777222,-0.0035823676735162735,0.006476099602878094,0.8785263299942017,-0.05026513338088989,0.012375879101455212
103.59999999997603,-0.17109407,0.0,0,0.3537699580192566,0.04492640867829323,-2.5902252197265625,-0.5744093656539917,-0.0038925521075725555,0.006499383132904768,0.8724998235702515,-0.04944317042827606,0.010598915629088879
103.59999999997603,-0.17109407,0.0,0,0.3484632074832916,0.045016996562480927,-2.59027099609375,-0.5680039525032043,-0.004154667258262634,0.006502876058220863,0.8688391447067261,-0.0431177094578743,0.00791484396904707
103.59999999997603,-0.17109407,0.0,0,0.34322500228881836,0.045102208852767944,-2.590301513671875,-0.5615299940109253,-0.004458311479538679,0.006531307939440012,0.8755209445953369,-0.04800092428922653,0.010827555321156979
103.59999999997603,-0.17109407,0.0,0,0.3327729403972626,0.04530056193470955,-2.5903778076171875,-0.5488379001617432,-0.004958493635058403,0.006531623657792807,0.8586053252220154,-0.04159048572182655,0.0026272607501596212
103.59999999997603,-0.17109407,0.0,0,0.3276495337486267,0.0453915111720562,-2.5904083251953125,-0.5425702333450317,-0.005262971855700016,0.00656844861805439,0.8531973361968994,-0.04986422881484032,0.011361203156411648
103.59999999997603,-0.17109407,0.0,0,0.3225935399532318,0.04547704756259918,-2.5904388427734375,-0.53633713722229,-0.005501324310898781,0.0065223523415625095,0.8469573855400085,-0.04125478118658066,0.0008130445494316518
103.69999999997574,-0.111112624,0.0,0,0.3176041841506958,0.045557472854852676,-2.5904541015625,-0.5301634669303894,-0.005763547029346228,0.006529366131871939,0.8376659154891968,-0.04390488564968109,0.0072736288420856
103.69999999997574,-0.111112624,0.0,0,0.3125974237918854,0.0456613264977932,-2.590484619140625,-0.5240095257759094,-0.00601780554279685,0.006628592498600483,0.8419831991195679,-0.04614432528614998,0.018840188160538673
103.69999999997574,-0.111112624,0.0,0,0.30765780806541443,0.045759715139865875,-2.59051513671875,-0.5179070830345154,-0.006246900651603937,0.006715758237987757,0.833550751209259,-0.04258781671524048,0.017159616574645042
103.69999999997574,-0.111112624,0.0,0,0.2979777157306671,0.045939791947603226,-2.5905609130859375,-0.5057422518730164,-0.006722027435898781,0.00679965503513813,0.828183650970459,-0.035935837775468826,0.010856891982257366
103.69999999997574,-0.111112624,0.0,0,0.29314541816711426,0.04604051634669304,-2.590576171875,-0.4998115599155426,-0.006961521226912737,0.006826531141996384,0.8156725764274597,-0.04526134207844734,0.0096675930544734
103.69999999997574,-0.111112624,0.0,0,0.2883789539337158,0.046135492622852325,-2.590606689453125,-0.4939316511154175,-0.00719853863120079,0.006877515465021133,0.8072934150695801,-0.04451771453022957,0.012511852197349072
103.69999999997574,-0.111112624,0.0,0,0.27904120087623596,0.046310000121593475,-2.59063720703125,-0.48223626613616943,-0.007622010074555874,0.006927201524376869,0.7972026467323303,-0.04476796090602875,0.009547452442348003
103.69999999997574,-0.111112624,0.0,0,0.2743801772594452,0.0464177168905735,-2.5906829833984375,-0.47651076316833496,-0.007876629009842873,0.006942706648260355,0.7910892963409424,-0.048847708851099014,0.009081325493752956
103.69999999997574,-0.111112624,0.0,0,0.2697836458683014,0.04651922360062599,-2.5907135009765625,-0.4708540141582489,-0.008169354870915413,0.0069768899120390415,0.78041672706604,-0.0531330481171608,0.011221504770219326
103.69999999997546,-0.111112624,0.0,0,0.2562858462333679,0.04683195799589157,-2.5908203125,-0.4540351927280426,-0.008721242658793926,0.007161484099924564,0.7720498442649841,-0.037767089903354645,0.014864838682115078
103.69999999997546,-0.111112624,0.0,0,0.25185421109199524,0.04695291444659233,-2.590850830078125,-0.4484923481941223,-0.008911612443625927,0.007212656084448099,0.7672048211097717,-0.04317817836999893,0.013496260158717632
103.69999999997546,-0.111112624,0.0,0,0.24748574197292328,0.04706796258687973,-2.59088134765625,-0.4430132806301117,-0.009099270217120647,0.007272484712302685,0.7571755647659302,-0.04230168089270592,0.014384276233613491
103.69999999997546,-0.111112624,0.0,0,0.24317944049835205,0.047177355736494064,-2.590911865234375,-0.4376159608364105,-0.009272768162190914,0.007289665285497904,0.7449531555175781,-0.04001031443476677,0.008863861672580242
103.69999999997546,-0.111112624,0.0,0,0.2345309853553772,0.047471847385168076,-2.5909881591796875,-0.42701879143714905,-0.009562683291733265,0.007365762256085873,0.73659747838974,-0.03691331669688225,0.013756564818322659
103.69999999997546,-0.111112624,0.0,0,0.2302999198436737,0.04761043190956116,-2.5910186767578125,-0.42179179191589355,-0.009619100019335747,0.007412194740027189,0.728547990322113,-0.028705023229122162,0.013025476597249508
103.69999999997546,-0.111112624,0.0,0,0.22613020241260529,0.04774339869618416,-2.5910491943359375,-0.4165402948856354,-0.009751450270414352,0.007450044620782137,0.7295140027999878,-0.03760325908660889,0.01173978578299284
103.69999999997546,-0.111112624,0.0,0,0.2219052016735077,0.04789726808667183,-2.591094970703125,-0.4114207327365875,-0.009892352856695652,0.007489639800041914,0.7230177521705627,-0.04074864834547043,0.012551899068057537
103.69999999997546,-0.111112624,0.0,0,0.21364007890224457,0.04818688705563545,-2.591156005859375,-0.4013509154319763,-0.010088195092976093,0.007553629111498594,0.7044318318367004,-0.03532639145851135,0.014809424988925457
103.79999999997517,-0.051117256,0.0,0,0.20959824323654175,0.04832277446985245,-2.5911865234375,-0.39634618163108826,-0.010231399908661842,0.007635814603418112,0.7019250988960266,-0.03919145464897156,0.017264390364289284
103.79999999997517,-0.051117256,0.0,0,0.20552518963813782,0.04848875850439072,-2.591217041015625,-0.391376793384552,-0.010302907787263393,0.007664180360734463,0.7045388221740723,-0.033167894929647446,0.010876449756324291
103.79999999997517,-0.051117256,0.0,0,0.19756127893924713,0.04880170896649361,-2.591278076171875,-0.38153278827667236,-0.010582310147583485,0.00761861028149724,0.6948073506355286,-0.04410642012953758,0.005934386979788542
103.79999999997517,-0.051117256,0.0,0,0.1936691701412201,0.048948392271995544,-2.59130859375,-0.37663155794143677,-0.01070790272206068,0.007604579441249371,0.6892533302307129,-0.0380001924932003,0.0050561497919261456
103.79999999997517,-0.051117256,0.0,0,0.18974247574806213,0.049121174961328506,-2.5913543701171875,-0.37179112434387207,-0.01077230554074049,0.007591953966766596,0.6888056397438049,-0.032712407410144806,0.0061634923331439495
103.79999999997517,-0.051117256,0.0,0,0.18587633967399597,0.049287617206573486,-2.591400146484375,-0.3669406771659851,-0.010856561362743378,0.007627077866345644,0.6877260208129883,-0.03452390059828758,0.011917202733457088
103.79999999997517,-0.051117256,0.0,0,0.17832215130329132,0.04960164427757263,-2.59149169921875,-0.3574264943599701,-0.011003694497048855,0.0076844156719744205,0.6690474152565002,-0.029618283733725548,0.00648479862138629
103.79999999997517,-0.051117256,0.0,0,0.17463268339633942,0.04974953085184097,-2.591522216796875,-0.35264894366264343,-0.011102618649601936,0.007756505627185106,0.6719650030136108,-0.034453000873327255,0.01592654548585415
103.79999999997517,-0.051117256,0.0,0,0.1709139347076416,0.049911532551050186,-2.5915679931640625,-0.3479447662830353,-0.011165628209710121,0.007730447221547365,0.669486939907074,-0.03097308799624443,0.004240311216562986
103.79999999997517,-0.051117256,0.0,0,0.16725407540798187,0.05006727948784828,-2.59161376953125,-0.3432598114013672,-0.011262449435889721,0.007737332489341497,0.6648024320602417,-0.03457136079668999,0.008100642822682858
103.79999999997489,-0.051117256,0.0,0,0.16010868549346924,0.050359535962343216,-2.5916900634765625,-0.33395251631736755,-0.011497873812913895,0.007774414960294962,0.6534793376922607,-0.034237090498209,0.009997746907174587
103.79999999997489,-0.051117256,0.0,0,0.15651069581508636,0.050505753606557846,-2.59173583984375,-0.3294322192668915,-0.011604513972997665,0.0077874669805169106,0.6493507623672485,-0.03432675823569298,0.009380280040204525
103.79999999997489,-0.051117256,0.0,0,0.1529708206653595,0.05064568296074867,-2.5917816162109375,-0.3249129056930542,-0.011711771599948406,0.007763718254864216,0.6468866467475891,-0.03382895886898041,0.004564411472529173
103.79999999997489,-0.051117256,0.0,0,0.1494886428117752,0.050779372453689575,-2.591827392578125,-0.32039666175842285,-0.011843538843095303,0.007707007694989443,0.6442189812660217,-0.03633198142051697,0.00023422761296387762
103.79999999997489,-0.051117256,0.0,0,0.14606377482414246,0.050906646996736526,-2.5918731689453125,-0.31584930419921875,-0.01201621163636446,0.007724433206021786,0.645891010761261,-0.040900323539972305,0.00929692666977644
103.79999999997489,-0.051117256,0.0,0,0.13920043408870697,0.051171865314245224,-2.5919342041015625,-0.3070017993450165,-0.012385617941617966,0.007788114249706268,0.6333562135696411,-0.03692504018545151,0.013018491677939892
103.79999999997489,-0.051117256,0.0,0,0.1358543336391449,0.05129468813538551,-2.5919647216796875,-0.30264216661453247,-0.01252919901162386,0.007855457253754139,0.6251787543296814,-0.03699352592229843,0.015528406016528606
103.79999999997489,-0.051117256,0.0,0,0.132564514875412,0.051411375403404236,-2.5919952392578125,-0.2982613742351532,-0.012649607844650745,0.007923580706119537,0.6255966424942017,-0.033572372049093246,0.015427823178470135
103.79999999997489,-0.051117256,0.0,0,0.12596015632152557,0.05169123783707619,-2.5920562744140625,-0.2897576093673706,-0.012993691489100456,0.008021648041903973,0.6156401038169861,-0.04157190024852753,0.018958931788802147
103.79999999997489,-0.051117256,0.0,0,0.1227424293756485,0.051820795983076096,-2.5920867919921875,-0.2854750454425812,-0.013161001726984978,0.008074844256043434,0.6165221333503723,-0.041370343416929245,0.014210118912160397
103.8999999999746,0.008882742,0.0,0,0.11958029866218567,0.05194375291466713,-2.5921173095703125,-0.2812311351299286,-0.013280868530273438,0.008063366636633873,0.6094406843185425,-0.034875378012657166,0.005914829205721617
103.8999999999746,0.008882742,0.0,0,0.1163783147931099,0.05207871273159981,-2.5921478271484375,-0.2770515978336334,-0.013431957922875881,0.008086166344583035,0.6085245013237,-0.040336109697818756,0.01098588015884161
103.8999999999746,0.008882742,0.0,0,0.11014197766780853,0.052328746765851974,-2.5922088623046875,-0.2687636911869049,-0.013670718297362328,0.008022750727832317,0.5965615510940552,-0.03547592833638191,-0.0032479872461408377
103.8999999999746,0.008882742,0.0,0,0.107106514275074,0.052444085478782654,-2.5922393798828125,-0.26456618309020996,-0.013825624249875546,0.008082475513219833,0.6038132905960083,-0.039081864058971405,0.014937016181647778
103.8999999999746,0.008882742,0.0,0,0.10403195023536682,0.052567366510629654,-2.59228515625,-0.2604692876338959,-0.013988717459142208,0.008048762567341328,0.598362147808075,-0.041397154331207275,0.00500166742131114
103.8999999999746,0.008882742,0.0,0,0.1010131761431694,0.05268387869000435,-2.5923309326171875,-0.2563749849796295,-0.014151032082736492,0.008024243637919426,0.5956448316574097,-0.040718257427215576,0.00589154614135623
103.8999999999746,0.008882742,0.0,0,0.09514033794403076,0.05289679393172264,-2.592437744140625,-0.24815882742404938,-0.014518129639327526,0.006008535157889128,0.5964756011962891,-0.04181014373898506,-0.1906566172838211
103.8999999999746,0.008882742,0.0,0,0.09217747300863266,0.0530061200261116,-2.5925445556640625,-0.24409528076648712,-0.014633841812610626,0.0028181092347949743,0.59603351354599,-0.034786731004714966,-0.3879666030406952
103.8999999999746,0.008882742,0.0,0,0.08927114307880402,0.053109318017959595,-2.5926666259765625,-0.23987028002738953,-0.014741658233106136,-0.0019493164727464318,0.6137690544128418,-0.03323475271463394,-0.5853981375694275
103.8999999999746,0.008882742,0.0,0,0.08642175048589706,0.053206272423267365,-2.5928497314453125,-0.23560775816440582,-0.0148911839351058,-0.008404949679970741,0.6160743236541748,-0.03789839521050453,-0.7967221736907959
