pathtime,mj_vx,mj_vy,cc_tgt,px,py,pz,vx,vy,vz,ax,ay,az
0,0.0,0.0,0,-0.030384967103600502,0.07775834202766418,-2.5910797119140625,0.019713182002305984,-0.03953424096107483,0.002497405046597123,0.011498904787003994,-0.0599013976752758,-0.011049210093915462
0,0.0,0.0,0,-0.03056657686829567,0.07783996313810349,-2.59100341796875,0.019583847373723984,-0.03976213559508324,0.0024604261852800846,0.014694497920572758,-0.06385485082864761,-0.005989800672978163
0,0.0,0.0,0,-0.030740877613425255,0.07790906727313995,-2.5909271240234375,0.019485151395201683,-0.039862412959337234,0.0024342171382158995,0.01767878606915474,-0.04686472564935684,-0.004607252310961485
0,0.0,0.0,0,-0.031067529693245888,0.0780121237039566,-2.590789794921875,0.019352613016963005,-0.0401097871363163,0.002308799186721444,0.021219998598098755,-0.04969487711787224,-0.006793066393584013
0,0.0,0.0,0,-0.031251534819602966,0.07807797938585281,-2.5906829833984375,0.019288230687379837,-0.04027388244867325,0.0023189939092844725,0.022723741829395294,-0.05512864142656326,-0.0004940665676258504
0,0.0,0.0,0,-0.031427767127752304,0.07813183963298798,-2.5905914306640625,0.019230589270591736,-0.040359169244766235,0.0022462334018200636,0.02271876111626625,-0.044258963316679,-0.010815448127686977
0,0.0,0.0,0,-0.03159670904278755,0.07817428559064865,-2.5904998779296875,0.019107382744550705,-0.04045797139406204,0.002190530067309737,0.01369765866547823,-0.04495587199926376,-0.008636618964374065
0,0.0,0.0,0,-0.031758565455675125,0.07820530235767365,-2.5904083251953125,0.01903984509408474,-0.040612246841192245,0.0021628953982144594,0.0198526531457901,-0.05092361569404602,-0.005082692485302687
0,0.0,0.0,0,-0.031932249665260315,0.07825713604688644,-2.590301513671875,0.01899670623242855,-0.040727775543928146,0.002032842254266143,0.023331133648753166,-0.04871772229671478,-0.01816497929394245
0,0.0,0.0,0,-0.03225623443722725,0.07832787930965424,-2.590118408203125,0.01891779527068138,-0.0408991277217865,0.0018763529369607568,0.018991325050592422,-0.04008011892437935,-0.011176335625350475
0,0.0,0.0,0,-0.03240717574954033,0.07834640145301819,-2.5900115966796875,0.018868574872612953,-0.04110471159219742,0.0017725314246490598,0.020199742168188095,-0.057174865156412125,-0.015014315955340862
0,0.0,0.0,0,-0.03270546346902847,0.07839003205299377,-2.589813232421875,0.01880241371691227,-0.04140137881040573,0.0016451746923848987,0.018696855753660202,-0.04993176460266113,-0.00814115535467863
0,0.0,0.0,0,-0.03285270929336548,0.07841512560844421,-2.5897216796875,0.018789643421769142,-0.04155326262116432,0.0015325361164286733,0.023510267958045006,-0.05218813568353653,-0.015561933629214764
0,0.0,0.0,0,-0.03299236297607422,0.07842863351106644,-2.589630126953125,0.01880580373108387,-0.04175744205713272,0.0014245088677853346,0.026420902460813522,-0.05774233862757683,-0.014945398084819317
0,0.0,0.0,0,-0.033124495297670364,0.07843054831027985,-2.58953857421875,0.018846454098820686,-0.04195357486605644,0.0013243691064417362,0.02879435196518898,-0.05578075349330902,-0.013920477591454983
0,0.0,0.0,0,-0.033275045454502106,0.07846180349588394,-2.5894622802734375,0.018856333568692207,-0.042124632745981216,0.0012504725018516183,0.025937002152204514,-0.05621730908751488,-0.010624526999890804
0,0.0,0.0,0,-0.03355284035205841,0.07849115133285522,-2.5893096923828125,0.01886913925409317,-0.042402055114507675,0.001104944502003491,0.025456015020608902,-0.051639776676893234,-0.01003639679402113
0,0.0,0.0,0,-0.033680371940135956,0.078489288687706,-2.5892333984375,0.01891520991921425,-0.04251505807042122,0.0009853921364992857,0.02838394232094288,-0.04612264037132263,-0.015859490260481834
0,0.0,0.0,0,-0.03383265435695648,0.07851966470479965,-2.58917236328125,0.01892499253153801,-0.042635079473257065,0.0009106707875616848,0.0255444198846817,-0.0508623830974102,-0.009614973329007626
0,0.0,0.0,0,-0.03411348536610603,0.07854602485895157,-2.5890655517578125,0.018957914784550667,-0.04289994016289711,0.0007225738372653723,0.02529764547944069,-0.045434918254613876,-0.01228134986013174
0,0.0,0.0,0,-0.03424234315752983,0.07854299247264862,-2.589019775390625,0.018967734649777412,-0.04297403618693352,0.0006553648854605854,0.02352454699575901,-0.042051270604133606,-0.008659902028739452
0,0.0,0.0,0,-0.03439927101135254,0.07856296747922897,-2.5889739990234375,0.018998943269252777,-0.04310259222984314,0.0005963685107417405,0.028692346066236496,-0.051713813096284866,-0.0071260142140090466
0,0.0,0.0,0,-0.0345478281378746,0.07857149094343185,-2.58892822265625,0.01902201399207115,-0.043259017169475555,0.0005775034660473466,0.026966702193021774,-0.0541522279381752,-0.0019734723027795553
0,0.0,0.0,0,-0.03482016175985336,0.07855696231126785,-2.5888671875,0.019161740317940712,-0.043521299958229065,0.0005645258352160454,0.031526971608400345,-0.04983603581786156,0.0023129393812268972
0,0.0,0.0,0,-0.03496560826897621,0.07856295257806778,-2.588836669921875,0.01924830675125122,-0.043573860079050064,0.0005751599092036486,0.034744009375572205,-0.04197583347558975,0.001859385403804481
0,0.0,0.0,0,-0.035102732479572296,0.07855845987796783,-2.58880615234375,0.019309155642986298,-0.04366777464747429,0.0005016534705646336,0.03084190934896469,-0.04610862955451012,-0.008675734512507915
0,0.0,0.0,0,-0.03523154929280281,0.07854334264993668,-2.588775634765625,0.01938643306493759,-0.04379497468471527,0.00047790040844120085,0.03222566470503807,-0.04925898090004921,-0.0024735925253480673
0,0.0,0.0,0,-0.03548680990934372,0.07851666212081909,-2.588714599609375,0.01958346739411354,-0.044146597385406494,0.0003168349794577807,0.035062525421381,-0.04986531287431717,-0.0072172838263213634
0,0.0,0.0,0,-0.03561307489871979,0.07850503921508789,-2.58868408203125,0.01966378465294838,-0.044317759573459625,0.00023233775573316962,0.03260749951004982,-0.055840592831373215,-0.010030808858573437
0.0,0.0025973802,0.0189615,0,-0.03573111072182655,0.07848332822322845,-2.588653564453125,0.0197428148239851,-0.04443209245800972,0.00015784664719831198,0.03176090493798256,-0.047901321202516556,-0.008797272108495235
0.0,0.0025973802,0.0189615,0,-0.03584101423621178,0.07845141738653183,-2.588623046875,0.01985008455812931,-0.04453638195991516,9.222791413776577e-05,0.03465483710169792,-0.04565783962607384,-0.007705296855419874
0.0,0.0025973802,0.0189615,0,-0.036108747124671936,0.07844377309083939,-2.58856201171875,0.019998127594590187,-0.044758379459381104,-8.25627357698977e-05,0.030476903542876244,-0.0476691760122776,-0.011436640284955502
0.0,0.0025973802,0.0189615,0,-0.03623020276427269,0.078423872590065,-2.5885467529296875,0.020087292417883873,-0.04488222301006317,-0.00020144888549111784,0.03430049866437912,-0.049983780831098557,-0.014186370186507702
0.0,0.0025973802,0.0189615,0,-0.036343738436698914,0.0783936083316803,-2.5885162353515625,0.020133083686232567,-0.04497995972633362,-0.0002913575735874474,0.028208700940012932,-0.04570983350276947,-0.010585877113044262
0.0,0.0025973802,0.0189615,0,-0.036495134234428406,0.07840440422296524,-2.5884857177734375,0.020223461091518402,-0.04502873122692108,-0.000358208199031651,0.037516310811042786,-0.04428465664386749,-0.008051282726228237
0.0,0.0025973802,0.0189615,0,-0.03677274286746979,0.07839389145374298,-2.588409423828125,0.020307745784521103,-0.045184094458818436,-0.0009416522807441652,0.0362720713019371,-0.04451792314648628,-0.06458907574415207
0.0,0.0025973802,0.0189615,0,-0.036898933351039886,0.0783737376332283,-2.58837890625,0.020335400477051735,-0.04525056108832359,-0.002657343400642276,0.02745676040649414,-0.0434335432946682,-0.214188352227211
0.0,0.0025973802,0.0189615,0,-0.037017159163951874,0.07834319770336151,-2.58837890625,0.020425019785761833,-0.04539022222161293,-0.005867409519851208,0.034510474652051926,-0.05155600607395172,-0.4009953439235687
0.0,0.0025973802,0.0189615,0,-0.03716103732585907,0.07834652811288834,-2.5883941650390625,0.020538056269288063,-0.045425184071063995,-0.010793515481054783,0.04017401486635208,-0.042505525052547455,-0.6157163977622986
0.0,0.002608783,0.019022789,0,-0.0372958779335022,0.07833972573280334,-2.588470458984375,0.02067534811794758,-0.04540127143263817,-0.01732693798840046,0.042458221316337585,-0.034040458500385284,-0.8166348338127136
0.0,0.002608783,0.019022789,0,-0.03753865137696266,0.07829806208610535,-2.588775634765625,0.0209574643522501,-0.04520411416888237,-0.029916400089859962,0.03957590088248253,-0.01599973253905773,-0.7030972838401794
0.0,0.002608783,0.019022789,0,-0.037687357515096664,0.07828876376152039,-2.5889739990234375,0.021098485216498375,-0.04499503970146179,-0.03322534263134003,0.04498017951846123,-0.010457644239068031,-0.4138769209384918
0.0,0.002608783,0.019022789,0,-0.03782688453793526,0.0782720074057579,-2.589202880859375,0.021206455305218697,-0.04462080076336861,-0.034062597900629044,0.04006773605942726,0.01125195063650608,-0.10491115599870682
0.0,0.002608783,0.019022789,0,-0.038078825920820236,0.07822126895189285,-2.5896148681640625,0.021507631987333298,-0.04364013671875,-0.028665155172348022,0.045667387545108795,0.03584519401192665,0.4689711928367615
0.0,0.002608783,0.019022789,0,-0.03822546452283859,0.0782100111246109,-2.5897979736328125,0.0216657817363739,-0.042917970567941666,-0.0235068891197443,0.0477486215531826,0.05557286739349365,0.6450958847999573
0.0,0.002608783,0.019022789,0,-0.03836258500814438,0.07819560915231705,-2.5899200439453125,0.02183634042739868,-0.042083319276571274,-0.01746376045048237,0.04850281774997711,0.0706469863653183,0.7556923031806946
0.0,0.002608783,0.019022789,0,-0.03849035128951073,0.07817907631397247,-2.589996337890625,0.021975509822368622,-0.04116218909621239,-0.010676509700715542,0.043804462999105453,0.0824437215924263,0.8487966060638428
0.0,0.002608783,0.019022789,0,-0.038738980889320374,0.07816720753908157,-2.589996337890625,0.022341877222061157,-0.03893421217799187,0.004166513681411743,0.0494401790201664,0.11641909927129745,0.9531177878379822
0.0,0.002608783,0.019022789,0,-0.038859594613313675,0.0781739354133606,-2.5899200439453125,0.02249843254685402,-0.037634894251823425,0.012009656988084316,0.04586467146873474,0.13027790188789368,0.9819585084915161
0.0,0.0025587284,0.018753752,0,-0.038971174508333206,0.07818282395601273,-2.5897674560546875,0.022668538615107536,-0.03615129366517067,0.020001700147986412,0.046809010207653046,0.15426026284694672,1.0005234479904175
0.0,0.0025587284,0.018753752,0,-0.039073895663022995,0.07819529622793198,-2.589569091796875,0.02282053977251053,-0.03456775099039078,0.028057195246219635,0.04381631687283516,0.16767466068267822,1.008409023284912
0.0,0.0025587284,0.018753752,0,-0.03917219862341881,0.07823650538921356,-2.58929443359375,0.022994529455900192,-0.03287024796009064,0.036152295768260956,0.046190038323402405,0.18018712103366852,1.0135778188705444
0.0,0.0025587284,0.018753752,0,-0.03934327885508537,0.07833587378263474,-2.58856201171875,0.023283518850803375,-0.0290937889367342,0.05209929496049881,0.041622430086135864,0.2096998691558838,0.9948154091835022
0.0,0.0025587284,0.018753752,0,-0.03941670060157776,0.07839596271514893,-2.588104248046875,0.023369109258055687,-0.027054358273744583,0.05991186201572418,0.033124566078186035,0.22575092315673828,0.9781116843223572
0.0,0.0025587284,0.018753752,0,-0.03948011249303818,0.07850301265716553,-2.587554931640625,0.023504262790083885,-0.02482338808476925,0.06755513697862625,0.03844265639781952,0.24629874527454376,0.955487072467804
0.0,0.0025587284,0.018753752,0,-0.03958548232913017,0.07874563336372375,-2.586273193359375,0.02356671169400215,-0.020028533414006233,0.08238842338323593,0.024672117084264755,0.2783154845237732,0.9164344072341919
0.0,0.0025587284,0.018753752,0,-0.03962824121117592,0.0788835734128952,-2.5855560302734375,0.02358236163854599,-0.017486197873950005,0.08956068754196167,0.021762724965810776,0.28829291462898254,0.896597683429718
0.0,0.0025587284,0.018753752,0,-0.03966004028916359,0.07907962054014206,-2.5847320556640625,0.023573648184537888,-0.014827306382358074,0.0965123400092125,0.018015187233686447,0.29858478903770447,0.8661289811134338
0.0,0.0025587284,0.018753752,0,-0.03968610614538193,0.07928822934627533,-2.5838623046875,0.02350078709423542,-0.01205588411539793,0.10326206684112549,0.009461140260100365,0.3137754797935486,0.8409949541091919
0.0,0.002413413,0.0179727,0,-0.03972388431429863,0.07974625378847122,-2.5819549560546875,0.023197298869490623,-0.006257615517824888,0.11622866988182068,-0.002882634289562702,0.33618152141571045,0.7944525480270386
0.0,0.002413413,0.0179727,0,-0.039731405675411224,0.08004911988973618,-2.5808563232421875,0.022957313805818558,-0.0032700321171432734,0.12238522619009018,-0.01303290855139494,0.3381509780883789,0.7631135582923889
0.0,0.002413413,0.0179727,0,-0.039735738188028336,0.08036629110574722,-2.5797271728515625,0.022642314434051514,-0.0002293944708071649,0.12835422158241272,-0.022902460768818855,0.34597247838974,0.7398537993431091
0.0,0.002413413,0.0179727,0,-0.03973749652504921,0.08069853484630585,-2.57855224609375,0.022302167490124702,0.0028745171148329973,0.13411833345890045,-0.02652987651526928,0.3550415635108948,0.7144240140914917
0.0,0.002413413,0.0179727,0,-0.039735227823257446,0.08141015470027924,-2.5760650634765625,0.02138597145676613,0.009097812697291374,0.14504767954349518,-0.0468941256403923,0.35586071014404297,0.6648827791213989
0.0,0.002413413,0.0179727,0,-0.03973701223731041,0.08185847848653793,-2.57470703125,0.020806973800063133,0.012275423854589462,0.15024511516094208,-0.0569954514503479,0.35975807905197144,0.6402949690818787
0.0,0.002413413,0.0179727,0,-0.03973855450749397,0.08232197910547256,-2.57330322265625,0.020192554220557213,0.015446172095835209,0.1552457958459854,-0.061901673674583435,0.3601436913013458,0.6159725189208984
0.0,0.002413413,0.0179727,0,-0.03974028676748276,0.08280090242624283,-2.571868896484375,0.01954941265285015,0.018615135923027992,0.15998026728630066,-0.0659642145037651,0.36112669110298157,0.582958996295929
0.0,0.002413413,0.0179727,0,-0.039744362235069275,0.08387735486030579,-2.56884765625,0.01793850027024746,0.02487843669950962,0.16895292699337006,-0.09505829960107803,0.3550240099430084,0.538897693157196
0.0,0.002413413,0.0179727,0,-0.03974851593375206,0.08447373658418655,-2.5672607421875,0.01703539490699768,0.027971310541033745,0.17316633462905884,-0.09975533932447433,0.34715592861175537,0.5153575539588928
0.0,0.002466239,0.018256633,0,-0.03975559398531914,0.08508417010307312,-2.5656585693359375,0.016125453636050224,0.03105989098548889,0.17720972001552582,-0.10106096416711807,0.3478882610797882,0.49442794919013977
0.0,0.002466239,0.018256633,0,-0.03976571932435036,0.08570842444896698,-2.5640106201171875,0.015156826004385948,0.03402625396847725,0.18102940917015076,-0.10884144902229309,0.33383652567863464,0.46662285923957825
0.0,0.002466239,0.018256633,0,-0.039832428097724915,0.08712689578533173,-2.560546875,0.012978029437363148,0.03999127075076103,0.18806667625904083,-0.12216073274612427,0.3242495059967041,0.4172874391078949
0.0,0.002466239,0.018256633,0,-0.03987383469939232,0.0878545343875885,-2.5587921142578125,0.011915352195501328,0.04286748170852661,0.19135667383670807,-0.11942534148693085,0.31927791237831116,0.39878949522972107
0.0,0.002466239,0.018256633,0,-0.03991933912038803,0.08859362453222275,-2.5570068359375,0.010855140164494514,0.04559532180428505,0.19443219900131226,-0.11960048228502274,0.3019756078720093,0.3723366856575012
0.0,0.002466239,0.018256633,0,-0.03998180851340294,0.0893917977809906,-2.55517578125,0.009706192649900913,0.04832349717617035,0.1972760260105133,-0.12999771535396576,0.29802629351615906,0.34159839153289795
0.0,0.002466239,0.018256633,0,-0.04012089967727661,0.09101783484220505,-2.55145263671875,0.007362269330769777,0.053530123084783554,0.20236842334270477,-0.13773976266384125,0.2814013957977295,0.29119986295700073
0.0,0.002466239,0.018256633,0,-0.040198180824518204,0.09184465557336807,-2.5495758056640625,0.006180651020258665,0.05594530329108238,0.2047443836927414,-0.13553069531917572,0.262660413980484,0.284370481967926
0.0,0.002466239,0.018256633,0,-0.04030377045273781,0.09273488819599152,-2.5476531982421875,0.004979424178600311,0.05836055800318718,0.2069818377494812,-0.1358039379119873,0.25777915120124817,0.26579898595809937
0.0,0.002681467,0.01941345,0,-0.04041439667344093,0.09363199770450592,-2.5457305908203125,0.00377247529104352,0.06058143451809883,0.2087579220533371,-0.13703808188438416,0.23476777970790863,0.20852357149124146
0.0,0.002681467,0.01941345,0,-0.040658701211214066,0.09544282406568527,-2.5418701171875,0.0013142779935151339,0.06471385806798935,0.20973655581474304,-0.1427612155675888,0.21384704113006592,-0.015300697647035122
0.0,0.002681467,0.01941345,0,-0.040822070091962814,0.09640815109014511,-2.5399169921875,0.00010128263966180384,0.06672124564647675,0.20858453214168549,-0.1345624178647995,0.20613348484039307,-0.15809060633182526
0.0,0.002681467,0.01941345,0,-0.040990207344293594,0.09737742692232132,-2.537994384765625,-0.001125828013755381,0.06861791759729385,0.2061081975698471,-0.1369101107120514,0.19355687499046326,-0.32322806119918823
0.0,0.002681467,0.01941345,0,-0.04116325452923775,0.09834993630647659,-2.536102294921875,-0.0023410909343510866,0.07040110975503922,0.20218545198440552,-0.1359938085079193,0.18059392273426056,-0.5034012198448181
0.0,0.002681467,0.01941345,0,-0.04134080186486244,0.09932535886764526,-2.5342559814453125,-0.003467648522928357,0.0721389427781105,0.19674061238765717,-0.12545245885849,0.17610123753547668,-0.6932904720306396
0.0,0.002681467,0.01941345,0,-0.04155788570642471,0.10036607086658478,-2.532440185546875,-0.004632582422345877,0.07377762347459793,0.1897006779909134,-0.12704354524612427,0.15802203118801117,-0.8940221071243286
0.0,0.002681467,0.01941345,0,-0.04200635105371475,0.10244660824537277,-2.5290069580078125,-0.006852969992905855,0.07653498649597168,0.17052052915096283,-0.11835863441228867,0.12138515710830688,-1.3179759979248047
0.0,0.002681467,0.01941345,0,-0.042237188667058945,0.10348495095968246,-2.527435302734375,-0.007852686569094658,0.07775810360908508,0.15825530886650085,-0.10755109041929245,0.10991358757019043,-1.5460177659988403
0.0,0.002681467,0.01941345,0,-0.04278268665075302,0.10568564385175705,-2.52459716796875,-0.009797892533242702,0.07992224395275116,0.1285220980644226,-0.09539331495761871,0.07591941952705383,-1.9619426727294922
0.0,0.002864406,0.020396713,0,-0.0430578775703907,0.10677915066480637,-2.5233917236328125,-0.01062351930886507,0.08074408024549484,0.1123138889670372,-0.08333467692136765,0.0563366562128067,-2.03810715675354
0.0,0.002864406,0.020396713,0,-0.043333835899829865,0.10786698013544083,-2.5223236083984375,-0.01136031374335289,0.081438347697258,0.09599602967500687,-0.07284104824066162,0.04162159934639931,-2.05147123336792
0.0,0.002864406,0.020396713,0,-0.043609973043203354,0.10894820094108582,-2.521392822265625,-0.011981789022684097,0.08198711276054382,0.07994887977838516,-0.059014949947595596,0.024626292288303375,-2.0172994136810303
0.0,0.002864406,0.020396713,0,-0.04425439611077309,0.11119899153709412,-2.5199432373046875,-0.012976053170859814,0.08264178782701492,0.04959757998585701,-0.03207647055387497,-0.01639406755566597,-1.8615647554397583
0.0,0.002864406,0.020396713,0,-0.044574424624443054,0.11230862140655518,-2.5194091796875,-0.013268517330288887,0.08273345232009888,0.035658787935972214,-0.014003777876496315,-0.03447136655449867,-1.7514349222183228
0.0,0.002864406,0.020396713,0,-0.044890761375427246,0.11340654641389847,-2.51898193359375,-0.013523955829441547,0.08265427500009537,0.02260236069560051,-0.010025285184383392,-0.05462688207626343,-1.6408817768096924
0.0,0.002864406,0.020396713,0,-0.045247871428728104,0.11455155164003372,-2.5187225341796875,-0.013735171407461166,0.08248697966337204,0.010398129001259804,0.00014101623673923314,-0.07032299786806107,-1.5297904014587402
0.0,0.002864406,0.020396713,0,-0.045944713056087494,0.11679799854755402,-2.5184783935546875,-0.013769860379397869,0.08180829882621765,-0.011420328170061111,0.025765109807252884,-0.09827042371034622,-1.3131688833236694
0.0,0.002864406,0.020396713,0,-0.04628324136137962,0.11789792776107788,-2.51849365234375,-0.013614981435239315,0.08125625550746918,-0.02113351970911026,0.043750494718551636,-0.11468613892793655,-1.2180641889572144
0.0,0.002864406,0.020396713,0,-0.046646494418382645,0.11902806907892227,-2.5186614990234375,-0.013405920006334782,0.08063464611768723,-0.030193490907549858,0.054012130945920944,-0.1266770213842392,-1.1307038068771362
0.0,0.0028745823,0.020451406,0,-0.04700092971324921,0.12014015763998032,-2.518890380859375,-0.0130304004997015,0.07986822724342346,-0.038586776703596115,0.07406795769929886,-0.14353059232234955,-1.0474234819412231
0.0,0.0028745823,0.020451406,0,-0.047345757484436035,0.12123341858386993,-2.519195556640625,-0.012618937529623508,0.07898461073637009,-0.04625280201435089,0.07783777266740799,-0.15697282552719116,-0.9565688371658325
0.0,0.0028745823,0.020451406,0,-0.04768139123916626,0.12230748683214188,-2.519561767578125,-0.012090638279914856,0.07797294110059738,-0.053333830088377,0.09184711426496506,-0.17188967764377594,-0.8834949135780334
0.0,0.0028745823,0.020451406,0,-0.04837745428085327,0.12448975443840027,-2.5206146240234375,-0.010683191008865833,0.07588684558868408,-0.06603942066431046,0.125056654214859,-0.1811838299036026,-0.7580941915512085
0.0,0.0028745823,0.020451406,0,-0.048706263303756714,0.1255493313074112,-2.5212249755859375,-0.009766676463186741,0.07469736784696579,-0.07171796262264252,0.14242035150527954,-0.1951100081205368,-0.7030367255210876
0.0,0.0028745823,0.020451406,0,-0.0490216501057148,0.12658707797527313,-2.5218505859375,-0.008865045383572578,0.07342201471328735,-0.07703977078199387,0.13985775411128998,-0.20470373332500458,-0.6586419939994812
0.0,0.0028745823,0.020451406,0,-0.04934270679950714,0.12764087319374084,-2.522613525390625,-0.007846217602491379,0.07205599546432495,-0.08205483108758926,0.15712633728981018,-0.21822677552700043,-0.6159571409225464
0.0,0.0028745823,0.020451406,0,-0.049938905984163284,0.12967786192893982,-2.52423095703125,-0.005416658706963062,0.06913300603628159,-0.09119626879692078,0.1850368231534958,-0.23352186381816864,-0.5460148453712463
0.0,0.0028745823,0.020451406,0,-0.05021267011761665,0.1306607723236084,-2.52508544921875,-0.004062089137732983,0.06762642413377762,-0.09539249539375305,0.19693559408187866,-0.2323693186044693,-0.5144285559654236
0.0,0.0028745823,0.020451406,0,-0.05075161159038544,0.1326398104429245,-2.5270233154296875,-0.0011991442879661918,0.06442343443632126,-0.10330577194690704,0.21370330452919006,-0.24749700725078583,-0.4700813293457031
0.1,0.011506259,0.076826714,0,-0.05099402368068695,0.13359206914901733,-2.5280303955078125,0.00041273649549111724,0.06280271708965302,-0.10706217586994171,0.23002377152442932,-0.24775978922843933,-0.45671311020851135
0.1,0.011506259,0.076826714,0,-0.05121719464659691,0.13451942801475525,-2.5290679931640625,0.002135287271812558,0.061096202582120895,-0.11074293404817581,0.24315384030342102,-0.2573474645614624,-0.4476248025894165
0.1,0.011506259,0.076826714,0,-0.05143153294920921,0.13545019924640656,-2.5301971435546875,0.003898691153153777,0.05934830754995346,-0.11434587836265564,0.2499426007270813,-0.26442912220954895,-0.435126930475235
0.1,0.011506259,0.076826714,0,-0.05179944634437561,0.1372339427471161,-2.532501220703125,0.007647408172488213,0.05578996613621712,-0.12127765268087387,0.2696089446544647,-0.26209843158721924,-0.41719895601272583
0.1,0.011506259,0.076826714,0,-0.05195200443267822,0.1380874365568161,-2.5336761474609375,0.009620084427297115,0.053946610540151596,-0.12467383593320847,0.27395933866500854,-0.2729188799858093,-0.41075560450553894
0.1,0.011506259,0.076826714,0,-0.05208633467555046,0.13894203305244446,-2.534912109375,0.011680454947054386,0.052140023559331894,-0.1280651092529297,0.28511372208595276,-0.2704927921295166,-0.4091462790966034
0.1,0.011506259,0.076826714,0,-0.052198510617017746,0.13977085053920746,-2.5361785888671875,0.01384048629552126,0.05032378435134888,-0.13136589527130127,0.2968828082084656,-0.2705371379852295,-0.3982563316822052
0.1,0.011506259,0.076826714,0,-0.05228795111179352,0.1405741572380066,-2.5374603271484375,0.016063204035162926,0.048509564250707626,-0.13470019400119781,0.30404549837112427,-0.26914602518081665,-0.402852863073349
0.1,0.011506259,0.076826714,0,-0.05235419049859047,0.1413518339395523,-2.53875732421875,0.01836814358830452,0.04663030803203583,-0.13795162737369537,0.3136647045612335,-0.2761595547199249,-0.39289191365242004
0.1,0.011386842,0.0761854,0,-0.052428390830755234,0.14284493029117584,-2.5414581298828125,0.023076146841049194,0.04314601048827171,-0.14453235268592834,0.32692885398864746,-0.2544976472854614,-0.3979913592338562
0.1,0.011386842,0.0761854,0,-0.05243537947535515,0.14356166124343872,-2.5428466796875,0.02551695518195629,0.04147208109498024,-0.14778411388397217,0.3309789001941681,-0.24900132417678833,-0.3932425379753113
0.1,0.011386842,0.0761854,0,-0.052374217659235,0.14492559432983398,-2.5456695556640625,0.030703401193022728,0.038294289261102676,-0.15408700704574585,0.35562753677368164,-0.2307402789592743,-0.3849537670612335
0.1,0.011386842,0.0761854,0,-0.052283402532339096,0.145586758852005,-2.547149658203125,0.033403269946575165,0.03679484501481056,-0.15725356340408325,0.35978010296821594,-0.22606128454208374,-0.3823102116584778
0.1,0.011386842,0.0761854,0,-0.05216698721051216,0.14622654020786285,-2.5486602783203125,0.0360683798789978,0.035388872027397156,-0.1603190302848816,0.3548539876937866,-0.2133178859949112,-0.37005868554115295
0.1,0.011386842,0.0761854,0,-0.05202508717775345,0.14684569835662842,-2.5501708984375,0.038808681070804596,0.034054774791002274,-0.16335918009281158,0.36368438601493835,-0.20329800248146057,-0.36726704239845276
0.1,0.011386842,0.0761854,0,-0.05163547024130821,0.148028165102005,-2.5532989501953125,0.04433320835232735,0.03177797794342041,-0.16920888423919678,0.3663500249385834,-0.1699492335319519,-0.3509092926979065
0.1,0.011386842,0.0761854,0,-0.051388051360845566,0.14859355986118317,-2.5548858642578125,0.04716199263930321,0.030773045495152473,-0.17202726006507874,0.37096163630485535,-0.15955734252929688,-0.33997973799705505
0.1,0.011386842,0.0761854,0,-0.05111512914299965,0.14914266765117645,-2.556488037109375,0.04995520040392876,0.029927926138043404,-0.17475435137748718,0.36604422330856323,-0.13861967623233795,-0.32892122864723206
0.1,0.011386842,0.0761854,0,-0.05081678554415703,0.1496768444776535,-2.55810546875,0.05274641886353493,0.029194355010986328,-0.17732837796211243,0.36533334851264954,-0.12373440712690353,-0.31012994050979614
0.1,0.011471662,0.07664091,0,-0.050465408712625504,0.15019653737545013,-2.55975341796875,0.0555240735411644,0.028525805100798607,-0.17979858815670013,0.36079150438308716,-0.11481761932373047,-0.29749608039855957
0.1,0.011471662,0.07664091,0,-0.049686942249536514,0.15120337903499603,-2.5630950927734375,0.06103646010160446,0.027585627511143684,-0.1844167560338974,0.35976842045783997,-0.07575930655002594,-0.27010494470596313
0.1,0.011471662,0.07664091,0,-0.04926100745797157,0.1516900658607483,-2.5647735595703125,0.06378978490829468,0.027257468551397324,-0.18654897809028625,0.356121301651001,-0.07032531499862671,-0.2561914622783661
0.1,0.011471662,0.07664091,0,-0.048780109733343124,0.15215952694416046,-2.566497802734375,0.06646762788295746,0.02694771997630596,-0.18854588270187378,0.3434807062149048,-0.06629437953233719,-0.23935455083847046
0.1,0.011471662,0.07664091,0,-0.047749560326337814,0.15307146310806274,-2.5699615478515625,0.07173490524291992,0.02678270824253559,-0.19205258786678314,0.33114883303642273,-0.02895861491560936,-0.20266090333461761
0.1,0.011471662,0.07664091,0,-0.04720085486769676,0.1535159945487976,-2.57171630859375,0.07428716868162155,0.026791533455252647,-0.19354867935180664,0.3270030915737152,-0.023962272331118584,-0.17761577665805817
0.1,0.011471662,0.07664091,0,-0.04661010578274727,0.15395057201385498,-2.573486328125,0.07683219015598297,0.026866095140576363,-0.19491983950138092,0.3238641917705536,-0.014443510212004185,-0.1615942418575287
0.1,0.011471662,0.07664091,0,-0.045997973531484604,0.15437914431095123,-2.5752716064453125,0.07935527712106705,0.027020450681447983,-0.1961464136838913,0.32092541456222534,-0.0036555244587361813,-0.14380736649036407
0.1,0.011471662,0.07664091,0,-0.044710855931043625,0.1552271991968155,-2.578857421875,0.08413565903902054,0.02752699702978134,-0.19809313118457794,0.30243831872940063,0.016266897320747375,-0.1026475727558136
0.1,0.011471662,0.07664091,0,-0.044004298746585846,0.15565992891788483,-2.5806427001953125,0.08648545295000076,0.027848120778799057,-0.19885686039924622,0.29508069157600403,0.017444390803575516,-0.08639878779649734
0.1,0.011726664,0.078010336,0,-0.04327875375747681,0.15608830749988556,-2.5824432373046875,0.08877214789390564,0.028206728398799896,-0.19935844838619232,0.2870735228061676,0.022951072081923485,-0.0538988932967186
0.1,0.011726664,0.078010336,0,-0.0425347201526165,0.1565132886171341,-2.5842437744140625,0.09100283682346344,0.028726376593112946,-0.19966796040534973,0.2799430787563324,0.04388537257909775,-0.03014504723250866
0.1,0.011726664,0.078010336,0,-0.040959808975458145,0.15737634897232056,-2.5878448486328125,0.0953889861702919,0.029837917536497116,-0.19973070919513702,0.2681184411048889,0.05201917886734009,0.014309770427644253
0.1,0.011726664,0.078010336,0,-0.04013065621256828,0.1578146517276764,-2.5896453857421875,0.09742888063192368,0.03046625666320324,-0.199580579996109,0.252609521150589,0.05806659162044525,0.0272532906383276
0.1,0.011726664,0.078010336,0,-0.03928619995713234,0.15825437009334564,-2.5914459228515625,0.09945288300514221,0.03110792301595211,-0.19921480119228363,0.2505166232585907,0.059809938073158264,0.05395989492535591
0.1,0.011726664,0.078010336,0,-0.03842602297663689,0.15869267284870148,-2.5932159423828125,0.10139698535203934,0.03178977966308594,-0.1986679583787918,0.24045602977275848,0.06560321897268295,0.07612816244363785
0.1,0.011726664,0.078010336,0,-0.03664602339267731,0.15960615873336792,-2.596771240234375,0.10517246276140213,0.0332736112177372,-0.19694359600543976,0.23243644833564758,0.07836339622735977,0.12419325113296509
0.1,0.011726664,0.078010336,0,-0.035727374255657196,0.16008177399635315,-2.598541259765625,0.10690920799970627,0.03408841788768768,-0.1958688497543335,0.21335816383361816,0.0803360864520073,0.14241644740104675
0.1,0.011726664,0.078010336,0,-0.03479520604014397,0.16055674850940704,-2.6002960205078125,0.10865192860364914,0.0348915196955204,-0.19462312757968903,0.2140449583530426,0.07965610176324844,0.16354721784591675
0.1,0.011726664,0.078010336,0,-0.03384963795542717,0.161031112074852,-2.60205078125,0.11030768603086472,0.035677019506692886,-0.19314467906951904,0.20310993492603302,0.07821425050497055,0.19240331649780273
0.1,0.011935827,0.079133555,0,-0.031917113810777664,0.16205109655857086,-2.60552978515625,0.11351633816957474,0.037356823682785034,-0.18982535600662231,0.19246704876422882,0.08297929167747498,0.23013165593147278
0.1,0.011935827,0.079133555,0,-0.03093431517481804,0.16256354749202728,-2.60723876953125,0.11501237004995346,0.03830839321017265,-0.18791265785694122,0.18315531313419342,0.09696946293115616,0.2469261884689331
0.1,0.011935827,0.079133555,0,-0.02994031086564064,0.16307593882083893,-2.6089324951171875,0.1163581907749176,0.0391366071999073,-0.18588626384735107,0.16430485248565674,0.08232233673334122,0.26090487837791443
0.1,0.011935827,0.079133555,0,-0.02893158234655857,0.16362790763378143,-2.610626220703125,0.11770273000001907,0.039962951093912125,-0.18366003036499023,0.1636427938938141,0.0787183940410614,0.2868105471134186
0.1,0.011935827,0.079133555,0,-0.026882857084274292,0.16472893953323364,-2.61395263671875,0.12030579149723053,0.04169930890202522,-0.17870835959911346,0.15485550463199615,0.08851316571235657,0.3278823494911194
0.1,0.011935827,0.079133555,0,-0.025843540206551552,0.1652785837650299,-2.615570068359375,0.12152016907930374,0.04253176599740982,-0.17596517503261566,0.14720378816127777,0.08188443630933762,0.35068950057029724
0.1,0.011935827,0.079133555,0,-0.02479369565844536,0.16586819291114807,-2.6171875,0.12269318103790283,0.043428853154182434,-0.17307955026626587,0.14170028269290924,0.08666487783193588,0.36902397871017456
0.1,0.011935827,0.079133555,0,-0.02373492904007435,0.16645701229572296,-2.6187744140625,0.12380198389291763,0.04432845115661621,-0.17004652321338654,0.1336287558078766,0.08780813962221146,0.38735705614089966
0.1,0.011935827,0.079133555,0,-0.02159465104341507,0.16763457655906677,-2.6218719482421875,0.12585298717021942,0.04597685858607292,-0.1635962277650833,0.12003316730260849,0.07654685527086258,0.42189422249794006
0.1,0.011935827,0.079133555,0,-0.020523101091384888,0.16826358437538147,-2.623382568359375,0.12679584324359894,0.04682985693216324,-0.1601099669933319,0.11391503363847733,0.07960248738527298,0.4433118402957916
0.1,0.012096266,0.079995096,0,-0.01944427378475666,0.1688915640115738,-2.6248626708984375,0.1276336908340454,0.04772244766354561,-0.15659324824810028,0.10072413086891174,0.08540069311857224,0.44689324498176575
0.1,0.012096266,0.079995096,0,-0.018358731642365456,0.16951826214790344,-2.6262969970703125,0.12844859063625336,0.0485432967543602,-0.15291550755500793,0.09779465943574905,0.07725538313388824,0.46680307388305664
0.1,0.012096266,0.079995096,0,-0.016195129603147507,0.1708153486251831,-2.62908935546875,0.12988662719726562,0.0501551553606987,-0.14511962234973907,0.08165180683135986,0.07447121292352676,0.5026137828826904
0.1,0.012096266,0.079995096,0,-0.015117517672479153,0.1714852899312973,-2.63043212890625,0.13056552410125732,0.05101063475012779,-0.1410878300666809,0.08311411738395691,0.07911007851362228,0.5105854868888855
0.1,0.012096266,0.079995096,0,-0.014034097082912922,0.17215368151664734,-2.631744384765625,0.1311352550983429,0.051835864782333374,-0.13689027726650238,0.06935369223356247,0.07617872953414917,0.5311095118522644
0.1,0.012096266,0.079995096,0,-0.0129456901922822,0.17282021045684814,-2.6330108642578125,0.13166490197181702,0.05258002504706383,-0.1326688826084137,0.06423404067754745,0.0668683871626854,0.5338950753211975
0.1,0.012096266,0.079995096,0,-0.010820794850587845,0.17423374950885773,-2.6354522705078125,0.1324450522661209,0.05409328266978264,-0.12388716638088226,0.04525242745876312,0.0652436763048172,0.5588219165802002
0.1,0.012096266,0.079995096,0,-0.009751985780894756,0.17493627965450287,-2.6366119384765625,0.13279107213020325,0.05474482849240303,-0.11941267549991608,0.044144611805677414,0.05333548039197922,0.565208911895752
0.1,0.012096266,0.079995096,0,-0.008679321967065334,0.17563587427139282,-2.637725830078125,0.13308636844158173,0.05543588846921921,-0.11488072574138641,0.03763429820537567,0.05911549925804138,0.5722124576568604
0.1,0.012096266,0.079995096,0,-0.0076165106147527695,0.176369309425354,-2.6388397216796875,0.13331352174282074,0.056127551943063736,-0.1102999895811081,0.030451321974396706,0.05625456944108009,0.5784490704536438
0.1,0.012175343,0.08041973,0,-0.005483279936015606,0.1778271496295929,-2.6409454345703125,0.13347850739955902,0.0575299970805645,-0.10100250691175461,0.008430571295320988,0.05649947375059128,0.5844053626060486
0.1,0.012175343,0.08041973,0,-0.004413810092955828,0.17855176329612732,-2.6419219970703125,0.13351982831954956,0.05819911137223244,-0.09635782986879349,0.006654699798673391,0.05603345111012459,0.5859271287918091
0.1,0.012175343,0.08041973,0,-0.0033448634203523397,0.1792754828929901,-2.6428680419921875,0.13353146612644196,0.05881011113524437,-0.09170355647802353,0.0030040007550269365,0.049195416271686554,0.5869664549827576
0.1,0.012175343,0.08041973,0,-0.002294435165822506,0.18003520369529724,-2.643768310546875,0.13341015577316284,0.0594843365252018,-0.0868634283542633,-0.011734480038285255,0.05348590388894081,0.6095836758613586
0.1,0.012175343,0.08041973,0,-0.0012435673270374537,0.18079175055027008,-2.644622802734375,0.13321605324745178,0.06016451120376587,-0.08200252801179886,-0.02105483040213585,0.05512506514787674,0.6120409369468689
0.1,0.012175343,0.08041973,0,0.0008566333563067019,0.1822950839996338,-2.646209716796875,0.13260479271411896,0.06135221943259239,-0.07236411422491074,-0.03493312746286392,0.040979500859975815,0.6028828024864197
0.1,0.012175343,0.08041973,0,0.0018780853133648634,0.18308278918266296,-2.6469268798828125,0.13226304948329926,0.06194109469652176,-0.06757082045078278,-0.036693159490823746,0.04175005853176117,0.6018425226211548
0.1,0.012175343,0.08041973,0,0.0028984760865569115,0.18386663496494293,-2.6475982666015625,0.131815105676651,0.06258681416511536,-0.06279899924993515,-0.05024745315313339,0.049774982035160065,0.5990736484527588
0.1,0.012175343,0.08041973,0,0.004933482501655817,0.18542374670505524,-2.6488189697265625,0.13078682124614716,0.06373277306556702,-0.0533146895468235,-0.06028091162443161,0.038845568895339966,0.5943439602851868
0.1,0.012175343,0.08041973,0,0.005919783376157284,0.18624237179756165,-2.64935302734375,0.13020044565200806,0.06427626311779022,-0.04864196851849556,-0.06455951184034348,0.03472846373915672,0.5847578644752502
0.1,0.012179971,0.080444574,0,0.006903406698256731,0.1870565414428711,-2.6498565673828125,0.12953877449035645,0.06484979391098022,-0.04408367723226547,-0.07431639730930328,0.03943312168121338,0.5704280734062195
0.1,0.012179971,0.080444574,0,0.007884171791374683,0.18786634504795074,-2.650299072265625,0.12887102365493774,0.0653519555926323,-0.03956650570034981,-0.07540739327669144,0.03143639490008354,0.5649956464767456
0.1,0.012179971,0.080444574,0,0.008861372247338295,0.18867161870002747,-2.65069580078125,0.12809056043624878,0.06588804721832275,-0.0350739061832428,-0.08981704711914062,0.03657577186822891,0.5619078278541565
0.1,0.012179971,0.080444574,0,0.01072586327791214,0.19037675857543945,-2.6513671875,0.12621940672397614,0.0669197142124176,-0.026308193802833557,-0.11239610612392426,0.027523262426257133,0.5408613681793213
0.1,0.012179971,0.080444574,0,0.01165049895644188,0.19122172892093658,-2.651641845703125,0.12517666816711426,0.0674564391374588,-0.022041870281100273,-0.11883725225925446,0.03385119512677193,0.5321041345596313
0.1,0.012179971,0.080444574,0,0.012569736689329147,0.1920616626739502,-2.651885986328125,0.12416473776102066,0.0679057240486145,-0.01780119352042675,-0.1153906062245369,0.023869166150689125,0.5289260149002075
0.1,0.012179971,0.080444574,0,0.013445032760500908,0.19295074045658112,-2.652069091796875,0.12299832701683044,0.06844043731689453,-0.013661554083228111,-0.12992970645427704,0.0298242699354887,0.5142958760261536
0.1,0.012179971,0.080444574,0,0.015175430104136467,0.19471490383148193,-2.6523284912109375,0.12060020864009857,0.06938400119543076,-0.0056015560403466225,-0.13906452059745789,0.022814899682998657,0.49660351872444153
0.1,0.012179971,0.080444574,0,0.016030726954340935,0.19558854401111603,-2.65240478515625,0.11931617558002472,0.0698290541768074,-0.0017257328145205975,-0.1460963636636734,0.02137012593448162,0.4814271628856659
0.1,0.012121961,0.08013307,0,0.016857028007507324,0.19652675092220306,-2.6524200439453125,0.11797493696212769,0.07027774304151535,0.002031551208347082,-0.15031568706035614,0.015451613813638687,0.46452784538269043
0.1,0.012121961,0.08013307,0,0.018487056717276573,0.19838261604309082,-2.6523590087890625,0.11518043279647827,0.07115989178419113,0.009208952076733112,-0.15961267054080963,0.018592961132526398,0.43692344427108765
0.1,0.012121961,0.08013307,0,0.01929027959704399,0.19930100440979004,-2.65228271484375,0.1137588620185852,0.0716250017285347,0.012632174417376518,-0.16194042563438416,0.020831545814871788,0.4231840968132019
0.1,0.012121961,0.08013307,0,0.020053209736943245,0.20026810467243195,-2.6521759033203125,0.11218538880348206,0.0720846876502037,0.01595219038426876,-0.1766088753938675,0.01581653207540512,0.4090750217437744
0.1,0.012121961,0.08013307,0,0.020807109773159027,0.2012283056974411,-2.652008056640625,0.11056898534297943,0.07256870716810226,0.019126959145069122,-0.18258540332317352,0.020025046542286873,0.39053845405578613
0.1,0.012121961,0.08013307,0,0.0222869161516428,0.2031306028366089,-2.651611328125,0.10738597810268402,0.0733080506324768,0.025121575221419334,-0.18736757338047028,-0.00020641890296246856,0.36057454347610474
0.1,0.012121961,0.08013307,0,0.022975383326411247,0.2041330486536026,-2.6513519287109375,0.10569202899932861,0.07369296997785568,0.028021730482578278,-0.18855202198028564,0.004114933777600527,0.3550140857696533
0.1,0.012121961,0.08013307,0,0.02365395799279213,0.2051275670528412,-2.6510772705078125,0.10391377657651901,0.07410513609647751,0.030801931396126747,-0.19977141916751862,0.008745085448026657,0.3402307331562042
0.1,0.012121961,0.08013307,0,0.024322526529431343,0.2061145305633545,-2.6507720947265625,0.10217973589897156,0.07450584322214127,0.033433105796575546,-0.19490747153759003,0.008505097590386868,0.321807324886322
0.1,0.012121961,0.08013307,0,0.025628266856074333,0.20806528627872467,-2.6501312255859375,0.09848088771104813,0.07515092939138412,0.03825130686163902,-0.2151940017938614,0.0010306884068995714,0.28864479064941406
0.1,0.012002108,0.07948948,0,0.026214661076664925,0.20908741652965546,-2.6497802734375,0.09650353342294693,0.0755266547203064,0.04048369079828262,-0.22030052542686462,0.002828249940648675,0.2718549072742462
0.1,0.012002108,0.07948948,0,0.02679005078971386,0.2101024091243744,-2.6494140625,0.09453598409891129,0.075877346098423,0.04267951101064682,-0.2199789583683014,0.0006715544732287526,0.2674846649169922
0.1,0.012002108,0.07948948,0,0.027353951707482338,0.2111092358827591,-2.6490325927734375,0.09250611066818237,0.07620169222354889,0.04470883309841156,-0.22851459681987762,-0.001417949446476996,0.24686892330646515
0.1,0.012002108,0.07948948,0,0.02790590189397335,0.21210765838623047,-2.648651123046875,0.09044662117958069,0.07646559923887253,0.04660077393054962,-0.23294095695018768,-0.007801929023116827,0.2298871874809265
0.1,0.012002108,0.07948948,0,0.028845742344856262,0.2142016589641571,-2.647796630859375,0.08613602072000504,0.07712481170892715,0.05008564889431,-0.2385280728340149,-0.006969102658331394,0.19937752187252045
0.1,0.012002108,0.07948948,0,0.029298020526766777,0.21523550152778625,-2.6473541259765625,0.08398880064487457,0.07745223492383957,0.051625873893499374,-0.23810189962387085,-0.0025187234859913588,0.18565262854099274
0.1,0.012002108,0.07948948,0,0.029738478362560272,0.2162606120109558,-2.6468963623046875,0.08184764534235,0.07771982997655869,0.05303141847252846,-0.2381899207830429,-0.008782139979302883,0.16898614168167114
0.1,0.012002108,0.07948948,0,0.03044877015054226,0.218414306640625,-2.6459503173828125,0.07732508331537247,0.07839184999465942,0.0555187352001667,-0.24866101145744324,-0.007788557559251785,0.1448807269334793
0.1,0.012002108,0.07948948,0,0.0307869054377079,0.21947798132896423,-2.6454620361328125,0.07508166134357452,0.07864220440387726,0.05660013481974602,-0.24562950432300568,-0.014137797988951206,0.12825800478458405
0.1,0.012002108,0.07948948,0,0.031113335862755775,0.22053205966949463,-2.64495849609375,0.07286207377910614,0.07886523753404617,0.05761387199163437,-0.24360813200473785,-0.01628555729985237,0.1199943870306015
0.1,0.011864404,0.078750014,0,0.03136115148663521,0.22164368629455566,-2.64447021484375,0.07051002234220505,0.07910963147878647,0.058485615998506546,-0.253111332654953,-0.019752703607082367,0.1022205650806427
0.1,0.011864404,0.078750014,0,0.03182167932391167,0.22383596003055573,-2.6434478759765625,0.06580021977424622,0.07957451045513153,0.059971023350954056,-0.2515176236629486,-0.021813029423356056,0.07980921864509583
0.1,0.011864404,0.078750014,0,0.03203438222408295,0.22491662204265594,-2.6429290771484375,0.0634492039680481,0.07974443584680557,0.06057193502783775,-0.25622448325157166,-0.024975931271910667,0.06903661042451859
0.1,0.011864404,0.078750014,0,0.03216543048620224,0.22604496777057648,-2.6424102783203125,0.06101888790726662,0.07991569489240646,0.061084870249032974,-0.25910964608192444,-0.02972470596432686,0.05797110125422478
0.1,0.011864404,0.078750014,0,0.032285239547491074,0.22716206312179565,-2.6418914794921875,0.05858993157744408,0.08009234815835953,0.06154962256550789,-0.26014435291290283,-0.027626143768429756,0.05212006717920303
0.1,0.011864404,0.078750014,0,0.032491229474544525,0.22936396300792694,-2.6408538818359375,0.05374457314610481,0.08037005364894867,0.062260743230581284,-0.2623596787452698,-0.028943795710802078,0.03309500962495804
0.1,0.011864404,0.078750014,0,0.0325058177113533,0.23049955070018768,-2.6403350830078125,0.05135225132107735,0.08051654696464539,0.06253108382225037,-0.25111058354377747,-0.03259787708520889,0.028475185856223106
0.1,0.011864404,0.078750014,0,0.03251023590564728,0.2316235452890396,-2.63983154296875,0.048929110169410706,0.08064320683479309,0.06269612908363342,-0.2562454640865326,-0.033658839762210846,0.015460419468581676
0.1,0.011864404,0.078750014,0,0.03250398859381676,0.23273614048957825,-2.6392974853515625,0.0465250238776207,0.0807313546538353,0.062781423330307,-0.25511014461517334,-0.0370895192027092,0.005499924998730421
0.1,0.011864404,0.078750014,0,0.03248707950115204,0.2338370531797409,-2.6387786865234375,0.04413985833525658,0.08076712489128113,0.0627637654542923,-0.2539568543434143,-0.042288437485694885,-0.007225665729492903
0.2,0.020531973,0.1352416,0,0.03226378560066223,0.2360796332359314,-2.63775634765625,0.03919139504432678,0.08082371950149536,0.06263013929128647,-0.2595149874687195,-0.04635673761367798,-0.01167785283178091
0.2,0.020531973,0.1352416,0,0.03213726356625557,0.23718290030956268,-2.637237548828125,0.03680368512868881,0.08084645122289658,0.06250448524951935,-0.24895817041397095,-0.04382215812802315,-0.019946599379181862
0.2,0.020531973,0.1352416,0,0.032001134008169174,0.23827442526817322,-2.6367340087890625,0.034429881721735,0.08083987236022949,0.06228375807404518,-0.24853266775608063,-0.04617157205939293,-0.0317147895693779
0.2,0.020531973,0.1352416,0,0.03156261891126633,0.24049367010593414,-2.6357574462890625,0.0296393521130085,0.08079289644956589,0.06179605424404144,-0.24257272481918335,-0.05113079398870468,-0.03627081960439682
0.2,0.020531973,0.1352416,0,0.031330011785030365,0.24158504605293274,-2.6352691650390625,0.027194861322641373,0.0807742327451706,0.06145915761590004,-0.2538849711418152,-0.04746629297733307,-0.04507600888609886
0.2,0.020531973,0.1352416,0,0.0310878474265337,0.2426643818616867,-2.634765625,0.024731824174523354,0.08069377392530441,0.06110985577106476,-0.2575673758983612,-0.05391177162528038,-0.04654749855399132
0.2,0.020531973,0.1352416,0,0.030836088582873344,0.24373161792755127,-2.6342926025390625,0.022386664524674416,0.08057187497615814,0.06069707125425339,-0.24416011571884155,-0.05784318968653679,-0.054405998438596725
0.2,0.020531973,0.1352416,0,0.030161896720528603,0.2459196299314499,-2.63336181640625,0.017624452710151672,0.08047135174274445,0.05940242111682892,-0.23958712816238403,-0.048950985074043274,-0.09253294765949249
0.2,0.020531973,0.1352416,0,0.029813075438141823,0.24699558317661285,-2.6329193115234375,0.015386863611638546,0.08042556047439575,0.05868484824895859,-0.22710320353507996,-0.04916791990399361,-0.09131477773189545
0.2,0.020437622,0.13473587,0,0.029010558500885963,0.24915331602096558,-2.632049560546875,0.010927027091383934,0.08045810461044312,0.05719864368438721,-0.22322231531143188,-0.03812512010335922,-0.093694768846035
0.2,0.020437622,0.13473587,0,0.028095517307519913,0.25130558013916016,-2.6312103271484375,0.006409532390534878,0.08066219836473465,0.0557597279548645,-0.2243073433637619,-0.025192292407155037,-0.09344750642776489
0.2,0.020437622,0.13473587,0,0.027628466486930847,0.2523660361766815,-2.63079833984375,0.004256004001945257,0.08080141991376877,0.055053483694791794,-0.21484003961086273,-0.023813245818018913,-0.08898647129535675
0.2,0.020437622,0.13473587,0,0.027076661586761475,0.2534511089324951,-2.63043212890625,0.0021164820063859224,0.08104754984378815,0.05435961112380028,-0.20535993576049805,-0.012799256481230259,-0.08633872121572495
0.2,0.020437622,0.13473587,0,0.026520423591136932,0.254526823759079,-2.6300506591796875,2.083249273709953e-05,0.08137916028499603,0.05376359447836876,-0.2015058398246765,-0.0008551032515242696,-0.07412488758563995
0.2,0.020437622,0.13473587,0,0.025395551696419716,0.25665420293807983,-2.629302978515625,-0.004014140926301479,0.08233024924993515,0.052645910531282425,-0.19319570064544678,0.02412974089384079,-0.061924099922180176
0.2,0.020437622,0.13473587,0,0.02475070208311081,0.25774306058883667,-2.62896728515625,-0.00597814004868269,0.08293328434228897,0.05211842805147171,-0.18165481090545654,0.0330662727355957,-0.06423098593950272
0.2,0.020437622,0.13473587,0,0.024103568866848946,0.25882580876350403,-2.628631591796875,-0.007897058501839638,0.08365872502326965,0.051648493856191635,-0.17769606411457062,0.049598440527915955,-0.057093795388936996
0.2,0.020437622,0.13473587,0,0.023454219102859497,0.2599029242992401,-2.6282958984375,-0.009777011349797249,0.08436074107885361,0.0512465201318264,-0.1744573414325714,0.0478702150285244,-0.04865275323390961
0.2,0.020463029,0.13487205,0,0.022802799940109253,0.2609752118587494,-2.627960205078125,-0.011584626510739326,0.08519954979419708,0.050791844725608826,-0.16700349748134613,0.06614084541797638,-0.05529308319091797
0.2,0.020463029,0.13487205,0,0.021346351131796837,0.2631750702857971,-2.6273345947265625,-0.015211399644613266,0.08708295971155167,0.049884192645549774,-0.16065528988838196,0.08271016925573349,-0.055254898965358734
0.2,0.020463029,0.13487205,0,0.020617477595806122,0.26426979899406433,-2.62701416015625,-0.016870073974132538,0.08804889023303986,0.049442972987890244,-0.14562155306339264,0.0823548287153244,-0.05309236794710159
0.2,0.020463029,0.13487205,0,0.01988859288394451,0.265361487865448,-2.626708984375,-0.01852453500032425,0.08906017243862152,0.04910698160529137,-0.14671418070793152,0.08916477113962173,-0.040045469999313354
0.2,0.020463029,0.13487205,0,0.01828031614422798,0.2676260471343994,-2.6261444091796875,-0.021774370223283768,0.09135618805885315,0.04824713245034218,-0.12894970178604126,0.10491633415222168,-0.04812934994697571
0.2,0.020463029,0.13487205,0,0.017479678615927696,0.2687555253505707,-2.6258697509765625,-0.02326946333050728,0.09250406175851822,0.04789067059755325,-0.12462477385997772,0.10550464689731598,-0.04131346568465233
0.2,0.020463029,0.13487205,0,0.01668073609471321,0.2698831260204315,-2.6255950927734375,-0.02475091628730297,0.09362819790840149,0.047538742423057556,-0.12455163896083832,0.10373828560113907,-0.040846873074769974
0.2,0.020463029,0.13487205,0,0.015809467062354088,0.27105608582496643,-2.6253509521484375,-0.02617994323372841,0.09484443068504333,0.04716579616069794,-0.1119459718465805,0.11213025450706482,-0.04237843304872513
0.2,0.020463029,0.13487205,0,0.014078075997531414,0.2733972668647766,-2.624847412109375,-0.028855936601758003,0.0973157212138176,0.04643544182181358,-0.10287892073392868,0.11461228132247925,-0.042842697352170944
0.2,0.020463029,0.13487205,0,0.013217994011938572,0.2745656371116638,-2.6245880126953125,-0.030132491141557693,0.09851501137018204,0.04604145139455795,-0.09798748046159744,0.11375334858894348,-0.04538055136799812
0.2,0.0206142,0.13568234,0,0.012287000194191933,0.27578088641166687,-2.624359130859375,-0.03144169598817825,0.09971680492162704,0.045701149851083755,-0.09600403159856796,0.11076948046684265,-0.038502734154462814
0.2,0.0206142,0.13568234,0,0.011360994540154934,0.2769939601421356,-2.624114990234375,-0.032697055488824844,0.1009301245212555,0.045299921184778214,-0.09104405343532562,0.11348430067300797,-0.046241093426942825
0.2,0.0206142,0.13568234,0,0.009526384994387627,0.27941635251045227,-2.623626708984375,-0.034980956465005875,0.10333076864480972,0.04454513266682625,-0.07852016389369965,0.11149995774030685,-0.03991881012916565
0.2,0.0206142,0.13568234,0,0.008617441169917583,0.2806251347064972,-2.6233978271484375,-0.03602146729826927,0.10451637208461761,0.044153403490781784,-0.06942375004291534,0.11342335492372513,-0.04539964348077774
0.2,0.0206142,0.13568234,0,0.007634530775249004,0.2818724811077118,-2.6231689453125,-0.03711919113993645,0.10574328899383545,0.04377412050962448,-0.07004056125879288,0.11637482792139053,-0.043371688574552536
0.2,0.0206142,0.13568234,0,0.006658622063696384,0.28311797976493835,-2.6229400634765625,-0.038140494376420975,0.10692723840475082,0.043397706001996994,-0.062252406030893326,0.11219865083694458,-0.04320172220468521
0.2,0.0206142,0.13568234,0,0.004727829713374376,0.28560394048690796,-2.6224822998046875,-0.040094971656799316,0.10928235203027725,0.04279568791389465,-0.05519534647464752,0.11261355876922607,-0.032360196113586426
0.2,0.0206142,0.13568234,0,0.003693709848448634,0.2869050204753876,-2.6222686767578125,-0.04106031730771065,0.1104692742228508,0.04249061644077301,-0.0523986741900444,0.11019827425479889,-0.03426475077867508
0.2,0.0206142,0.13568234,0,0.002668076893314719,0.2882043421268463,-2.6220703125,-0.04194625839591026,0.11160936206579208,0.042209502309560776,-0.044299159198999405,0.10529328882694244,-0.031387895345687866
0.2,0.0206142,0.13568234,0,0.0016511346912011504,0.289500892162323,-2.6218414306640625,-0.04276737570762634,0.11270451545715332,0.04203689470887184,-0.03795263543725014,0.10084899514913559,-0.017938202247023582
0.2,0.020760622,0.13646716,0,-0.00043730426114052534,0.29215186834335327,-2.621429443359375,-0.044464707374572754,0.11486978083848953,0.04153412580490112,-0.043056100606918335,0.09697772562503815,-0.02846587263047695
0.2,0.020760622,0.13646716,0,-0.0015080507146194577,0.29350534081459045,-2.6212310791015625,-0.04522557184100151,0.11594407260417938,0.041233472526073456,-0.027148036286234856,0.09534873068332672,-0.033975109457969666
0.2,0.020760622,0.13646716,0,-0.002568666124716401,0.29485493898391724,-2.6210174560546875,-0.04597432538866997,0.11693288385868073,0.04100168123841286,-0.027439812198281288,0.08586049824953079,-0.025476792827248573
0.2,0.020760622,0.13646716,0,-0.0036192929837852716,0.2962004542350769,-2.6208038330078125,-0.046665504574775696,0.1178816482424736,0.0408138670027256,-0.02200303040444851,0.08201690018177032,-0.020085832104086876
0.2,0.020760622,0.13646716,0,-0.004738030023872852,0.29760420322418213,-2.62060546875,-0.04736750200390816,0.11885934323072433,0.04061422497034073,-0.016545288264751434,0.08096805214881897,-0.021299345418810844
0.2,0.020760622,0.13646716,0,-0.005845273844897747,0.29900306463241577,-2.6204071044921875,-0.047999024391174316,0.11983740329742432,0.04038659855723381,-0.009633544832468033,0.0822603702545166,-0.024908220395445824
0.2,0.020760622,0.13646716,0,-0.00802629068493843,0.3017873466014862,-2.6199951171875,-0.04913133755326271,0.1215914860367775,0.040027447044849396,0.0007623579585924745,0.06996379792690277,-0.016984527930617332
0.2,0.020760622,0.13646716,0,-0.009166338481009007,0.3032401502132416,-2.6198272705078125,-0.04969937354326248,0.12248994410037994,0.03982926905155182,0.0003259074001107365,0.06885357201099396,-0.02084299735724926
0.2,0.020760622,0.13646716,0,-0.010293932631611824,0.304686576128006,-2.6196441650390625,-0.050234582275152206,0.12330655753612518,0.03964890167117119,0.0025222464464604855,0.05990852043032646,-0.018735414370894432
0.2,0.020760622,0.13646716,0,-0.012511828914284706,0.3075598180294037,-2.6192626953125,-0.05114523693919182,0.12479528784751892,0.03938788175582886,0.013040820136666298,0.051182568073272705,-0.013051087968051434
0.2,0.02088029,0.13710855,0,-0.013647685758769512,0.309036523103714,-2.61907958984375,-0.051529910415410995,0.1255529522895813,0.039260897785425186,0.021260425448417664,0.051555391401052475,-0.01235166471451521
0.2,0.02088029,0.13710855,0,-0.014770330861210823,0.3105058968067169,-2.6189117431640625,-0.05193370580673218,0.12622854113578796,0.03910203278064728,0.017008444294333458,0.04256236180663109,-0.016443895176053047
0.2,0.02088029,0.13710855,0,-0.015879660844802856,0.3119678199291229,-2.6187286376953125,-0.05225159972906113,0.12691493332386017,0.038953155279159546,0.02593267150223255,0.045138053596019745,-0.015299300663173199
0.2,0.02088029,0.13710855,0,-0.016976533457636833,0.3134237825870514,-2.6185302734375,-0.05259399861097336,0.1275673359632492,0.0388278104364872,0.021121464669704437,0.04172857105731964,-0.012459232471883297
0.2,0.02088029,0.13710855,0,-0.01920824870467186,0.3164353370666504,-2.6181793212890625,-0.05305447056889534,0.12871743738651276,0.03859341889619827,0.04313068836927414,0.025530995801091194,-0.012043862603604794
0.2,0.02088029,0.13710855,0,-0.020302627235651016,0.3179280161857605,-2.6179962158203125,-0.05318891629576683,0.12925201654434204,0.038482677191495895,0.04635224863886833,0.02488623559474945,-0.011028255335986614
0.2,0.02088029,0.13710855,0,-0.02138272486627102,0.31941238045692444,-2.6177978515625,-0.05331184342503548,0.12978126108646393,0.03849426284432411,0.046087075024843216,0.02543485164642334,0.004176515620201826
0.2,0.02088029,0.13710855,0,-0.023576980456709862,0.32248881459236145,-2.6174468994140625,-0.05337465927004814,0.13072240352630615,0.03838541358709335,0.06584583222866058,0.013753236271440983,-0.004411208909004927
0.2,0.02088029,0.13710855,0,-0.024650923907756805,0.32401242852211,-2.6172637939453125,-0.05332641303539276,0.13116218149662018,0.03831867873668671,0.06697008013725281,0.011506105773150921,-0.0054188999347388744
0.2,0.02088029,0.13710855,0,-0.02570960856974125,0.3255264163017273,-2.6170806884765625,-0.053283318877220154,0.13156351447105408,0.03828451409935951,0.06467591971158981,0.007952279411256313,-0.001495238277129829
0.2,0.020939399,0.13742535,0,-0.027821529656648636,0.3285928964614868,-2.6167144775390625,-0.05315970629453659,0.13219276070594788,0.038158755749464035,0.07142248749732971,-0.006221340037882328,-0.0012316739885136485
0.2,0.020939399,0.13742535,0,-0.02887374721467495,0.33014315366744995,-2.6165313720703125,-0.053078167140483856,0.1325373500585556,0.03818291053175926,0.06870213150978088,-0.002307809889316559,0.005998182576149702
0.2,0.020939399,0.13742535,0,-0.02991006337106228,0.33168259263038635,-2.6163482666015625,-0.05282517895102501,0.13283337652683258,0.03821605071425438,0.08854147046804428,-0.007077716290950775,0.0070314849726855755
0.2,0.020939399,0.13742535,0,-0.030930113047361374,0.33321142196655273,-2.6161651611328125,-0.05260442569851875,0.1331215500831604,0.03815088048577309,0.08296171575784683,-0.006794963497668505,-0.005344859790056944
0.2,0.020939399,0.13742535,0,-0.03299181908369064,0.33636730909347534,-2.61578369140625,-0.05201510712504387,0.1336061805486679,0.03814353048801422,0.09582246094942093,-0.020500848069787025,0.001145060989074409
0.2,0.020939399,0.13742535,0,-0.03399745374917984,0.33792737126350403,-2.6156158447265625,-0.05169995129108429,0.13380125164985657,0.038182783871889114,0.09376205503940582,-0.021047256886959076,0.007760710548609495
0.2,0.020939399,0.13742535,0,-0.03498648479580879,0.339477002620697,-2.6154327392578125,-0.05132490396499634,0.1339445263147354,0.03810354322195053,0.09963133931159973,-0.02670648694038391,-0.00713765574619174
0.2,0.020939399,0.13742535,0,-0.036007195711135864,0.34107324481010437,-2.6152496337890625,-0.050934966653585434,0.13408611714839935,0.038014691323041916,0.10528115928173065,-0.031431253999471664,-0.008651054464280605
0.2,0.020939399,0.13742535,0,-0.03799465298652649,0.3442267179489136,-2.6148681640625,-0.04998128116130829,0.13421790301799774,0.03797406703233719,0.11199483275413513,-0.042356837540864944,0.002404674654826522
0.2,0.020939399,0.13742535,0,-0.03896162658929825,0.3457837700843811,-2.6146697998046875,-0.049482885748147964,0.1342601180076599,0.03792642802000046,0.11431419104337692,-0.03978258743882179,-0.003715511178597808
0.30000000000000004,0.02975314,0.19456352,0,-0.03995070606470108,0.34738069772720337,-2.614471435546875,-0.048991844058036804,0.1343143731355667,0.03789123147726059,0.11607251316308975,-0.04204738140106201,-0.002822372829541564
0.30000000000000004,0.02975314,0.19456352,0,-0.04092128574848175,0.34896400570869446,-2.6142578125,-0.0484338141977787,0.13434289395809174,0.0378497950732708,0.12294173240661621,-0.04387849196791649,-0.0038105060812085867
0.30000000000000004,0.02975314,0.19456352,0,-0.0428072065114975,0.3520899713039398,-2.6138153076171875,-0.047264132648706436,0.13430337607860565,0.0377839058637619,0.12511517107486725,-0.04776192829012871,0.0010365619091317058
0.30000000000000004,0.02975314,0.19456352,0,-0.04375484213232994,0.353662371635437,-2.61358642578125,-0.046645548194646835,0.13428932428359985,0.037739936262369156,0.12935324013233185,-0.04817835986614227,-0.005037523340433836
0.30000000000000004,0.02975314,0.19456352,0,-0.04468357190489769,0.35522088408470154,-2.61334228515625,-0.04600728675723076,0.1341983824968338,0.03747681900858879,0.1303749680519104,-0.05646844953298569,-0.032446809113025665
0.30000000000000004,0.02975314,0.19456352,0,-0.04559313878417015,0.3567655682563782,-2.6131134033203125,-0.04525797814130783,0.13408799469470978,0.03706088662147522,0.14285524189472198,-0.05761377513408661,-0.051563601940870285
0.30000000000000004,0.02975314,0.19456352,0,-0.0464835986495018,0.35829684138298035,-2.612884521484375,-0.04453406482934952,0.13403280079364777,0.03668596222996712,0.13831719756126404,-0.049464963376522064,-0.04645250365138054
0.30000000000000004,0.02975314,0.19456352,0,-0.048251960426568985,0.36136892437934875,-2.6124114990234375,-0.04300148785114288,0.13396425545215607,0.03614044934511185,0.14872519671916962,-0.04524463042616844,-0.030941328033804893
0.30000000000000004,0.02975314,0.19456352,0,-0.049106892198324203,0.36288589239120483,-2.6121826171875,-0.04216212406754494,0.13397321105003357,0.03587694093585014,0.15126942098140717,-0.03988753631711006,-0.032695937901735306
0.30000000000000004,0.029731048,0.19444546,0,-0.04994223266839981,0.36439070105552673,-2.6119384765625,-0.041274748742580414,0.13398177921772003,0.03558877855539322,0.1559775173664093,-0.038757145404815674,-0.03578699752688408
0.30000000000000004,0.029731048,0.19444546,0,-0.05078691989183426,0.3659164011478424,-2.6117095947265625,-0.04046902805566788,0.13408687710762024,0.0353071391582489,0.1479683220386505,-0.02879433147609234,-0.034535765647888184
0.30000000000000004,0.029731048,0.19444546,0,-0.0524166114628315,0.3689385652542114,-2.6112518310546875,-0.038660839200019836,0.13452567160129547,0.03493064269423485,0.15904314815998077,-0.009798333048820496,-0.016915610060095787
0.30000000000000004,0.029731048,0.19444546,0,-0.05320195108652115,0.37043482065200806,-2.61102294921875,-0.03773507848381996,0.13482847809791565,0.03477901220321655,0.15888263285160065,-0.0011070186737924814,-0.018346121534705162
0.30000000000000004,0.029731048,0.19444546,0,-0.05400077626109123,0.37195634841918945,-2.6108245849609375,-0.036789022386074066,0.13519848883152008,0.03464427590370178,0.16376560926437378,0.0051081073470413685,-0.014984513632953167
0.30000000000000004,0.029731048,0.19444546,0,-0.055537689477205276,0.37497302889823914,-2.61041259765625,-0.03478609398007393,0.13608725368976593,0.03442000970244408,0.1695026457309723,0.0215451680123806,-0.011967028491199017
0.30000000000000004,0.029731048,0.19444546,0,-0.05627582594752312,0.3764696717262268,-2.6102142333984375,-0.03375794738531113,0.13662837445735931,0.03428265079855919,0.17029456794261932,0.02996455319225788,-0.01547206100076437
0.30000000000000004,0.029731048,0.19444546,0,-0.056994035840034485,0.3779592216014862,-2.6100006103515625,-0.03272056579589844,0.13719354569911957,0.03420448675751686,0.17026737332344055,0.034067001193761826,-0.008122994564473629
0.30000000000000004,0.029731048,0.19444546,0,-0.05772919952869415,0.3794695734977722,-2.60980224609375,-0.031676337122917175,0.13792303204536438,0.03412008285522461,0.17397896945476532,0.05337812379002571,-0.007913912646472454
0.30000000000000004,0.029731048,0.19444546,0,-0.05844320356845856,0.3809765577316284,-2.6096038818359375,-0.03059569001197815,0.13871081173419952,0.03403431922197342,0.17701281607151031,0.06114567443728447,-0.008161644451320171
0.30000000000000004,0.029731048,0.19444546,0,-0.05981050804257393,0.3839758336544037,-2.6092071533203125,-0.0284840427339077,0.14033706486225128,0.03386383131146431,0.17309923470020294,0.06845668703317642,-0.009973998181521893
0.30000000000000004,0.0297444,0.19451681,0,-0.06050804629921913,0.38551029562950134,-2.6090240478515625,-0.027391064912080765,0.1412738412618637,0.03367320075631142,0.17946834862232208,0.07904184609651566,-0.020585021004080772
0.30000000000000004,0.0297444,0.19451681,0,-0.061184804886579514,0.3870408236980438,-2.6088409423828125,-0.026300163939595222,0.14223738014698029,0.03357543796300888,0.17799758911132812,0.08353346586227417,-0.009071080945432186
0.30000000000000004,0.0297444,0.19451681,0,-0.06184093654155731,0.3885677754878998,-2.608642578125,-0.025203514844179153,0.14322607219219208,0.033488716930150986,0.17753882706165314,0.0878089889883995,-0.007782596629112959
0.30000000000000004,0.0297444,0.19451681,0,-0.06247665733098984,0.39009159803390503,-2.60845947265625,-0.024103926494717598,0.1442214548587799,0.0333632230758667,0.17676018178462982,0.08976699411869049,-0.0127181401476264
0.30000000000000004,0.0297444,0.19451681,0,-0.0637807846069336,0.39321887493133545,-2.60809326171875,-0.02193319797515869,0.14631065726280212,0.033030372112989426,0.17618387937545776,0.09621594846248627,-0.01880386658012867
0.30000000000000004,0.0297444,0.19451681,0,-0.0644015222787857,0.3947792053222656,-2.6079254150390625,-0.02079659514129162,0.14739100635051727,0.03290596976876259,0.18294064700603485,0.09924796223640442,-0.012131872586905956
0.30000000000000004,0.0297444,0.19451681,0,-0.0650017186999321,0.39633709192276,-2.6077423095703125,-0.01969783939421177,0.14848804473876953,0.0327967070043087,0.17704397439956665,0.10249051451683044,-0.01033907663077116
0.30000000000000004,0.0297444,0.19451681,0,-0.06622500717639923,0.3995613753795624,-2.6074066162109375,-0.01741766184568405,0.1506481170654297,0.03249536454677582,0.1854408234357834,0.09900249540805817,-0.009120441041886806
0.30000000000000004,0.0297444,0.19451681,0,-0.06680508702993393,0.4011686444282532,-2.60723876953125,-0.01627642661333084,0.1516639143228531,0.03234365954995155,0.1835222840309143,0.09008525311946869,-0.01533189695328474
0.30000000000000004,0.029832257,0.19498633,0,-0.06736445426940918,0.4027726352214813,-2.6070709228515625,-0.015111245214939117,0.15272267162799835,0.032073549926280975,0.18534162640571594,0.0966373011469841,-0.030238179489970207
0.30000000000000004,0.029832257,0.19498633,0,-0.06851095706224442,0.4061031639575958,-2.60675048828125,-0.012899413704872131,0.1549602448940277,0.03168287128210068,0.1792091280221939,0.0979285016655922,-0.020099801942706108
0.30000000000000004,0.029832257,0.19498633,0,-0.06905348598957062,0.40776532888412476,-2.606597900390625,-0.011734218336641788,0.1560002714395523,0.03151024878025055,0.18683473765850067,0.09072905033826828,-0.018017830327153206
0.30000000000000004,0.029832257,0.19498633,0,-0.069575235247612,0.4094237685203552,-2.6064300537109375,-0.010572308674454689,0.1570224165916443,0.031354185193777084,0.18523535132408142,0.08972477167844772,-0.01605180837213993
0.30000000000000004,0.029832257,0.19498633,0,-0.07012294977903366,0.41113072633743286,-2.606292724609375,-0.009477565996348858,0.15807421505451202,0.031186405569314957,0.18090349435806274,0.08933629840612411,-0.015987547114491463
0.30000000000000004,0.029832257,0.19498633,0,-0.07115592062473297,0.414531946182251,-2.6060028076171875,-0.007207277696579695,0.16008195281028748,0.030805686488747597,0.18684421479701996,0.08362139016389847,-0.01774122752249241
0.30000000000000004,0.029832257,0.19498633,0,-0.07164150476455688,0.41622617840766907,-2.605865478515625,-0.006109476089477539,0.16101349890232086,0.030587056651711464,0.1775875687599182,0.07807356864213943,-0.022768041118979454
0.30000000000000004,0.029832257,0.19498633,0,-0.07216041535139084,0.4179646074771881,-2.6057281494140625,-0.004996841307729483,0.16192911565303802,0.030383437871932983,0.1841944009065628,0.0721389576792717,-0.020283738151192665
0.30000000000000004,0.029832257,0.19498633,0,-0.07265850156545639,0.41969791054725647,-2.6055755615234375,-0.0039078909903764725,0.162851020693779,0.03022628091275692,0.17993739247322083,0.07420232892036438,-0.015226657502353191
0.30000000000000004,0.029832257,0.19498633,0,-0.07313577085733414,0.4214261472225189,-2.60540771484375,-0.002793499967083335,0.1637142300605774,0.030007043853402138,0.18185627460479736,0.06810194998979568,-0.023116355761885643
0.30000000000000004,0.029926091,0.19548777,0,-0.07359350472688675,0.42315125465393066,-2.605255126953125,-0.0016534094465896487,0.16452302038669586,0.029822301119565964,0.18391002714633942,0.06195438280701637,-0.01893145777285099
0.30000000000000004,0.029926091,0.19548777,0,-0.07453703135251999,0.4266737103462219,-2.604949951171875,0.0005868354346603155,0.16604501008987427,0.02953222393989563,0.18578821420669556,0.048440705984830856,-0.01192511897534132
0.30000000000000004,0.029926091,0.19548777,0,-0.074977345764637,0.4284251928329468,-2.60479736328125,0.0017130902269855142,0.16670793294906616,0.0294104665517807,0.1834246963262558,0.0427730418741703,-0.01075724046677351
0.30000000000000004,0.029926091,0.19548777,0,-0.07579638063907623,0.431908518075943,-2.6044921875,0.00399374682456255,0.16796734929084778,0.029057873412966728,0.18424835801124573,0.038735486567020416,-0.021744517609477043
0.30000000000000004,0.029926091,0.19548777,0,-0.0762254148721695,0.43368637561798096,-2.6043548583984375,0.005106755066663027,0.1686287820339203,0.028825735673308372,0.18372103571891785,0.04149980843067169,-0.023785511031746864
0.30000000000000004,0.029926091,0.19548777,0,-0.07663404196500778,0.4354572296142578,-2.6042327880859375,0.00613310607150197,0.16921144723892212,0.0286845862865448,0.1716102808713913,0.032860223203897476,-0.01256586890667677
0.30000000000000004,0.029926091,0.19548777,0,-0.0770225003361702,0.4372207224369049,-2.604095458984375,0.007232896517962217,0.16975262761116028,0.02852744609117508,0.17954526841640472,0.028841592371463776,-0.014714430086314678
0.30000000000000004,0.029926091,0.19548777,0,-0.0777738094329834,0.4407513439655304,-2.6038360595703125,0.009329624474048615,0.17069590091705322,0.028186285868287086,0.17281247675418854,0.0169974397867918,-0.015657858923077583
0.30000000000000004,0.029926091,0.19548777,0,-0.07813570648431778,0.44251546263694763,-2.6037139892578125,0.010392890311777592,0.17108283936977386,0.027980808168649673,0.17481505870819092,0.010318118147552013,-0.021066049113869667
0.30000000000000004,0.029926091,0.19548777,0,-0.07847767323255539,0.44427141547203064,-2.60357666015625,0.011465947143733501,0.17147457599639893,0.027859274297952652,0.174833282828331,0.012025576084852219,-0.01070974301546812
0.4,0.038823955,0.25288102,0,-0.07879986613988876,0.44601935148239136,-2.60345458984375,0.012541212141513824,0.17182381451129913,0.027678148820996284,0.17393556237220764,0.0077887848019599915,-0.018293501809239388
0.4,0.038823955,0.25288102,0,-0.07947059720754623,0.4495416283607483,-2.603179931640625,0.014585787430405617,0.17234142124652863,0.02738112397491932,0.16951394081115723,-0.005580042488873005,-0.01691095344722271
0.4,0.038823955,0.25288102,0,-0.07977637648582458,0.4512893259525299,-2.6030426025390625,0.015659460797905922,0.1725861132144928,0.027168024331331253,0.17502379417419434,-0.004840608686208725,-0.022856051102280617
0.4,0.038823955,0.25288102,0,-0.08006314188241959,0.4530305564403534,-2.6029205322265625,0.0167516078799963,0.1728138029575348,0.02698248252272606,0.17614150047302246,-0.006451909430325031,-0.019525175914168358
0.4,0.038823955,0.25288102,0,-0.08038598299026489,0.45480260252952576,-2.6027679443359375,0.017793551087379456,0.1729859709739685,0.02682884968817234,0.17499616742134094,-0.016979895532131195,-0.01625809632241726
0.4,0.038823955,0.25288102,0,-0.08068877458572388,0.4565648138523102,-2.602630615234375,0.01878674142062664,0.17310094833374023,0.026634350419044495,0.1676224023103714,-0.023015769198536873,-0.02145441062748432
0.4,0.038823955,0.25288102,0,-0.08123676478862762,0.46005991101264954,-2.6023406982421875,0.020710323005914688,0.17335112392902374,0.026054060086607933,0.16139498353004456,-0.021030232310295105,-0.04882365092635155
0.4,0.038823955,0.25288102,0,-0.08154433965682983,0.4618304371833801,-2.6021881103515625,0.021648459136486053,0.1735379546880722,0.025432640686631203,0.1639978140592575,-0.015252146869897842,-0.0758306086063385
0.4,0.038823955,0.25288102,0,-0.08183199167251587,0.4635915160179138,-2.60205078125,0.022628528997302055,0.17371590435504913,0.02483569085597992,0.16790995001792908,-0.015247146598994732,-0.0728280246257782
0.4,0.038823955,0.25288102,0,-0.08234906941652298,0.4670860171318054,-2.6017608642578125,0.02450440265238285,0.17405113577842712,0.023911509662866592,0.16056832671165466,-0.014609456062316895,-0.05791755020618439
0.4,0.038851906,0.2530298,0,-0.08264253288507462,0.4688445031642914,-2.6016082763671875,0.025400647893548012,0.17427167296409607,0.023383120074868202,0.16022327542304993,-0.009560591541230679,-0.06550689786672592
0.4,0.038851906,0.2530298,0,-0.08291598409414291,0.4705944359302521,-2.6014556884765625,0.026356443762779236,0.17453710734844208,0.022924959659576416,0.1662977933883667,-0.002873950405046344,-0.05674687772989273
0.4,0.038851906,0.2530298,0,-0.08316981792449951,0.4723362326622009,-2.601287841796875,0.027230773121118546,0.17481744289398193,0.022536274045705795,0.15478210151195526,3.65216656064149e-05,-0.04819826781749725
0.4,0.038851906,0.2530298,0,-0.08340438455343246,0.4740705192089081,-2.60113525390625,0.028181524947285652,0.17519380152225494,0.022144444286823273,0.1630392074584961,0.013055386021733284,-0.04860525578260422
0.4,0.038851906,0.2530298,0,-0.08393304795026779,0.477541446685791,-2.6008148193359375,0.03000023029744625,0.17624995112419128,0.021546833217144012,0.16228190064430237,0.03633686527609825,-0.03489432483911514
0.4,0.038851906,0.2530298,0,-0.08416751772165298,0.4792689085006714,-2.60064697265625,0.0309305302798748,0.1768270879983902,0.02138802409172058,0.1625642329454422,0.04016243666410446,-0.020718200132250786
0.4,0.038851906,0.2530298,0,-0.0843823030591011,0.4809917211532593,-2.6004791259765625,0.03184471279382706,0.17743490636348724,0.021220514550805092,0.15923255681991577,0.04493933171033859,-0.021783167496323586
0.4,0.038851906,0.2530298,0,-0.08486679941415787,0.48447200655937195,-2.600128173828125,0.03361675143241882,0.17889529466629028,0.021009808406233788,0.1633714884519577,0.06607554107904434,-0.011990777216851711
0.4,0.038851906,0.2530298,0,-0.08507893234491348,0.4862082302570343,-2.599945068359375,0.03452756628394127,0.17967110872268677,0.020940488204360008,0.16052255034446716,0.06626395881175995,-0.010811722837388515
0.4,0.038917243,0.25337756,0,-0.08527172356843948,0.4879418611526489,-2.599761962890625,0.03536989539861679,0.1805395781993866,0.020924799144268036,0.15063747763633728,0.07875823974609375,-0.00404799310490489
0.4,0.038917243,0.25337756,0,-0.08544522523880005,0.48967379331588745,-2.599578857421875,0.0363372303545475,0.18149033188819885,0.020898133516311646,0.1649739146232605,0.08993138372898102,-0.00536208925768733
0.4,0.038917243,0.25337756,0,-0.08586025983095169,0.4931964874267578,-2.59918212890625,0.03803042694926262,0.18355055153369904,0.020817860960960388,0.15410980582237244,0.09752458333969116,-0.0027823259588330984
0.4,0.038917243,0.25337756,0,-0.08603867143392563,0.4949563443660736,-2.5989837646484375,0.03884384036064148,0.18458043038845062,0.02077535167336464,0.148357555270195,0.09948554635047913,-0.008776783011853695
0.4,0.038917243,0.25337756,0,-0.0861978754401207,0.4967159628868103,-2.598785400390625,0.039719678461551666,0.18570469319820404,0.020724337548017502,0.15483883023262024,0.11219680309295654,-0.00974163319915533
0.4,0.038917243,0.25337756,0,-0.08638833463191986,0.4985038638114929,-2.59857177734375,0.04058096557855606,0.1868249624967575,0.020630184561014175,0.15713202953338623,0.10977502912282944,-0.016489995643496513
0.4,0.038917243,0.25337756,0,-0.08670993894338608,0.5020841956138611,-2.598175048828125,0.042224809527397156,0.1891491860151291,0.020463470369577408,0.14698445796966553,0.11851732432842255,-0.012573319487273693
0.4,0.038917243,0.25337756,0,-0.0868426114320755,0.503875195980072,-2.5979766845703125,0.04299698397517204,0.19037267565727234,0.02036324329674244,0.14176085591316223,0.12511689960956573,-0.016856936737895012
0.4,0.038917243,0.25337756,0,-0.08702076971530914,0.5056982636451721,-2.5977630615234375,0.043756235390901566,0.1915809065103531,0.020290911197662354,0.14507582783699036,0.12125668674707413,-0.014222226105630398
0.4,0.038917243,0.25337756,0,-0.08717984706163406,0.5075219869613647,-2.597564697265625,0.04446110874414444,0.19282086193561554,0.020148377865552902,0.13686451315879822,0.1262175291776657,-0.022848600521683693
0.4,0.039042644,0.25404498,0,-0.08744154870510101,0.5111713409423828,-2.5971527099609375,0.04595136269927025,0.1951937973499298,0.019855985417962074,0.13643144071102142,0.12169131636619568,-0.018584074452519417
0.4,0.039042644,0.25404498,0,-0.08760300278663635,0.5130441188812256,-2.596954345703125,0.04666024073958397,0.19643336534500122,0.01975795440375805,0.13840703666210175,0.12444806098937988,-0.018153337761759758
0.4,0.039042644,0.25404498,0,-0.08774562925100327,0.514919638633728,-2.59674072265625,0.04741009324789047,0.19771096110343933,0.0196869857609272,0.14210358262062073,0.12978704273700714,-0.014601740054786205
0.4,0.039042644,0.25404498,0,-0.08786936849355698,0.5167956352233887,-2.596527099609375,0.048076558858156204,0.1988804042339325,0.01955498196184635,0.1303061693906784,0.11725976318120956,-0.02206628955900669
0.4,0.039042644,0.25404498,0,-0.08811565488576889,0.5205868482589722,-2.5961151123046875,0.049473926424980164,0.20126502215862274,0.019341295585036278,0.13500089943408966,0.11666592955589294,-0.022234858945012093
0.4,0.039042644,0.25404498,0,-0.08823788166046143,0.522501528263092,-2.59588623046875,0.050066351890563965,0.20243379473686218,0.019227225333452225,0.1217661127448082,0.11628970503807068,-0.020961275324225426
0.4,0.039042644,0.25404498,0,-0.0883418470621109,0.5244160890579224,-2.595672607421875,0.05072294920682907,0.20355814695358276,0.019139716401696205,0.1284247487783432,0.11171126365661621,-0.01744832657277584
0.4,0.039042644,0.25404498,0,-0.08842770755290985,0.526330292224884,-2.5954742431640625,0.051327966153621674,0.2046460062265396,0.018976474180817604,0.12064862996339798,0.10808974504470825,-0.02655666135251522
0.4,0.039042644,0.25404498,0,-0.08867180347442627,0.5302475690841675,-2.59503173828125,0.05265314131975174,0.20677286386489868,0.018795499578118324,0.13147234916687012,0.09986268728971481,-0.013112555257976055
0.4,0.039042644,0.25404498,0,-0.08876639604568481,0.5322065353393555,-2.5948028564453125,0.05326411873102188,0.20784977078437805,0.018669549375772476,0.12296638637781143,0.10446370393037796,-0.02303859032690525
0.5,0.048046608,0.31174654,0,-0.08884298801422119,0.5341643691062927,-2.5945892333984375,0.05382731184363365,0.20883288979530334,0.018503887578845024,0.11565286666154861,0.09369063377380371,-0.02779299207031727
0.5,0.048046608,0.31174654,0,-0.08897607028484344,0.5361711382865906,-2.5943450927734375,0.05435359850525856,0.20990236103534698,0.01836530864238739,0.1166822612285614,0.09967748075723648,-0.026210209354758263
0.5,0.048046608,0.31174654,0,-0.08918581157922745,0.5401795506477356,-2.5938720703125,0.05548448860645294,0.21186353266239166,0.01808091811835766,0.1185000091791153,0.08755213022232056,-0.029357613995671272
0.5,0.048046608,0.31174654,0,-0.08926311135292053,0.5421806573867798,-2.593658447265625,0.05601783096790314,0.2127903699874878,0.01791277900338173,0.11330851167440414,0.08488566428422928,-0.028796957805752754
0.5,0.048046608,0.31174654,0,-0.08938554674386978,0.5442319512367249,-2.5934295654296875,0.05653774365782738,0.21372799575328827,0.017759107053279877,0.11629429459571838,0.08166301250457764,-0.028543172404170036
0.5,0.048046608,0.31174654,0,-0.08948909491300583,0.5462799668312073,-2.59320068359375,0.05706056207418442,0.21453268826007843,0.017587680369615555,0.11518780887126923,0.06611140817403793,-0.030494293197989464
0.5,0.048046608,0.31174654,0,-0.08964250236749649,0.5503669381141663,-2.5927581787109375,0.058041952550411224,0.21607692539691925,0.016883909702301025,0.10691223293542862,0.060798436403274536,-0.06598419696092606
0.5,0.048046608,0.31174654,0,-0.08969312906265259,0.5524060130119324,-2.5925445556640625,0.058552514761686325,0.2168266326189041,0.016255533322691917,0.10957473516464233,0.06189556419849396,-0.08685420453548431
0.5,0.048046608,0.31174654,0,-0.08979310095310211,0.5545082092285156,-2.5923309326171875,0.05898731201887131,0.21768032014369965,0.015603544190526009,0.10534871369600296,0.06897645443677902,-0.09076017141342163
0.5,0.048046608,0.31174654,0,-0.08987513184547424,0.5566062927246094,-2.59210205078125,0.05941168591380119,0.2184392809867859,0.015092726796865463,0.10258281975984573,0.05823683366179466,-0.07322383671998978
0.5,0.048146263,0.31227428,0,-0.08998575061559677,0.5607894062995911,-2.5916748046875,0.0602872371673584,0.219990536570549,0.01410639751702547,0.09737112373113632,0.07068753987550735,-0.06888573616743088
0.5,0.048146263,0.31227428,0,-0.09009282290935516,0.5629303455352783,-2.5914459228515625,0.06071661785244942,0.2208765149116516,0.013623599894344807,0.10677459090948105,0.07180353254079819,-0.07039307802915573
0.5,0.048146263,0.31227428,0,-0.09018120169639587,0.565067708492279,-2.5912322998046875,0.061166681349277496,0.22184517979621887,0.013126122765243053,0.10784152895212173,0.08326473087072372,-0.07193907350301743
0.5,0.048146263,0.31227428,0,-0.09025127440690994,0.5672024488449097,-2.5910186767578125,0.0616108737885952,0.2228255569934845,0.012717687524855137,0.10563040524721146,0.08581800758838654,-0.060528047382831573
0.5,0.048146263,0.31227428,0,-0.09042292088270187,0.5715214610099792,-2.5905914306640625,0.06246867775917053,0.22495687007904053,0.012074084021151066,0.10627582669258118,0.10222247242927551,-0.04509323835372925
0.5,0.048146263,0.31227428,0,-0.09052269160747528,0.573704719543457,-2.59039306640625,0.06292083114385605,0.22610226273536682,0.011824607849121094,0.11077288538217545,0.10407742857933044,-0.04110252112150192
0.5,0.048146263,0.31227428,0,-0.09060342609882355,0.5758864283561707,-2.5901947021484375,0.06338832527399063,0.22729380428791046,0.011603359133005142,0.1111447885632515,0.1109621524810791,-0.03728828951716423
0.5,0.048146263,0.31227428,0,-0.09066525846719742,0.5780670046806335,-2.589996337890625,0.06390643119812012,0.2284896820783615,0.011383280158042908,0.11596681922674179,0.11259078234434128,-0.03686407208442688
0.5,0.048146263,0.31227428,0,-0.09088301658630371,0.5825146436691284,-2.5895843505859375,0.06474614888429642,0.23117795586585999,0.011016057804226875,0.1097046285867691,0.13374829292297363,-0.030528752133250237
0.5,0.048146263,0.31227428,0,-0.09096334129571915,0.5847386717796326,-2.5894012451171875,0.06514009833335876,0.23258526623249054,0.010844466276466846,0.10335775464773178,0.1380845457315445,-0.030897555872797966
0.5,0.048274208,0.31295177,0,-0.09102528542280197,0.5869654417037964,-2.589202880859375,0.06561285257339478,0.23406003415584564,0.010751349851489067,0.11163154989480972,0.1472582370042801,-0.02081598900258541
0.5,0.048274208,0.31295177,0,-0.09112031012773514,0.5892470479011536,-2.589019775390625,0.06606416404247284,0.23563086986541748,0.01071341522037983,0.11231005936861038,0.155209481716156,-0.013902316801249981
0.5,0.048274208,0.31295177,0,-0.09125211089849472,0.5938146710395813,-2.5886688232421875,0.06702228635549545,0.2387991100549698,0.010507904924452305,0.11420894414186478,0.15721701085567474,-0.02571847103536129
0.5,0.048274208,0.31295177,0,-0.0912897139787674,0.5961012244224548,-2.5884857177734375,0.06744323670864105,0.24041715264320374,0.010335140861570835,0.10389772802591324,0.16457124054431915,-0.02998206578195095
0.5,0.048274208,0.31295177,0,-0.09137288480997086,0.5984361171722412,-2.58831787109375,0.0678635761141777,0.2420760542154312,0.010220357216894627,0.10848679393529892,0.16670115292072296,-0.02318108268082142
0.5,0.048274208,0.31295177,0,-0.09143665432929993,0.6007727980613708,-2.588134765625,0.06834008544683456,0.24370048940181732,0.010004262439906597,0.11393428593873978,0.16361857950687408,-0.03558769449591637
0.5,0.048274208,0.31295177,0,-0.09150729328393936,0.6054515838623047,-2.587799072265625,0.0692014992237091,0.24690857529640198,0.009722894057631493,0.10343573987483978,0.16182555258274078,-0.02186279557645321
0.5,0.048274208,0.31295177,0,-0.09157751500606537,0.6078484058380127,-2.587615966796875,0.06961514055728912,0.24856625497341156,0.009596548974514008,0.10708332061767578,0.16614799201488495,-0.024716833606362343
0.5,0.048274208,0.31295177,0,-0.09162859618663788,0.6102468967437744,-2.5874481201171875,0.07001550495624542,0.25022977590560913,0.009425878524780273,0.10386592149734497,0.16814415156841278,-0.0299969669431448
0.5,0.048274208,0.31295177,0,-0.09166092425584793,0.6126471757888794,-2.5872802734375,0.0704432800412178,0.251858115196228,0.009266311302781105,0.10577530413866043,0.16498084366321564,-0.028355976566672325
0.5,0.048442915,0.31384507,0,-0.09172986447811127,0.6175137758255005,-2.5869293212890625,0.07119081169366837,0.255055695772171,0.008983276784420013,0.09834215044975281,0.1549305021762848,-0.028545500710606575
0.5,0.048442915,0.31384507,0,-0.09176631271839142,0.6199787855148315,-2.586761474609375,0.07155535370111465,0.2566531002521515,0.00889255665242672,0.09889332205057144,0.15916979312896729,-0.019378026947379112
0.5,0.048442915,0.31384507,0,-0.09178433567285538,0.6224444508552551,-2.5865936279296875,0.07193733751773834,0.2581601142883301,0.008779162541031837,0.099568210542202,0.14911584556102753,-0.021976882591843605
0.5,0.048442915,0.31384507,0,-0.09178412705659866,0.6249107122421265,-2.5864410400390625,0.07230081409215927,0.25965970754623413,0.008607564494013786,0.09578856080770493,0.1493985950946808,-0.028839798644185066
0.5,0.048442915,0.31384507,0,-0.09179294854402542,0.6299089789390564,-2.58612060546875,0.0730176493525505,0.2626386880874634,0.008297841064631939,0.09318096935749054,0.1455749124288559,-0.023964790627360344
0.5,0.048442915,0.31384507,0,-0.09180135279893875,0.6324399709701538,-2.5859527587890625,0.07338625937700272,0.26408517360687256,0.008125401102006435,0.09766533970832825,0.14008475840091705,-0.02938275970518589
0.5,0.048442915,0.31384507,0,-0.09179157018661499,0.6349704265594482,-2.5858001708984375,0.07374851405620575,0.2654823660850525,0.007974055595695972,0.0954032689332962,0.13515369594097137,-0.026517080143094063
0.5,0.048442915,0.31384507,0,-0.09176383912563324,0.6375002861022949,-2.58563232421875,0.0741325318813324,0.2668389081954956,0.007830618880689144,0.09669604152441025,0.13126307725906372,-0.02530636079609394
0.5,0.048442915,0.31384507,0,-0.09176764637231827,0.640095591545105,-2.5854644775390625,0.07446850091218948,0.2681921124458313,0.00770734203979373,0.09310153871774673,0.1256987452507019,-0.023107973858714104
0.5,0.048442915,0.31384507,0,-0.09175333380699158,0.6426888108253479,-2.5853118896484375,0.07479116320610046,0.26946181058883667,0.0075543662533164024,0.08998021483421326,0.11654321849346161,-0.02659577690064907
0.6000000000000001,0.057502326,0.37151724,0,-0.09167183190584183,0.647867739200592,-2.58502197265625,0.0754430890083313,0.2718593180179596,0.007237834390252829,0.0868266373872757,0.10918033868074417,-0.02920534275472164
0.6000000000000001,0.057502326,0.37151724,0,-0.09165230393409729,0.6505268812179565,-2.5848846435546875,0.07571770995855331,0.2730378806591034,0.0070612020790576935,0.08334683626890182,0.10172354429960251,-0.028613952919840813
0.6000000000000001,0.057502326,0.37151724,0,-0.09161663800477982,0.6531837582588196,-2.5847320556640625,0.07601244002580643,0.2741855978965759,0.006899448577314615,0.08461907505989075,0.0989210307598114,-0.02656318061053753
0.6000000000000001,0.057502326,0.37151724,0,-0.09149263799190521,0.658484935760498,-2.58447265625,0.07673750072717667,0.27626192569732666,0.006526593584567308,0.0929461196064949,0.08645367622375488,-0.028250737115740776
0.6000000000000001,0.057502326,0.37151724,0,-0.09146419167518616,0.6612026691436768,-2.5843353271484375,0.07701543718576431,0.27731236815452576,0.006280873436480761,0.08353039622306824,0.08367183059453964,-0.03713834658265114
0.6000000000000001,0.057502326,0.37151724,0,-0.09141799062490463,0.6639146208763123,-2.5841827392578125,0.07735171169042587,0.2782396376132965,0.006106954999268055,0.08941540867090225,0.06963447481393814,-0.02832617424428463
0.6000000000000001,0.057502326,0.37151724,0,-0.09127296507358551,0.6693199872970581,-2.583892822265625,0.07798046618700027,0.27997276186943054,0.005406662821769714,0.08552644401788712,0.0631096139550209,-0.06284657120704651
0.6000000000000001,0.057502326,0.37151724,0,-0.09123540669679642,0.6720728278160095,-2.5837554931640625,0.07834438234567642,0.28084659576416016,0.004773905500769615,0.09416704624891281,0.06146952882409096,-0.08550239354372025
0.6000000000000001,0.057502326,0.37151724,0,-0.09118088334798813,0.674820601940155,-2.5836181640625,0.07860549539327621,0.28175798058509827,0.004108970519155264,0.0800381749868393,0.06724909693002701,-0.0893380418419838
0.6000000000000001,0.057611488,0.3720917,0,-0.09110879898071289,0.6775617599487305,-2.58349609375,0.07895336300134659,0.2826007604598999,0.003591204760596156,0.08950867503881454,0.059996966272592545,-0.07076048851013184
0.6000000000000001,0.057611488,0.3720917,0,-0.09097892045974731,0.683069109916687,-2.583221435546875,0.07955338060855865,0.284221351146698,0.002567242830991745,0.08035475760698318,0.05856306105852127,-0.07283081859350204
0.6000000000000001,0.057611488,0.3720917,0,-0.09092088043689728,0.685835063457489,-2.5830841064453125,0.07985629141330719,0.2850569486618042,0.002017523627728224,0.08601231127977371,0.05935414507985115,-0.07575424015522003
0.6000000000000001,0.057611488,0.3720917,0,-0.09084506332874298,0.6885945200920105,-2.58294677734375,0.08015770465135574,0.28596997261047363,0.0014898357912898064,0.08443151414394379,0.07030858099460602,-0.07279495894908905
0.6000000000000001,0.057611488,0.3720917,0,-0.09075168520212173,0.6913483738899231,-2.5828094482421875,0.08049843460321426,0.28690001368522644,0.001056429697200656,0.0879894569516182,0.07366713136434555,-0.060810238122940063
0.6000000000000001,0.057611488,0.3720917,0,-0.09064340591430664,0.6969579458236694,-2.5825347900390625,0.08114095777273178,0.28894373774528503,0.0003898942668456584,0.08863099664449692,0.08817211538553238,-0.04227133095264435
0.6000000000000001,0.057611488,0.3720917,0,-0.0905623510479927,0.6997565627098083,-2.5824127197265625,0.08152316510677338,0.2900325357913971,0.00020452233729884028,0.0953703224658966,0.09195601940155029,-0.029937827959656715
0.6000000000000001,0.057611488,0.3720917,0,-0.09046325832605362,0.7025506496429443,-2.5822906494140625,0.08186975121498108,0.2911355793476105,-1.995448474190198e-05,0.08954015374183655,0.09497921168804169,-0.034627966582775116
0.6000000000000001,0.057611488,0.3720917,0,-0.09041047096252441,0.7053869366645813,-2.5821380615234375,0.08213295042514801,0.29237186908721924,-0.00020798560581170022,0.08377784490585327,0.1090928465127945,-0.030957160517573357
0.6000000000000001,0.057611488,0.3720917,0,-0.09025061875581741,0.7110485434532166,-2.5818634033203125,0.0827709436416626,0.2948695719242096,-0.0004287254123482853,0.0944252759218216,0.1136334091424942,-0.017710493877530098
0.6000000000000001,0.057728127,0.37270546,0,-0.09014376252889633,0.7138746380805969,-2.5817413330078125,0.08307421207427979,0.2961590886116028,-0.0005168718053027987,0.08451510220766068,0.11947222799062729,-0.017835291102528572
0.6000000000000001,0.057728127,0.37270546,0,-0.09001944214105606,0.7166982889175415,-2.5816192626953125,0.08343157172203064,0.2974597215652466,-0.0006110656540840864,0.0899294912815094,0.12204334139823914,-0.018390825018286705
0.6000000000000001,0.057728127,0.37270546,0,-0.08993656933307648,0.7195756435394287,-2.58148193359375,0.08373875916004181,0.29884177446365356,-0.0006745263235643506,0.08787770569324493,0.12853790819644928,-0.014803371392190456
0.6000000000000001,0.057728127,0.37270546,0,-0.08983568847179413,0.7224504947662354,-2.5813446044921875,0.08404875546693802,0.300214946269989,-0.0007184374262578785,0.08680609613656998,0.12867306172847748,-0.012157483957707882
0.6000000000000001,0.057728127,0.37270546,0,-0.08958104252815247,0.728196918964386,-2.5811004638671875,0.08472055941820145,0.3029922544956207,-0.0007499261409975588,0.08514136075973511,0.13621701300144196,-0.010413582436740398
0.6000000000000001,0.057728127,0.37270546,0,-0.08948682993650436,0.7311210632324219,-2.580963134765625,0.0850735455751419,0.30448272824287415,-0.0008226960781030357,0.09360796213150024,0.14174143970012665,-0.015988944098353386
0.6000000000000001,0.057728127,0.37270546,0,-0.08937442302703857,0.734043538570404,-2.580841064453125,0.08539259433746338,0.30597490072250366,-0.0008753365837037563,0.08795217424631119,0.14328670501708984,-0.013268551789224148
0.6000000000000001,0.057728127,0.37270546,0,-0.08909652382135391,0.7398833632469177,-2.580596923828125,0.08605228364467621,0.308828741312027,-0.0010457414900884032,0.08554888516664505,0.14016932249069214,-0.01437635999172926
0.6000000000000001,0.057728127,0.37270546,0,-0.08899325877428055,0.7428596019744873,-2.580474853515625,0.08632509410381317,0.3102854788303375,-0.0010866541415452957,0.08402448147535324,0.13708333671092987,-0.011777970008552074
0.6000000000000001,0.057728127,0.37270546,0,-0.088872030377388,0.7458337545394897,-2.580352783203125,0.08665984123945236,0.31177031993865967,-0.0011421535164117813,0.09033982455730438,0.14196844398975372,-0.013403127901256084
0.7000000000000001,0.066831335,0.43023127,0,-0.08873303234577179,0.7488062381744385,-2.5802459716796875,0.08697731047868729,0.3132398724555969,-0.0012838849797844887,0.08679267019033432,0.14139705896377563,-0.023970844224095345
0.7000000000000001,0.066831335,0.43023127,0,-0.08846559375524521,0.7548089623451233,-2.58001708984375,0.08759351819753647,0.31596511602401733,-0.0013121204683557153,0.08686748147010803,0.11985061317682266,-0.007412395905703306
0.7000000000000001,0.066831335,0.43023127,0,-0.08833587914705276,0.7578359842300415,-2.5799102783203125,0.08798354864120483,0.3173413872718811,-0.001403397647663951,0.09791514277458191,0.12745675444602966,-0.01781107671558857
0.7000000000000001,0.066831335,0.43023127,0,-0.08818832039833069,0.7608602046966553,-2.579803466796875,0.08824538439512253,0.3186524510383606,-0.0014165746979415417,0.08048401772975922,0.12066227942705154,-0.007858033291995525
0.7000000000000001,0.066831335,0.43023127,0,-0.08802377432584763,0.7638809084892273,-2.5796966552734375,0.08852081000804901,0.3198261857032776,-0.0015167910605669022,0.08081074804067612,0.10481484979391098,-0.0185528751462698
0.7000000000000001,0.066831335,0.43023127,0,-0.08776954561471939,0.7700530290603638,-2.5794677734375,0.08902060985565186,0.32239359617233276,-0.0017219462897628546,0.0815100446343422,0.11347096413373947,-0.016470903530716896
0.7000000000000001,0.066831335,0.43023127,0,-0.08761651813983917,0.7731330394744873,-2.5793609619140625,0.08924085646867752,0.32363417744636536,-0.002026519039645791,0.07641229778528214,0.11013748496770859,-0.044692303985357285
0.7000000000000001,0.066831335,0.43023127,0,-0.08744792640209198,0.7762106657028198,-2.579254150390625,0.0894576907157898,0.32485175132751465,-0.0025359680876135826,0.07468920946121216,0.10834001749753952,-0.07010576874017715
0.7000000000000001,0.066831335,0.43023127,0,-0.08732829988002777,0.7793513536453247,-2.5791473388671875,0.08971843868494034,0.3260655105113983,-0.0031028883531689644,0.08548397570848465,0.10234081000089645,-0.07844948768615723
0.7000000000000001,0.066955864,0.4308819,0,-0.0870363637804985,0.7856189012527466,-2.578948974609375,0.09020127356052399,0.3285777270793915,-0.003984048962593079,0.07977592200040817,0.11025194078683853,-0.062445640563964844
0.7000000000000001,0.066955864,0.4308819,0,-0.08686469495296478,0.7887465357780457,-2.5788726806640625,0.09049424529075623,0.3298039436340332,-0.004454934503883123,0.0850975438952446,0.10812690854072571,-0.06579188257455826
0.7000000000000001,0.066955864,0.4308819,0,-0.08673153072595596,0.7919442653656006,-2.5787811279296875,0.09075970202684402,0.3310847580432892,-0.0048828101716935635,0.08562171459197998,0.10865475237369537,-0.06105051934719086
0.7000000000000001,0.066955864,0.4308819,0,-0.08658065646886826,0.795137345790863,-2.5786895751953125,0.09103484451770782,0.3323862552642822,-0.0052632479928433895,0.08533105254173279,0.11272605508565903,-0.055195294320583344
0.7000000000000001,0.066955864,0.4308819,0,-0.08641249686479568,0.7983264327049255,-2.5785980224609375,0.09127926081418991,0.3337264955043793,-0.005585862323641777,0.08003097772598267,0.11901146173477173,-0.04774191975593567
0.7000000000000001,0.066955864,0.4308819,0,-0.08622728288173676,0.8015117645263672,-2.5785064697265625,0.09159354865550995,0.33505240082740784,-0.005789658986032009,0.08734145015478134,0.11862071603536606,-0.03267079219222069
0.7000000000000001,0.066955864,0.4308819,0,-0.08592407405376434,0.8080049753189087,-2.578338623046875,0.09207449108362198,0.33804792165756226,-0.0061140586622059345,0.08381619304418564,0.1388118416070938,-0.026696359738707542
0.7000000000000001,0.066955864,0.4308819,0,-0.08574617654085159,0.8112473487854004,-2.5782623291015625,0.09239938110113144,0.339537113904953,-0.006250322796404362,0.08992332220077515,0.136629119515419,-0.024683771654963493
0.7000000000000001,0.066955864,0.4308819,0,-0.08555098623037338,0.8144873976707458,-2.57818603515625,0.09269357472658157,0.34109416604042053,-0.006369291339069605,0.08467034250497818,0.14651961624622345,-0.022295860573649406
0.7000000000000001,0.066955864,0.4308819,0,-0.08517739176750183,0.8210287094116211,-2.578033447265625,0.09318911284208298,0.34437230229377747,-0.006425174418836832,0.08002308011054993,0.157608762383461,-0.009093432687222958
0.7000000000000001,0.06711438,0.43171,0,-0.08499820530414581,0.8243298530578613,-2.5779571533203125,0.09349310398101807,0.3460260033607483,-0.006468618288636208,0.08764120191335678,0.15593712031841278,-0.012952367775142193
0.7000000000000001,0.06711438,0.43171,0,-0.0848015621304512,0.8276296854019165,-2.5778961181640625,0.09377659112215042,0.34769633412361145,-0.006466308608651161,0.08365289121866226,0.15944471955299377,-0.007010995876044035
0.7000000000000001,0.06711438,0.43171,0,-0.08441955596208572,0.8342868685722351,-2.5777587890625,0.09439206123352051,0.3510795533657074,-0.00647237803786993,0.08891817927360535,0.1567353457212448,-0.007672234904021025
0.7000000000000001,0.06711438,0.43171,0,-0.0842333659529686,0.8376435041427612,-2.57769775390625,0.09467879682779312,0.35281267762184143,-0.006393706426024437,0.08552591502666473,0.16532261669635773,0.0026584600564092398
0.7000000000000001,0.06711438,0.43171,0,-0.08402997255325317,0.8409993052482605,-2.57763671875,0.09491351991891861,0.354510098695755,-0.006386582273989916,0.07760101556777954,0.16232500970363617,-0.006071757059544325
0.7000000000000001,0.06711438,0.43171,0,-0.08380977809429169,0.8443548083305359,-2.5775909423828125,0.09519204497337341,0.3562483489513397,-0.006403525825589895,0.08169382065534592,0.1688787192106247,-0.008567235432565212
0.7000000000000001,0.06711438,0.43171,0,-0.08343269675970078,0.8511641621589661,-2.5774688720703125,0.09577889740467072,0.3595975935459137,-0.006379565689712763,0.08907747268676758,0.15996219217777252,-0.006129033397883177
0.7000000000000001,0.06711438,0.43171,0,-0.08321778476238251,0.8545671701431274,-2.577423095703125,0.09604120254516602,0.36124736070632935,-0.006393778137862682,0.08078323304653168,0.15715686976909637,-0.008592846803367138
0.7000000000000001,0.06711438,0.43171,0,-0.0829860270023346,0.8579691648483276,-2.577362060546875,0.09632008522748947,0.36284101009368896,-0.006427628453820944,0.08148118853569031,0.15161404013633728,-0.010843387804925442
0.7000000000000001,0.06711438,0.43171,0,-0.08279675990343094,0.8614060878753662,-2.577301025390625,0.0966038629412651,0.3644598126411438,-0.006445005070418119,0.08590709418058395,0.15234018862247467,-0.009511130861938
0.8,0.07630191,0.48923895,0,-0.08236716687679291,0.8682791590690613,-2.577178955078125,0.09711691737174988,0.36763593554496765,-0.006485069170594215,0.07779849320650101,0.1450403481721878,-0.011643393896520138
0.8,0.07630191,0.48923895,0,-0.0821269303560257,0.8717136383056641,-2.5771484375,0.09739644080400467,0.36914417147636414,-0.0065271323546767235,0.08124153316020966,0.14264048635959625,-0.011532100848853588
0.8,0.07630191,0.48923895,0,-0.08194885402917862,0.8751776814460754,-2.5771026611328125,0.09760825335979462,0.3706323802471161,-0.006543794181197882,0.07860945165157318,0.13822118937969208,-0.008622183464467525
0.8,0.07630191,0.48923895,0,-0.08175266534090042,0.8786396980285645,-2.5770721435546875,0.0979047566652298,0.3720743954181671,-0.0065995315089821815,0.0877053514122963,0.13387243449687958,-0.013310461305081844
0.8,0.07630191,0.48923895,0,-0.08130719512701035,0.8855560421943665,-2.576995849609375,0.09843040257692337,0.3746986389160156,-0.006576150190085173,0.07939711958169937,0.12524469196796417,-0.004293862264603376
0.8,0.07630191,0.48923895,0,-0.08114028722047806,0.889042317867279,-2.57696533203125,0.09861219674348831,0.3759656548500061,-0.0066069927997887135,0.0768449455499649,0.1129041239619255,-0.009995418600738049
0.8,0.07630191,0.48923895,0,-0.08095686882734299,0.8925268650054932,-2.576934814453125,0.0987449586391449,0.3772392272949219,-0.006590564269572496,0.06933616101741791,0.11482548713684082,-0.0039022413548082113
0.8,0.07630191,0.48923895,0,-0.08075609803199768,0.8960080742835999,-2.576904296875,0.09897088259458542,0.37842079997062683,-0.006786732468754053,0.07947152853012085,0.10464413464069366,-0.030189750716090202
0.8,0.07630191,0.48923895,0,-0.0803707167506218,0.9029932022094727,-2.57684326171875,0.0993594378232956,0.38080424070358276,-0.00770766893401742,0.07720913738012314,0.10436651855707169,-0.06672879308462143
0.8,0.07630191,0.48923895,0,-0.08018521219491959,0.9064967632293701,-2.576812744140625,0.09964489191770554,0.38198208808898926,-0.008025632239878178,0.0888012945652008,0.1049795001745224,-0.04619313031435013
0.8,0.07645415,0.49002773,0,-0.07998159527778625,0.9099965691566467,-2.5767822265625,0.09985660761594772,0.38305625319480896,-0.008390788920223713,0.07806199789047241,0.09326266497373581,-0.051899343729019165
0.8,0.07645415,0.49002773,0,-0.07976053655147552,0.9134928584098816,-2.5767669677734375,0.10005223751068115,0.38419440388679504,-0.008751481771469116,0.07456948608160019,0.10246699303388596,-0.051153820008039474
0.8,0.07645415,0.49002773,0,-0.07939375191926956,0.9205208420753479,-2.5767059326171875,0.10046938806772232,0.38642263412475586,-0.009436285123229027,0.08147691935300827,0.10392779111862183,-0.04893261566758156
0.8,0.07645415,0.49002773,0,-0.07918424159288406,0.9240313768386841,-2.5766754150390625,0.10070677101612091,0.38754603266716003,-0.00967151764780283,0.08115508407354355,0.10233113914728165,-0.03654276579618454
0.8,0.07645415,0.49002773,0,-0.07895684242248535,0.9275388717651367,-2.576629638671875,0.10099272429943085,0.3886926770210266,-0.009815024212002754,0.08574499934911728,0.10634709149599075,-0.02486398257315159
0.8,0.07645415,0.49002773,0,-0.07871191948652267,0.9310441017150879,-2.5766143798828125,0.10123104602098465,0.38988980650901794,-0.009954112581908703,0.07835040241479874,0.11374072730541229,-0.024104954674839973
0.8,0.07645415,0.49002773,0,-0.07829374819993973,0.938064455986023,-2.5765228271484375,0.10172805190086365,0.39242103695869446,-0.010031798854470253,0.07987011969089508,0.12680259346961975,-0.013563781045377254
0.8,0.07645415,0.49002773,0,-0.07805776596069336,0.9415730834007263,-2.57647705078125,0.1020045205950737,0.3937224745750427,-0.01000040490180254,0.0844244733452797,0.12991398572921753,-0.0034589318092912436
0.8,0.07645415,0.49002773,0,-0.07780412584543228,0.9450812935829163,-2.576446533203125,0.1022818312048912,0.3950287401676178,-0.010005904361605644,0.08309182524681091,0.1314806044101715,-0.007850117050111294
0.8,0.07645415,0.49002773,0,-0.07758231461048126,0.9485862255096436,-2.576385498046875,0.1025315672159195,0.39628300070762634,-0.01000055018812418,0.08237713575363159,0.12703022360801697,-0.007595400791615248
0.9,0.08565839,0.5471564,0,-0.07734229415655136,0.9520909786224365,-2.5763397216796875,0.10285138338804245,0.39760300517082214,-0.00992209929972887,0.0896628275513649,0.1361214816570282,0.0017876735655590892
0.9,0.08565839,0.5471564,0,-0.07680978626012802,0.9591051936149597,-2.5762481689453125,0.10345935076475143,0.4003990590572357,-0.009780545718967915,0.0856425017118454,0.15164591372013092,-0.002434476977214217
0.9,0.08565839,0.5471564,0,-0.07656931132078171,0.962617814540863,-2.576202392578125,0.1037154570221901,0.4017857313156128,-0.009789559058845043,0.08207033574581146,0.14686691761016846,-0.008914153091609478
0.9,0.08565839,0.5471564,0,-0.07631111145019531,0.9661315679550171,-2.5761566162109375,0.10398054867982864,0.4031602442264557,-0.009733886457979679,0.08175201714038849,0.1461457759141922,-0.0005955807282589376
0.9,0.08565839,0.5471564,0,-0.07574249804019928,0.9731638431549072,-2.576080322265625,0.10454519838094711,0.4059305489063263,-0.009911628440022469,0.08376339823007584,0.14756062626838684,-0.032342035323381424
0.9,0.08565839,0.5471564,0,-0.07546786963939667,0.9766765832901001,-2.5760498046875,0.10484130680561066,0.40730318427085876,-0.01026829332113266,0.08459464460611343,0.1495070606470108,-0.051969658583402634
0.9,0.08565839,0.5471564,0,-0.07517590373754501,0.9801915287971497,-2.576019287109375,0.10509561002254486,0.4086928367614746,-0.010664310306310654,0.0779961571097374,0.15238647162914276,-0.056665852665901184
0.9,0.08565839,0.5471564,0,-0.07486692816019058,0.9837088584899902,-2.5760040283203125,0.10537932813167572,0.41011497378349304,-0.010998011566698551,0.08033640682697296,0.15718606114387512,-0.04865973815321922
0.9,0.08565839,0.5471564,0,-0.07454168051481247,0.9872304797172546,-2.5759735107421875,0.10566830635070801,0.4115508198738098,-0.011291715316474438,0.07973309606313705,0.1593663990497589,-0.04345131665468216
0.9,0.08565839,0.5471564,0,-0.07392723858356476,0.9942927360534668,-2.5759735107421875,0.10622261464595795,0.4144767224788666,-0.011856666766107082,0.07821928709745407,0.16561637818813324,-0.04033930227160454
0.9,0.085818864,0.54798025,0,-0.07359461486339569,0.997829258441925,-2.5759735107421875,0.10652870684862137,0.4160286486148834,-0.012113100849092007,0.08193185925483704,0.17614522576332092,-0.03849481791257858
0.9,0.085818864,0.54798025,0,-0.07324514538049698,1.0013705492019653,-2.57598876953125,0.10687227547168732,0.41768860816955566,-0.012349274940788746,0.0853409692645073,0.1903076320886612,-0.03570038452744484
0.9,0.085818864,0.54798025,0,-0.07291552424430847,1.0049200057983398,-2.5760040283203125,0.10713295638561249,0.4194082021713257,-0.01252183597534895,0.07710151374340057,0.19867324829101562,-0.027951782569289207
0.9,0.085818864,0.54798025,0,-0.07220618426799774,1.0120370388031006,-2.5760345458984375,0.10776615142822266,0.4228913486003876,-0.012586456723511219,0.08243483304977417,0.20447972416877747,-0.010767950676381588
0.9,0.085818864,0.54798025,0,-0.07182762771844864,1.0156068801879883,-2.5760650634765625,0.10810037702322006,0.42474129796028137,-0.012599646113812923,0.08260245621204376,0.21649572253227234,-0.007464084308594465
0.9,0.085818864,0.54798025,0,-0.07145939022302628,1.019199013710022,-2.5760955810546875,0.10844825208187103,0.42664438486099243,-0.0125899538397789,0.08559053391218185,0.22259949147701263,-0.004805158358067274
0.9,0.085818864,0.54798025,0,-0.07067297399044037,1.0264068841934204,-2.5761566162109375,0.10915786027908325,0.43057626485824585,-0.012354922480881214,0.08137805759906769,0.23320609331130981,0.015352851711213589
0.9,0.085818864,0.54798025,0,-0.07025567442178726,1.0300235748291016,-2.576202392578125,0.10950363427400589,0.4325559437274933,-0.012218896299600601,0.08169667422771454,0.23383034765720367,0.011512077413499355
0.9,0.085818864,0.54798025,0,-0.0698508694767952,1.0336581468582153,-2.57623291015625,0.10983308404684067,0.4345957338809967,-0.012142058461904526,0.08175043016672134,0.24122168123722076,0.004086177330464125
0.9,0.085818864,0.54798025,0,-0.0694299191236496,1.0373016595840454,-2.5762786865234375,0.1102084293961525,0.43660515546798706,-0.011980353854596615,0.08628078550100327,0.23794172704219818,0.014863907359540462
1.0,0.095164895,0.60529447,0,-0.06854072958230972,1.0446158647537231,-2.5763702392578125,0.11090613901615143,0.440646231174469,-0.011588729918003082,0.08073176443576813,0.2440650463104248,0.01819850690662861
1.0,0.095164895,0.60529447,0,-0.0680745393037796,1.0482885837554932,-2.576416015625,0.11122508347034454,0.442648708820343,-0.011442277580499649,0.07596740871667862,0.23831206560134888,0.01343712117522955
1.0,0.095164895,0.60529447,0,-0.06763137876987457,1.0519839525222778,-2.5764617919921875,0.11150500178337097,0.4446200132369995,-0.0112793343141675,0.07475069165229797,0.23386751115322113,0.015608499757945538
1.0,0.095164895,0.60529447,0,-0.06717335432767868,1.055688500404358,-2.576507568359375,0.11179818958044052,0.44662725925445557,-0.011147844605147839,0.0752299427986145,0.2388886958360672,0.011829658411443233
1.0,0.095164895,0.60529447,0,-0.06621335446834564,1.0631264448165894,-2.5766143798828125,0.11238051950931549,0.4506833851337433,-0.01155608519911766,0.0751732811331749,0.24228626489639282,-0.04747463017702103
1.0,0.095164895,0.60529447,0,-0.06574247777462006,1.066878318786621,-2.5766754150390625,0.11268492788076401,0.4526338279247284,-0.011937165632843971,0.07719088345766068,0.23166456818580627,-0.05198735371232033
1.0,0.095164895,0.60529447,0,-0.06525679677724838,1.0706394910812378,-2.5767364501953125,0.11300516128540039,0.4546765089035034,-0.012238769792020321,0.07800304889678955,0.24372638761997223,-0.04191510006785393
1.0,0.095164895,0.60529447,0,-0.06475670635700226,1.0744105577468872,-2.576812744140625,0.11331196874380112,0.4567214548587799,-0.01246202364563942,0.07518790662288666,0.24452093243598938,-0.031987667083740234
1.0,0.095164895,0.60529447,0,-0.06376200914382935,1.0820220708847046,-2.57696533203125,0.11390314996242523,0.46090883016586304,-0.012992479838430882,0.0724194273352623,0.2479258030653,-0.03741168975830078
1.0,0.095164895,0.60529447,0,-0.06326743960380554,1.0858620405197144,-2.577056884765625,0.1141567975282669,0.46299508213996887,-0.013102092780172825,0.07081207633018494,0.2474445402622223,-0.017486976459622383
1.0,0.09539672,0.6064725,0,-0.06275875866413116,1.0897122621536255,-2.5771484375,0.11445075273513794,0.46515053510665894,-0.01325306948274374,0.07468077540397644,0.256626158952713,-0.022536607459187508
1.0,0.09539672,0.6064725,0,-0.0622359924018383,1.0935733318328857,-2.577239990234375,0.1147506907582283,0.46736064553260803,-0.013372310437262058,0.07428839802742004,0.2639800012111664,-0.018452292308211327
1.0,0.09539672,0.6064725,0,-0.06123480573296547,1.1013884544372559,-2.5774383544921875,0.11525587737560272,0.47189095616340637,-0.013322591781616211,0.07274477183818817,0.2706760764122009,0.0024070029612630606
1.0,0.09539672,0.6064725,0,-0.06071314960718155,1.1053133010864258,-2.5775299072265625,0.11553527414798737,0.4742238223552704,-0.013219785876572132,0.0734511986374855,0.27815309166908264,0.009373760782182217
1.0,0.09539672,0.6064725,0,-0.06017771363258362,1.1092506647109985,-2.5776214599609375,0.11581553518772125,0.476664274930954,-0.013134654611349106,0.07240229099988937,0.2921008765697479,0.007275491487234831
1.0,0.09539672,0.6064725,0,-0.059667687863111496,1.1132360696792603,-2.577728271484375,0.11612164974212646,0.47901517152786255,-0.013033092021942139,0.07929729670286179,0.27801263332366943,0.00971928145736456
1.0,0.09539672,0.6064725,0,-0.05860941857099533,1.1212457418441772,-2.57794189453125,0.11666753888130188,0.48392659425735474,-0.012682107277214527,0.07391927391290665,0.2924736440181732,0.019256489351391792
1.0,0.09539672,0.6064725,0,-0.05805954337120056,1.1252700090408325,-2.5780487060546875,0.1169968992471695,0.48639369010925293,-0.012483368627727032,0.07893839478492737,0.2939387857913971,0.022146383300423622
1.0,0.09539672,0.6064725,0,-0.0575486496090889,1.1293463706970215,-2.5781707763671875,0.11724536120891571,0.48886430263519287,-0.012299648486077785,0.07382509112358093,0.29101431369781494,0.02129608578979969
1.0,0.09539672,0.6064725,0,-0.057023778557777405,1.1334352493286133,-2.57830810546875,0.11746973544359207,0.4913245141506195,-0.01207911316305399,0.06954709440469742,0.2902957797050476,0.02595549263060093
1.1,0.10487717,0.6638639,0,-0.05593391880393028,1.141650676727295,-2.57855224609375,0.1179361343383789,0.4962241053581238,-0.011709729209542274,0.07017253339290619,0.29155075550079346,0.020845791324973106
1.1,0.10487717,0.6638639,0,-0.05541834607720375,1.1458172798156738,-2.5787353515625,0.11811461299657822,0.4986908733844757,-0.011501501314342022,0.06585848331451416,0.2889010012149811,0.02655479870736599
1.1,0.10487717,0.6638639,0,-0.054891377687454224,1.1499971151351929,-2.57891845703125,0.11826634407043457,0.5011129975318909,-0.011258495971560478,0.06156434118747711,0.2837907373905182,0.03089848719537258
1.1,0.10487717,0.6638639,0,-0.05435137450695038,1.1541889905929565,-2.5790863037109375,0.11845804750919342,0.5034847259521484,-0.011018621735274792,0.06530790030956268,0.2781546115875244,0.03050314076244831
1.1,0.10487717,0.6638639,0,-0.05379817262291908,1.158392310142517,-2.579254150390625,0.11869612336158752,0.5057998895645142,-0.010793006978929043,0.06988739967346191,0.2717294692993164,0.028716864064335823
1.1,0.10487717,0.6638639,0,-0.05280405655503273,1.166911244392395,-2.57965087890625,0.11909934133291245,0.5105581879615784,-0.01102595217525959,0.07306703180074692,0.27333420515060425,-0.027441417798399925
1.1,0.10487717,0.6638639,0,-0.0522860512137413,1.1711875200271606,-2.5798492431640625,0.11923149973154068,0.512859582901001,-0.011230463162064552,0.06092709302902222,0.26802194118499756,-0.02341391332447529
1.1,0.10487717,0.6638639,0,-0.05175525322556496,1.1754753589630127,-2.5800323486328125,0.11929567903280258,0.5151901245117188,-0.011426635086536407,0.05113132297992706,0.2723443806171417,-0.02286769263446331
1.1,0.10487717,0.6638639,0,-0.05073093622922897,1.1841084957122803,-2.5804290771484375,0.11945971846580505,0.5198122262954712,-0.011760296300053596,0.05955518037080765,0.2701418399810791,-0.021275131031870842
1.1,0.105125464,0.66511136,0,-0.05023805424571037,1.1884548664093018,-2.5806427001953125,0.1196417436003685,0.5221574306488037,-0.012005508877336979,0.07020345330238342,0.2737693786621094,-0.027701256796717644
1.1,0.105125464,0.66511136,0,-0.04973120614886284,1.1928130388259888,-2.580841064453125,0.11978986114263535,0.5245280265808105,-0.01215042918920517,0.06458687782287598,0.27758848667144775,-0.015239696018397808
1.1,0.105125464,0.66511136,0,-0.04921090975403786,1.19718337059021,-2.5810546875,0.11991869658231735,0.5268775820732117,-0.012149880640208721,0.06083517149090767,0.27557605504989624,0.002870801603421569
1.1,0.105125464,0.66511136,0,-0.04827636852860451,1.2060109376907349,-2.581512451171875,0.12004663050174713,0.5317344069480896,-0.012000678107142448,0.05894722789525986,0.283439964056015,0.020291654393076897
1.1,0.105125464,0.66511136,0,-0.047788288444280624,1.210443139076233,-2.58172607421875,0.1201617419719696,0.5341038703918457,-0.011865930631756783,0.06260455399751663,0.2777119576931,0.020376870408654213
1.1,0.105125464,0.66511136,0,-0.04728657379746437,1.2148879766464233,-2.581939697265625,0.12025099992752075,0.5365787148475647,-0.011689645238220692,0.05797521397471428,0.29147303104400635,0.025475861504673958
1.1,0.105125464,0.66511136,0,-0.046854645013809204,1.219346523284912,-2.5821685791015625,0.12027716636657715,0.5390236973762512,-0.011487100273370743,0.05717511847615242,0.2886348068714142,0.029948538169264793
1.1,0.105125464,0.66511136,0,-0.04640842229127884,1.2238179445266724,-2.5824127197265625,0.12031272798776627,0.5414290428161621,-0.0112894456833601,0.056802406907081604,0.2842187285423279,0.02921186201274395
1.1,0.105125464,0.66511136,0,-0.045478902757167816,1.2328028678894043,-2.582855224609375,0.12043818086385727,0.5463594794273376,-0.010731629095971584,0.06022389605641365,0.29137519001960754,0.039542555809020996
1.1,0.105125464,0.66511136,0,-0.045078095048666,1.2373206615447998,-2.5830841064453125,0.12045571953058243,0.548874020576477,-0.010422833263874054,0.0594785213470459,0.29882949590682983,0.04358682408928871
1.2000000000000002,0.114699736,0.7223115,0,-0.04466257616877556,1.2418522834777832,-2.58331298828125,0.12040115892887115,0.5513083934783936,-0.010115580633282661,0.04883183166384697,0.2893044054508209,0.04313233867287636
1.2000000000000002,0.114699736,0.7223115,0,-0.04379012808203697,1.2509567737579346,-2.583740234375,0.12034273892641068,0.556184709072113,-0.009512696415185928,0.052162885665893555,0.2863677442073822,0.04552583768963814
1.2000000000000002,0.114699736,0.7223115,0,-0.043410077691078186,1.2555456161499023,-2.583953857421875,0.12027142196893692,0.5585913062095642,-0.009195463731884956,0.04982670024037361,0.2860930860042572,0.044395677745342255
1.2000000000000002,0.114699736,0.7223115,0,-0.04301530122756958,1.2601475715637207,-2.58416748046875,0.12024744600057602,0.560977578163147,-0.008850852027535439,0.05407899618148804,0.2840445041656494,0.0476897656917572
1.2000000000000002,0.114699736,0.7223115,0,-0.04260607436299324,1.2647628784179688,-2.584381103515625,0.12019860744476318,0.563326358795166,-0.008509206585586071,0.049351535737514496,0.27985531091690063,0.047194767743349075
1.2000000000000002,0.114699736,0.7223115,0,-0.04218519851565361,1.269392490386963,-2.5845794677734375,0.12012089043855667,0.5656924247741699,-0.008206594735383987,0.04455338045954704,0.28232717514038086,0.0421963594853878
1.2000000000000002,0.114699736,0.7223115,0,-0.04145588353276253,1.2787517309188843,-2.5850067138671875,0.11988232284784317,0.5702880620956421,-0.007876886054873466,0.044311050325632095,0.2678433954715729,0.012568662874400616
1.2000000000000002,0.114699736,0.7223115,0,-0.04106948524713516,1.283449411392212,-2.5852203369140625,0.11980849504470825,0.5725234746932983,-0.007979096844792366,0.047927238047122955,0.2648521363735199,-0.008137895725667477
1.2000000000000002,0.114699736,0.7223115,0,-0.04066871106624603,1.2881593704223633,-2.585418701171875,0.11979304999113083,0.5747719407081604,-0.00812735315412283,0.053607214242219925,0.26700544357299805,-0.014018266461789608
1.2000000000000002,0.114699736,0.7223115,0,-0.03997761383652687,1.297666072845459,-2.58587646484375,0.11961651593446732,0.5792133808135986,-0.008260269649326801,0.046479713171720505,0.26017990708351135,0.0006668269052170217
1.2000000000000002,0.11496213,0.7236137,0,-0.03960970416665077,1.3024368286132812,-2.586090087890625,0.11953394114971161,0.5814183354377747,-0.008322999812662601,0.048276789486408234,0.2609315514564514,-0.002763233846053481
1.2000000000000002,0.11496213,0.7236137,0,-0.03922983631491661,1.3072203397750854,-2.5863189697265625,0.1194966584444046,0.5836560130119324,-0.008361264131963253,0.052710846066474915,0.2653495669364929,0.00015832482313271612
1.2000000000000002,0.11496213,0.7236137,0,-0.03891023248434067,1.3120218515396118,-2.5865478515625,0.11945983022451401,0.585898756980896,-0.00841054879128933,0.05907347425818443,0.2665069103240967,-0.00043446195195429027
1.2000000000000002,0.11496213,0.7236137,0,-0.03822406008839607,1.321661353111267,-2.5870208740234375,0.11934808641672134,0.5903767347335815,-0.008279059082269669,0.05380019545555115,0.2659507989883423,0.01594656892120838
1.2000000000000002,0.11496213,0.7236137,0,-0.037858135998249054,1.3264994621276855,-2.5872344970703125,0.11933227628469467,0.5925943851470947,-0.008176119066774845,0.05646214634180069,0.2647625803947449,0.018135176971554756
1.2000000000000002,0.11496213,0.7236137,0,-0.037477295845746994,1.3313504457473755,-2.58746337890625,0.1193108782172203,0.5949090123176575,-0.00796855054795742,0.054109059274196625,0.27731481194496155,0.031068919226527214
1.2000000000000002,0.11496213,0.7236137,0,-0.037150222808122635,1.3362394571304321,-2.5876922607421875,0.1192513182759285,0.5972185134887695,-0.007679553236812353,0.05488354712724686,0.2747015058994293,0.042131632566452026
1.2000000000000002,0.11496213,0.7236137,0,-0.03645045682787895,1.3460564613342285,-2.5881500244140625,0.11909371614456177,0.6018514633178711,-0.007043779361993074,0.05021429434418678,0.27415987849235535,0.04644645005464554
1.2000000000000002,0.11496213,0.7236137,0,-0.03608081117272377,1.3509856462478638,-2.588348388671875,0.11900805681943893,0.6042091846466064,-0.006673475261777639,0.04687107726931572,0.28188082575798035,0.05152541771531105
1.2000000000000002,0.11496213,0.7236137,0,-0.03577116131782532,1.3559499979019165,-2.58856201171875,0.11894015967845917,0.6066270470619202,-0.006304622162133455,0.0554862804710865,0.2877987325191498,0.05194590985774994
1.3,0.124619395,0.78051144,0,-0.035445570945739746,1.360927939414978,-2.5887603759765625,0.11887846887111664,0.6089940071105957,-0.005912189371883869,0.05446067079901695,0.2818976044654846,0.05473056435585022
1.3,0.124619395,0.78051144,0,-0.03474867716431618,1.3709231615066528,-2.5891571044921875,0.11875943839550018,0.613612711429596,-0.005052762106060982,0.05205761641263962,0.27449527382850647,0.05709565803408623
1.3,0.124619395,0.78051144,0,-0.03444967418909073,1.375950813293457,-2.5893707275390625,0.11865592747926712,0.6158572435379028,-0.0046483539044857025,0.051496926695108414,0.2671124339103699,0.05660904198884964
1.3,0.124619395,0.78051144,0,-0.03413476049900055,1.3809908628463745,-2.589569091796875,0.11860529333353043,0.6181063055992126,-0.004223078954964876,0.05629483982920647,0.2681235671043396,0.059049107134342194
1.3,0.124619395,0.78051144,0,-0.033804312348365784,1.3860437870025635,-2.589752197265625,0.11851567029953003,0.6203365921974182,-0.003779452294111252,0.04965910315513611,0.2662225067615509,0.06094667688012123
1.3,0.124619395,0.78051144,0,-0.0331648550927639,1.3962093591690063,-2.590118408203125,0.11836397647857666,0.6248740553855896,-0.003626262303441763,0.052580978721380234,0.27556338906288147,-0.0021019948180764914
1.3,0.124619395,0.78051144,0,-0.03285516798496246,1.401322364807129,-2.590301513671875,0.11830621212720871,0.6271416544914246,-0.003748853923752904,0.055794257670640945,0.27023977041244507,-0.009891576133668423
1.3,0.124619395,0.78051144,0,-0.03252975642681122,1.406448483467102,-2.590484619140625,0.11823543906211853,0.6294450759887695,-0.003807930974289775,0.05239826813340187,0.2752038240432739,-0.002101063495501876
1.3,0.124619395,0.78051144,0,-0.03218917176127434,1.4115873575210571,-2.590667724609375,0.11814327538013458,0.6316596269607544,-0.003846322651952505,0.04800131171941757,0.26456546783447266,0.0003399327106308192
1.3,0.12483903,0.7815872,0,-0.03189937025308609,1.4167534112930298,-2.590850830078125,0.11801503598690033,0.6338633894920349,-0.0038267183117568493,0.04855313152074814,0.2625274062156677,0.007329973857849836
1.3,0.12483903,0.7815872,0,-0.0312717966735363,1.427122950553894,-2.5912322998046875,0.1179564967751503,0.6383094191551208,-0.003848348744213581,0.058988191187381744,0.266015887260437,0.0059385779313743114
1.3,0.12483903,0.7815872,0,-0.030934177339076996,1.432327151298523,-2.591400146484375,0.11794505268335342,0.6406171321868896,-0.00380119145847857,0.05784822627902031,0.27689167857170105,0.01055747177451849
1.3,0.12483903,0.7815872,0,-0.030646484345197678,1.437551498413086,-2.5915985107421875,0.11789137125015259,0.6429495215415955,-0.0036531751975417137,0.05782906338572502,0.28027886152267456,0.02275220863521099
1.3,0.12483903,0.7815872,0,-0.030028007924556732,1.4480422735214233,-2.591949462890625,0.11767449975013733,0.6475166082382202,-0.0031665933784097433,0.04498303681612015,0.2774430811405182,0.03289477527141571
1.3,0.12483903,0.7815872,0,-0.0296957828104496,1.45330810546875,-2.59210205078125,0.11764463782310486,0.6498399376869202,-0.0029056291095912457,0.05585150048136711,0.2801744043827057,0.03653252124786377
1.3,0.12483903,0.7815872,0,-0.029396260157227516,1.458587646484375,-2.5922698974609375,0.11760056018829346,0.6521536111831665,-0.0025614798069000244,0.05733394995331764,0.2800542712211609,0.04612933471798897
1.3,0.12483903,0.7815872,0,-0.029080571606755257,1.463881015777588,-2.592437744140625,0.11758925020694733,0.6544681787490845,-0.002153849694877863,0.05965429171919823,0.28050917387008667,0.05453824624419212
1.3,0.12483903,0.7815872,0,-0.028748970478773117,1.4691883325576782,-2.5926055908203125,0.11758013814687729,0.656757652759552,-0.0018060676520690322,0.0581977479159832,0.277692586183548,0.04695960879325867
1.3,0.12483903,0.7815872,0,-0.028080139309167862,1.4798692464828491,-2.592926025390625,0.11756545305252075,0.661451518535614,-0.001040803617797792,0.056774694472551346,0.28258955478668213,0.04939781129360199
1.4000000000000001,0.13462499,0.8383539,0,-0.027745025232434273,1.4852434396743774,-2.5930938720703125,0.11757474392652512,0.6637654304504395,-0.0006485535996034741,0.05980996787548065,0.2795535624027252,0.05229794979095459
1.4000000000000001,0.13462499,0.8383539,0,-0.027394354343414307,1.490631341934204,-2.593231201171875,0.11751904338598251,0.6660379767417908,-0.00023311411496251822,0.050015006214380264,0.27471303939819336,0.05510728433728218
1.4000000000000001,0.13462499,0.8383539,0,-0.026648346334695816,1.5014482736587524,-2.5935211181640625,0.11752406507730484,0.6705724000930786,0.000491840299218893,0.058158084750175476,0.2742149233818054,0.04982854798436165
1.4000000000000001,0.13462499,0.8383539,0,-0.026286914944648743,1.5068883895874023,-2.5936431884765625,0.11758684366941452,0.6728730201721191,0.0009016087278723717,0.06317577511072159,0.2785511016845703,0.05403393507003784
1.4000000000000001,0.13462499,0.8383539,0,-0.02590983174741268,1.5123417377471924,-2.593780517578125,0.11764995008707047,0.6749889254570007,0.001287116319872439,0.06163615360856056,0.2558143734931946,0.0509265772998333
1.4000000000000001,0.13462499,0.8383539,0,-0.025517459958791733,1.5178078413009644,-2.593902587890625,0.11769985407590866,0.6771358847618103,0.0017014173790812492,0.058447953313589096,0.260053813457489,0.054453495889902115
1.4000000000000001,0.13462499,0.8383539,0,-0.024741647765040398,1.5287832021713257,-2.5941314697265625,0.11774814128875732,0.6811955571174622,0.002527292352169752,0.060020048171281815,0.2430381029844284,0.0542718879878521
1.4000000000000001,0.13462499,0.8383539,0,-0.02435970865190029,1.5342926979064941,-2.59423828125,0.1177908182144165,0.6832059025764465,0.0026418804191052914,0.05843094363808632,0.24386881291866302,0.016726085916161537
1.4000000000000001,0.13462499,0.8383539,0,-0.023962587118148804,1.5398138761520386,-2.5943603515625,0.11784066259860992,0.6851630210876465,0.002525552175939083,0.05779992789030075,0.23753590881824493,-0.012200790457427502
1.4000000000000001,0.13462499,0.8383539,0,-0.02355060540139675,1.5453468561172485,-2.594451904296875,0.11787732690572739,0.6871169209480286,0.0024193248245865107,0.054664477705955505,0.23744593560695648,-0.011351889930665493
1.5,0.14448711,0.89469635,0,-0.02280743420124054,1.556477427482605,-2.594635009765625,0.11794087290763855,0.6909670233726501,0.0023235201369971037,0.05622570589184761,0.23045948147773743,-0.007357447873800993
1.5,0.14448711,0.89469635,0,-0.022412599995732307,1.5620592832565308,-2.5947265625,0.11803381890058517,0.6928540468215942,0.0023444818798452616,0.0635228082537651,0.22895272076129913,0.004147644620388746
1.5,0.14448711,0.89469635,0,-0.022002244368195534,1.5676522254943848,-2.594818115234375,0.11812563985586166,0.6947131156921387,0.0023841538932174444,0.061878226697444916,0.225763738155365,0.006448477040976286
1.5,0.14448711,0.89469635,0,-0.02163621596992016,1.5732771158218384,-2.59490966796875,0.11816181242465973,0.6965835094451904,0.0023748772218823433,0.059839729219675064,0.22571037709712982,9.546055662212893e-05
1.5,0.14448711,0.89469635,0,-0.020859478041529655,1.584560513496399,-2.5950927734375,0.11828338354825974,0.7004079222679138,0.0024404230061918497,0.06039988994598389,0.23293139040470123,0.010354909114539623
1.5,0.14448711,0.89469635,0,-0.020449260249733925,1.5902193784713745,-2.595184326171875,0.1183573454618454,0.7023074626922607,0.0023798688780516386,0.060290057212114334,0.23006069660186768,-0.006349756848067045
1.5,0.14448711,0.89469635,0,-0.020075643435120583,1.5959237813949585,-2.5952911376953125,0.11838918179273605,0.7043594717979431,0.002182597294449806,0.0587327741086483,0.2463841587305069,-0.02320576272904873
1.5,0.14448711,0.89469635,0,-0.019686289131641388,1.6016398668289185,-2.59539794921875,0.11846930533647537,0.7064015865325928,0.0019222350092604756,0.06318268924951553,0.24548651278018951,-0.03112945519387722
1.5,0.14448711,0.89469635,0,-0.018860455602407455,1.6131079196929932,-2.5955963134765625,0.11870558559894562,0.7105705738067627,0.0016986188711598516,0.06550414115190506,0.2551841139793396,-0.010504852049052715
1.5,0.14448711,0.89469635,0,-0.018468739464879036,1.6188970804214478,-2.5957183837890625,0.11878399550914764,0.7128028869628906,0.0015739265363663435,0.06303086131811142,0.2669099271297455,-0.013918149285018444
1.5,0.14472136,0.895811,0,-0.0180611964315176,1.6246992349624634,-2.5958251953125,0.11891549080610275,0.7150634527206421,0.0014913494233042002,0.0681198239326477,0.27081725001335144,-0.008698086254298687
1.5,0.14472136,0.895811,0,-0.017637763172388077,1.6305148601531982,-2.5959320068359375,0.11907926946878433,0.7173967361450195,0.0014801035868003964,0.0706484243273735,0.2802620232105255,-7.72997664171271e-05
1.5,0.14472136,0.895811,0,-0.016796870157122612,1.6422218084335327,-2.5961456298828125,0.11935044080018997,0.7223305106163025,0.001576132490299642,0.06517879664897919,0.30620458722114563,0.01082522701472044
1.5,0.14472136,0.895811,0,-0.016377080231904984,1.6481132507324219,-2.59625244140625,0.11952905356884003,0.7249068021774292,0.0017145820893347263,0.07319045811891556,0.30898410081863403,0.018647870048880577
1.5,0.14472136,0.895811,0,-0.015941260382533073,1.6540204286575317,-2.5963592529296875,0.11968935281038284,0.7275253534317017,0.0019077641190961003,0.06941962987184525,0.3146769404411316,0.02545490674674511
1.5,0.14472136,0.895811,0,-0.015490122139453888,1.6599438190460205,-2.596466064453125,0.11983605474233627,0.7302274703979492,0.0021333254408091307,0.06627992540597916,0.3255334496498108,0.02946937270462513
1.5,0.14472136,0.895811,0,-0.014631295576691628,1.6719197034835815,-2.5966796875,0.12010176479816437,0.7357504367828369,0.002818136475980282,0.06713373214006424,0.3325687348842621,0.04364689439535141
1.5,0.14472136,0.895811,0,-0.014178519137203693,1.677932620048523,-2.596771240234375,0.12027682363986969,0.7385368943214417,0.0032581028062850237,0.06992647051811218,0.33385810256004333,0.05554221197962761
1.5,0.14472136,0.895811,0,-0.013712408021092415,1.6839635372161865,-2.5968475341796875,0.12044346332550049,0.7413248419761658,0.003682802664116025,0.06776942312717438,0.3343333899974823,0.05362182483077049
1.5,0.14472136,0.895811,0,-0.013231280259788036,1.690011739730835,-2.596923828125,0.12059706449508667,0.7441703081130981,0.004103556741029024,0.06476674228906631,0.34200432896614075,0.053118910640478134
1.6,0.15475932,0.9521354,0,-0.012334818951785564,1.70222806930542,-2.5970916748046875,0.12086742371320724,0.7499556541442871,0.004863507580012083,0.0664328783750534,0.343217134475708,0.044084616005420685
1.6,0.15475932,0.9521354,0,-0.01186370849609375,1.7083622217178345,-2.5971527099609375,0.12101361155509949,0.752785861492157,0.005276020150631666,0.06537031382322311,0.3386501371860504,0.05224207043647766
1.6,0.15475932,0.9521354,0,-0.01137763075530529,1.7145133018493652,-2.59722900390625,0.12117159366607666,0.7555684447288513,0.005679854657500982,0.06546873599290848,0.3332354724407196,0.05114404112100601
1.6,0.15475932,0.9521354,0,-0.010922898538410664,1.720715880393982,-2.5973052978515625,0.12128376960754395,0.7584121227264404,0.006062071770429611,0.0635073184967041,0.338379442691803,0.04860339313745499
1.6,0.15475932,0.9521354,0,-0.009968769736588001,1.733170509338379,-2.5974578857421875,0.1215190663933754,0.7639478445053101,0.006842221133410931,0.06448867917060852,0.3295406103134155,0.04812748730182648
1.6,0.15475932,0.9521354,0,-0.009472273290157318,1.7394229173660278,-2.5975341796875,0.12162521481513977,0.7666038274765015,0.007197415456175804,0.05896022543311119,0.3165128827095032,0.04517659172415733
1.6,0.15475932,0.9521354,0,-0.009020253084599972,1.7457202672958374,-2.5976104736328125,0.12175509333610535,0.7693207263946533,0.007269490510225296,0.06686878204345703,0.3221937417984009,0.009600072167813778
1.6,0.15475932,0.9521354,0,-0.008552808314561844,1.7520331144332886,-2.5976715087890625,0.12187890708446503,0.7720088362693787,0.007116463966667652,0.06463875621557236,0.319229394197464,-0.018547287210822105
1.6,0.15475932,0.9521354,0,-0.007573992013931274,1.764704704284668,-2.597808837890625,0.1220703050494194,0.7772433757781982,0.006857339758425951,0.05883798748254776,0.31053876876831055,-0.015110707841813564
1.6,0.15475932,0.9521354,0,-0.007132411003112793,1.7710793018341064,-2.597900390625,0.12209603935480118,0.7797794938087463,0.006772603373974562,0.055906400084495544,0.30112892389297485,-0.009897629730403423
1.7000000000000002,0.16496287,1.0083482,0,-0.006676007527858019,1.777468204498291,-2.597991943359375,0.1221354678273201,0.7823253870010376,0.006642965599894524,0.056087419390678406,0.30290812253952026,-0.015523749403655529
1.7000000000000002,0.16496287,1.0083482,0,-0.006204970646649599,1.7838715314865112,-2.59808349609375,0.12220063805580139,0.7848643660545349,0.0065751634538173676,0.0578148178756237,0.30257949233055115,-0.007807742338627577
1.7000000000000002,0.16496287,1.0083482,0,-0.0057194107212126255,1.7902896404266357,-2.5981597900390625,0.12228686362504959,0.7873786687850952,0.00652770372107625,0.05899496003985405,0.3000098764896393,-0.005278270225971937
1.7000000000000002,0.16496287,1.0083482,0,-0.004852083045989275,1.8032335042953491,-2.5983428955078125,0.12238242477178574,0.7923704385757446,0.006558189634233713,0.06791890412569046,0.2962590456008911,0.007001216989010572
1.7000000000000002,0.16496287,1.0083482,0,-0.004395407158881426,1.8097262382507324,-2.5984344482421875,0.12245330959558487,0.7948687076568604,0.006691970396786928,0.06095448136329651,0.29683616757392883,0.01705903373658657
1.7000000000000002,0.16496287,1.0083482,0,-0.003924085758626461,1.8162331581115723,-2.5985107421875,0.12251238524913788,0.7973712086677551,0.0068558682687580585,0.057962775230407715,0.29785090684890747,0.021062323823571205
1.7000000000000002,0.16496287,1.0083482,0,-0.003099155845120549,1.829349398612976,-2.5987091064453125,0.12251819670200348,0.8022758960723877,0.007339731324464083,0.057290151715278625,0.2885340452194214,0.03792903944849968
1.7000000000000002,0.16496287,1.0083482,0,-0.0026638517156243324,1.8359273672103882,-2.5988006591796875,0.12256908416748047,0.8046934008598328,0.007605564780533314,0.06091560795903206,0.2866377830505371,0.03372970595955849
1.7000000000000002,0.16496287,1.0083482,0,-0.0022133656311780214,1.8425188064575195,-2.5988922119140625,0.12261882424354553,0.8071293234825134,0.007647983729839325,0.05918985232710838,0.2894018888473511,0.005791428964585066
1.7000000000000002,0.16496287,1.0083482,0,-0.0018489747308194637,1.8491438627243042,-2.5989837646484375,0.12261869758367538,0.8095627427101135,0.0074868169613182545,0.06209143251180649,0.28874439001083374,-0.019358469173312187
1.8,0.17524539,1.0726309,0,-0.0010775169357657433,1.8624356985092163,-2.59918212890625,0.1226559653878212,0.8144487738609314,0.007264574058353901,0.06508985161781311,0.289926141500473,-0.005906912963837385
1.8,0.17524539,1.0726309,0,-0.0006679404177702963,1.8691020011901855,-2.5992889404296875,0.1226828545331955,0.8169224262237549,0.007237371988594532,0.06073547154664993,0.2948938310146332,-0.002210028236731887
1.8,0.17524539,1.0726309,0,-0.00035549173480831087,1.8757838010787964,-2.5994415283203125,0.12262390553951263,0.8193749785423279,0.0071618324145674706,0.06042838841676712,0.2939940094947815,-0.007120891939848661
1.8,0.17524539,1.0726309,0,-2.6134173822356388e-05,1.8824795484542847,-2.599578857421875,0.12257476896047592,0.8218593001365662,0.007038480136543512,0.059730708599090576,0.29833850264549255,-0.01316098403185606
1.8,0.17524539,1.0726309,0,0.0006816355744376779,1.8959144353866577,-2.599853515625,0.12252520024776459,0.8269237875938416,0.006473236251622438,0.06409262865781784,0.3066033720970154,-0.038778405636548996
1.8,0.17524539,1.0726309,0,0.0010600831592455506,1.9026542901992798,-2.5999755859375,0.12258382886648178,0.8295360207557678,0.006136997602880001,0.06774503737688065,0.31549447774887085,-0.039948612451553345
1.8,0.17524539,1.0726309,0,0.0013508880510926247,1.9094209671020508,-2.6001434326171875,0.12256066501140594,0.8322141766548157,0.005968097597360611,0.06686557829380035,0.3240671157836914,-0.018229706212878227
1.8,0.17524539,1.0726309,0,0.001659253379330039,1.9162038564682007,-2.6002960205078125,0.12253998219966888,0.8349872827529907,0.005840788129717112,0.0652095302939415,0.336306095123291,-0.013034789822995663
1.8,0.17524539,1.0726309,0,0.002327103866264224,1.9298219680786133,-2.6006011962890625,0.12256244570016861,0.8407840728759766,0.00541667127981782,0.06669686734676361,0.3577048182487488,-0.025292856618762016
1.9000000000000001,0.18568085,1.1278737,0,0.00259203789755702,1.9366614818572998,-2.6007843017578125,0.12253601849079132,0.843757152557373,0.005304723046720028,0.06866469979286194,0.36339500546455383,-0.00990461464971304
1.9000000000000001,0.18568085,1.1278737,0,0.0028752393554896116,1.9435200691223145,-2.6009674072265625,0.12257098406553268,0.8468132019042969,0.005244110710918903,0.07431633770465851,0.3740592300891876,-0.0036004928406327963
1.9000000000000001,0.18568085,1.1278737,0,0.0031761284917593002,1.950398564338684,-2.6011505126953125,0.12254451215267181,0.8499936461448669,0.005256460048258305,0.06466922909021378,0.3899018466472626,0.005410052370280027
1.9000000000000001,0.18568085,1.1278737,0,0.003494328586384654,1.9572975635528564,-2.601318359375,0.12256748229265213,0.8532047867774963,0.0053337751887738705,0.0689329132437706,0.39401325583457947,0.013424082659184933
1.9000000000000001,0.18568085,1.1278737,0,0.004042786546051502,1.9711925983428955,-2.6016998291015625,0.12256420403718948,0.8599108457565308,0.00564913172274828,0.06930014491081238,0.41973423957824707,0.03260047733783722
1.9000000000000001,0.18568085,1.1278737,0,0.004342378582805395,1.978173851966858,-2.60186767578125,0.12256944924592972,0.8633671998977661,0.005945706274360418,0.06874075531959534,0.4248804748058319,0.04143267497420311
1.9000000000000001,0.18568085,1.1278737,0,0.004659596830606461,1.9851778745651245,-2.6020355224609375,0.12262739986181259,0.8668340444564819,0.006261289119720459,0.07341644167900085,0.4264778196811676,0.0436883382499218
1.9000000000000001,0.18568085,1.1278737,0,0.005206734873354435,1.999309778213501,-2.6024017333984375,0.12267683446407318,0.8738799095153809,0.006987136323004961,0.07237423956394196,0.4314742684364319,0.049353573471307755
1.9000000000000001,0.18568085,1.1278737,0,0.00550740584731102,2.0064103603363037,-2.602569580078125,0.12272860109806061,0.877473771572113,0.007227943744510412,0.0740262046456337,0.44153353571891785,0.03511504828929901
1.9000000000000001,0.18568085,1.1278737,0,0.005826030392199755,2.0135345458984375,-2.6027374267578125,0.12283983081579208,0.8811187744140625,0.007164709735661745,0.07956498116254807,0.44827020168304443,-0.0030281951185315847
1.9000000000000001,0.18606903,1.1295928,0,0.00609532231464982,2.020716905593872,-2.6028900146484375,0.12294116616249084,0.884841799736023,0.007180259563028812,0.08341149985790253,0.4558601975440979,0.006376299541443586
1.9000000000000001,0.18606903,1.1295928,0,0.006686246953904629,2.0351552963256836,-2.603179931640625,0.12303988635540009,0.892366349697113,0.007287957705557346,0.07625153660774231,0.46177810430526733,0.009623820893466473
1.9000000000000001,0.18606903,1.1295928,0,0.007007142994552851,2.0424118041992188,-2.6033172607421875,0.12311604619026184,0.8961079716682434,0.007411412429064512,0.0749678909778595,0.4592147469520569,0.019514000043272972
1.9000000000000001,0.18606903,1.1295928,0,0.007294232491403818,2.04974102973938,-2.6034698486328125,0.12316150963306427,0.8999246954917908,0.007516680750995874,0.0745207741856575,0.4651951491832733,0.01725461147725582
1.9000000000000001,0.18606903,1.1295928,0,0.0075997598469257355,2.0570943355560303,-2.603607177734375,0.12329883873462677,0.9037652611732483,0.007604113779962063,0.08407820761203766,0.46869590878486633,0.01491606142371893
1.9000000000000001,0.18606903,1.1295928,0,0.008266354911029339,2.0718750953674316,-2.6038665771484375,0.12360905110836029,0.9114988446235657,0.008005708456039429,0.07808360457420349,0.4762325882911682,0.030389053747057915
1.9000000000000001,0.18606903,1.1295928,0,0.008579866029322147,2.079348087310791,-2.60400390625,0.12374744564294815,0.9153974652290344,0.00826805830001831,0.08336658030748367,0.47430911660194397,0.03694230318069458
1.9000000000000001,0.18606903,1.1295928,0,0.008911936543881893,2.086845874786377,-2.6041259765625,0.12391944229602814,0.9193187952041626,0.008614334277808666,0.08570952713489532,0.4776805639266968,0.04732189327478409
1.9000000000000001,0.18606903,1.1295928,0,0.009262261912226677,2.0943679809570312,-2.604248046875,0.12408055365085602,0.9232444763183594,0.009014456532895565,0.0825384110212326,0.47872766852378845,0.053944528102874756
1.9000000000000001,0.18606903,1.1295928,0,0.00962681882083416,2.1019160747528076,-2.6043548583984375,0.12430857867002487,0.9271961450576782,0.009475224651396275,0.08982877433300018,0.4823058545589447,0.061421651393175125
2.0,0.1968043,1.1851171,0,0.010340814478695393,2.117166519165039,-2.604583740234375,0.12458617985248566,0.934967041015625,0.010383636690676212,0.08320841193199158,0.47006991505622864,0.06255041062831879
2.0,0.1968043,1.1851171,0,0.010724532417953014,2.1248276233673096,-2.60467529296875,0.12478652596473694,0.938819408416748,0.010861082933843136,0.08454418182373047,0.46846804022789,0.06339046359062195
2.0,0.1968043,1.1851171,0,0.011126009747385979,2.1325125694274902,-2.604766845703125,0.12501268088817596,0.9426137208938599,0.011361528187990189,0.08607523888349533,0.46167102456092834,0.06628222018480301
2.0,0.1968043,1.1851171,0,0.011948374100029469,2.147996187210083,-2.6049346923828125,0.12544408440589905,0.9501005411148071,0.012213528156280518,0.08342935889959335,0.4525673985481262,0.05546165257692337
2.0,0.1968043,1.1851171,0,0.012368976138532162,2.1557939052581787,-2.605010986328125,0.1255948692560196,0.9537843465805054,0.01244940422475338,0.07543549686670303,0.4459097385406494,0.03298977017402649
2.0,0.1968043,1.1851171,0,0.012801767326891422,2.1636147499084473,-2.605072021484375,0.12576733529567719,0.9574489593505859,0.012418069876730442,0.0773085355758667,0.4438708424568176,-0.0005052424385212362
2.0,0.1968043,1.1851171,0,0.013251413591206074,2.171457529067993,-2.605133056640625,0.12598921358585358,0.9610884785652161,0.012351620011031628,0.08188704401254654,0.4412269592285156,-0.004988163243979216
2.0,0.1968043,1.1851171,0,0.014148765243589878,2.1872758865356445,-2.6052703857421875,0.12647077441215515,0.9682216644287109,0.012409253045916557,0.09020714461803436,0.42616358399391174,0.008160713128745556
2.0,0.1968043,1.1851171,0,0.014623080380260944,2.195216655731201,-2.6053466796875,0.1267491579055786,0.9717486500740051,0.0124052744358778,0.08771561086177826,0.42661547660827637,0.002945307409390807
2.0,0.1968043,1.1851171,0,0.015114004723727703,2.203178644180298,-2.60540771484375,0.12702728807926178,0.975255012512207,0.012470635585486889,0.0861578956246376,0.42453649640083313,0.011518596671521664
2.1,0.20771879,1.2403568,0,0.015581773594021797,2.2111880779266357,-2.60546875,0.12726180255413055,0.9786670207977295,0.012512930668890476,0.08390410244464874,0.41190212965011597,0.008176079951226711
2.1,0.20771879,1.2403568,0,0.016567524522542953,2.227267026901245,-2.605560302734375,0.12781491875648499,0.9854629039764404,0.012758014723658562,0.08392798900604248,0.4091658890247345,0.021951736882328987
2.1,0.20771879,1.2403568,0,0.01708044670522213,2.235337257385254,-2.6056060791015625,0.12810903787612915,0.9888529777526855,0.012991133145987988,0.08756159245967865,0.4104366600513458,0.03180047124624252
2.1,0.20771879,1.2403568,0,0.017574623227119446,2.2434582710266113,-2.60565185546875,0.12833227217197418,0.9921537637710571,0.01332248467952013,0.0813196450471878,0.39798030257225037,0.04411860927939415
2.1,0.20771879,1.2403568,0,0.018085170537233353,2.251598358154297,-2.6056671142578125,0.12859821319580078,0.9954375624656677,0.013624122366309166,0.08510621637105942,0.3963221311569214,0.04011625051498413
2.1,0.20771879,1.2403568,0,0.019154734909534454,2.2679359912872314,-2.6056976318359375,0.12915948033332825,1.0019688606262207,0.014264781028032303,0.08586123585700989,0.3893199563026428,0.04800688102841377
2.1,0.20771879,1.2403568,0,0.019685324281454086,2.2761666774749756,-2.6056976318359375,0.12947537004947662,1.0052518844604492,0.014386936090886593,0.09021302312612534,0.39584892988204956,0.016775446012616158
2.1,0.20771879,1.2403568,0,0.02023228630423546,2.2844157218933105,-2.6056976318359375,0.1297837346792221,1.008459448814392,0.014236490242183208,0.08778586238622665,0.3868602514266968,-0.017342621460556984
2.1,0.20771879,1.2403568,0,0.020795520395040512,2.2926831245422363,-2.6056976318359375,0.13017456233501434,1.011633038520813,0.01411945465952158,0.09664767235517502,0.38300469517707825,-0.01320848148316145
2.2,0.21868129,1.2947129,0,0.021375412121415138,2.300968647003174,-2.6056976318359375,0.1305946558713913,1.0148229598999023,0.01404565665870905,0.09889351576566696,0.3854381740093231,-0.007844994775950909
2.2,0.21868129,1.2947129,0,0.022510983049869537,2.317656993865967,-2.6056671142578125,0.13120895624160767,1.0210332870483398,0.013951999135315418,0.08645177632570267,0.3742283880710602,-0.0030482185538858175
2.2,0.21868129,1.2947129,0,0.023102618753910065,2.3260273933410645,-2.60565185546875,0.1315556913614273,1.0242078304290771,0.013896080665290356,0.0895378589630127,0.3829091191291809,-0.0060419547371566296
2.2,0.21868129,1.2947129,0,0.023710086941719055,2.334415912628174,-2.605621337890625,0.13192297518253326,1.027340292930603,0.013880940154194832,0.09074090421199799,0.3780723512172699,-0.0009709037258289754
2.2,0.21868129,1.2947129,0,0.024884268641471863,2.3512990474700928,-2.6056060791015625,0.13263249397277832,1.0335794687271118,0.01401230227202177,0.09627490490674973,0.3781948983669281,0.011201481334865093
2.2,0.21868129,1.2947129,0,0.025495879352092743,2.359767198562622,-2.6055755615234375,0.13302581012248993,1.0367798805236816,0.013973093591630459,0.09427662938833237,0.3868297338485718,-0.0038412397261708975
2.2,0.21868129,1.2947129,0,0.026123257353901863,2.3682539463043213,-2.605560302734375,0.13338638842105865,1.0400300025939941,0.01378893107175827,0.08884850889444351,0.3934756815433502,-0.0219885241240263
2.2,0.21868129,1.2947129,0,0.026722656562924385,2.376800298690796,-2.605560302734375,0.13375990092754364,1.0432754755020142,0.013539121486246586,0.09366119652986526,0.39058101177215576,-0.029689164832234383
2.2,0.21868129,1.2947129,0,0.027334386482834816,2.3853657245635986,-2.6055755615234375,0.1341223269701004,1.046547532081604,0.013378230854868889,0.09155585616827011,0.39418575167655945,-0.018615739420056343
2.2,0.21868129,1.2947129,0,0.027962112799286842,2.3939497470855713,-2.6055755615234375,0.13449318706989288,1.0498363971710205,0.013282865285873413,0.09124093502759933,0.3967558443546295,-0.010466202162206173
2.3000000000000003,0.22983174,1.3487432,0,0.02926468849182129,2.41117525100708,-2.605560302734375,0.13525335490703583,1.0564581155776978,0.013086755760014057,0.08899147063493729,0.3962123394012451,-0.01487275492399931
2.3000000000000003,0.22983174,1.3487432,0,0.029896462336182594,2.4198598861694336,-2.6055755615234375,0.13562513887882233,1.059807300567627,0.013018456287682056,0.0915893092751503,0.4025498330593109,-0.006311106961220503
2.3000000000000003,0.22983174,1.3487432,0,0.03120741993188858,2.437286376953125,-2.6056060791015625,0.13636572659015656,1.0666090250015259,0.013019055128097534,0.08834676444530487,0.41469302773475647,0.0044060866348445415
2.3000000000000003,0.22983174,1.3487432,0,0.031886275857686996,2.4460291862487793,-2.6056060791015625,0.13677923381328583,1.070043921470642,0.01311230193823576,0.09288042783737183,0.4146074950695038,0.01360988151282072
2.3000000000000003,0.22983174,1.3487432,0,0.032530780881643295,2.4548439979553223,-2.6056365966796875,0.13709110021591187,1.0735621452331543,0.013249155133962631,0.08408220112323761,0.42119544744491577,0.020088160410523415
2.3000000000000003,0.22983174,1.3487432,0,0.03319115564227104,2.4636788368225098,-2.6056671142578125,0.13750717043876648,1.0771125555038452,0.013438180088996887,0.09576962888240814,0.4257793724536896,0.02652592770755291
2.3000000000000003,0.22983174,1.3487432,0,0.03456016257405281,2.4814093112945557,-2.6056976318359375,0.13834291696548462,1.0842658281326294,0.013342071324586868,0.0882488340139389,0.4340185821056366,-0.018899792805314064
2.3000000000000003,0.22983174,1.3487432,0,0.03523331508040428,2.49035382270813,-2.605743408203125,0.1387127786874771,1.0878537893295288,0.013161339797079563,0.08934788405895233,0.42834532260894775,-0.019033903256058693
2.3000000000000003,0.22983174,1.3487432,0,0.035922348499298096,2.4993183612823486,-2.60577392578125,0.13910704851150513,1.0914751291275024,0.013091428205370903,0.0911138504743576,0.4331502318382263,-0.005281064193695784
2.3000000000000003,0.22983174,1.3487432,0,0.03662664443254471,2.50830340385437,-2.605804443359375,0.13946379721164703,1.0951530933380127,0.013027957640588284,0.08517084270715714,0.4408313035964966,-0.004759523551911116
2.4000000000000004,0.24123134,1.402645,0,0.03805480897426605,2.5263893604278564,-2.6058807373046875,0.1401546448469162,1.1026015281677246,0.012962386943399906,0.07953823357820511,0.44508740305900574,0.0014645046321675181
2.4000000000000004,0.24123134,1.402645,0,0.03877482935786247,2.5354905128479004,-2.6059417724609375,0.140568345785141,1.1063811779022217,0.012943006120622158,0.09144613891839981,0.4508849084377289,0.002397689735516906
2.4000000000000004,0.24123134,1.402645,0,0.039510130882263184,2.5446133613586426,-2.605987548828125,0.14096301794052124,1.1101750135421753,0.013003386557102203,0.08787393569946289,0.453317791223526,0.01223198976367712
2.4000000000000004,0.24123134,1.402645,0,0.04026041179895401,2.553757429122925,-2.6060333251953125,0.1413620412349701,1.113933801651001,0.013113542459905148,0.08725599944591522,0.44959473609924316,0.018322372809052467
2.4000000000000004,0.24123134,1.402645,0,0.04174810275435448,2.5722100734710693,-2.606170654296875,0.14224734902381897,1.1214919090270996,0.013546098954975605,0.0934615284204483,0.44881999492645264,0.03669131174683571
2.4000000000000004,0.24123134,1.402645,0,0.04251493513584137,2.581467866897583,-2.606231689453125,0.14269517362117767,1.1253005266189575,0.013759912922978401,0.09231201559305191,0.4539839029312134,0.031867992132902145
2.4000000000000004,0.24123134,1.402645,0,0.043296754360198975,2.590747356414795,-2.60626220703125,0.14311151206493378,1.1290806531906128,0.0140417804941535,0.0872754231095314,0.45113325119018555,0.04023033753037453
2.4000000000000004,0.24123134,1.402645,0,0.04405920207500458,2.600105047225952,-2.6063232421875,0.14350974559783936,1.132817268371582,0.014338217675685883,0.08680856972932816,0.44150859117507935,0.04232488200068474
2.4000000000000004,0.24123134,1.402645,0,0.04562465474009514,2.618882179260254,-2.606414794921875,0.14429697394371033,1.1404000520706177,0.014171878807246685,0.08165518194437027,0.4506680965423584,-0.02098502404987812
2.4000000000000004,0.24123134,1.402645,0,0.04642679542303085,2.628302812576294,-2.6064605712890625,0.14468227326869965,1.1442112922668457,0.01396103110164404,0.08259294182062149,0.4529692530632019,-0.02152053453028202
2.6,0.26413226,1.5073545,0,0.04721299558877945,2.6377952098846436,-2.6065216064453125,0.14507801830768585,1.1480118036270142,0.013891007751226425,0.08557140082120895,0.44808343052864075,-0.004203989636152983
2.6,0.26413226,1.5073545,0,0.04801351577043533,2.647307872772217,-2.6065521240234375,0.14541280269622803,1.1517356634140015,0.013851136900484562,0.07684669643640518,0.4392760694026947,-0.0008638016297481954
2.6,0.26413226,1.5073545,0,0.04882821813225746,2.6568403244018555,-2.6065826416015625,0.14581532776355743,1.1554442644119263,0.013822286389768124,0.08424005657434464,0.43815818428993225,0.0003958120651077479
2.6,0.26413226,1.5073545,0,0.050478894263505936,2.676010847091675,-2.6066436767578125,0.146642804145813,1.1628297567367554,0.013795879669487476,0.08756004273891449,0.4365614950656891,0.005632172804325819
2.6,0.26413226,1.5073545,0,0.05131510645151138,2.6856484413146973,-2.606689453125,0.14705678820610046,1.1665271520614624,0.01383429579436779,0.08464326709508896,0.43532586097717285,0.00865012314170599
2.6,0.26413226,1.5073545,0,0.05216526985168457,2.695305347442627,-2.6067047119140625,0.14746315777301788,1.1701794862747192,0.014001849107444286,0.08267773687839508,0.430512934923172,0.024683305993676186
2.6,0.26413226,1.5073545,0,0.05389716103672981,2.714679479598999,-2.60675048828125,0.14815424382686615,1.1773968935012817,0.014461261220276356,0.07125828415155411,0.4205654561519623,0.03891903534531593
2.6,0.26413226,1.5073545,0,0.054765962064266205,2.724426507949829,-2.606781005859375,0.14853639900684357,1.1809576749801636,0.014771230518817902,0.07931670546531677,0.4189853072166443,0.04216329753398895
2.6,0.26413226,1.5073545,0,0.05564792826771736,2.734192132949829,-2.6067962646484375,0.1488807648420334,1.1844780445098877,0.015101983211934566,0.07361209392547607,0.4147004187107086,0.044663432985544205
2.6,0.26413226,1.5073545,0,0.05654294788837433,2.7439770698547363,-2.6067962646484375,0.14927354454994202,1.1881226301193237,0.014929172582924366,0.07870752364397049,0.43096697330474854,-0.01837732084095478
2.7,0.27607393,1.5598075,0,0.05745088681578636,2.753781795501709,-2.6068115234375,0.14965447783470154,1.1917529106140137,0.014276543632149696,0.0762963742017746,0.429912269115448,-0.078447625041008
2.7,0.27607393,1.5598075,0,0.059291157871484756,2.7734901905059814,-2.606842041015625,0.15057870745658875,1.1989567279815674,0.013113184832036495,0.08582054078578949,0.423811137676239,-0.0608186200261116
2.7,0.27607393,1.5598075,0,0.06022628769278526,2.783374547958374,-2.6068572998046875,0.15100204944610596,1.202582597732544,0.012605494819581509,0.08067380636930466,0.43035873770713806,-0.06096576899290085
2.7,0.27607393,1.5598075,0,0.061174094676971436,2.793278932571411,-2.60687255859375,0.15141238272190094,1.2061525583267212,0.012043372727930546,0.07816306501626968,0.42401567101478577,-0.06768665462732315
2.7,0.27607393,1.5598075,0,0.06304952502250671,2.813194990158081,-2.6069183349609375,0.15214677155017853,1.213574767112732,0.01114146038889885,0.07508709281682968,0.44882655143737793,-0.04906626045703888
2.7,0.27607393,1.5598075,0,0.06400591880083084,2.8231847286224365,-2.6069488525390625,0.1525873839855194,1.217370629310608,0.010828334838151932,0.08282061666250229,0.45275792479515076,-0.03725289925932884
2.7,0.27607393,1.5598075,0,0.06497494876384735,2.8331966400146484,-2.606964111328125,0.15303868055343628,1.2212700843811035,0.010548703372478485,0.08327709883451462,0.46636009216308594,-0.033120620995759964
2.7,0.27607393,1.5598075,0,0.0659201517701149,2.8432464599609375,-2.6069793701171875,0.15344631671905518,1.2252252101898193,0.01016292441636324,0.08105992525815964,0.47352325916290283,-0.04739965870976448
2.7,0.27607393,1.5598075,0,0.0678485631942749,2.863417863845825,-2.60699462890625,0.15424732863903046,1.2334868907928467,0.009621934033930302,0.07615230232477188,0.4987739026546478,-0.024345701560378075
2.7,0.27607393,1.5598075,0,0.06882669776678085,2.873541831970215,-2.6070098876953125,0.15465177595615387,1.2377216815948486,0.009536376222968102,0.07866472005844116,0.5101641416549683,-0.009788664989173412
2.8000000000000003,0.2882785,1.6119925,0,0.06977343559265137,2.8837108612060547,-2.6070098876953125,0.15505531430244446,1.2420706748962402,0.009461913257837296,0.08286843448877335,0.5239889621734619,-0.008986796252429485
2.8000000000000003,0.2882785,1.6119925,0,0.07073318958282471,2.893906831741333,-2.607025146484375,0.15549716353416443,1.2465049028396606,0.00936906784772873,0.0866599828004837,0.5352243781089783,-0.011294147931039333
2.8000000000000003,0.2882785,1.6119925,0,0.07269150018692017,2.914382219314575,-2.607025146484375,0.15645265579223633,1.2556555271148682,0.009417788125574589,0.09359903633594513,0.5621998310089111,0.007338821422308683
2.8000000000000003,0.2882785,1.6119925,0,0.07363811880350113,2.9246904850006104,-2.607025146484375,0.15689469873905182,1.260343313217163,0.009536164812743664,0.09010730683803558,0.5664277076721191,0.014659016393125057
2.8000000000000003,0.2882785,1.6119925,0,0.07459812611341476,2.935028553009033,-2.6070098876953125,0.15733718872070312,1.2651594877243042,0.009659233503043652,0.08910078555345535,0.5830233097076416,0.015248077921569347
2.8000000000000003,0.2882785,1.6119925,0,0.075571209192276,2.94539737701416,-2.6070098876953125,0.15775704383850098,1.2700846195220947,0.009606796316802502,0.08524125814437866,0.5971939563751221,-0.006735324393957853
2.8000000000000003,0.2882785,1.6119925,0,0.07655724138021469,2.9557979106903076,-2.60699462890625,0.15822212398052216,1.2750457525253296,0.009540582075715065,0.08989522606134415,0.6022660136222839,-0.008450820110738277
2.8000000000000003,0.2882785,1.6119925,0,0.07843144983053207,2.9767470359802246,-2.60693359375,0.15894946455955505,1.2853120565414429,0.009745660237967968,0.08490294218063354,0.6308246850967407,0.0127181401476264
2.8000000000000003,0.2882785,1.6119925,0,0.07938849925994873,2.987271547317505,-2.606903076171875,0.15936891734600067,1.2905218601226807,0.0098219970241189,0.08906136453151703,0.6331117749214172,0.008226837031543255
2.8000000000000003,0.2882785,1.6119925,0,0.0803588330745697,2.997830390930176,-2.6068572998046875,0.15976892411708832,1.295785665512085,0.009839772246778011,0.08554644137620926,0.640491247177124,0.0009504146291874349
2.9000000000000004,0.3007842,1.6639918,0,0.08222153037786484,3.019129991531372,-2.60675048828125,0.16046303510665894,1.3064724206924438,0.010167613625526428,0.08254300057888031,0.6519377827644348,0.02394057624042034
2.9000000000000004,0.3007842,1.6639918,0,0.08317301422357559,3.029831886291504,-2.6066741943359375,0.16087153553962708,1.3118401765823364,0.01045277714729309,0.09019023180007935,0.651870846748352,0.03299349546432495
2.9000000000000004,0.3007842,1.6639918,0,0.08413781970739365,3.0405688285827637,-2.6066131591796875,0.1612474024295807,1.3173118829727173,0.010798265226185322,0.08495842665433884,0.6655298471450806,0.04061683639883995
2.9000000000000004,0.3007842,1.6639918,0,0.08511580526828766,3.0513417720794678,-2.606536865234375,0.16167289018630981,1.3227388858795166,0.01121135801076889,0.0900418609380722,0.6606095433235168,0.04914868250489235
2.9000000000000004,0.3007842,1.6639918,0,0.08604972809553146,3.0622029304504395,-2.6064453125,0.16203270852565765,1.3281848430633545,0.011692384257912636,0.08830830454826355,0.6581898331642151,0.05724373832345009
2.9000000000000004,0.3007842,1.6639918,0,0.08795737475156784,3.0840301513671875,-2.6062469482421875,0.1626873016357422,1.3390451669692993,0.012670878320932388,0.08065969496965408,0.6542552709579468,0.05680275708436966
2.9000000000000004,0.3007842,1.6639918,0,0.08893027901649475,3.094996213912964,-2.6061553955078125,0.16300225257873535,1.3444674015045166,0.013187495060265064,0.07902653515338898,0.6575197577476501,0.06195855885744095
2.9000000000000004,0.3007842,1.6639918,0,0.08986131846904755,3.1060264110565186,-2.6060333251953125,0.16330941021442413,1.3498235940933228,0.013764101080596447,0.08372391760349274,0.6470837593078613,0.06894487142562866
2.9000000000000004,0.3007842,1.6639918,0,0.0908055230975151,3.1170907020568848,-2.6059112548828125,0.16357603669166565,1.3551143407821655,0.014301703311502934,0.07734675705432892,0.6396769881248474,0.06416718661785126
2.9000000000000004,0.3007842,1.6639918,0,0.09176237881183624,3.1281888484954834,-2.6057891845703125,0.16387026011943817,1.3603709936141968,0.014637695625424385,0.07951828092336655,0.6361424326896667,0.03906013071537018
3.0,0.31357768,1.7156987,0,0.09366197139024734,3.150528907775879,-2.60552978515625,0.16436927020549774,1.3707998991012573,0.014659948647022247,0.06792382150888443,0.6310195326805115,-0.005995388608425856
3.0,0.31357768,1.7156987,0,0.09460429102182388,3.1617701053619385,-2.60540771484375,0.16459143161773682,1.3759639263153076,0.014659196138381958,0.07373370230197906,0.6225768327713013,-0.003011431312188506
3.0,0.31357768,1.7156987,0,0.09652668982744217,3.1843488216400146,-2.6051483154296875,0.16511741280555725,1.3859833478927612,0.014685547910630703,0.07265826314687729,0.6004032492637634,-0.003932509105652571
3.0,0.31357768,1.7156987,0,0.0974578708410263,3.1957316398620605,-2.6049957275390625,0.16528615355491638,1.3909069299697876,0.014711660332977772,0.06938852369785309,0.5902330875396729,9.080394374905154e-05
3.0,0.31357768,1.7156987,0,0.09840154647827148,3.2071444988250732,-2.6048583984375,0.16552355885505676,1.3957704305648804,0.01480848714709282,0.07658713310956955,0.5835499167442322,0.009027774445712566
3.0,0.31357768,1.7156987,0,0.09935743361711502,3.2185873985290527,-2.6047210693359375,0.1656721979379654,1.4005142450332642,0.014931191690266132,0.06414380669593811,0.569377601146698,0.012356786988675594
3.0,0.31357768,1.7156987,0,0.1003251001238823,3.2300593852996826,-2.6045684814453125,0.165864497423172,1.4052367210388184,0.014864595606923103,0.06828762590885162,0.5674458742141724,-0.011214985512197018
3.0,0.31357768,1.7156987,0,0.10127213597297668,3.2415995597839355,-2.6044158935546875,0.16606515645980835,1.4099924564361572,0.014572073705494404,0.07270871102809906,0.569057285785675,-0.03981776162981987
3.0,0.31357768,1.7156987,0,0.10318887233734131,3.2647666931152344,-2.6041259765625,0.16639238595962524,1.4193341732025146,0.014122930355370045,0.06914258003234863,0.5550127029418945,-0.021729150786995888
3.2,0.33899447,1.8146178,0,0.10416486859321594,3.276392698287964,-2.6039886474609375,0.16659307479858398,1.4239487648010254,0.01394576020538807,0.06985150277614594,0.5535658597946167,-0.024790873751044273
3.2,0.33899447,1.8146178,0,0.10610472410917282,3.299800157546997,-2.6037445068359375,0.16696323454380035,1.433030605316162,0.013709157705307007,0.06923858076334,0.5397173166275024,-0.019499098882079124
3.2,0.33899447,1.8146178,0,0.10709226876497269,3.311544418334961,-2.603607177734375,0.16719315946102142,1.43746018409729,0.013586580753326416,0.07280486077070236,0.5297439098358154,-0.01765414886176586
3.2,0.33899447,1.8146178,0,0.10809148848056793,3.3233156204223633,-2.603485107421875,0.16743288934230804,1.441930890083313,0.013483519665896893,0.07275208830833435,0.5355352163314819,-0.015150289051234722
3.2,0.33899447,1.8146178,0,0.10907726734876633,3.335156202316284,-2.603363037109375,0.167629212141037,1.4463751316070557,0.013519776985049248,0.06929971277713776,0.5291804671287537,0.0024805774446576834
3.2,0.33899447,1.8146178,0,0.11007434129714966,3.3470230102539062,-2.603240966796875,0.16781085729599,1.450804352760315,0.013659858144819736,0.06616957485675812,0.527985155582428,0.015513039194047451
3.2,0.33899447,1.8146178,0,0.11209005862474442,3.370835065841675,-2.602996826171875,0.16824734210968018,1.4593790769577026,0.014037903398275375,0.06984985619783401,0.509327232837677,0.018978023901581764
3.2,0.33899447,1.8146178,0,0.11306814849376678,3.382826805114746,-2.6028594970703125,0.16841885447502136,1.463591456413269,0.014272969216108322,0.0678536519408226,0.49830684065818787,0.02712290547788143
3.2,0.33899447,1.8146178,0,0.11405788362026215,3.3948426246643066,-2.60272216796875,0.1685987114906311,1.4677644968032837,0.014388209208846092,0.06756182014942169,0.4941568076610565,0.01220730971544981
3.2,0.33899447,1.8146178,0,0.11607275158166885,3.4189486503601074,-2.6024627685546875,0.16909615695476532,1.4762691259384155,0.013032323680818081,0.07220785319805145,0.5060319304466248,-0.1058424785733223
3.3000000000000003,0.35235894,1.8642863,0,0.11709762364625931,3.431039333343506,-2.60235595703125,0.1693267971277237,1.480438470840454,0.012356464751064777,0.07011962682008743,0.49587056040763855,-0.08650170266628265
3.3000000000000003,0.35235894,1.8642863,0,0.1180720403790474,3.4431984424591064,-2.60223388671875,0.16948604583740234,1.484622836112976,0.011705098673701286,0.06667538732290268,0.4940915107727051,-0.08328305184841156
3.3000000000000003,0.35235894,1.8642863,0,0.11905843019485474,3.4553818702697754,-2.602142333984375,0.1696648895740509,1.488839030265808,0.010986145585775375,0.06778274476528168,0.49884411692619324,-0.09139673411846161
3.3000000000000003,0.35235894,1.8642863,0,0.1200508251786232,3.467590570449829,-2.60205078125,0.16984832286834717,1.493095874786377,0.010277539491653442,0.06805380433797836,0.5046004056930542,-0.0900546982884407
3.3000000000000003,0.35235894,1.8642863,0,0.12201046198606491,3.4921185970306396,-2.601898193359375,0.17030291259288788,1.501663327217102,0.00907160434871912,0.06984284520149231,0.5108118653297424,-0.0694286972284317
3.3000000000000003,0.35235894,1.8642863,0,0.12297840416431427,3.5044379234313965,-2.6018218994140625,0.17056888341903687,1.5059802532196045,0.008723814971745014,0.08112996071577072,0.5111865401268005,-0.044138167053461075
3.3000000000000003,0.35235894,1.8642863,0,0.12395931035280228,3.5167829990386963,-2.6017608642578125,0.17081402242183685,1.5103094577789307,0.008512000553309917,0.07716163992881775,0.5135328769683838,-0.02712150849401951
3.3000000000000003,0.35235894,1.8642863,0,0.1249530240893364,3.529154062271118,-2.6016998291015625,0.17109772562980652,1.514716386795044,0.008238707669079304,0.08065273612737656,0.5240380764007568,-0.034786757081747055
3.3000000000000003,0.35235894,1.8642863,0,0.12590660154819489,3.541574716567993,-2.6016387939453125,0.17135220766067505,1.519193410873413,0.007806715555489063,0.08093174546957016,0.5315656065940857,-0.053677238523960114
3.3000000000000003,0.35235894,1.8642863,0,0.12784850597381592,3.566498041152954,-2.6015472412109375,0.171883225440979,1.528272032737732,0.007244792766869068,0.08262471854686737,0.5470624566078186,-0.022792255505919456
3.5,0.37901178,1.9593976,0,0.1288367658853531,3.5790019035339355,-2.6014862060546875,0.1721661239862442,1.5328882932662964,0.007137521170079708,0.08130135387182236,0.551181972026825,-0.013160052709281445
3.5,0.37901178,1.9593976,0,0.13077221810817719,3.6041319370269775,-2.601409912109375,0.17271971702575684,1.5422621965408325,0.006836336106061935,0.08445288985967636,0.5661397576332092,-0.01269951369613409
3.5,0.37901178,1.9593976,0,0.1317605972290039,3.616741180419922,-2.60137939453125,0.17304201424121857,1.547020435333252,0.006807384081184864,0.08563023805618286,0.56966632604599,-0.0024712642189115286
3.5,0.37901178,1.9593976,0,0.13276275992393494,3.629379987716675,-2.6013336181640625,0.1734214425086975,1.5517148971557617,0.006856013089418411,0.09147017449140549,0.5623752474784851,0.0071921381168067455
3.5,0.37901178,1.9593976,0,0.13373570144176483,3.6420793533325195,-2.601287841796875,0.17367830872535706,1.5565053224563599,0.006992511451244354,0.07863609492778778,0.5726685523986816,0.018310265615582466
3.5,0.37901178,1.9593976,0,0.13572289049625397,3.6675665378570557,-2.6011810302734375,0.17432023584842682,1.565996766090393,0.007519154343754053,0.08523855358362198,0.5703977346420288,0.04095257818698883
3.5,0.37901178,1.9593976,0,0.13673198223114014,3.6803553104400635,-2.6011199951171875,0.17468130588531494,1.5707217454910278,0.007897608913481236,0.08865571022033691,0.5665958523750305,0.04846043512225151
3.5,0.37901178,1.9593976,0,0.13771352171897888,3.693195343017578,-2.6010589599609375,0.17503108084201813,1.5754857063293457,0.008255328983068466,0.0893687754869461,0.5708255171775818,0.045679971575737
3.5,0.37901178,1.9593976,0,0.1387094408273697,3.706064462661743,-2.600982666015625,0.17537710070610046,1.5801849365234375,0.008644375018775463,0.0875999853014946,0.5635249018669128,0.049573831260204315
3.5,0.37901178,1.9593976,0,0.14074382185935974,3.7318942546844482,-2.600830078125,0.1761450469493866,1.589915156364441,0.008034798316657543,0.09435255825519562,0.5895039439201355,-0.07223942875862122
3.7,0.40669566,2.0523698,0,0.14173108339309692,3.7448880672454834,-2.600738525390625,0.1764904260635376,1.594719648361206,0.007449648808687925,0.0880376324057579,0.576320469379425,-0.0726659744977951
3.7,0.40669566,2.0523698,0,0.1427331566810608,3.7579121589660645,-2.60064697265625,0.17687132954597473,1.599516749382019,0.006909927353262901,0.09119047224521637,0.5761538147926331,-0.06699561327695847
3.7,0.40669566,2.0523698,0,0.14374983310699463,3.770966053009033,-2.6005706787109375,0.1772301346063614,1.6043004989624023,0.006415849551558495,0.08717121928930283,0.5752389430999756,-0.061298251152038574
3.7,0.40669566,2.0523698,0,0.14478078484535217,3.784050464630127,-2.600494384765625,0.1776033192873001,1.6091609001159668,0.005906596314162016,0.08774438500404358,0.5855289101600647,-0.06320280581712723
3.7,0.40669566,2.0523698,0,0.1467437446117401,3.8103766441345215,-2.600311279296875,0.17825531959533691,1.6188641786575317,0.004738005809485912,0.08429908007383347,0.5867986083030701,-0.08721928298473358
3.7,0.40669566,2.0523698,0,0.14774778485298157,3.8235859870910645,-2.6002349853515625,0.17863182723522186,1.6238564252853394,0.0037523924838751554,0.09117018431425095,0.6015969514846802,-0.12357112765312195
3.7,0.40669566,2.0523698,0,0.14876706898212433,3.836827516555786,-2.60015869140625,0.17908191680908203,1.6289314031600952,0.0027928242925554514,0.0990968570113182,0.6126835942268372,-0.12017972022294998
3.7,0.40669566,2.0523698,0,0.1498016119003296,3.850101947784424,-2.60009765625,0.17951633036136627,1.6340712308883667,0.002047526417300105,0.0958978608250618,0.6214953660964966,-0.09338231384754181
3.7,0.40669566,2.0523698,0,0.15179961919784546,3.876796245574951,-2.599945068359375,0.18040679395198822,1.6447436809539795,0.0006080660969018936,0.10426599532365799,0.6522217988967896,-0.08812034130096436
3.8000000000000003,0.42120555,2.0987608,0,0.15282291173934937,3.8901965618133545,-2.599884033203125,0.18090805411338806,1.6502454280853271,-5.3654497605748475e-05,0.10549561679363251,0.6671810746192932,-0.08382554352283478
3.8000000000000003,0.42120555,2.0987608,0,0.1538623422384262,3.9036331176757812,-2.599822998046875,0.1814412623643875,1.6558438539505005,-0.0006471023079939187,0.10824042558670044,0.6799071431159973,-0.07525505125522614
3.8000000000000003,0.42120555,2.0987608,0,0.15585006773471832,3.930673122406006,-2.599700927734375,0.18238237500190735,1.6675654649734497,-0.0012820294359698892,0.10633469372987747,0.7205977439880371,-0.029600689187645912
3.8000000000000003,0.42120555,2.0987608,0,0.15686926245689392,3.9442520141601562,-2.5996551513671875,0.1829424649477005,1.6735628843307495,-0.0013460915070027113,0.1146048828959465,0.7295750379562378,-0.009234062395989895
3.8000000000000003,0.42120555,2.0987608,0,0.15790528059005737,3.957871913909912,-2.5995941162109375,0.18346142768859863,1.6796551942825317,-0.0012840795097872615,0.10816070437431335,0.7420202493667603,0.006561632733792067
3.8000000000000003,0.42120555,2.0987608,0,0.15890203416347504,3.9715688228607178,-2.5995330810546875,0.18395578861236572,1.6858125925064087,-0.0010132875759154558,0.10896807909011841,0.7473162412643433,0.032842155545949936
3.8000000000000003,0.42120555,2.0987608,0,0.16094781458377838,3.9990880489349365,-2.59942626953125,0.18507054448127747,1.698412299156189,-0.00022812761017121375,0.11426082253456116,0.772742748260498,0.05763629078865051
3.8000000000000003,0.42120555,2.0987608,0,0.1619965136051178,4.012911796569824,-2.5993499755859375,0.1856423169374466,1.7047890424728394,6.68458960717544e-05,0.11465181410312653,0.7766727805137634,0.03595789521932602
3.8000000000000003,0.42120555,2.0987608,0,0.16299380362033844,4.026829719543457,-2.5992889404296875,0.18613885343074799,1.711345911026001,0.00021024180750828236,0.11117425560951233,0.7947525978088379,0.017158685252070427
3.8000000000000003,0.42120555,2.0987608,0,0.16400882601737976,4.040791034698486,-2.5992279052734375,0.18668971955776215,1.7178868055343628,0.0003116423322353512,0.11655745655298233,0.7935512661933899,0.01226924266666174
4.0,0.45047238,2.1881127,0,0.16609197854995728,4.068847179412842,-2.5991058349609375,0.18783409893512726,1.731081247329712,0.0007821584586054087,0.11537614464759827,0.801911473274231,0.02897903136909008
4.0,0.45047238,2.1881127,0,0.16709955036640167,4.083009243011475,-2.5990447998046875,0.1883770078420639,1.7376635074615479,0.0009622949874028563,0.11729760468006134,0.7943008542060852,0.022741032764315605
4.0,0.45047238,2.1881127,0,0.16812542080879211,4.097215175628662,-2.5989837646484375,0.18898054957389832,1.7443424463272095,0.0011199108557775617,0.12346591800451279,0.8073140978813171,0.019929369911551476
4.0,0.45047238,2.1881127,0,0.16916941106319427,4.111464977264404,-2.5989227294921875,0.1895405352115631,1.7509859800338745,0.0014279496390372515,0.11664752662181854,0.8038381934165955,0.038737427443265915
4.0,0.45047238,2.1881127,0,0.17125459015369415,4.140151023864746,-2.5988006591796875,0.19065886735916138,1.7642059326171875,0.0022084396332502365,0.11481703072786331,0.7944006323814392,0.050686296075582504
4.0,0.45047238,2.1881127,0,0.17228928208351135,4.154585361480713,-2.5987548828125,0.19124220311641693,1.7707161903381348,0.0026442171074450016,0.1222635954618454,0.7848241329193115,0.055827196687459946
4.0,0.45047238,2.1881127,0,0.1733420342206955,4.16906213760376,-2.5987091064453125,0.19175991415977478,1.7771759033203125,0.0031861294992268085,0.11265628039836884,0.7795024514198303,0.06906966865062714
4.0,0.45047238,2.1881127,0,0.1744123250246048,4.183581352233887,-2.5986480712890625,0.19232627749443054,1.7836365699768066,0.003306870348751545,0.11737094819545746,0.7805742025375366,0.016399191692471504
4.0,0.45047238,2.1881127,0,0.1764904260635376,4.212865352630615,-2.5985565185546875,0.19340546429157257,1.796730637550354,0.0022834527771919966,0.11738777160644531,0.7813882231712341,-0.06686662882566452
4.0,0.45047238,2.1881127,0,0.17755696177482605,4.227570533752441,-2.5985107421875,0.19400617480278015,1.803142786026001,0.0018738587386906147,0.12288966774940491,0.7717859745025635,-0.04943832382559776
4.1000000000000005,0.46614823,2.2334602,0,0.17864155769348145,4.242317199707031,-2.5984649658203125,0.19460035860538483,1.8095909357070923,0.0014605842297896743,0.12069688737392426,0.7772318124771118,-0.0499398410320282
4.1000000000000005,0.46614823,2.2334602,0,0.1796966791152954,4.25714635848999,-2.5984344482421875,0.19520257413387299,1.8160487413406372,0.0011117858812212944,0.12470202147960663,0.7752689123153687,-0.04123523458838463
4.1000000000000005,0.46614823,2.2334602,0,0.18185359239578247,4.286928653717041,-2.598358154296875,0.19633743166923523,1.8288054466247559,0.0006179880001582205,0.12289489060640335,0.7663324475288391,-0.02149212919175625
4.1000000000000005,0.46614823,2.2334602,0,0.18295510113239288,4.301881313323975,-2.59832763671875,0.19692635536193848,1.8351759910583496,0.0004892388242296875,0.12030815333127975,0.7671837210655212,-0.013899522833526134
4.1000000000000005,0.46614823,2.2334602,0,0.1840745508670807,4.31687593460083,-2.5983123779296875,0.19754280149936676,1.8414721488952637,0.0005358975613489747,0.1223951056599617,0.7587584853172302,0.007966998033225536
4.1000000000000005,0.46614823,2.2334602,0,0.1851525902748108,4.331948757171631,-2.5982818603515625,0.1981286257505417,1.847792387008667,0.0006812867941334844,0.12301390618085861,0.7589753270149231,0.020860226824879646
4.1000000000000005,0.46614823,2.2334602,0,0.18624939024448395,4.347062110900879,-2.5982513427734375,0.1987585723400116,1.8539937734603882,0.0009237685007974505,0.12709535658359528,0.745029628276825,0.03292224928736687
4.1000000000000005,0.46614823,2.2334602,0,0.18849802017211914,4.377409934997559,-2.598175048828125,0.20003469288349152,1.8664909601211548,0.0011454473715275526,0.1305125206708908,0.7539966106414795,0.003326218342408538
4.1000000000000005,0.46614823,2.2334602,0,0.1895837038755417,4.392678737640381,-2.5981292724609375,0.2006669044494629,1.8727561235427856,0.0011151948710903525,0.1297483891248703,0.7521680593490601,-0.0010761431185528636
4.1000000000000005,0.46614823,2.2334602,0,0.1906883865594864,4.40798807144165,-2.59808349609375,0.2012539654970169,1.8789695501327515,0.001148546114563942,0.12264095991849899,0.7465779185295105,0.006795394700020552
4.3,0.49695024,2.3226647,0,0.19293662905693054,4.43872594833374,-2.597991943359375,0.20246873795986176,1.8912503719329834,0.0014280257746577263,0.12806600332260132,0.7410047054290771,0.022316815331578255
4.3,0.49695024,2.3226647,0,0.1940300613641739,4.454186916351318,-2.5979461669921875,0.20310617983341217,1.8974055051803589,0.0016097920015454292,0.1315106898546219,0.7387410402297974,0.02556619979441166
4.3,0.49695024,2.3226647,0,0.19514279067516327,4.469686985015869,-2.597900390625,0.20369970798492432,1.9034713506698608,0.0018238475313410163,0.12452870607376099,0.7284063100814819,0.029515007510781288
4.3,0.49695024,2.3226647,0,0.19627438485622406,4.485226154327393,-2.5978546142578125,0.20431411266326904,1.909477949142456,0.0021410502959042788,0.1256856918334961,0.721790075302124,0.04206085205078125
4.3,0.49695024,2.3226647,0,0.19853784143924713,4.516447067260742,-2.5977325439453125,0.20564202964305878,1.921325445175171,0.002929841401055455,0.131028950214386,0.707450270652771,0.05773827061057091
4.3,0.49695024,2.3226647,0,0.19967037439346313,4.532127380371094,-2.59765625,0.20628541707992554,1.92709481716156,0.0034537562169134617,0.1303308755159378,0.6921625733375549,0.06757955253124237
4.3,0.49695024,2.3226647,0,0.20081380009651184,4.547844409942627,-2.5975799560546875,0.20686158537864685,1.932853102684021,0.0035044820979237556,0.12189257144927979,0.6916064023971558,0.008387490175664425
4.3,0.49695024,2.3226647,0,0.20197607576847076,4.5635986328125,-2.5975189208984375,0.20748868584632874,1.938592791557312,0.0030895427335053682,0.12683473527431488,0.6901044845581055,-0.04987697675824165
4.3,0.49695024,2.3226647,0,0.2042563110589981,4.595298767089844,-2.5973663330078125,0.2086949348449707,1.9501210451126099,0.002128977095708251,0.1283266693353653,0.68832927942276,-0.05177408084273338
4.3,0.49695024,2.3226647,0,0.20542535185813904,4.611203193664551,-2.597320556640625,0.20936426520347595,1.9558345079421997,0.0017362278886139393,0.13268828392028809,0.6856680512428284,-0.04692049324512482
4.5,0.52877015,2.4043102,0,0.20661355555057526,4.6271443367004395,-2.5972747802734375,0.21002106368541718,1.9614458084106445,0.0013391515240073204,0.129716157913208,0.6737383008003235,-0.04752352461218834
4.5,0.52877015,2.4043102,0,0.20776879787445068,4.643167018890381,-2.5972137451171875,0.21066130697727203,1.967109203338623,0.0009847244946286082,0.13158996403217316,0.6765209436416626,-0.04198681190609932
4.5,0.52877015,2.4043102,0,0.21013733744621277,4.675318717956543,-2.597137451171875,0.21196499466896057,1.9783039093017578,0.0005867467843927443,0.133132666349411,0.6691498160362244,-0.008165369741618633
4.5,0.52877015,2.4043102,0,0.21134278178215027,4.691447734832764,-2.5970916748046875,0.2126842886209488,1.9839050769805908,0.0006181169301271439,0.1385171264410019,0.6712653040885925,0.006054061930626631
4.5,0.52877015,2.4043102,0,0.2125290483236313,4.707655906677246,-2.5970458984375,0.21335040032863617,1.9895621538162231,0.0007513053715229034,0.13450901210308075,0.6748929619789124,0.018872784450650215
4.5,0.52877015,2.4043102,0,0.2137349247932434,4.723898410797119,-2.59698486328125,0.21405397355556488,1.9950817823410034,0.001021722098812461,0.13773082196712494,0.6585947275161743,0.03578327223658562
4.5,0.52877015,2.4043102,0,0.21620424091815948,4.756489276885986,-2.5968780517578125,0.2154402881860733,2.006242036819458,0.0013955757021903992,0.1352957785129547,0.6694296002388,0.0012260860530659556
4.5,0.52877015,2.4043102,0,0.21742601692676544,4.772880554199219,-2.5968170166015625,0.21618635952472687,2.0118677616119385,0.000891864241566509,0.14283524453639984,0.6704797148704529,-0.06075994670391083
4.5,0.52877015,2.4043102,0,0.21866779029369354,4.789307117462158,-2.596771240234375,0.21698705852031708,2.0174832344055176,0.00034587353002279997,0.14824174344539642,0.6701323390007019,-0.06611039489507675
4.5,0.52877015,2.4043102,0,0.21992944180965424,4.805768966674805,-2.59674072265625,0.21776974201202393,2.0230679512023926,2.0687668438768014e-05,0.14460435509681702,0.667140543460846,-0.0385739803314209
4.7,0.56145227,2.482479,0,0.2225029170513153,4.838797569274902,-2.5966644287109375,0.2192615270614624,2.0341200828552246,-0.0006318991654552519,0.13701021671295166,0.6607693433761597,-0.03977072983980179
4.7,0.56145227,2.482479,0,0.22377599775791168,4.855392932891846,-2.5966033935546875,0.22000561654567719,2.039693593978882,-0.0009115500142797828,0.14116264879703522,0.6653223037719727,-0.033445652574300766
4.7,0.56145227,2.482479,0,0.22506852447986603,4.872023105621338,-2.5965576171875,0.22079969942569733,2.0452840328216553,-0.0012049253564327955,0.14602793753147125,0.6682960987091064,-0.03520818054676056
4.7,0.56145227,2.482479,0,0.22638072073459625,4.8886895179748535,-2.5965118408203125,0.22166194021701813,2.050910711288452,-0.0012936702696606517,0.15320302546024323,0.6736465096473694,-0.009673180989921093
4.7,0.56145227,2.482479,0,0.22771237790584564,4.905391216278076,-2.596466064453125,0.22247432172298431,2.0564873218536377,-0.001255673822015524,0.14566728472709656,0.668228805065155,0.006129033397883177
4.7,0.56145227,2.482479,0,0.23032911121845245,4.938973903656006,-2.59637451171875,0.22407753765583038,2.067659854888916,-0.0006215648609213531,0.14761696755886078,0.6694875955581665,0.050093043595552444
4.7,0.56145227,2.482479,0,0.23166675865650177,4.955818176269531,-2.5963134765625,0.22485500574111938,2.0732691287994385,-0.00015757483197376132,0.1425643414258957,0.6714493632316589,0.05944724753499031
4.7,0.56145227,2.482479,0,0.23302367329597473,4.972698211669922,-2.596282958984375,0.22568349540233612,2.0787625312805176,0.00029862692463211715,0.14764006435871124,0.6578791737556458,0.05877529829740524
4.7,0.56145227,2.482479,0,0.23432160913944244,4.9896464347839355,-2.5962371826171875,0.22646303474903107,2.0843050479888916,0.0008409859728999436,0.14880016446113586,0.6614642143249512,0.06936629861593246
4.7,0.56145227,2.482479,0,0.23563994467258453,5.006629467010498,-2.5961761474609375,0.22728829085826874,2.089790105819702,0.0009741766261868179,0.15305264294147491,0.655186116695404,0.01817755214869976
4.9,0.5951308,2.5573764,0,0.23833610117435455,5.040700912475586,-2.5960845947265625,0.22883015871047974,2.1008973121643066,0.0003429631469771266,0.1434813290834427,0.6639682054519653,-0.045767515897750854
4.9,0.5951308,2.5573764,0,0.23964418470859528,5.057815074920654,-2.596038818359375,0.22959643602371216,2.1063852310180664,0.00010639358515618369,0.148818239569664,0.6553677916526794,-0.028230713680386543
4.9,0.5951308,2.5573764,0,0.24232126772403717,5.092147350311279,-2.595947265625,0.23115848004817963,2.1172711849212646,-0.00039060943527147174,0.15009421110153198,0.6511812806129456,-0.03168172761797905
4.9,0.5951308,2.5573764,0,0.24369022250175476,5.109365940093994,-2.5959014892578125,0.23200955986976624,2.1226806640625,-0.0006312100449576974,0.15500585734844208,0.6481183767318726,-0.029217449948191643
4.9,0.5951308,2.5573764,0,0.24500343203544617,5.12664794921875,-2.5958404541015625,0.23275092244148254,2.12809157371521,-0.0007299115532077849,0.1485433578491211,0.6464401483535767,-0.011560971848666668
4.9,0.5951308,2.5573764,0,0.24633711576461792,5.143964767456055,-2.595794677734375,0.2334892749786377,2.133554220199585,-0.0007476371247321367,0.14659424126148224,0.653799295425415,-0.001455657067708671
4.9,0.5951308,2.5573764,0,0.24906620383262634,5.1787028312683105,-2.595703125,0.2351691871881485,2.144437551498413,-0.001681951922364533,0.16151513159275055,0.6551442742347717,-0.08750566840171814
4.9,0.5951308,2.5573764,0,0.2503957450389862,5.196150302886963,-2.595672607421875,0.23599085211753845,2.1499743461608887,-0.002332259900867939,0.15990787744522095,0.6634597778320312,-0.0805538073182106
4.9,0.5951308,2.5573764,0,0.2517465054988861,5.213633060455322,-2.5956268310546875,0.23677267134189606,2.155574321746826,-0.0027689591515809298,0.1533174067735672,0.6722133159637451,-0.05386769399046898
5.1000000000000005,0.6297949,2.6288805,0,0.253118097782135,5.231152057647705,-2.595611572265625,0.23760883510112762,2.161155939102173,-0.0032152924686670303,0.15853926539421082,0.6707726120948792,-0.054780855774879456
5.1000000000000005,0.6297949,2.6288805,0,0.2558569610118866,5.266321659088135,-2.5955963134765625,0.23936152458190918,2.1723976135253906,-0.003989390097558498,0.1641893833875656,0.6763506531715393,-0.04043150320649147
5.1000000000000005,0.6297949,2.6288805,0,0.2572181224822998,5.28397274017334,-2.5955810546875,0.24026192724704742,2.1780855655670166,-0.004239251371473074,0.1708209365606308,0.6845869421958923,-0.03022746928036213
5.1000000000000005,0.6297949,2.6288805,0,0.2586008906364441,5.301661014556885,-2.5955810546875,0.24109387397766113,2.1837756633758545,-0.004388447850942612,0.1606174260377884,0.685638964176178,-0.017671378329396248
5.1000000000000005,0.6297949,2.6288805,0,0.26000478863716125,5.319387435913086,-2.5955810546875,0.2419583946466446,2.1895618438720703,-0.004273448139429092,0.16308552026748657,0.698362410068512,0.01532584335654974
5.1000000000000005,0.6297949,2.6288805,0,0.26135537028312683,5.3371806144714355,-2.5955657958984375,0.24276098608970642,2.1953485012054443,-0.004072936251759529,0.1621735394001007,0.6968264579772949,0.026032792404294014
5.1000000000000005,0.6297949,2.6288805,0,0.264121949672699,5.372880458831787,-2.595550537109375,0.24446995556354523,2.206940174102783,-0.0037076864391565323,0.16901381313800812,0.7003620862960815,0.009076203219592571
5.1000000000000005,0.6297949,2.6288805,0,0.26553794741630554,5.3907880783081055,-2.5955352783203125,0.24536703526973724,2.212886333465576,-0.004046258050948381,0.16891096532344818,0.718966007232666,-0.04150718078017235
5.1000000000000005,0.6297949,2.6288805,0,0.2669755518436432,5.408735275268555,-2.59552001953125,0.24630683660507202,2.2188310623168945,-0.004469453822821379,0.17265653610229492,0.7195316553115845,-0.052103303372859955
5.1000000000000005,0.6297949,2.6288805,0,0.269761323928833,5.4448065757751465,-2.59552001953125,0.24813389778137207,2.2308459281921387,-0.004791411571204662,0.17682664096355438,0.7272301316261292,-0.016080213710665703
5.400000000000001,0.6832535,2.7289512,0,0.27118492126464844,5.462901592254639,-2.5955047607421875,0.24914637207984924,2.2368509769439697,-0.004944860469549894,0.18605370819568634,0.7270456552505493,-0.018292570486664772
5.400000000000001,0.6832535,2.7289512,0,0.2726312577724457,5.481037139892578,-2.5955047607421875,0.2501541078090668,2.2428996562957764,-0.005042948294430971,0.18379594385623932,0.7332308888435364,-0.011392402462661266
5.400000000000001,0.6832535,2.7289512,0,0.2740224599838257,5.499244213104248,-2.5955047607421875,0.25112342834472656,2.249004364013672,-0.005066915415227413,0.18544194102287292,0.7385013103485107,-0.0024307516869157553
5.400000000000001,0.6832535,2.7289512,0,0.2768756151199341,5.535780429840088,-2.595489501953125,0.253101646900177,2.261220932006836,-0.0047915042378008366,0.1843758523464203,0.7383296489715576,0.024916136637330055
5.400000000000001,0.6832535,2.7289512,0,0.27833691239356995,5.5541090965271,-2.595489501953125,0.2541136145591736,2.2673308849334717,-0.004467033315449953,0.18555495142936707,0.7413987517356873,0.041100192815065384
5.400000000000001,0.6832535,2.7289512,0,0.2797447144985199,5.572506904602051,-2.595458984375,0.2550537586212158,2.273437976837158,-0.003995757084339857,0.1827654093503952,0.7400084733963013,0.0588507354259491
5.400000000000001,0.6832535,2.7289512,0,0.2811759114265442,5.590945243835449,-2.595428466796875,0.25596070289611816,2.2795255184173584,-0.0034025234635919333,0.17680731415748596,0.7383578419685364,0.07410905510187149
5.400000000000001,0.6832535,2.7289512,0,0.28262317180633545,5.609424114227295,-2.59539794921875,0.2569274604320526,2.285674571990967,-0.0033693192526698112,0.18374590575695038,0.7467692494392395,0.004132743459194899
5.400000000000001,0.6832535,2.7289512,0,0.2840939462184906,5.6279449462890625,-2.595367431640625,0.25796008110046387,2.2919540405273438,-0.004059172235429287,0.19023671746253967,0.763786792755127,-0.08623673766851425
5.400000000000001,0.6832535,2.7289512,0,0.28692442178726196,5.665163516998291,-2.595306396484375,0.2599385976791382,2.30456805229187,-0.005638886243104935,0.18483810126781464,0.7686819434165955,-0.08922302722930908
5.6000000000000005,0.72051173,2.7918603,0,0.28837642073631287,5.683835983276367,-2.5952911376953125,0.2609638571739197,2.3108558654785156,-0.0062931980937719345,0.19325728714466095,0.7652683258056641,-0.0820457860827446
5.6000000000000005,0.72051173,2.7918603,0,0.28985288739204407,5.702550888061523,-2.5952911376953125,0.2620176374912262,2.3171939849853516,-0.006900740787386894,0.19500954449176788,0.772240400314331,-0.07618404179811478
5.6000000000000005,0.72051173,2.7918603,0,0.29268741607666016,5.7401814460754395,-2.595245361328125,0.26412421464920044,2.330080509185791,-0.007822536863386631,0.20361608266830444,0.7831665873527527,-0.04932842776179314
5.6000000000000005,0.72051173,2.7918603,0,0.29413583874702454,5.759061813354492,-2.595245361328125,0.2651762366294861,2.3365190029144287,-0.008040511049330235,0.20025506615638733,0.783847451210022,-0.027968546375632286
5.6000000000000005,0.72051173,2.7918603,0,0.29560983180999756,5.777985572814941,-2.5952606201171875,0.2662757337093353,2.342956781387329,-0.008083227090537548,0.20429550111293793,0.7844344973564148,-0.005444045644253492
5.6000000000000005,0.72051173,2.7918603,0,0.29841551184654236,5.8160295486450195,-2.59527587890625,0.26848888397216797,2.356091022491455,-0.007605390157550573,0.21700215339660645,0.8029173612594604,0.03911181911826134
5.6000000000000005,0.72051173,2.7918603,0,0.29985925555229187,5.835118293762207,-2.5952911376953125,0.26958003640174866,2.3627586364746094,-0.0075692953541874886,0.20836929976940155,0.8127928972244263,0.0043991017155349255
5.6000000000000005,0.72051173,2.7918603,0,0.30132973194122314,5.854252338409424,-2.595306396484375,0.27071934938430786,2.369438648223877,-0.007917499169707298,0.21240411698818207,0.8150211572647095,-0.043623145669698715
5.6000000000000005,0.72051173,2.7918603,0,0.30272048711776733,5.873477935791016,-2.5953216552734375,0.271845281124115,2.3762600421905518,-0.008244813419878483,0.21937623620033264,0.829328715801239,-0.04106200858950615
5.6000000000000005,0.72051173,2.7918603,0,0.30413973331451416,5.892749309539795,-2.5953369140625,0.2729777991771698,2.383157253265381,-0.008490430191159248,0.2180274873971939,0.8395548462867737,-0.030836088582873344
5.8,0.7588241,2.8511748,0,0.30558696389198303,5.912067413330078,-2.5953521728515625,0.2740969657897949,2.3900320529937744,-0.008603913709521294,0.21424512565135956,0.8374247550964355,-0.014307442121207714
5.8,0.7588241,2.8511748,0,0.3084495961666107,5.950883388519287,-2.59539794921875,0.2764720022678375,2.4038281440734863,-0.00874242465943098,0.22630779445171356,0.8435763120651245,-0.002913642441853881
5.8,0.7588241,2.8511748,0,0.30987459421157837,5.970380783081055,-2.595428466796875,0.2776552140712738,2.4107677936553955,-0.00859734695404768,0.22675803303718567,0.8439723253250122,0.018446238711476326
5.8,0.7588241,2.8511748,0,0.3113290071487427,5.989924907684326,-2.595458984375,0.27889105677604675,2.417694568634033,-0.00838998332619667,0.23116230964660645,0.8430926203727722,0.02622930146753788
5.8,0.7588241,2.8511748,0,0.31432437896728516,6.029154300689697,-2.5955047607421875,0.28136563301086426,2.4315693378448486,-0.007482725661247969,0.22950033843517303,0.8424578309059143,0.06748037040233612
5.8,0.7588241,2.8511748,0,0.3157657980918884,6.0488739013671875,-2.59552001953125,0.2825377881526947,2.438539981842041,-0.006815067958086729,0.2265152782201767,0.8476234674453735,0.08411192893981934
5.8,0.7588241,2.8511748,0,0.317236989736557,6.068640232086182,-2.595550537109375,0.283786416053772,2.4454245567321777,-0.0065203164704144,0.23388662934303284,0.8376427888870239,0.03780889883637428
5.8,0.7588241,2.8511748,0,0.32026103138923645,6.108315944671631,-2.5955963134765625,0.2864396870136261,2.4595654010772705,-0.006669710855931044,0.23985973000526428,0.8651507496833801,-0.014317686669528484
5.8,0.7588241,2.8511748,0,0.3217259347438812,6.128264427185059,-2.5956268310546875,0.2876918911933899,2.466594934463501,-0.006628000643104315,0.23733839392662048,0.8544332385063171,0.0060438173823058605
6.099999999999999,0.81741995,2.932153,0,0.3232216536998749,6.148260116577148,-2.5956573486328125,0.288991779088974,2.473550796508789,-0.006631083320826292,0.2410818338394165,0.8459855318069458,0.00043446195195429027
6.099999999999999,0.81741995,2.932153,0,0.32474809885025024,6.168302536010742,-2.5956878662109375,0.2903452515602112,2.4804961681365967,-0.006580735091120005,0.24561716616153717,0.8454900979995728,0.007102265488356352
6.099999999999999,0.81741995,2.932153,0,0.3277960419654846,6.208567142486572,-2.5957183837890625,0.2929338216781616,2.494394063949585,-0.006269336212426424,0.23945856094360352,0.841989278793335,0.02391822449862957
6.099999999999999,0.81741995,2.932153,0,0.32931846380233765,6.22878885269165,-2.5957489013671875,0.2942514419555664,2.501290798187256,-0.0059190960600972176,0.24371455609798431,0.8376561999320984,0.04438683018088341
6.099999999999999,0.81741995,2.932153,0,0.3308720886707306,6.249056339263916,-2.5957794189453125,0.2956031858921051,2.508131980895996,-0.00544652109965682,0.24580132961273193,0.8314857482910156,0.059672627598047256
6.099999999999999,0.81741995,2.932153,0,0.33245691657066345,6.269370079040527,-2.595794677734375,0.29702165722846985,2.5149333477020264,-0.004876979626715183,0.25202491879463196,0.8272854685783386,0.07178866863250732
6.099999999999999,0.81741995,2.932153,0,0.33549419045448303,6.3101935386657715,-2.5958099365234375,0.2997909188270569,2.528759717941284,-0.005446222145110369,0.252938836812973,0.843087375164032,-0.0787791758775711
6.099999999999999,0.81741995,2.932153,0,0.3370615839958191,6.33067512512207,-2.5958251953125,0.3012133240699768,2.535659074783325,-0.006138329394161701,0.25742173194885254,0.8395509719848633,-0.08640577644109726
6.099999999999999,0.81741995,2.932153,0,0.3386615216732025,6.351203918457031,-2.5958404541015625,0.3026987314224243,2.5425941944122314,-0.006747660227119923,0.2631043791770935,0.8447161316871643,-0.07604900002479553
6.099999999999999,0.81741995,2.932153,0,0.34019190073013306,6.371817111968994,-2.5958709716796875,0.3040623366832733,2.5495364665985107,-0.007185416761785746,0.254975825548172,0.8431183695793152,-0.054958272725343704
6.300000000000003,0.85811806,2.9819188,0,0.34335365891456604,6.413182735443115,-2.5959320068359375,0.30706652998924255,2.563328504562378,-0.008137241005897522,0.2697109282016754,0.8328738212585449,-0.05610845610499382
6.300000000000003,0.85811806,2.9819188,0,0.344984769821167,6.433935165405273,-2.5959625244140625,0.30857762694358826,2.5701987743377686,-0.00838925689458847,0.2665846645832062,0.8362842202186584,-0.031697094440460205
6.300000000000003,0.85811806,2.9819188,0,0.3465351164340973,6.454770088195801,-2.5959930419921875,0.31002509593963623,2.577162027359009,-0.008549239486455917,0.2675839066505432,0.845808744430542,-0.020320991054177284
6.300000000000003,0.85811806,2.9819188,0,0.34812015295028687,6.475651741027832,-2.5960235595703125,0.3115321099758148,2.5840375423431396,-0.008449091576039791,0.27263402938842773,0.8355283141136169,0.012210569344460964
6.300000000000003,0.85811806,2.9819188,0,0.3513934910297394,6.51755428314209,-2.596099853515625,0.31463074684143066,2.597888231277466,-0.0076507339254021645,0.2755144536495209,0.8415126204490662,0.06648804247379303
6.300000000000003,0.85811806,2.9819188,0,0.352990061044693,6.538608551025391,-2.59613037109375,0.3162592947483063,2.6048529148101807,-0.007396497298032045,0.28906652331352234,0.8463016152381897,0.031562983989715576
6.300000000000003,0.85811806,2.9819188,0,0.3546227514743805,6.5597100257873535,-2.596160888671875,0.3178870975971222,2.6118979454040527,-0.007519312668591738,0.2866162657737732,0.857106626033783,-0.015552620403468609
6.300000000000003,0.85811806,2.9819188,0,0.3562910854816437,6.5808587074279785,-2.59619140625,0.3195390999317169,2.6189820766448975,-0.007595178671181202,0.2873440682888031,0.8627049922943115,-0.009668990038335323
6.300000000000003,0.85811806,2.9819188,0,0.35963746905326843,6.62333345413208,-2.59625244140625,0.3229341506958008,2.633151054382324,-0.007410219870507717,0.2885696291923523,0.8635461926460266,0.016209667548537254
6.300000000000003,0.85811806,2.9819188,0,0.3613075911998749,6.64465856552124,-2.596282958984375,0.32455945014953613,2.6402347087860107,-0.007340623531490564,0.2875678241252899,0.861913800239563,0.0082957549020648
6.600000000000008,0.92012596,3.0483365,0,0.36301389336586,6.666031837463379,-2.5962982177734375,0.3262844681739807,2.647279977798462,-0.007160993292927742,0.297690212726593,0.8577709794044495,0.022066755220294
6.600000000000008,0.92012596,3.0483365,0,0.3647565245628357,6.687453269958496,-2.5963134765625,0.3280191719532013,2.654276132583618,-0.006925583351403475,0.29661738872528076,0.8522844314575195,0.028605571016669273
6.600000000000008,0.92012596,3.0483365,0,0.3682737648487091,6.730469703674316,-2.5963134765625,0.33157652616500854,2.668196201324463,-0.006021568551659584,0.2999163568019867,0.8475732207298279,0.06370572000741959
6.600000000000008,0.92012596,3.0483365,0,0.3700489401817322,6.752065181732178,-2.5962982177734375,0.33331531286239624,2.6751418113708496,-0.00532522751018405,0.29736554622650146,0.844567596912384,0.08549214899539948
6.600000000000008,0.92012596,3.0483365,0,0.37186023592948914,6.773707389831543,-2.596282958984375,0.3350808024406433,2.6820456981658936,-0.004501324612647295,0.2984920144081116,0.84009850025177,0.10149552673101425
6.600000000000008,0.92012596,3.0483365,0,0.37370744347572327,6.795396327972412,-2.59625244140625,0.33685484528541565,2.6888039112091064,-0.0036348458379507065,0.2974090576171875,0.8226544260978699,0.10687577724456787
6.600000000000008,0.92012596,3.0483365,0,0.3773472309112549,6.838987827301025,-2.596160888671875,0.34042930603027344,2.702230215072632,-0.0023186267353594303,0.3009719252586365,0.8143608570098877,0.04130228981375694
6.600000000000008,0.92012596,3.0483365,0,0.3792177438735962,6.860851764678955,-2.5961151123046875,0.3422392010688782,2.7089738845825195,-0.002684484701603651,0.30387580394744873,0.8191292881965637,-0.048082318156957626
6.600000000000008,0.92012596,3.0483365,0,0.3811244070529938,6.882761001586914,-2.5960693359375,0.34406617283821106,2.715669870376587,-0.003225483698770404,0.3038542866706848,0.8139444589614868,-0.06989388912916183
6.600000000000008,0.92012596,3.0483365,0,0.38299575448036194,6.904749393463135,-2.59600830078125,0.345842182636261,2.7223141193389893,-0.0035407287068665028,0.30181801319122314,0.80467689037323,-0.042963769286870956
6.800000000000012,0.96290183,3.0879588,0,0.3868485689163208,6.948859691619873,-2.5959014892578125,0.34949246048927307,2.73549747467041,-0.004032221622765064,0.3043631911277771,0.7958848476409912,-0.03610830381512642
6.800000000000012,0.96290183,3.0879588,0,0.38882964849472046,6.970980644226074,-2.5958404541015625,0.3514167368412018,2.7419939041137695,-0.00428704684600234,0.3138485848903656,0.7884509563446045,-0.0350843146443367
6.800000000000012,0.96290183,3.0879588,0,0.39078566431999207,6.9931793212890625,-2.59576416015625,0.35328447818756104,2.748526096343994,-0.004408115055412054,0.31006738543510437,0.790321946144104,-0.019825061783194542
6.800000000000012,0.96290183,3.0879588,0,0.39277878403663635,7.015421390533447,-2.595672607421875,0.35521820187568665,2.75498104095459,-0.004372733179479837,0.3161691129207611,0.781467854976654,-0.0006915069534443319
6.800000000000012,0.96290183,3.0879588,0,0.3968578577041626,7.06003475189209,-2.595489501953125,0.3591117858886719,2.767761468887329,-0.003699137130752206,0.316482812166214,0.7720223665237427,0.047629229724407196
6.800000000000012,0.96290183,3.0879588,0,0.39889177680015564,7.082454204559326,-2.595367431640625,0.360988974571228,2.7741053104400635,-0.0031197573989629745,0.3097342252731323,0.7652930617332458,0.06637489050626755
6.800000000000012,0.96290183,3.0879588,0,0.40096229314804077,7.104914665222168,-2.595245361328125,0.362844854593277,2.780416488647461,-0.002811106853187084,0.30496788024902344,0.7620580196380615,0.032718755304813385
6.800000000000012,0.96290183,3.0879588,0,0.4030691087245941,7.12741756439209,-2.595123291015625,0.36481043696403503,2.7867679595947266,-0.0029311429243534803,0.3166220188140869,0.7679036855697632,-0.02068839780986309
6.800000000000012,0.96290183,3.0879588,0,0.40731650590896606,7.172604084014893,-2.594879150390625,0.36887821555137634,2.7992422580718994,-0.002915087388828397,0.32382702827453613,0.7499094009399414,0.0031660308595746756
6.800000000000012,0.96290183,3.0879588,0,0.40945738554000854,7.195286750793457,-2.594757080078125,0.3708251416683197,2.8054893016815186,-0.002810718957334757,0.31532853841781616,0.7516319751739502,0.0067600044421851635
7.1000000000000165,1.0276554,3.1389043,0,0.4116266071796417,7.218010425567627,-2.594635009765625,0.37280210852622986,2.8116817474365234,-0.002757829148322344,0.3184371292591095,0.7455995082855225,0.0005410983576439321
7.1000000000000165,1.0276554,3.1389043,0,0.4138324558734894,7.240774154663086,-2.594512939453125,0.3748091757297516,2.817786931991577,-0.002633939730003476,0.32016679644584656,0.7354065179824829,0.009592621587216854
7.1000000000000165,1.0276554,3.1389043,0,0.41821399331092834,7.286526203155518,-2.59423828125,0.37885627150535583,2.8300225734710693,-0.0020456903148442507,0.323717325925827,0.7269983887672424,0.03785499930381775
7.1000000000000165,1.0276554,3.1389043,0,0.42046093940734863,7.309460639953613,-2.5941009521484375,0.38088178634643555,2.8360023498535156,-0.001563929719850421,0.3228667676448822,0.7170181274414062,0.05405256152153015
7.1000000000000165,1.0276554,3.1389043,0,0.42274466156959534,7.332433223724365,-2.5939788818359375,0.3829175531864166,2.8418712615966797,-0.0010144944535568357,0.3221764862537384,0.704018235206604,0.06269616633653641
7.1000000000000165,1.0276554,3.1389043,0,0.4249999523162842,7.355489730834961,-2.5938262939453125,0.38497066497802734,2.8477392196655273,-0.0003806877648457885,0.32849857211112976,0.7000430226325989,0.07293465733528137
7.1000000000000165,1.0276554,3.1389043,0,0.42962223291397095,7.401712417602539,-2.593505859375,0.3889937698841095,2.8592917919158936,0.0004897507023997605,0.3204995095729828,0.6928913593292236,0.016453208401799202
7.1000000000000165,1.0276554,3.1389043,0,0.4319802224636078,7.42487907409668,-2.5933685302734375,0.39106884598731995,2.8649990558624268,2.3284137569135055e-05,0.32662859559059143,0.6828072667121887,-0.06400979310274124
7.1000000000000165,1.0276554,3.1389043,0,0.434375137090683,7.448082447052002,-2.5932159423828125,0.39321693778038025,2.8706798553466797,-0.0005067238816991448,0.33384546637535095,0.6803650856018066,-0.07177795469760895
7.1000000000000165,1.0276554,3.1389043,0,0.43673789501190186,7.471353054046631,-2.59307861328125,0.3953325152397156,2.876276969909668,-0.0009545028442516923,0.3345067799091339,0.6673569679260254,-0.06195762753486633
7.400000000000021,1.0936487,3.1785839,0,0.43913814425468445,7.494658946990967,-2.592926025390625,0.39743557572364807,2.881829261779785,-0.0012906691990792751,0.3309539556503296,0.6626535058021545,-0.04782573878765106
7.400000000000021,1.0936487,3.1785839,0,0.44404998421669006,7.541374683380127,-2.5926971435546875,0.4017036259174347,2.8927626609802246,-0.0020172724034637213,0.33118799328804016,0.6522120833396912,-0.04870583862066269
7.400000000000021,1.0936487,3.1785839,0,0.4464915692806244,7.56481409072876,-2.59259033203125,0.40383264422416687,2.898160219192505,-0.0022777817212045193,0.3350517749786377,0.6426793336868286,-0.03760726749897003
7.400000000000021,1.0936487,3.1785839,0,0.4489709734916687,7.588286876678467,-2.5924835205078125,0.40601861476898193,2.903559923171997,-0.0023220879957079887,0.3402095139026642,0.6437948942184448,-0.010428949259221554
7.400000000000021,1.0936487,3.1785839,0,0.45148766040802,7.6117939949035645,-2.592376708984375,0.4081457555294037,2.9088242053985596,-0.002238592831417918,0.3309456408023834,0.627798318862915,0.005695968400686979
7.400000000000021,1.0936487,3.1785839,0,0.45654264092445374,7.6589250564575195,-2.5921630859375,0.41237109899520874,2.919236421585083,-0.0016283937729895115,0.3309859037399292,0.6200999617576599,0.04877429082989693
7.400000000000021,1.0936487,3.1785839,0,0.459089457988739,7.6825480461120605,-2.592071533203125,0.41447868943214417,2.9243669509887695,-0.0016505394596606493,0.3310299217700958,0.6119478344917297,-0.0068135554902255535
7.400000000000021,1.0936487,3.1785839,0,0.46167346835136414,7.706203937530518,-2.5919647216796875,0.4166635572910309,2.929564952850342,-0.002236946253105998,0.338774174451828,0.6212310791015625,-0.07708649337291718
7.400000000000021,1.0936487,3.1785839,0,0.4668810963630676,7.753630638122559,-2.591796875,0.4210640788078308,2.9398293495178223,-0.0033612693659961224,0.33950597047805786,0.6098515391349792,-0.06523029506206512
7.400000000000021,1.0936487,3.1785839,0,0.4695049524307251,7.777400493621826,-2.591705322265625,0.42323246598243713,2.9449522495269775,-0.003766102949157357,0.33806177973747253,0.612485945224762,-0.054208558052778244
7.700000000000025,1.1609092,3.2100303,0,0.4721662998199463,7.80120325088501,-2.5916290283203125,0.4254363179206848,2.950086832046509,-0.004196377471089363,0.3405787944793701,0.6147086024284363,-0.05727912858128548
7.700000000000025,1.1609092,3.2100303,0,0.4748649299144745,7.825038909912109,-2.591552734375,0.42767494916915894,2.9551632404327393,-0.00454250443726778,0.3430471122264862,0.6081188917160034,-0.04665553197264671
7.700000000000025,1.1609092,3.2100303,0,0.48023051023483276,7.872859477996826,-2.5914154052734375,0.4320630431175232,2.9653196334838867,-0.004923805128782988,0.3474346399307251,0.6050008535385132,-0.015892552211880684
7.700000000000025,1.1609092,3.2100303,0,0.48296985030174255,7.896817684173584,-2.59136962890625,0.43429479002952576,2.9703660011291504,-0.004815095569938421,0.3440347909927368,0.6042718887329102,0.01110741775482893
7.700000000000025,1.1609092,3.2100303,0,0.4857466518878937,7.920808792114258,-2.59130859375,0.4365874230861664,2.9753963947296143,-0.004579445347189903,0.3497942090034485,0.6030006408691406,0.027056781575083733
7.700000000000025,1.1609092,3.2100303,0,0.4885093569755554,7.944849014282227,-2.5912628173828125,0.4388766884803772,2.980397939682007,-0.004204173572361469,0.35286495089530945,0.5987008810043335,0.04576239362359047
7.700000000000025,1.1609092,3.2100303,0,0.49414846301078796,7.9930243492126465,-2.5911712646484375,0.4435041546821594,2.9903008937835693,-0.00351566425524652,0.3544880449771881,0.5922883152961731,0.015866009518504143
7.700000000000025,1.1609092,3.2100303,0,0.497024267911911,8.017160415649414,-2.59112548828125,0.44582733511924744,2.995272636413574,-0.004018581472337246,0.3515850305557251,0.5972353219985962,-0.063874751329422
7.700000000000025,1.1609092,3.2100303,0,0.4998883903026581,8.041350364685059,-2.591094970703125,0.4481762945652008,3.0002782344818115,-0.004591379780322313,0.35824549198150635,0.6004968285560608,-0.0714319720864296
8.000000000000028,1.228972,3.231846,0,0.5027903914451599,8.065572738647461,-2.5910491943359375,0.4505349099636078,3.005187511444092,-0.004922121297568083,0.35761725902557373,0.58916175365448,-0.04135863482952118
8.000000000000028,1.228972,3.231846,0,0.5087063908576965,8.114110946655273,-2.59100341796875,0.45523717999458313,3.0149521827697754,-0.005544122774153948,0.35064589977264404,0.5852403044700623,-0.03331713005900383
8.000000000000028,1.228972,3.231846,0,0.5116767883300781,8.138456344604492,-2.590972900390625,0.4575949013233185,3.0198428630828857,-0.005781148094683886,0.3565298914909363,0.5863800048828125,-0.028974374756217003
8.000000000000028,1.228972,3.231846,0,0.5146847367286682,8.162833213806152,-2.5909576416015625,0.4600198268890381,3.0247342586517334,-0.005936203524470329,0.36316460371017456,0.5872053503990173,-0.01873588003218174
8.000000000000028,1.228972,3.231846,0,0.5177296996116638,8.187240600585938,-2.5909271240234375,0.4623637795448303,3.0296459197998047,-0.005966465920209885,0.3513290286064148,0.590425431728363,-0.003142282133921981
8.000000000000028,1.228972,3.231846,0,0.5239288210868835,8.236151695251465,-2.5908966064453125,0.4671693444252014,3.0393850803375244,-0.005421807058155537,0.358521968126297,0.5766211152076721,0.043124888092279434
8.000000000000028,1.228972,3.231846,0,0.5270469188690186,8.260683059692383,-2.59088134765625,0.4695769250392914,3.0440778732299805,-0.004949500784277916,0.35816138982772827,0.5628211498260498,0.06074877083301544
8.000000000000028,1.228972,3.231846,0,0.5302017331123352,8.28524398803711,-2.5908660888671875,0.47201302647590637,3.0487608909606934,-0.004309285897761583,0.3601013123989105,0.5624189376831055,0.08170585334300995
8.000000000000028,1.228972,3.231846,0,0.5333928465843201,8.309834480285645,-2.590850830078125,0.47448182106018066,3.0534145832061768,-0.0036805826239287853,0.36260637640953064,0.5594469904899597,0.08023576438426971
8.000000000000028,1.228972,3.231846,0,0.5398438572883606,8.359132766723633,-2.5908050537109375,0.47940579056739807,3.06260085105896,-0.0037020074669271708,0.3629877269268036,0.5496548414230347,-0.03412598371505737
8.300000000000033,1.2980785,3.2441776,0,0.5431040525436401,8.38383960723877,-2.5907745361328125,0.48190736770629883,3.0671446323394775,-0.004122328013181686,0.3660970628261566,0.5455909371376038,-0.050288621336221695
8.300000000000033,1.2980785,3.2441776,0,0.5464003086090088,8.408575057983398,-2.5907745361328125,0.4843640625476837,3.0715885162353516,-0.004361677914857864,0.35893774032592773,0.5337669253349304,-0.027718951925635338
8.300000000000033,1.2980785,3.2441776,0,0.5497323870658875,8.433338165283203,-2.59075927734375,0.4868675172328949,3.0760068893432617,-0.004538515117019415,0.36327555775642395,0.5311930775642395,-0.019886063411831856
8.300000000000033,1.2980785,3.2441776,0,0.5564010739326477,8.483007431030273,-2.59075927734375,0.49174731969833374,3.0847389698028564,-0.004857808817178011,0.3596569001674652,0.5178285837173462,-0.013337003998458385
8.300000000000033,1.2980785,3.2441776,0,0.5597859025001526,8.507883071899414,-2.59075927734375,0.4941956102848053,3.089106321334839,-0.005274993367493153,0.3579736351966858,0.5241262316703796,-0.049301885068416595
8.300000000000033,1.2980785,3.2441776,0,0.5632063746452332,8.53278636932373,-2.59075927734375,0.4967319369316101,3.0934834480285645,-0.005956465378403664,0.36748701333999634,0.52598637342453,-0.08240481466054916
8.300000000000033,1.2980785,3.2441776,0,0.5666202902793884,8.557737350463867,-2.5907745361328125,0.49929922819137573,3.097893714904785,-0.006600458640605211,0.3744739592075348,0.5292044878005981,-0.07762107253074646
8.300000000000033,1.2980785,3.2441776,0,0.5735576152801514,8.607723236083984,-2.5908050537109375,0.5045212507247925,3.1067047119140625,-0.007467231247574091,0.38216301798820496,0.5282576680183411,-0.05146022513508797
8.300000000000033,1.2980785,3.2441776,0,0.5770810842514038,8.632757186889648,-2.5908355712890625,0.5071731209754944,3.111119031906128,-0.007874648086726665,0.38055822253227234,0.5317124128341675,-0.048255544155836105
8.300000000000033,1.2980785,3.2441776,0,0.5805898308753967,8.657844543457031,-2.5908660888671875,0.5097561478614807,3.1156442165374756,-0.00815510656684637,0.37567535042762756,0.5443199276924133,-0.032034698873758316
8.600000000000037,1.3676406,3.246887,0,0.584135115146637,8.68295955657959,-2.5908966064453125,0.5123818516731262,3.120183229446411,-0.008397658355534077,0.37949323654174805,0.5467305779457092,-0.027369240298867226
8.600000000000037,1.3676406,3.246887,0,0.5913224816322327,8.73327922821045,-2.590972900390625,0.5176658630371094,3.1292564868927,-0.008320224471390247,0.3871256113052368,0.5475912094116211,0.01726951263844967
8.600000000000037,1.3676406,3.246887,0,0.5949312448501587,8.758509635925293,-2.59100341796875,0.5203106999397278,3.1337809562683105,-0.008014488033950329,0.38216713070869446,0.5445683598518372,0.04146620258688927
8.600000000000037,1.3676406,3.246887,0,0.5985766649246216,8.783768653869629,-2.5910491943359375,0.52296382188797,3.138360023498535,-0.007555060088634491,0.3816951513290405,0.5519779920578003,0.060593705624341965
8.600000000000037,1.3676406,3.246887,0,0.6022586226463318,8.809057235717773,-2.591064453125,0.5256551504135132,3.142904043197632,-0.006959180347621441,0.3850039541721344,0.5481565594673157,0.07735657691955566
8.600000000000037,1.3676406,3.246887,0,0.6097054481506348,8.859763145446777,-2.59112548828125,0.5310376882553101,3.152174949645996,-0.006938136648386717,0.3866852819919586,0.5664763450622559,-0.02076057530939579
8.600000000000037,1.3676406,3.246887,0,0.6134707927703857,8.885181427001953,-2.591156005859375,0.5337967276573181,3.1568939685821533,-0.007211944554001093,0.3915414810180664,0.5679579377174377,-0.030738765373826027
8.600000000000037,1.3676406,3.246887,0,0.6172672510147095,8.910630226135254,-2.5912017822265625,0.5365987420082092,3.1615726947784424,-0.007366800215095282,0.39651262760162354,0.5636202096939087,-0.015921423211693764
8.600000000000037,1.3676406,3.246887,0,0.6211001873016357,8.93610954284668,-2.59124755859375,0.539368212223053,3.1662344932556152,-0.007473415229469538,0.39110732078552246,0.5621808767318726,-0.009976326487958431
8.600000000000037,1.3676406,3.246887,0,0.6288579702377319,8.987217903137207,-2.591339111328125,0.5449446439743042,3.1754636764526367,-0.007559414952993393,0.3982938826084137,0.5555903315544128,-0.000500120164360851
8.900000000000041,1.4377939,3.2400398,0,0.6327909827232361,9.012816429138184,-2.59136962890625,0.5477904677391052,3.1800715923309326,-0.007397184148430824,0.39730027318000793,0.554705798625946,0.023618804290890694
8.900000000000041,1.4377939,3.2400398,0,0.6367598176002502,9.038443565368652,-2.5914154052734375,0.5506072640419006,3.1846256256103516,-0.007068101782351732,0.39246001839637756,0.5486599206924438,0.04439521208405495
8.900000000000041,1.4377939,3.2400398,0,0.6407642364501953,9.064099311828613,-2.5914459228515625,0.5534788370132446,3.189133644104004,-0.006690628826618195,0.39813536405563354,0.5435938239097595,0.05036778375506401
8.900000000000041,1.4377939,3.2400398,0,0.6488679051399231,9.11555290222168,-2.5915374755859375,0.5591694116592407,3.198089838027954,-0.005394764710217714,0.3905739486217499,0.5355940461158752,0.09336880594491959
8.900000000000041,1.4377939,3.2400398,0,0.652966320514679,9.14132308959961,-2.5915679931640625,0.5620015859603882,3.202486991882324,-0.004641361068934202,0.3911561965942383,0.5288569927215576,0.09778327494859695
8.900000000000041,1.4377939,3.2400398,0,0.6570994257926941,9.167119979858398,-2.591583251953125,0.5648086667060852,3.206730365753174,-0.0038275648839771748,0.3869325518608093,0.5103574395179749,0.105247363448143
8.900000000000041,1.4377939,3.2400398,0,0.6612774133682251,9.192965507507324,-2.59161376953125,0.5675892233848572,3.2108912467956543,-0.002954916562885046,0.3809751868247986,0.4982116222381592,0.11253403127193451
8.900000000000041,1.4377939,3.2400398,0,0.6654892563819885,9.218835830688477,-2.59161376953125,0.5704274773597717,3.2150073051452637,-0.0024607530795037746,0.3871900141239166,0.49331408739089966,0.06514041870832443
8.900000000000041,1.4377939,3.2400398,0,0.6740139722824097,9.270652770996094,-2.591644287109375,0.5761314034461975,3.223008871078491,-0.002627318724989891,0.3880093991756439,0.4742337465286255,-0.010173301212489605
8.900000000000041,1.4377939,3.2400398,0,0.6783292889595032,9.296610832214355,-2.591644287109375,0.5789333581924438,3.2268688678741455,-0.002564389258623123,0.3791411519050598,0.46173667907714844,0.010508577339351177
9.200000000000022,1.5079594,3.2236512,0,0.6826774477958679,9.322591781616211,-2.5916595458984375,0.5817572474479675,3.2306301593780518,-0.0025058567989617586,0.3809814453125,0.450029581785202,0.009893438778817654
9.200000000000022,1.5079594,3.2236512,0,0.6914657950401306,9.374621391296387,-2.5916748046875,0.5874050259590149,3.237776041030884,-0.0023643733002245426,0.378302663564682,0.42017295956611633,0.011540482752025127
9.200000000000022,1.5079594,3.2236512,0,0.6959121823310852,9.400686264038086,-2.5916748046875,0.590197741985321,3.2412142753601074,-0.0021677184849977493,0.37452855706214905,0.4096141457557678,0.026187391951680183
9.200000000000022,1.5079594,3.2236512,0,0.7003905177116394,9.426770210266113,-2.5916748046875,0.593020498752594,3.2445175647735596,-0.00182722182944417,0.377481609582901,0.39334872364997864,0.04413490742444992
9.200000000000022,1.5079594,3.2236512,0,0.7049006223678589,9.452875137329102,-2.5916595458984375,0.5958212614059448,3.2477219104766846,-0.0013809086522087455,0.3739627003669739,0.3816254734992981,0.05733035132288933
9.200000000000022,1.5079594,3.2236512,0,0.7140123844146729,9.50515079498291,-2.5916290283203125,0.6012864708900452,3.2538650035858154,-0.00021685412502847612,0.3581891357898712,0.35634902119636536,0.07957033067941666
9.200000000000022,1.5079594,3.2236512,0,0.7186127305030823,9.53132152557373,-2.5915985107421875,0.6039809584617615,3.256802558898926,3.924535121768713e-05,0.3585332930088043,0.34921836853027344,0.03298092260956764
9.200000000000022,1.5079594,3.2236512,0,0.7232435941696167,9.55750846862793,-2.591583251953125,0.6067131757736206,3.2597455978393555,-0.00010828409722307697,0.3625200390815735,0.3504370450973511,-0.017490236088633537
9.200000000000022,1.5079594,3.2236512,0,0.7279043197631836,9.583712577819824,-2.591552734375,0.6093875765800476,3.262549877166748,-0.00025317256222479045,0.35459211468696594,0.3336069583892822,-0.01718243397772312
9.500000000000004,1.5777385,3.1978908,0,0.7372894287109375,9.63619613647461,-2.59149169921875,0.6147063374519348,3.2678301334381104,-0.0003170059062540531,0.3502677083015442,0.3055494427680969,0.004173255991190672
9.500000000000004,1.5777385,3.1978908,0,0.7420259118080139,9.662458419799805,-2.591461181640625,0.6173368692398071,3.2702980041503906,-0.0003212826559320092,0.3488786518573761,0.29218795895576477,-0.0005969777121208608
9.500000000000004,1.5777385,3.1978908,0,0.7467914819717407,9.688735008239746,-2.5914306640625,0.6199601888656616,3.2726850509643555,-0.00021880684653297067,0.3472859859466553,0.28252342343330383,0.01275306474417448
9.500000000000004,1.5777385,3.1978908,0,0.7515678405761719,9.71504020690918,-2.5913848876953125,0.6225365400314331,3.275055408477783,-0.0001242776052094996,0.3428725600242615,0.27957597374916077,0.011477618478238583
9.500000000000004,1.5777385,3.1978908,0,0.761207103729248,9.767687797546387,-2.59130859375,0.6277958154678345,3.2795612812042236,0.00038261438021436334,0.34955066442489624,0.2637048661708832,0.04259403422474861
9.500000000000004,1.5777385,3.1978908,0,0.7660698294639587,9.794029235839844,-2.5912628173828125,0.6303994655609131,3.281672477722168,0.0008380691870115697,0.34422361850738525,0.2484099119901657,0.05628727003931999
9.500000000000004,1.5777385,3.1978908,0,0.7709371447563171,9.820377349853516,-2.5911865234375,0.63295578956604,3.2836272716522217,0.001304052071645856,0.34085872769355774,0.2303900271654129,0.05731917545199394
9.500000000000004,1.5777385,3.1978908,0,0.7758327722549438,9.846735000610352,-2.59112548828125,0.6355066895484924,3.2854480743408203,0.0018828688189387321,0.33947858214378357,0.21403858065605164,0.07145944237709045
9.500000000000004,1.5777385,3.1978908,0,0.7857075333595276,9.8994779586792,-2.590972900390625,0.6405867338180542,3.2890543937683105,0.0021560234017670155,0.3373871445655823,0.2096237689256668,-0.008871777914464474
9.500000000000004,1.5777385,3.1978908,0,0.7906863689422607,9.925862312316895,-2.590911865234375,0.6430740356445312,3.2906408309936523,0.00197613681666553,0.3295392692089081,0.1858324110507965,-0.023277008906006813
9.799999999999985,1.6471072,3.1629026,0,0.7956753373146057,9.952240943908691,-2.5908355712890625,0.6455610394477844,3.2921459674835205,0.0019570006988942623,0.3306642472743988,0.1775849461555481,-0.0036591661628335714
9.799999999999985,1.6471072,3.1629026,0,0.800691545009613,9.97862720489502,-2.59075927734375,0.6480317115783691,3.2935688495635986,0.002008248120546341,0.32796284556388855,0.16758625209331512,0.005447770934551954
9.799999999999985,1.6471072,3.1629026,0,0.8108038902282715,10.031418800354004,-2.59063720703125,0.6528818011283875,3.296225070953369,0.0020084327552467585,0.3183622360229492,0.1515665352344513,-0.004535540472716093
9.799999999999985,1.6471072,3.1629026,0,0.8158844709396362,10.057820320129395,-2.5905609130859375,0.6552872657775879,3.2975077629089355,0.002050404204055667,0.32006803154945374,0.1513914167881012,0.0035697591956704855
9.799999999999985,1.6471072,3.1629026,0,0.8209910988807678,10.084228515625,-2.590484619140625,0.6576603055000305,3.298657178878784,0.0022542434744536877,0.3153739869594574,0.13497567176818848,0.023860948160290718
9.799999999999985,1.6471072,3.1629026,0,0.8261232972145081,10.110640525817871,-2.5904083251953125,0.660000741481781,3.29968523979187,0.0025369247887283564,0.31069105863571167,0.12003089487552643,0.033773478120565414
9.799999999999985,1.6471072,3.1629026,0,0.8364474177360535,10.163474082946777,-2.5902252197265625,0.6646025776863098,3.3015172481536865,0.0033204974606633186,0.3061825633049011,0.09912648797035217,0.050665341317653656
9.799999999999985,1.6471072,3.1629026,0,0.8416389226913452,10.189894676208496,-2.590118408203125,0.6668544411659241,3.3023476600646973,0.0034438692964613438,0.30007877945899963,0.09626233577728271,0.01292815338820219
9.799999999999985,1.6471072,3.1629026,0,0.8468549251556396,10.21631908416748,-2.59002685546875,0.6691393852233887,3.3031210899353027,0.0031893171835690737,0.3036175072193146,0.08937833458185196,-0.034228429198265076
9.799999999999985,1.6471072,3.1629026,0,0.8520955443382263,10.242744445800781,-2.5899505615234375,0.6714149713516235,3.30383563041687,0.0029685848858207464,0.3018573522567749,0.08223892003297806,-0.029919667169451714
9.999999999999966,1.6930069,3.1345408,0,0.8626192212104797,10.295602798461914,-2.589752197265625,0.6759546399116516,3.3050782680511475,0.0028224310372024775,0.3041161000728607,0.07041918486356735,-0.01069530751556158
9.999999999999966,1.6930069,3.1345408,0,0.8679158687591553,10.32203483581543,-2.58966064453125,0.6781656742095947,3.3056139945983887,0.0027727202977985144,0.294944703578949,0.06060298904776573,-0.009201466105878353
9.999999999999966,1.6930069,3.1345408,0,0.8732360601425171,10.348466873168945,-2.589569091796875,0.6803483963012695,3.3059754371643066,0.0027305588591843843,0.2908065617084503,0.03899167850613594,-0.008160713128745556
9.999999999999966,1.6930069,3.1345408,0,0.8785551190376282,10.374898910522461,-2.5894775390625,0.68248450756073,3.306340217590332,0.002759282011538744,0.2878870964050293,0.0400434210896492,0.0001760199520504102
9.999999999999966,1.6930069,3.1345408,0,0.8892629742622375,10.427760124206543,-2.5892791748046875,0.6867678761482239,3.306849956512451,0.0031637295614928007,0.28816497325897217,0.024129169061779976,0.027524305507540703
9.999999999999966,1.6930069,3.1345408,0,0.8946513533592224,10.454188346862793,-2.5891876220703125,0.6888613104820251,3.30696702003479,0.003547921311110258,0.2806321382522583,0.009525682777166367,0.04493165388703346
9.999999999999966,1.6930069,3.1345408,0,0.9000279903411865,10.48060131072998,-2.589080810546875,0.6909080147743225,3.3070199489593506,0.003938536159694195,0.27886301279067993,0.0039559523575007915,0.04509696364402771
9.999999999999966,1.6930069,3.1345408,0,0.9054273366928101,10.507010459899902,-2.5889739990234375,0.6929654479026794,3.3070027828216553,0.004363944288343191,0.27950841188430786,-0.004701738245785236,0.049567777663469315
9.999999999999966,1.6930069,3.1345408,0,0.9162887930870056,10.559821128845215,-2.5887603759765625,0.6970045566558838,3.30658221244812,0.004698406904935837,0.2727665603160858,-0.03295755386352539,0.006906222086399794
9.999999999999966,1.6930069,3.1345408,0,0.9217274785041809,10.586214065551758,-2.588623046875,0.6989211440086365,3.3062403202056885,0.004795427434146404,0.2637598514556885,-0.043523889034986496,0.007725320290774107
10.599999999999998,1.8277621,3.0264008,0,0.9271876215934753,10.612601280212402,-2.5884857177734375,0.7008442282676697,3.3058488368988037,0.004938782192766666,0.2638436257839203,-0.04972611740231514,0.013658310286700726
10.599999999999998,1.8277621,3.0264008,0,0.932668924331665,10.638982772827148,-2.588348388671875,0.7026827335357666,3.3053531646728516,0.0050923870876431465,0.2525637149810791,-0.06270337104797363,0.015076248906552792
10.599999999999998,1.8277621,3.0264008,0,0.9381710886955261,10.66535758972168,-2.5882110595703125,0.7045978903770447,3.304666519165039,0.005233424715697765,0.2614491283893585,-0.08656717091798782,0.013637821190059185
10.599999999999998,1.8277621,3.0264008,0,0.9436830878257751,10.691688537597656,-2.58807373046875,0.7064569592475891,3.3039257526397705,0.005362481810152531,0.255880743265152,-0.08865014463663101,0.012218019925057888
10.599999999999998,1.8277621,3.0264008,0,0.9547669887542725,10.744327545166016,-2.5878143310546875,0.7100796103477478,3.302043914794922,0.005650309380143881,0.24637453258037567,-0.12431467324495316,0.011940020136535168
10.599999999999998,1.8277621,3.0264008,0,0.9603380560874939,10.770633697509766,-2.5876617431640625,0.7118520736694336,3.30092191696167,0.005845441482961178,0.24357904493808746,-0.13660651445388794,0.020353587344288826
10.599999999999998,1.8277621,3.0264008,0,0.9715307950973511,10.82314682006836,-2.587371826171875,0.7152196168899536,3.2981741428375244,0.0063841319642961025,0.2311399132013321,-0.17540164291858673,0.031050292775034904
10.599999999999998,1.8277621,3.0264008,0,0.9771517515182495,10.849352836608887,-2.58721923828125,0.7169007062911987,3.2966017723083496,0.006705764681100845,0.23173783719539642,-0.18607832491397858,0.03702891618013382
10.599999999999998,1.8277621,3.0264008,0,0.9827910661697388,10.8755464553833,-2.5870819091796875,0.7185521125793457,3.294975519180298,0.006287658587098122,0.22738949954509735,-0.193067267537117,-0.0553312674164772
10.599999999999998,1.8277621,3.0264008,0,0.9884486794471741,10.901726722717285,-2.5869598388671875,0.7202035188674927,3.2932634353637695,0.00504671735689044,0.2267732471227646,-0.20402027666568756,-0.1580817550420761
10.999999999999996,1.9150987,2.9355836,0,0.9941150546073914,10.927831649780273,-2.58685302734375,0.7218825221061707,3.2914013862609863,0.003699858672916889,0.23137196898460388,-0.2161237895488739,-0.17067742347717285
10.999999999999996,1.9150987,2.9355836,0,1.0055019855499268,10.980003356933594,-2.5866851806640625,0.7252829074859619,3.2875747680664062,0.0016731637297198176,0.23502959311008453,-0.2251734733581543,-0.12292060256004333
10.999999999999996,1.9150987,2.9355836,0,1.0112228393554688,11.006067276000977,-2.58660888671875,0.7270046472549438,3.285557746887207,0.0007444828515872359,0.2353733628988266,-0.23679503798484802,-0.1180204525589943
10.999999999999996,1.9150987,2.9355836,0,1.0169644355773926,11.032057762145996,-2.5865631103515625,0.7288275957107544,3.2835798263549805,-0.00019338575657457113,0.2476188689470291,-0.22571061551570892,-0.11849170178174973
10.999999999999996,1.9150987,2.9355836,0,1.0285046100616455,11.083998680114746,-2.5865020751953125,0.7325403690338135,3.279628038406372,-0.0019649919122457504,0.25607287883758545,-0.22120438516139984,-0.11721345782279968
10.999999999999996,1.9150987,2.9355836,0,1.0343042612075806,11.109950065612793,-2.5864715576171875,0.7345888614654541,3.2778193950653076,-0.0030771612655371428,0.2740821838378906,-0.2062038630247116,-0.14013050496578217
10.999999999999996,1.9150987,2.9355836,0,1.0401296615600586,11.135842323303223,-2.58648681640625,0.7367216348648071,3.2761175632476807,-0.00409915205091238,0.2840114235877991,-0.18853117525577545,-0.12759724259376526
10.999999999999996,1.9150987,2.9355836,0,1.0459764003753662,11.161724090576172,-2.5865020751953125,0.7389340996742249,3.2744712829589844,-0.004902482498437166,0.2934381663799286,-0.18221348524093628,-0.10026990622282028
10.999999999999996,1.9150987,2.9355836,0,1.0577375888824463,11.213461875915527,-2.5865478515625,0.7437911033630371,3.271491765975952,-0.0061605554074049,0.3235287666320801,-0.1590319722890854,-0.07800105214118958
10.999999999999996,1.9150987,2.9355836,0,1.0636720657348633,11.239279747009277,-2.58660888671875,0.7463861107826233,3.2701408863067627,-0.006798070855438709,0.3389858901500702,-0.1428821086883545,-0.07782410085201263
11.399999999999995,1.9999254,2.8304904,0,1.0696308612823486,11.265091896057129,-2.586669921875,0.7490941882133484,3.268974781036377,-0.007256342563778162,0.35267674922943115,-0.12047169357538223,-0.05545792728662491
11.399999999999995,1.9999254,2.8304904,0,1.0756148099899292,11.290898323059082,-2.5867462158203125,0.7519181966781616,3.2679193019866943,-0.007606669794768095,0.36672645807266235,-0.10736171156167984,-0.04200311005115509
11.399999999999995,1.9999254,2.8304904,0,1.087680697441101,11.342453002929688,-2.5869293212890625,0.7579239010810852,3.266237735748291,-0.007794918026775122,0.3910130262374878,-0.06969482451677322,0.0018295830814167857
11.399999999999995,1.9999254,2.8304904,0,1.0937639474868774,11.368204116821289,-2.5870361328125,0.7611400485038757,3.265517473220825,-0.007571248337626457,0.4130908250808716,-0.06257633119821548,0.03188801556825638
11.399999999999995,1.9999254,2.8304904,0,1.099875807762146,11.393953323364258,-2.5871429443359375,0.7644801735877991,3.2648470401763916,-0.0072627319023013115,0.42824241518974304,-0.05710648372769356,0.0423947311937809
11.399999999999995,1.9999254,2.8304904,0,1.106016993522644,11.419702529907227,-2.587249755859375,0.7678865194320679,3.2641985416412354,-0.006868936121463776,0.43619585037231445,-0.055077146738767624,0.052958257496356964
11.399999999999995,1.9999254,2.8304904,0,1.1184687614440918,11.471117973327637,-2.5875091552734375,0.7751295566558838,3.2631325721740723,-0.007382323034107685,0.46769508719444275,-0.029627421870827675,-0.05796504765748978
11.399999999999995,1.9999254,2.8304904,0,1.1247410774230957,11.496828079223633,-2.587646484375,0.7789367437362671,3.2627460956573486,-0.00790848582983017,0.48227787017822266,-0.01992913708090782,-0.06099044904112816
11.399999999999995,1.9999254,2.8304904,0,1.1310456991195679,11.522540092468262,-2.5877838134765625,0.7828876972198486,3.2624034881591797,-0.008295574225485325,0.5001174211502075,-0.01504646148532629,-0.0437307134270668
11.399999999999995,1.9999254,2.8304904,0,1.1374211311340332,11.548221588134766,-2.5879364013671875,0.7869463562965393,3.2620227336883545,-0.0085866404697299,0.5096426606178284,-0.016956036910414696,-0.030554363504052162
11.799999999999994,2.0823004,2.7111526,0,1.1502727270126343,11.599594116210938,-2.5882568359375,0.7953948974609375,3.261465549468994,-0.00920067634433508,0.5398513674736023,-0.002566404640674591,-0.03389175608754158
11.799999999999994,2.0823004,2.7111526,0,1.1567505598068237,11.625284194946289,-2.588409423828125,0.7997198700904846,3.261214256286621,-0.009354544803500175,0.5428945422172546,-0.002638989593833685,-0.013855750672519207
11.799999999999994,2.0823004,2.7111526,0,1.163264274597168,11.650979995727539,-2.58856201171875,0.804090142250061,3.2609620094299316,-0.00928668025881052,0.5491685271263123,-0.003445544047281146,0.01373980101197958
11.799999999999994,2.0823004,2.7111526,0,1.169861078262329,11.676653861999512,-2.5887298583984375,0.8086568713188171,3.2607054710388184,-0.009054148569703102,0.5688267350196838,-0.002463027834892273,0.035018190741539
11.799999999999994,2.0823004,2.7111526,0,1.1764942407608032,11.702330589294434,-2.588897705078125,0.8133487701416016,3.2604048252105713,-0.008660843595862389,0.5846249461174011,-0.008527712896466255,0.05495873838663101
11.799999999999994,2.0823004,2.7111526,0,1.189872145652771,11.753692626953125,-2.5891876220703125,0.8228774666786194,3.2597477436065674,-0.007514842785894871,0.5973225831985474,-0.011348078027367592,0.0864141583442688
11.799999999999994,2.0823004,2.7111526,0,1.196682095527649,11.779364585876465,-2.58935546875,0.8278229832649231,3.2593746185302734,-0.0072791436687111855,0.6093343496322632,-0.018494071438908577,0.035740431398153305
11.799999999999994,2.0823004,2.7111526,0,1.2035303115844727,11.805038452148438,-2.589508056640625,0.8329629898071289,3.258993148803711,-0.00759857939556241,0.633953869342804,-0.020106641575694084,-0.03381585329771042
11.799999999999994,2.0823004,2.7111526,0,1.2173457145690918,11.856390953063965,-2.589813232421875,0.8434177041053772,3.258147716522217,-0.008212098851799965,0.6487347483634949,-0.03044944442808628,-0.024446750059723854
12.199999999999992,2.161543,2.5783672,0,1.2243826389312744,11.882030487060547,-2.589996337890625,0.8488044142723083,3.257575750350952,-0.008437304757535458,0.6589147448539734,-0.04176950827240944,-0.021013429388403893
12.199999999999992,2.161543,2.5783672,0,1.231459617614746,11.907669067382812,-2.590179443359375,0.8543072938919067,3.256913900375366,-0.00854072067886591,0.6738404631614685,-0.053671695291996,-0.0059800217859447
12.199999999999992,2.161543,2.5783672,0,1.2385778427124023,11.933308601379395,-2.5903472900390625,0.859862208366394,3.256206512451172,-0.008606811985373497,0.6807307600975037,-0.06001640111207962,-0.0014519317774102092
12.199999999999992,2.161543,2.5783672,0,1.2530238628387451,11.984536170959473,-2.5907135009765625,0.871271014213562,3.254607915878296,-0.008668657392263412,0.7008578777313232,-0.0707818791270256,0.007756053935736418
12.199999999999992,2.161543,2.5783672,0,1.2603516578674316,12.010124206542969,-2.5908966064453125,0.8770573735237122,3.2536938190460205,-0.00836459081619978,0.7014845609664917,-0.08294515311717987,0.045116521418094635
12.199999999999992,2.161543,2.5783672,0,1.2677217721939087,12.035710334777832,-2.5910797119140625,0.8830087780952454,3.252746820449829,-0.008468353189527988,0.7227264046669006,-0.08775271475315094,-0.006051267962902784
12.199999999999992,2.161543,2.5783672,0,1.2751356363296509,12.061294555664062,-2.5912628173828125,0.889133870601654,3.2517480850219727,-0.009036938659846783,0.7450338006019592,-0.09488920867443085,-0.06433761864900589
12.199999999999992,2.161543,2.5783672,0,1.2902827262878418,12.11240005493164,-2.591644287109375,0.901871919631958,3.249664545059204,-0.009861071594059467,0.7738040089607239,-0.10533426702022552,-0.03523425757884979
12.199999999999992,2.161543,2.5783672,0,1.2979236841201782,12.137950897216797,-2.59185791015625,0.9083818793296814,3.2485108375549316,-0.010208184830844402,0.7862266898155212,-0.11349225789308548,-0.03613344952464104
12.199999999999992,2.161543,2.5783672,0,1.30561101436615,12.163497924804688,-2.5920562744140625,0.9149984121322632,3.247321367263794,-0.010518794879317284,0.8002890348434448,-0.11869146674871445,-0.03176601231098175
12.59999999999999,2.237003,2.4331484,0,1.3134475946426392,12.189005851745605,-2.5922698974609375,0.9218441247940063,3.2461302280426025,-0.010747747495770454,0.8177595138549805,-0.11612951755523682,-0.021202487871050835
12.59999999999999,2.237003,2.4331484,0,1.3292642831802368,12.240011215209961,-2.592681884765625,0.9358999133110046,3.243438243865967,-0.010846883058547974,0.8472204804420471,-0.13993054628372192,0.015564261935651302
12.59999999999999,2.237003,2.4331484,0,1.337246298789978,12.265506744384766,-2.5928802490234375,0.9430611729621887,3.242037057876587,-0.010602976195514202,0.860045850276947,-0.1448494791984558,0.03730831295251846
12.59999999999999,2.237003,2.4331484,0,1.3453811407089233,12.290966033935547,-2.5930938720703125,0.9503653049468994,3.24052095413208,-0.010232414118945599,0.8666040897369385,-0.15711316466331482,0.053079795092344284
12.59999999999999,2.237003,2.4331484,0,1.3535654544830322,12.316420555114746,-2.593292236328125,0.9577254056930542,3.2389769554138184,-0.009726686403155327,0.8747966885566711,-0.1614057868719101,0.06976211071014404
12.59999999999999,2.237003,2.4331484,0,1.3700841665267944,12.367313385009766,-2.593658447265625,0.972733199596405,3.235476493835449,-0.00827664602547884,0.8992109894752502,-0.19931069016456604,0.10080588608980179
12.59999999999999,2.237003,2.4331484,0,1.3785138130187988,12.392706871032715,-2.593841552734375,0.9804566502571106,3.233586549758911,-0.007995356805622578,0.9142029881477356,-0.20325002074241638,0.04160822927951813
12.59999999999999,2.237003,2.4331484,0,1.3869954347610474,12.418092727661133,-2.594024658203125,0.9883333444595337,3.2315754890441895,-0.008240323513746262,0.9347383975982666,-0.2191987782716751,-0.024351289495825768
12.59999999999999,2.237003,2.4331484,0,1.395530104637146,12.443469047546387,-2.594207763671875,0.9962995052337646,3.2294750213623047,-0.008535030297935009,0.9472480416297913,-0.23119258880615234,-0.030741559341549873
12.59999999999999,2.237003,2.4331484,0,1.4127626419067383,12.494192123413086,-2.594573974609375,1.0124659538269043,3.2251317501068115,-0.008828962221741676,0.970031201839447,-0.25115054845809937,-0.010695773176848888
12.99999999999999,2.308258,2.2763455,0,1.4215465784072876,12.519489288330078,-2.5947723388671875,1.020792841911316,3.222702980041504,-0.008931863121688366,0.9856137037277222,-0.27090728282928467,-0.006903428118675947
12.99999999999999,2.308258,2.2763455,0,1.4303858280181885,12.544777870178223,-2.594970703125,1.0291118621826172,3.2202255725860596,-0.009009627625346184,0.9878483414649963,-0.2777562737464905,-0.0038468276616185904
12.99999999999999,2.308258,2.2763455,0,1.4392809867858887,12.570053100585938,-2.59515380859375,1.037480354309082,3.2175819873809814,-0.009019547142088413,0.9954198598861694,-0.299336701631546,0.0044722105376422405
12.99999999999999,2.308258,2.2763455,0,1.448232650756836,12.595314025878906,-2.5953521728515625,1.0459314584732056,3.214855909347534,-0.008797469548881054,1.0071223974227905,-0.31037968397140503,0.033316198736429214
12.99999999999999,2.308258,2.2763455,0,1.4665029048919678,12.645720481872559,-2.5957183837890625,1.0632553100585938,3.2091338634490967,-0.007864867337048054,1.0267086029052734,-0.33433470129966736,0.06877397745847702
12.99999999999999,2.308258,2.2763455,0,1.475724220275879,12.670899391174316,-2.59588623046875,1.0719789266586304,3.2060704231262207,-0.007135550957173109,1.033695936203003,-0.35216039419174194,0.09593600034713745
12.99999999999999,2.308258,2.2763455,0,1.4850037097930908,12.696062088012695,-2.596038818359375,1.080712914466858,3.202866554260254,-0.006347613409161568,1.0365341901779175,-0.37048977613449097,0.10272068530321121
12.99999999999999,2.308258,2.2763455,0,1.4944524765014648,12.721169471740723,-2.596160888671875,1.0895875692367554,3.1996026039123535,-0.005492584314197302,1.0418397188186646,-0.3759397566318512,0.1100362241268158
12.99999999999999,2.308258,2.2763455,0,1.503958821296692,12.746258735656738,-2.596282958984375,1.098471999168396,3.196155309677124,-0.00460388557985425,1.0448880195617676,-0.399676650762558,0.1141577884554863
12.99999999999999,2.308258,2.2763455,0,1.5231465101242065,12.796380996704102,-2.5965118408203125,1.1164880990982056,3.1889078617095947,-0.0043463390320539474,1.074916124343872,-0.43291330337524414,-0.01705903373658657
13.299999999999988,2.3586142,2.1518784,0,1.5329315662384033,12.82137680053711,-2.59661865234375,1.125653624534607,3.185108184814453,-0.004625265020877123,1.0743833780288696,-0.44360068440437317,-0.032959967851638794
13.299999999999988,2.3586142,2.1518784,0,1.5526782274246216,12.871298789978027,-2.596832275390625,1.1440321207046509,3.1769983768463135,-0.004826648160815239,1.0798946619033813,-0.48456186056137085,-0.0068368385545909405
13.299999999999988,2.3586142,2.1518784,0,1.5626405477523804,12.896222114562988,-2.5969390869140625,1.1532388925552368,3.1728007793426514,-0.0049247886054217815,1.0850621461868286,-0.49576324224472046,-0.010328366421163082
13.299999999999988,2.3586142,2.1518784,0,1.5727776288986206,12.9210786819458,-2.5970611572265625,1.1626137495040894,3.1684558391571045,-0.0049281674437224865,1.093521237373352,-0.5110546350479126,0.0010835936991497874
13.299999999999988,2.3586142,2.1518784,0,1.582973599433899,12.945907592773438,-2.59716796875,1.1719250679016113,3.163980484008789,-0.004849666263908148,1.0876824855804443,-0.5281716585159302,0.0112741244956851
13.299999999999988,2.3586142,2.1518784,0,1.5932284593582153,12.970708847045898,-2.5972900390625,1.181252121925354,3.1593563556671143,-0.004577869549393654,1.0917011499404907,-0.5475483536720276,0.03539397940039635
13.299999999999988,2.3586142,2.1518784,0,1.61403489112854,13.020197868347168,-2.597503662109375,1.200201392173767,3.149733781814575,-0.004002854228019714,1.112794041633606,-0.5794398784637451,0.029094981029629707
13.299999999999988,2.3586142,2.1518784,0,1.6245852708816528,13.044879913330078,-2.597625732421875,1.209833025932312,3.14477276802063,-0.004150348249822855,1.1239246129989624,-0.5887837409973145,-0.016925854608416557
13.299999999999988,2.3586142,2.1518784,0,1.635196328163147,13.069530487060547,-2.5977325439453125,1.2195225954055786,3.139693260192871,-0.004249765537679195,1.133357048034668,-0.6043946743011475,-0.011066439561545849
13.699999999999987,2.4213688,1.9775635,0,1.6567144393920898,13.118694305419922,-2.5979461669921875,1.2391138076782227,3.1291253566741943,-0.004422026686370373,1.147000789642334,-0.6342797875404358,-0.013231298886239529
13.699999999999987,2.4213688,1.9775635,0,1.6676212549209595,13.143206596374512,-2.598052978515625,1.2490108013153076,3.123708724975586,-0.0044341376051306725,1.1518603563308716,-0.6452385187149048,-0.0003674067265819758
13.699999999999987,2.4213688,1.9775635,0,1.6785898208618164,13.167682647705078,-2.5981597900390625,1.2589622735977173,3.1182491779327393,-0.004365689121186733,1.1609361171722412,-0.6514477729797363,0.009662936441600323
13.699999999999987,2.4213688,1.9775635,0,1.6896206140518188,13.192123413085938,-2.5982666015625,1.2688959836959839,3.1126227378845215,-0.004278680309653282,1.1608972549438477,-0.6731420159339905,0.01194374542683363
13.699999999999987,2.4213688,1.9775635,0,1.7121100425720215,13.240801811218262,-2.5984954833984375,1.2890640497207642,3.100998640060425,-0.00364753813482821,1.1700263023376465,-0.6991815567016602,0.04977499693632126
13.699999999999987,2.4213688,1.9775635,0,1.7234472036361694,13.265084266662598,-2.59857177734375,1.2991530895233154,3.0950474739074707,-0.003124655457213521,1.1746454238891602,-0.7112265825271606,0.06602657586336136
13.699999999999987,2.4213688,1.9775635,0,1.734846591949463,13.289326667785645,-2.5986480712890625,1.309239149093628,3.0889315605163574,-0.002518180524930358,1.176577091217041,-0.7326845526695251,0.07644946873188019
13.699999999999987,2.4213688,1.9775635,0,1.7463088035583496,13.313528060913086,-2.598724365234375,1.3193442821502686,3.082707405090332,-0.0018466422334313393,1.1812412738800049,-0.7470490336418152,0.08455896377563477
13.699999999999987,2.4213688,1.9775635,0,1.7696640491485596,13.361716270446777,-2.598876953125,1.3400274515151978,3.069711446762085,-0.0019538134802132845,1.209096908569336,-0.7879249453544617,-0.039392147213220596
13.699999999999987,2.4213688,1.9775635,0,1.7814369201660156,13.38574504852295,-2.5989532470703125,1.3504329919815063,3.0631186962127686,-0.0023722294718027115,1.2111849784851074,-0.792162299156189,-0.05180760845541954
13.999999999999986,2.4648826,1.8413831,0,1.7932769060134888,13.409732818603516,-2.599029541015625,1.3607947826385498,3.056349277496338,-0.0026532968040555716,1.2104052305221558,-0.8144512176513672,-0.03450922295451164
13.999999999999986,2.4648826,1.8413831,0,1.805314064025879,13.433629989624023,-2.5991058349609375,1.3713057041168213,3.049423933029175,-0.002997018862515688,1.2154548168182373,-0.8314379453659058,-0.042993105947971344
13.999999999999986,2.4648826,1.8413831,0,1.829578161239624,13.481283187866211,-2.5992431640625,1.3924249410629272,3.0351710319519043,-0.0035768712405115366,1.2225995063781738,-0.8611764907836914,-0.03196438401937485
13.999999999999986,2.4648826,1.8413831,0,1.8418058156967163,13.505036354064941,-2.5993194580078125,1.402998447418213,3.027909517288208,-0.003726288676261902,1.2311606407165527,-0.8759945034980774,-0.01871958188712597
13.999999999999986,2.4648826,1.8413831,0,1.854232668876648,13.528697967529297,-2.599395751953125,1.4137260913848877,3.0204648971557617,-0.003657817142084241,1.2367810010910034,-0.896462082862854,0.007411464583128691
13.999999999999986,2.4648826,1.8413831,0,1.8667227029800415,13.552309036254883,-2.599456787109375,1.4244493246078491,3.0129504203796387,-0.0034799023997038603,1.239083170890808,-0.9060798287391663,0.021117737516760826
13.999999999999986,2.4648826,1.8413831,0,1.8918955326080322,13.599376678466797,-2.599578857421875,1.4459905624389648,2.997626781463623,-0.0025763523299247026,1.24944269657135,-0.9336938858032227,0.06655696034431458
13.999999999999986,2.4648826,1.8413831,0,1.9047232866287231,13.62279224395752,-2.599639892578125,1.456872582435608,2.9897284507751465,-0.00195483211427927,1.2526315450668335,-0.9527693390846252,0.07620546221733093
13.999999999999986,2.4648826,1.8413831,0,1.9176141023635864,13.646154403686523,-2.599700927734375,1.4677014350891113,2.9817659854888916,-0.0012670389842242002,1.2489817142486572,-0.9616444706916809,0.08452729880809784
13.999999999999986,2.4648826,1.8413831,0,1.9305682182312012,13.669462203979492,-2.599761962890625,1.4785921573638916,2.9736721515655518,-0.0007947268895804882,1.2596559524536133,-0.9789185523986816,0.05762884020805359
14.299999999999985,2.5052938,1.7008499,0,1.9435867071151733,13.692712783813477,-2.5998077392578125,1.4895268678665161,2.965329647064209,-0.0008411573362536728,1.2679715156555176,-1.0108542442321777,-0.007178168278187513
14.299999999999985,2.5052938,1.7008499,0,1.9700894355773926,13.738951683044434,-2.59991455078125,1.5114402770996094,2.948235511779785,-0.0009583066566847265,1.2564334869384766,-1.0419971942901611,-0.009521841071546078
14.299999999999985,2.5052938,1.7008499,0,1.9834351539611816,13.761981964111328,-2.5999603271484375,1.522388219833374,2.939525842666626,-0.0009658851777203381,1.2618416547775269,-1.0555930137634277,-0.0030216758605092764
14.299999999999985,2.5052938,1.7008499,0,1.9968445301055908,13.784951210021973,-2.6000213623046875,1.5332973003387451,2.930673599243164,-0.0009913573740050197,1.2598984241485596,-1.0743112564086914,-0.004963948857039213
14.299999999999985,2.5052938,1.7008499,0,2.024125099182129,13.830628395080566,-2.6001739501953125,1.5552269220352173,2.912628412246704,-0.0008510195184499025,1.254603624343872,-1.1019961833953857,0.01396844070404768
14.299999999999985,2.5052938,1.7008499,0,2.037860631942749,13.853374481201172,-2.6002349853515625,1.5660834312438965,2.903416395187378,-0.0006052624084986746,1.2488266229629517,-1.1178423166275024,0.029157845303416252
14.299999999999985,2.5052938,1.7008499,0,2.0516579151153564,13.876055717468262,-2.6002960205078125,1.5769206285476685,2.8940532207489014,-0.00027079269057139754,1.2494714260101318,-1.1376008987426758,0.040286216884851456
14.299999999999985,2.5052938,1.7008499,0,2.0656578540802,13.89864444732666,-2.600372314453125,1.5878416299819946,2.884582757949829,0.00020164476882200688,1.246107578277588,-1.1502387523651123,0.05701277032494545
14.299999999999985,2.5052938,1.7008499,0,2.0938403606414795,13.943620681762695,-2.6004791259765625,1.6098116636276245,2.8652749061584473,0.00017662928439676762,1.2652463912963867,-1.184997320175171,-0.030422115698456764
14.299999999999985,2.5052938,1.7008499,0,2.1080245971679688,13.9660062789917,-2.600555419921875,1.62078857421875,2.8553833961486816,-0.00016074931772891432,1.26283597946167,-1.2053813934326172,-0.043699514120817184
14.699999999999983,2.5542397,1.5071639,0,2.122406005859375,13.988290786743164,-2.6006011962890625,1.6318835020065308,2.8453598022460938,-0.0003365822194609791,1.26424241065979,-1.2203887701034546,-0.024730803444981575
14.699999999999983,2.5542397,1.5071639,0,2.136848211288452,14.010504722595215,-2.6006622314453125,1.642920732498169,2.835226535797119,-0.00047311477828770876,1.260421872138977,-1.2349541187286377,-0.019752418622374535
14.699999999999983,2.5542397,1.5071639,0,2.1659274101257324,14.05472183227539,-2.6007843017578125,1.6648608446121216,2.8146145343780518,-0.0007912243017926812,1.26046884059906,-1.2680531740188599,-0.02015707828104496
14.699999999999983,2.5542397,1.5071639,0,2.180558919906616,14.076719284057617,-2.6008453369140625,1.6757429838180542,2.804135799407959,-0.0008482956327497959,1.2532624006271362,-1.279415249824524,-0.009438022039830685
14.699999999999983,2.5542397,1.5071639,0,2.1953861713409424,14.098610877990723,-2.6008758544921875,1.6868518590927124,2.7934560775756836,-0.001248929649591446,1.268479347229004,-1.3033638000488281,-0.05363858863711357
14.699999999999983,2.5542397,1.5071639,0,2.210275173187256,14.1204252243042,-2.600921630859375,1.6980820894241333,2.782647132873535,-0.0022604605183005333,1.2869640588760376,-1.320334792137146,-0.1301509290933609
14.699999999999983,2.5542397,1.5071639,0,2.2252259254455566,14.14216136932373,-2.6009674072265625,1.709214448928833,2.7717227935791016,-0.0033406969159841537,1.2779724597930908,-1.3355443477630615,-0.13864551484584808
14.699999999999983,2.5542397,1.5071639,0,2.2554574012756348,14.185370445251465,-2.6010589599609375,1.7317147254943848,2.749525785446167,-0.005256903823465109,1.296749234199524,-1.3622968196868896,-0.11952453851699829
14.699999999999983,2.5542397,1.5071639,0,2.2707455158233643,14.2068452835083,-2.6011199951171875,1.7431426048278809,2.738309383392334,-0.006119941361248493,1.3107609748840332,-1.3714985847473145,-0.11194217205047607
14.699999999999983,2.5542397,1.5071639,0,2.2860963344573975,14.228238105773926,-2.6011962890625,1.7546043395996094,2.727036714553833,-0.006903640925884247,1.3183062076568604,-1.3793065547943115,-0.10191695392131805
14.999999999999982,2.5869975,1.3582057,0,2.30151104927063,14.249549865722656,-2.60125732421875,1.766157627105713,2.715620517730713,-0.007505346089601517,1.3329756259918213,-1.3980419635772705,-0.0790618285536766
14.999999999999982,2.5869975,1.3582057,0,2.332827091217041,14.29190444946289,-2.60137939453125,1.7894728183746338,2.692603349685669,-0.008186875842511654,1.338996410369873,-1.4122495651245117,-0.036999113857746124
14.999999999999982,2.5869975,1.3582057,0,2.3485805988311768,14.312956809997559,-2.6014404296875,1.801194429397583,2.6809725761413574,-0.008230305276811123,1.3473284244537354,-1.42777681350708,-0.010455491952598095
14.999999999999982,2.5869975,1.3582057,0,2.364398956298828,14.33392333984375,-2.60150146484375,1.8128620386123657,2.6693038940429688,-0.008027398027479649,1.343845248222351,-1.4332319498062134,0.020468605682253838
14.999999999999982,2.5869975,1.3582057,0,2.3965413570404053,14.375571250915527,-2.601593017578125,1.8366130590438843,2.6456878185272217,-0.007007379084825516,1.3562524318695068,-1.4588308334350586,0.06691878288984299
14.999999999999982,2.5869975,1.3582057,0,2.4127166271209717,14.396268844604492,-2.6016387939453125,1.8483995199203491,2.633695125579834,-0.006313402205705643,1.354040265083313,-1.4743695259094238,0.08110003173351288
14.999999999999982,2.5869975,1.3582057,0,2.4289560317993164,14.416876792907715,-2.6016693115234375,1.860192894935608,2.6215250492095947,-0.005959233269095421,1.358285903930664,-1.4971805810928345,0.03877980262041092
14.999999999999982,2.5869975,1.3582057,0,2.4454259872436523,14.4373779296875,-2.601715087890625,1.8722652196884155,2.609159469604492,-0.006049849092960358,1.3779124021530151,-1.521822452545166,-0.017037147656083107
14.999999999999982,2.5869975,1.3582057,0,2.478557825088501,14.478105545043945,-2.601806640625,1.8963325023651123,2.584099531173706,-0.006314339581876993,1.3786299228668213,-1.5526983737945557,-0.01754332147538662
14.999999999999982,2.5869975,1.3582057,0,2.49522066116333,14.498329162597656,-2.6018524169921875,1.9082868099212646,2.5713539123535156,-0.006374263670295477,1.3739019632339478,-1.571212649345398,-0.012747942470014095
15.299999999999981,2.6163833,1.2061114,0,2.5121171474456787,14.518442153930664,-2.6018829345703125,1.9203486442565918,2.5584731101989746,-0.006399092730134726,1.3721884489059448,-1.58869469165802,-0.009378417395055294
15.299999999999981,2.6163833,1.2061114,0,2.529076099395752,14.538459777832031,-2.6019134521484375,1.9323813915252686,2.5455305576324463,-0.0063786376267671585,1.372357726097107,-1.5970357656478882,-0.003546010470017791
15.299999999999981,2.6163833,1.2061114,0,2.546098470687866,14.558381080627441,-2.6019439697265625,1.9443912506103516,2.532482385635376,-0.006138709839433432,1.3732357025146484,-1.6108046770095825,0.024058854207396507
15.299999999999981,2.6163833,1.2061114,0,2.5631930828094482,14.578207969665527,-2.6019744873046875,1.9562969207763672,2.519329786300659,-0.0057418812066316605,1.3668075799942017,-1.622768521308899,0.04405853897333145
15.299999999999981,2.6163833,1.2061114,0,2.597943067550659,14.617532730102539,-2.60205078125,1.9802980422973633,2.4926798343658447,-0.005073230247944593,1.3661879301071167,-1.6534111499786377,0.015196389518678188
15.299999999999981,2.6163833,1.2061114,0,2.615410089492798,14.637044906616211,-2.602081298828125,1.9923686981201172,2.479097604751587,-0.0053492444567382336,1.3778260946273804,-1.6778573989868164,-0.03999890387058258
15.299999999999981,2.6163833,1.2061114,0,2.650743007659912,14.675735473632812,-2.6021270751953125,2.0164756774902344,2.451585054397583,-0.005930409766733646,1.366981029510498,-1.7067155838012695,-0.03236392140388489
15.299999999999981,2.6163833,1.2061114,0,2.6686062812805176,14.694912910461426,-2.6021575927734375,2.0285024642944336,2.437680721282959,-0.006147278472781181,1.360068440437317,-1.7184926271438599,-0.03343075141310692
15.299999999999981,2.6163833,1.2061114,0,2.6865293979644775,14.71398639678955,-2.6021881103515625,2.040524482727051,2.423623561859131,-0.006388193927705288,1.3634753227233887,-1.738181233406067,-0.03626290336251259
15.299999999999981,2.6163833,1.2061114,0,2.70451283454895,14.732954025268555,-2.6022186279296875,2.0524842739105225,2.4094927310943604,-0.006530015263706446,1.3595777750015259,-1.7479079961776733,-0.023488884791731834
15.599999999999962,2.642359,1.0509772,0,2.7408907413482666,14.770552635192871,-2.602294921875,2.0763051509857178,2.380831718444824,-0.006446261424571276,1.345245599746704,-1.778628945350647,0.008665024302899837
15.599999999999962,2.642359,1.0509772,0,2.759272813796997,14.789178848266602,-2.602325439453125,2.0881996154785156,2.366389036178589,-0.006153196562081575,1.3419842720031738,-1.786311149597168,0.03041280247271061
15.599999999999962,2.642359,1.0509772,0,2.777712345123291,14.807696342468262,-2.60235595703125,2.1000399589538574,2.351893424987793,-0.005689818877726793,1.3392248153686523,-1.7934569120407104,0.05186488479375839
15.599999999999962,2.642359,1.0509772,0,2.7962095737457275,14.826105117797852,-2.6023712158203125,2.1117665767669678,2.33730149269104,-0.005094299558550119,1.3289284706115723,-1.8060582876205444,0.06854207813739777
15.599999999999962,2.642359,1.0509772,0,2.8338122367858887,14.862541198730469,-2.6024017333984375,2.1352977752685547,2.30786395072937,-0.0036278225015848875,1.3083367347717285,-1.8294960260391235,0.08991406857967377
15.599999999999962,2.642359,1.0509772,0,2.8526949882507324,14.880592346191406,-2.6024017333984375,2.1467902660369873,2.2930068969726562,-0.002742803655564785,1.2860616445541382,-1.8404487371444702,0.1040981113910675
15.599999999999962,2.642359,1.0509772,0,2.871640920639038,14.89853572845459,-2.602386474609375,2.158161163330078,2.2780239582061768,-0.001801970531232655,1.2784245014190674,-1.8547234535217285,0.11148861795663834
15.599999999999962,2.642359,1.0509772,0,2.8908543586730957,14.916339874267578,-2.60235595703125,2.1695451736450195,2.2629520893096924,-0.0009123656200245023,1.2584182024002075,-1.8660578727722168,0.1039109155535698
15.599999999999962,2.642359,1.0509772,0,2.9294281005859375,14.951605796813965,-2.6022796630859375,2.191823720932007,2.232555389404297,0.0005971608916297555,1.228192687034607,-1.893085241317749,0.05829333886504173
15.899999999999944,2.664738,0.8938053,0,2.9487881660461426,14.969066619873047,-2.6022491455078125,2.2029001712799072,2.2170581817626953,0.000632084789685905,1.2331808805465698,-1.920751929283142,-0.0023860482033342123
15.899999999999944,2.664738,0.8938053,0,2.9684202671051025,14.986384391784668,-2.6021881103515625,2.2139604091644287,2.2014570236206055,0.0005957850953564048,1.208261489868164,-1.9342511892318726,-0.012432689778506756
15.899999999999944,2.664738,0.8938053,0,2.988097667694092,15.003584861755371,-2.602142333984375,2.224844455718994,2.185811758041382,0.0005328687839210033,1.1909935474395752,-1.94025456905365,-0.015723982825875282
15.899999999999944,2.664738,0.8938053,0,3.0275845527648926,15.037631034851074,-2.6020355224609375,2.2459232807159424,2.154330253601074,0.000682774290908128,1.1473209857940674,-1.9639780521392822,-0.000228174016228877
15.899999999999944,2.664738,0.8938053,0,3.0476572513580322,15.054454803466797,-2.6019744873046875,2.256484270095825,2.1384971141815186,0.0007759957807138562,1.1371023654937744,-1.963089108467102,0.002756248926743865
15.899999999999944,2.664738,0.8938053,0,3.0677685737609863,15.071158409118652,-2.6019134521484375,2.266820192337036,2.1225500106811523,0.0009232807205989957,1.1139774322509766,-1.9777897596359253,0.009737907908856869
15.899999999999944,2.664738,0.8938053,0,3.0879180431365967,15.08774185180664,-2.601837158203125,2.276916742324829,2.106602430343628,0.0012515016132965684,1.088894009590149,-1.978345274925232,0.03257300332188606
15.899999999999944,2.664738,0.8938053,0,3.108104944229126,15.104205131530762,-2.601776123046875,2.2869322299957275,2.090555191040039,0.001161732361651957,1.0834838151931763,-1.991267442703247,-0.01946324296295643
15.899999999999944,2.664738,0.8938053,0,3.1491003036499023,15.136710166931152,-2.6016387939453125,2.3073081970214844,2.0581002235412598,5.76014572288841e-05,1.076173186302185,-2.0213565826416016,-0.08782278001308441
15.899999999999944,2.664738,0.8938053,0,3.1696505546569824,15.152778625488281,-2.6015777587890625,2.317269802093506,2.041748285293579,-0.0005031591281294823,1.0605578422546387,-2.0305113792419434,-0.07939058542251587
16.199999999999925,2.683497,0.7347721,0,3.1902356147766113,15.168723106384277,-2.6015167236328125,2.3271007537841797,2.0253584384918213,-0.0010496965842321515,1.0491411685943604,-2.0356967449188232,-0.07739057391881943
16.199999999999925,2.683497,0.7347721,0,3.2320303916931152,15.20018196105957,-2.60137939453125,2.346952438354492,1.9924479722976685,-0.0019444880308583379,1.030482530593872,-2.0493569374084473,-0.0656442642211914
16.199999999999925,2.683497,0.7347721,0,3.2529804706573486,15.215726852416992,-2.601318359375,2.3566505908966064,1.975921869277954,-0.0022684726864099503,1.0192980766296387,-2.051518440246582,-0.05088932439684868
16.199999999999925,2.683497,0.7347721,0,3.2739617824554443,15.231145858764648,-2.6012725830078125,2.366252899169922,1.9593554735183716,-0.0024089249782264233,1.0123896598815918,-2.0570271015167236,-0.02770405076444149
16.199999999999925,2.683497,0.7347721,0,3.2952306270599365,15.246413230895996,-2.6012115478515625,2.3760080337524414,1.942752718925476,-0.002385728294029832,1.0042462348937988,-2.0618433952331543,-0.008967704139649868
16.199999999999925,2.683497,0.7347721,0,3.337852954864502,15.276572227478027,-2.6010894775390625,2.3951611518859863,1.90940260887146,-0.0017870322335511446,0.9860005974769592,-2.074130058288574,0.037538815289735794
16.199999999999925,2.683497,0.7347721,0,3.3592069149017334,15.291460990905762,-2.6010284423828125,2.404597759246826,1.8925378322601318,-0.0017453718464821577,0.9807142615318298,-2.095912218093872,-0.005860346835106611
16.199999999999925,2.683497,0.7347721,0,3.3805902004241943,15.306222915649414,-2.6009674072265625,2.4140472412109375,1.8755613565444946,-0.0022053311113268137,0.9874712824821472,-2.110291004180908,-0.06830552220344543
16.199999999999925,2.683497,0.7347721,0,3.4022631645202637,15.320825576782227,-2.6009063720703125,2.4236526489257812,1.858474612236023,-0.002783771138638258,0.979162335395813,-2.124300003051758,-0.08515128493309021
16.199999999999925,2.683497,0.7347721,0,3.4457149505615234,15.349650382995605,-2.6007843017578125,2.4424996376037598,1.8240776062011719,-0.0037310596089810133,0.9605016708374023,-2.1392626762390137,-0.06744078546762466
16.399999999999906,2.6939044,0.6285536,0,3.4674808979034424,15.363866806030273,-2.60076904296875,2.4518167972564697,1.8067600727081299,-0.004187998361885548,0.9622645378112793,-2.152789831161499,-0.06798747181892395
16.399999999999906,2.6939044,0.6285536,0,3.4895365238189697,15.377927780151367,-2.6007537841796875,2.4612462520599365,1.7894362211227417,-0.004494824912399054,0.9483572840690613,-2.154270887374878,-0.051081642508506775
16.399999999999906,2.6939044,0.6285536,0,3.5116159915924072,15.391858100891113,-2.600738525390625,2.470545768737793,1.7720286846160889,-0.00466093560680747,0.9380760192871094,-2.1651320457458496,-0.03318953886628151
16.399999999999906,2.6939044,0.6285536,0,3.533719539642334,15.405655860900879,-2.6007232666015625,2.4798107147216797,1.754654049873352,-0.004737192764878273,0.9395684599876404,-2.1614034175872803,-0.021661164239048958
16.399999999999906,2.6939044,0.6285536,0,3.5782718658447266,15.432835578918457,-2.600677490234375,2.498321294784546,1.7197242975234985,-0.004215037915855646,0.9286858439445496,-2.1783525943756104,0.032041218131780624
16.399999999999906,2.6939044,0.6285536,0,3.6007308959960938,15.446220397949219,-2.60064697265625,2.507474899291992,1.702176809310913,-0.0037133730947971344,0.9104188680648804,-2.183610439300537,0.048889774829149246
16.399999999999906,2.6939044,0.6285536,0,3.62321138381958,15.459471702575684,-2.600616455078125,2.5166046619415283,1.6845566034317017,-0.0033981383312493563,0.9135368466377258,-2.1930692195892334,0.026032792404294014
16.399999999999906,2.6939044,0.6285536,0,3.6684978008270264,15.485565185546875,-2.6005401611328125,2.534719705581665,1.6489523649215698,-0.00321817840449512,0.8923566937446594,-2.2229747772216797,-0.0006924382760189474
16.399999999999906,2.6939044,0.6285536,0,3.691300392150879,15.498406410217285,-2.600494384765625,2.543667793273926,1.631160855293274,-0.0030143444892019033,0.8755744099617004,-2.2179183959960938,0.010756774805486202
16.399999999999906,2.6939044,0.6285536,0,3.7141213417053223,15.51111125946045,-2.600433349609375,2.552553176879883,1.613302230834961,-0.002820123452693224,0.8740196228027344,-2.226599931716919,0.009926035068929195
16.69999999999989,2.706569,0.46669552,0,3.7369613647460938,15.523679733276367,-2.6003875732421875,2.5612869262695312,1.5953192710876465,-0.0027269739657640457,0.861149251461029,-2.2423908710479736,-0.0023464669939130545
16.69999999999989,2.706569,0.46669552,0,3.7832400798797607,15.548386573791504,-2.60028076171875,2.578723430633545,1.5593080520629883,-0.0021624420769512653,0.8219571709632874,-2.253432273864746,0.022075602784752846
16.69999999999989,2.706569,0.46669552,0,3.80641508102417,15.560537338256836,-2.6002044677734375,2.587160348892212,1.5411911010742188,-0.0017109322361648083,0.8100963234901428,-2.260390520095825,0.0410410538315773
16.69999999999989,2.706569,0.46669552,0,3.829603433609009,15.572548866271973,-2.6001434326171875,2.595447063446045,1.5230778455734253,-0.0010849308455362916,0.7976024150848389,-2.2601609230041504,0.06324517726898193
16.69999999999989,2.706569,0.46669552,0,3.853084087371826,15.5844144821167,-2.60003662109375,2.603837013244629,1.5049923658370972,-0.00035803078208118677,0.781230092048645,-2.2590346336364746,0.0730147510766983
16.69999999999989,2.706569,0.46669552,0,3.900073289871216,15.607728958129883,-2.5998382568359375,2.6200268268585205,1.4687155485153198,0.0012952913530170918,0.7431877255439758,-2.2638847827911377,0.09150663018226624
16.69999999999989,2.706569,0.46669552,0,3.923581600189209,15.61917781829834,-2.5997314453125,2.62790846824646,1.4504563808441162,0.0016715291421860456,0.7378400564193726,-2.281280517578125,0.03053201176226139
16.69999999999989,2.706569,0.46669552,0,3.947385787963867,15.630477905273438,-2.599609375,2.635861396789551,1.4320324659347534,0.0015940481098368764,0.7167187929153442,-2.3043065071105957,-0.02825027145445347
16.69999999999989,2.706569,0.46669552,0,3.9711949825286865,15.641636848449707,-2.5994720458984375,2.6436820030212402,1.4135406017303467,0.0013470160774886608,0.7072920799255371,-2.312910318374634,-0.04924600571393967
16.69999999999989,2.706569,0.46669552,0,3.995008945465088,15.652653694152832,-2.5993499755859375,2.651259422302246,1.3950374126434326,0.001141822780482471,0.683794379234314,-2.3144407272338867,-0.04354165494441986
16.999999999999872,2.7154758,0.3036259,0,4.042967796325684,15.674269676208496,-2.599090576171875,2.666081190109253,1.3579001426696777,0.0006895866827107966,0.6482222676277161,-2.324613571166992,-0.04451581835746765
16.999999999999872,2.7154758,0.3036259,0,4.067093372344971,15.684864044189453,-2.598968505859375,2.673374652862549,1.339396595954895,0.0006036561680957675,0.6328328847885132,-2.3173584938049316,-0.0294074397534132
16.999999999999872,2.7154758,0.3036259,0,4.091217517852783,15.695316314697266,-2.598846435546875,2.680461883544922,1.3208415508270264,0.0005548550398088992,0.6141709089279175,-2.323817491531372,-0.024286096915602684
16.999999999999872,2.7154758,0.3036259,0,4.139463424682617,15.715792655944824,-2.5986175537109375,2.6940834522247314,1.283797264099121,0.000825040100608021,0.5734542608261108,-2.322927951812744,0.007902736775577068
16.999999999999872,2.7154758,0.3036259,0,4.163872718811035,15.725817680358887,-2.5984649658203125,2.700977325439453,1.2653604745864868,0.0011876525823026896,0.5723606944084167,-2.3128175735473633,0.025550367310643196
16.999999999999872,2.7154758,0.3036259,0,4.188276767730713,15.735700607299805,-2.5983123779296875,2.7075960636138916,1.2469333410263062,0.0016130993608385324,0.5453034043312073,-2.311533212661743,0.03391643613576889
16.999999999999872,2.7154758,0.3036259,0,4.21267557144165,15.745440483093262,-2.598175048828125,2.7141623497009277,1.228368878364563,0.0016691131750121713,0.5459010004997253,-2.328618288040161,-0.011763068847358227
16.999999999999872,2.7154758,0.3036259,0,4.23708438873291,15.755040168762207,-2.5980377197265625,2.7205944061279297,1.2096182107925415,0.0011825596448034048,0.5366774201393127,-2.351223945617676,-0.07910187542438507
16.999999999999872,2.7154758,0.3036259,0,4.261775970458984,15.764497756958008,-2.597869873046875,2.727142810821533,1.1909070014953613,0.0006476956186816096,0.520487368106842,-2.350412607192993,-0.08778972178697586
17.199999999999854,2.719283,0.19499998,0,4.311130046844482,15.782977104187012,-2.597564697265625,2.7397682666778564,1.153352975845337,-0.0002549168129917234,0.4960620701313019,-2.3573062419891357,-0.07882992923259735
17.199999999999854,2.719283,0.19499998,0,4.3357930183410645,15.791998863220215,-2.597412109375,2.7458040714263916,1.134566068649292,-0.0006839066045358777,0.4782935678958893,-2.359370708465576,-0.07322663068771362
17.199999999999854,2.719283,0.19499998,0,4.385668754577637,15.8095703125,-2.5970611572265625,2.758009195327759,1.096951961517334,-0.0012919732835143805,0.4514227509498596,-2.3624074459075928,-0.05556409806013107
17.199999999999854,2.719283,0.19499998,0,4.410586833953857,15.818137168884277,-2.596893310546875,2.7639100551605225,1.078147292137146,-0.0014505886938422918,0.44597098231315613,-2.362474203109741,-0.041239891201257706
17.199999999999854,2.719283,0.19499998,0,4.435509204864502,15.826562881469727,-2.59674072265625,2.7696988582611084,1.0593717098236084,-0.0013667906168848276,0.43901634216308594,-2.358363628387451,-0.010446644388139248
17.199999999999854,2.719283,0.19499998,0,4.460699558258057,15.834817886352539,-2.5965423583984375,2.7755887508392334,1.040582299232483,-0.0011046543950214982,0.42371508479118347,-2.3601560592651367,0.00946363341063261
17.199999999999854,2.719283,0.19499998,0,4.5110297203063965,15.850889205932617,-2.59619140625,2.7869956493377686,1.0028510093688965,-0.0013127040583640337,0.40652936697006226,-2.3722074031829834,-0.05257175862789154
17.199999999999854,2.719283,0.19499998,0,4.53617000579834,15.858705520629883,-2.59600830078125,2.7924892902374268,0.9838800430297852,-0.0016580077353864908,0.3971876800060272,-2.382232189178467,-0.06459000706672668
17.199999999999854,2.719283,0.19499998,0,4.561582565307617,15.866328239440918,-2.5958251953125,2.798133134841919,0.9648585319519043,-0.0018225278472527862,0.3877905309200287,-2.385962724685669,-0.04439521208405495
17.199999999999854,2.719283,0.19499998,0,4.586975574493408,15.873804092407227,-2.5956573486328125,2.8036203384399414,0.9458694458007812,-0.001900973729789257,0.37616464495658875,-2.381779432296753,-0.03300048038363457
17.499999999999837,2.7218258,0.03106352,0,4.637701511383057,15.888317108154297,-2.595306396484375,2.8140761852264404,0.907878041267395,-0.001964758150279522,0.35000067949295044,-2.382728338241577,-0.024386214092373848
17.499999999999837,2.7218258,0.03106352,0,4.663349628448486,15.895318031311035,-2.595123291015625,2.8193695545196533,0.8888827562332153,-0.0018196770688518882,0.33651190996170044,-2.380730390548706,-0.006311106961220503
17.499999999999837,2.7218258,0.03106352,0,4.688973426818848,15.90217399597168,-2.594940185546875,2.8244760036468506,0.8698787689208984,-0.0015500542940571904,0.32128089666366577,-2.3817262649536133,0.009909271262586117
17.499999999999837,2.7218258,0.03106352,0,4.714572906494141,15.908884048461914,-2.594757080078125,2.8293583393096924,0.8508532643318176,-0.0012015104293823242,0.3011976182460785,-2.3843047618865967,0.02064928226172924
17.499999999999837,2.7218258,0.03106352,0,4.765982627868652,15.92182731628418,-2.594390869140625,2.838937282562256,0.8129133582115173,-0.00018616885063238442,0.2787543833255768,-2.3737337589263916,0.04349788278341293
17.499999999999837,2.7218258,0.03106352,0,4.791789531707764,15.928062438964844,-2.594207763671875,2.8435490131378174,0.793919563293457,0.0003563919453881681,0.25528663396835327,-2.3788092136383057,0.04372140020132065
17.499999999999837,2.7218258,0.03106352,0,4.817567825317383,15.934150695800781,-2.5940093994140625,2.847972869873047,0.7748231291770935,0.000506612122990191,0.23990103602409363,-2.391559362411499,-0.004667788278311491
17.499999999999837,2.7218258,0.03106352,0,4.843317031860352,15.940093040466309,-2.59381103515625,2.8522698879241943,0.7555771470069885,0.00018103983893524855,0.2319696545600891,-2.4101881980895996,-0.06350408494472504
17.499999999999837,2.7218258,0.03106352,0,4.869325637817383,15.945845603942871,-2.593597412109375,2.8566641807556152,0.7362220883369446,-0.00029992632335051894,0.21543943881988525,-2.4223597049713135,-0.08584418892860413
17.499999999999837,2.7218258,0.03106352,0,4.9212822914123535,15.956916809082031,-2.5931854248046875,2.864838123321533,0.6975451111793518,-0.0011929908068850636,0.17900560796260834,-2.423971652984619,-0.07738358527421951
17.79999999999982,2.7205117,-0.13313083,0,4.947210311889648,15.96222972869873,-2.592987060546875,2.8687143325805664,0.678271472454071,-0.0016074514715000987,0.1735936850309372,-2.412353038787842,-0.07594189792871475
17.79999999999982,2.7205117,-0.13313083,0,4.973105430603027,15.967394828796387,-2.5927886962890625,2.872429370880127,0.6590341329574585,-0.001955475425347686,0.16129155457019806,-2.4077606201171875,-0.06697884947061539
17.79999999999982,2.7205117,-0.13313083,0,5.025366306304932,15.977217674255371,-2.5923614501953125,2.879883289337158,0.6206108331680298,-0.002404530066996813,0.12854117155075073,-2.401158094406128,-0.04662386700510979
17.79999999999982,2.7205117,-0.13313083,0,5.051440715789795,15.981907844543457,-2.5921630859375,2.883333206176758,0.6014754176139832,-0.002377823693677783,0.11520760506391525,-2.3946402072906494,-0.021183395758271217
17.79999999999982,2.7205117,-0.13313083,0,5.077477931976318,15.98645305633545,-2.5919647216796875,2.8865551948547363,0.58234041929245,-0.0021792687475681305,0.09475087374448776,-2.3945279121398926,0.00096997240325436
17.79999999999982,2.7205117,-0.13313083,0,5.10376501083374,15.990827560424805,-2.59173583984375,2.8899519443511963,0.5632908940315247,-0.0018045359756797552,0.08737011253833771,-2.384838819503784,0.020520759746432304
17.79999999999982,2.7205117,-0.13313083,0,5.156255722045898,15.999150276184082,-2.591278076171875,2.8962857723236084,0.525198757648468,-0.0013273335061967373,0.05870315060019493,-2.3931310176849365,-0.019830184057354927
17.79999999999982,2.7205117,-0.13313083,0,5.182439804077148,16.00309181213379,-2.591064453125,2.8992538452148438,0.5059449672698975,-0.0018036924302577972,0.056271713227033615,-2.4106037616729736,-0.08395826071500778
17.79999999999982,2.7205117,-0.13313083,0,5.208865165710449,16.00687026977539,-2.590850830078125,2.9023125171661377,0.48667261004447937,-0.002409274224191904,0.03955719619989395,-2.414705991744995,-0.10170181840658188
17.79999999999982,2.7205117,-0.13313083,0,5.235246181488037,16.010499954223633,-2.5906219482421875,2.905219554901123,0.46748897433280945,-0.00291882804594934,0.029201719909906387,-2.40343976020813,-0.08898413926362991
18.099999999999802,2.7153249,-0.29715568,0,5.287874221801758,16.01732063293457,-2.5902252197265625,2.9104690551757812,0.4291348457336426,-0.003922748379409313,-0.004196335561573505,-2.4008476734161377,-0.08364486694335938
18.099999999999802,2.7153249,-0.29715568,0,5.314397811889648,16.02048110961914,-2.59002685546875,2.9130985736846924,0.40996986627578735,-0.004369772505015135,-0.016281234100461006,-2.4010443687438965,-0.0813780277967453
18.099999999999802,2.7153249,-0.29715568,0,5.34089469909668,16.023502349853516,-2.5898284912109375,2.915696859359741,0.3908727467060089,-0.004740654490888119,-0.01493749674409628,-2.3930885791778564,-0.07142870873212814
18.099999999999802,2.7153249,-0.29715568,0,5.367343425750732,16.02637481689453,-2.589630126953125,2.9181063175201416,0.3717803359031677,-0.004918601829558611,-0.030010223388671875,-2.3922760486602783,-0.04662107303738594
18.099999999999802,2.7153249,-0.29715568,0,5.420384407043457,16.031641006469727,-2.5892486572265625,2.9227213859558105,0.33353304862976074,-0.005270765628665686,-0.053268954157829285,-2.399196147918701,-0.06766802817583084
18.099999999999802,2.7153249,-0.29715568,0,5.446972846984863,16.034034729003906,-2.5890655517578125,2.924999952316284,0.31423303484916687,-0.006159683223813772,-0.05764823779463768,-2.416452407836914,-0.1359032392501831
18.099999999999802,2.7153249,-0.29715568,0,5.473511219024658,16.036279678344727,-2.588897705078125,2.9272568225860596,0.2949228286743164,-0.007104913238435984,-0.05168020725250244,-2.4175424575805664,-0.14225299656391144
18.099999999999802,2.7153249,-0.29715568,0,5.500000476837158,16.03837776184082,-2.588714599609375,2.9293878078460693,0.2755673825740814,-0.007905211299657822,-0.058969929814338684,-2.4230265617370605,-0.1236768364906311
18.099999999999802,2.7153249,-0.29715568,0,5.553398132324219,16.042030334472656,-2.5883941650390625,2.9339513778686523,0.23686382174491882,-0.009558629244565964,-0.07010410726070404,-2.4191293716430664,-0.12858909368515015
18.099999999999802,2.7153249,-0.29715568,0,5.580041885375977,16.043642044067383,-2.5882415771484375,2.9360196590423584,0.21749086678028107,-0.01024195272475481,-0.08222144097089767,-2.423372983932495,-0.10926089435815811
18.399999999999785,2.706256,-0.46087727,0,5.606634616851807,16.045103073120117,-2.588104248046875,2.938002824783325,0.1981636881828308,-0.010747927241027355,-0.08425381034612656,-2.4175009727478027,-0.08642765879631042
18.399999999999785,2.706256,-0.46087727,0,5.633450984954834,16.046358108520508,-2.5879669189453125,2.9402103424072266,0.17885886132717133,-0.01107188779860735,-0.08348321169614792,-2.4106743335723877,-0.06480979919433594
18.399999999999785,2.706256,-0.46087727,0,5.686923503875732,16.048425674438477,-2.58770751953125,2.9441986083984375,0.1402892917394638,-0.01113581471145153,-0.100186787545681,-2.407853364944458,-0.017778480425477028
18.399999999999785,2.706256,-0.46087727,0,5.713580131530762,16.049240112304688,-2.58758544921875,2.9459822177886963,0.12103404104709625,-0.010932565666735172,-0.1099453866481781,-2.40427565574646,0.003054272150620818
18.399999999999785,2.706256,-0.46087727,0,5.740467548370361,16.049848556518555,-2.5874481201171875,2.948035717010498,0.1017819344997406,-0.010585673153400421,-0.10506177693605423,-2.400484323501587,0.019727272912859917
18.399999999999785,2.706256,-0.46087727,0,5.767300128936768,16.05031394958496,-2.5873260498046875,2.949934482574463,0.08260143548250198,-0.010086053982377052,-0.11522518843412399,-2.3915507793426514,0.039474569261074066
18.399999999999785,2.706256,-0.46087727,0,5.7940778732299805,16.05063247680664,-2.5872039794921875,2.951658248901367,0.0632820650935173,-0.009960854426026344,-0.12808743119239807,-2.4089269638061523,-0.006686429958790541
18.399999999999785,2.706256,-0.46087727,0,5.847517967224121,16.05083656311035,-2.5869598388671875,2.9547905921936035,0.02417980507016182,-0.01100362092256546,-0.14488185942173004,-2.442694902420044,-0.09126448631286621
18.399999999999785,2.706256,-0.46087727,0,5.874425888061523,16.0506649017334,-2.58685302734375,2.9564831256866455,0.0046531823463737965,-0.01150121446698904,-0.14706501364707947,-2.4332845211029053,-0.08453381806612015
18.399999999999785,2.706256,-0.46087727,0,5.901276588439941,16.050344467163086,-2.586761474609375,2.9579763412475586,-0.014839102514088154,-0.01191240269690752,-0.16284817457199097,-2.429034471511841,-0.07299426198005676
18.599999999999767,2.6980152,-0.57017934,0,5.954806804656982,16.04926109313965,-2.586578369140625,2.960494041442871,-0.05382031202316284,-0.012638924643397331,-0.18258191645145416,-2.4272677898406982,-0.06265239417552948
18.599999999999767,2.6980152,-0.57017934,0,5.98175048828125,16.048452377319336,-2.5865020751953125,2.961858034133911,-0.07322359830141068,-0.012770305387675762,-0.18795688450336456,-2.415661096572876,-0.03781308978796005
18.599999999999767,2.6980152,-0.57017934,0,6.008634567260742,16.047494888305664,-2.58642578125,2.9630374908447266,-0.09267053008079529,-0.012732638977468014,-0.20183978974819183,-2.4212238788604736,-0.016082076355814934
18.599999999999767,2.6980152,-0.57017934,0,6.035459995269775,16.046390533447266,-2.5863494873046875,2.9641239643096924,-0.1120721772313118,-0.01264641061425209,-0.2045104205608368,-2.4156806468963623,-0.009425914846360683
18.599999999999767,2.6980152,-0.57017934,0,6.089236736297607,16.043716430664062,-2.586181640625,2.966189384460449,-0.1506984531879425,-0.011787253431975842,-0.22889763116836548,-2.4047701358795166,0.04764087125658989
18.599999999999767,2.6980152,-0.57017934,0,6.116159439086914,16.042139053344727,-2.586090087890625,2.967042922973633,-0.16997992992401123,-0.011187861673533916,-0.24540750682353973,-2.4005773067474365,0.053998544812202454
18.599999999999767,2.6980152,-0.57017934,0,6.143020153045654,16.040416717529297,-2.58599853515625,2.9676949977874756,-0.1892261505126953,-0.010833092033863068,-0.2615116536617279,-2.3962836265563965,0.024013685062527657
18.599999999999767,2.6980152,-0.57017934,0,6.16981840133667,16.038549423217773,-2.5859222412109375,2.9682984352111816,-0.2085646688938141,-0.01077871210873127,-0.25879180431365967,-2.4079251289367676,-0.012958887033164501
18.599999999999767,2.6980152,-0.57017934,0,6.196808338165283,16.03649139404297,-2.5858154296875,2.969008445739746,-0.22788864374160767,-0.01077187992632389,-0.2695525586605072,-2.4041647911071777,-0.020352190360426903
18.599999999999767,2.6980152,-0.57017934,0,6.223732948303223,16.03428840637207,-2.5857086181640625,2.9694674015045166,-0.2472083568572998,-0.01062793843448162,-0.29173052310943604,-2.4037652015686035,-0.0026156192179769278
18.89999999999975,2.6824317,-0.7332308,0,6.277412414550781,16.02945327758789,-2.5855255126953125,2.969888925552368,-0.28549110889434814,-0.010289957746863365,-0.3204393982887268,-2.37602162361145,0.0065118069760501385
18.89999999999975,2.6824317,-0.7332308,0,6.304434299468994,16.026779174804688,-2.5854034423828125,2.970081090927124,-0.3045412003993988,-0.010000601410865784,-0.3390559256076813,-2.369394302368164,0.014798249118030071
18.89999999999975,2.6824317,-0.7332308,0,6.358268737792969,16.020999908447266,-2.5851898193359375,2.9700019359588623,-0.34243252873420715,-0.009243457578122616,-0.35760170221328735,-2.349787473678589,0.031962987035512924
18.89999999999975,2.6824317,-0.7332308,0,6.385082244873047,16.017898559570312,-2.5850830078125,2.9696624279022217,-0.3612477481365204,-0.008710985071957111,-0.37837037444114685,-2.3404059410095215,0.04694284498691559
18.89999999999975,2.6824317,-0.7332308,0,6.41209077835083,16.014606475830078,-2.5849456787109375,2.9693851470947266,-0.3799651563167572,-0.00808088481426239,-0.3962959945201874,-2.3254191875457764,0.056816261261701584
18.89999999999975,2.6824317,-0.7332308,0,6.439025402069092,16.01117515563965,-2.5847930908203125,2.968902826309204,-0.3985987603664398,-0.007362012751400471,-0.4126165509223938,-2.3151299953460693,0.06853462755680084
18.89999999999975,2.6824317,-0.7332308,0,6.492672920227051,16.003890991210938,-2.584503173828125,2.9671778678894043,-0.43579158186912537,-0.0063951946794986725,-0.4578325152397156,-2.3110482692718506,0.005723908077925444
18.89999999999975,2.6824317,-0.7332308,0,6.5196614265441895,15.99999713897705,-2.5843048095703125,2.9662885665893555,-0.4545740783214569,-0.006743139121681452,-0.47594350576400757,-2.3320698738098145,-0.067015640437603
18.89999999999975,2.6824317,-0.7332308,0,6.546571731567383,15.995963096618652,-2.5841217041015625,2.9651904106140137,-0.47316738963127136,-0.0071877362206578255,-0.49271315336227417,-2.3086390495300293,-0.0784299299120903
19.199999999999733,2.6630223,-0.8950367,0,6.573403358459473,15.991789817810059,-2.5839385986328125,2.9639251232147217,-0.49170106649398804,-0.0075043002143502235,-0.5044752955436707,-2.3013863563537598,-0.06177695095539093
19.199999999999733,2.6630223,-0.8950367,0,6.600156307220459,15.98747730255127,-2.583770751953125,2.9625000953674316,-0.5101398229598999,-0.007810494396835566,-0.5155100226402283,-2.2897181510925293,-0.059850044548511505
19.199999999999733,2.6630223,-0.8950367,0,6.653911113739014,15.97833251953125,-2.5833587646484375,2.9595603942871094,-0.5468488931655884,-0.008479432202875614,-0.5427732467651367,-2.2706782817840576,-0.06304308027029037
19.199999999999733,2.6630223,-0.8950367,0,6.680665969848633,15.973554611206055,-2.583160400390625,2.9578194618225098,-0.5650330185890198,-0.008723047561943531,-0.5600473284721375,-2.254505157470703,-0.053868625313043594
19.199999999999733,2.6630223,-0.8950367,0,6.707338809967041,15.96864128112793,-2.582977294921875,2.955986261367798,-0.583103597164154,-0.008734063245356083,-0.5627825260162354,-2.240567684173584,-0.024034174159169197
19.199999999999733,2.6630223,-0.8950367,0,6.7339301109313965,15.963591575622559,-2.582794189453125,2.9540011882781982,-0.6010202169418335,-0.008631165139377117,-0.5731686949729919,-2.221560001373291,-0.009152106009423733
19.199999999999733,2.6630223,-0.8950367,0,6.787442207336426,15.953003883361816,-2.582366943359375,2.9501943588256836,-0.6367967128753662,-0.008546596392989159,-0.5978637337684631,-2.2163240909576416,-0.04935590177774429
19.199999999999733,2.6630223,-0.8950367,0,6.8140716552734375,15.947509765625,-2.5821685791015625,2.948077440261841,-0.6548088192939758,-0.009320271201431751,-0.6053779721260071,-2.231903076171875,-0.12068217247724533
19.199999999999733,2.6630223,-0.8950367,0,6.8406171798706055,15.941879272460938,-2.58197021484375,2.945848226547241,-0.6727898716926575,-0.010118003934621811,-0.6106318235397339,-2.228257179260254,-0.12300581485033035
19.199999999999733,2.6630223,-0.8950367,0,6.893916606903076,15.93013858795166,-2.5815582275390625,2.941455602645874,-0.7085361480712891,-0.011413322761654854,-0.6272847056388855,-2.2089152336120605,-0.1004217118024826
19.399999999999714,2.6479342,-1.0024803,0,6.920437335968018,15.924068450927734,-2.58135986328125,2.939055919647217,-0.7263373732566833,-0.012029821053147316,-0.6360695958137512,-2.204230785369873,-0.10141170769929886
19.399999999999714,2.6479342,-1.0024803,0,6.946872234344482,15.917864799499512,-2.5811614990234375,2.9365954399108887,-0.7440791130065918,-0.012573594227433205,-0.6350243091583252,-2.197040319442749,-0.09162630140781403
19.399999999999714,2.6479342,-1.0024803,0,6.973440170288086,15.911492347717285,-2.5809478759765625,2.934246301651001,-0.7617923617362976,-0.012926786206662655,-0.6418298482894897,-2.1917319297790527,-0.07063103467226028
19.399999999999714,2.6479342,-1.0024803,0,7.026372909545898,15.898362159729004,-2.58050537109375,2.929419994354248,-0.7969462275505066,-0.013310019858181477,-0.6446126699447632,-2.1768741607666016,-0.033192798495292664
19.399999999999714,2.6479342,-1.0024803,0,7.05271053314209,15.891599655151367,-2.5803070068359375,2.9268369674682617,-0.8144475817680359,-0.013149996288120747,-0.6524486541748047,-2.1666576862335205,-0.004703644197434187
19.399999999999714,2.6479342,-1.0024803,0,7.0791916847229,15.884659767150879,-2.5800628662109375,2.9243948459625244,-0.8319137096405029,-0.012905794195830822,-0.6573121547698975,-2.159026622772217,0.003381166374310851
19.399999999999714,2.6479342,-1.0024803,0,7.10558557510376,15.877588272094727,-2.579833984375,2.9218533039093018,-0.8493180871009827,-0.012517550960183144,-0.6605846285820007,-2.151606798171997,0.022372694686055183
19.399999999999714,2.6479342,-1.0024803,0,7.15811014175415,15.863057136535645,-2.5793914794921875,2.916227340698242,-0.8839595913887024,-0.011403698474168777,-0.6859430074691772,-2.1380057334899902,0.04483991861343384
19.399999999999714,2.6479342,-1.0024803,0,7.184476852416992,15.855546951293945,-2.579132080078125,2.9134817123413086,-0.9012738466262817,-0.011161447502672672,-0.6914862394332886,-2.1373274326324463,0.0032177192624658346
19.399999999999714,2.6479342,-1.0024803,0,7.210782527923584,15.847912788391113,-2.5788726806640625,2.910629987716675,-0.91856449842453,-0.011260775849223137,-0.7040517330169678,-2.135333776473999,-0.039163507521152496
19.699999999999697,2.6222644,-1.1619475,0,7.236999034881592,15.840149879455566,-2.5786285400390625,2.9076461791992188,-0.9358351826667786,-0.011377615854144096,-0.7114660143852234,-2.1331779956817627,-0.040574926882982254
19.699999999999697,2.6222644,-1.1619475,0,7.263125419616699,15.832258224487305,-2.578399658203125,2.9044995307922363,-0.9530253410339355,-0.01142564881592989,-0.7230209708213806,-2.12343430519104,-0.031217465177178383
19.699999999999697,2.6222644,-1.1619475,0,7.2893900871276855,15.824186325073242,-2.5781097412109375,2.9013941287994385,-0.9701827168464661,-0.011340141296386719,-0.7397307753562927,-2.1153616905212402,-0.017049254849553108
19.699999999999697,2.6222644,-1.1619475,0,7.341640949249268,15.807661056518555,-2.57757568359375,2.894691228866577,-1.0042476654052734,-0.011172734200954437,-0.7667418718338013,-2.09731125831604,-0.01627206616103649
19.699999999999697,2.6222644,-1.1619475,0,7.367627143859863,15.799208641052246,-2.5773162841796875,2.8910815715789795,-1.0211362838745117,-0.010903429239988327,-0.7758028507232666,-2.0830037593841553,0.008229165337979794
19.699999999999697,2.6222644,-1.1619475,0,7.419751167297363,15.781825065612793,-2.576751708984375,2.8838090896606445,-1.0546364784240723,-0.010189692489802837,-0.7997435331344604,-2.05784273147583,0.02577202208340168
19.699999999999697,2.6222644,-1.1619475,0,7.445700168609619,15.77295207977295,-2.57647705078125,2.8799538612365723,-1.0712577104568481,-0.009800413623452187,-0.8169471621513367,-2.0468170642852783,0.022570135071873665
19.699999999999697,2.6222644,-1.1619475,0,7.471552848815918,15.763956069946289,-2.576202392578125,2.8758668899536133,-1.0877678394317627,-0.009407950565218925,-0.8370522260665894,-2.0334391593933105,0.02373708225786686
19.699999999999697,2.6222644,-1.1619475,0,7.497512340545654,15.754790306091309,-2.5759124755859375,2.871866464614868,-1.1041003465652466,-0.008939500898122787,-0.844345211982727,-2.007286310195923,0.03130454197525978
19.699999999999697,2.6222644,-1.1619475,0,7.549133777618408,15.736095428466797,-2.575347900390625,2.8631861209869385,-1.136859655380249,-0.009489991702139378,-0.8797842860221863,-2.0187830924987793,-0.09899771958589554
19.99999999999968,2.5929427,-1.3198336,0,7.574795246124268,15.726566314697266,-2.5750885009765625,2.858593463897705,-1.1532175540924072,-0.01021530944854021,-0.8917629718780518,-2.01216983795166,-0.11558178067207336
19.99999999999968,2.5929427,-1.3198336,0,7.6003570556640625,15.71691608428955,-2.5748443603515625,2.853855609893799,-1.1694393157958984,-0.010828400030732155,-0.9015175104141235,-1.9957056045532227,-0.10081985592842102
19.99999999999968,2.5929427,-1.3198336,0,7.626013278961182,15.707110404968262,-2.5745849609375,2.849158763885498,-1.1855801343917847,-0.01135147362947464,-0.9140127897262573,-1.9829069375991821,-0.0914921909570694
19.99999999999968,2.5929427,-1.3198336,0,7.677051544189453,15.687148094177246,-2.5740814208984375,2.8393714427948,-1.217481017112732,-0.01242258120328188,-0.9323139190673828,-1.9505146741867065,-0.09126681089401245
19.99999999999968,2.5929427,-1.3198336,0,7.702433109283447,15.676992416381836,-2.5738525390625,2.8343257904052734,-1.2333402633666992,-0.013230875134468079,-0.9411469101905823,-1.9495395421981812,-0.12540769577026367
19.99999999999968,2.5929427,-1.3198336,0,7.72789192199707,15.666691780090332,-2.5736083984375,2.8293700218200684,-1.2492891550064087,-0.01437920518219471,-0.9450708031654358,-1.95920729637146,-0.16910302639007568
19.99999999999968,2.5929427,-1.3198336,0,7.753247261047363,15.656272888183594,-2.573394775390625,2.824305534362793,-1.265247106552124,-0.015584140084683895,-0.9500302076339722,-1.9608722925186157,-0.1754271686077118
19.99999999999968,2.5929427,-1.3198336,0,7.778499603271484,15.645735740661621,-2.57318115234375,2.819131374359131,-1.2811121940612793,-0.016723668202757835,-0.9553230404853821,-1.9497836828231812,-0.16651953756809235
19.99999999999968,2.5929427,-1.3198336,0,7.803649425506592,15.635080337524414,-2.572998046875,2.813929796218872,-1.2969437837600708,-0.01785002462565899,-0.9505587220191956,-1.9461418390274048,-0.16416235268115997
19.99999999999968,2.5929427,-1.3198336,0,7.854034423828125,15.61336898803711,-2.5726318359375,2.803826332092285,-1.3286513090133667,-0.01982766203582287,-0.9398242235183716,-1.947111964225769,-0.13629299402236938
20.199999999999662,2.5714338,-1.4239997,0,7.879073143005371,15.602335929870605,-2.5724639892578125,2.7987563610076904,-1.344491958618164,-0.020628977566957474,-0.9351829886436462,-1.94674813747406,-0.12314877659082413
20.199999999999662,2.5714338,-1.4239997,0,7.929104328155518,15.579901695251465,-2.5721588134765625,2.788952112197876,-1.3761483430862427,-0.021696001291275024,-0.9186410307884216,-1.9450838565826416,-0.07493234425783157
20.199999999999662,2.5714338,-1.4239997,0,7.9540629386901855,15.568495750427246,-2.572021484375,2.7841176986694336,-1.3920011520385742,-0.02188420109450817,-0.9148134589195251,-1.9472569227218628,-0.04636728763580322
20.199999999999662,2.5714338,-1.4239997,0,7.978921890258789,15.556971549987793,-2.5718841552734375,2.7792491912841797,-1.4077847003936768,-0.021861841902136803,-0.9108425378799438,-1.9390830993652344,-0.019368713721632957
20.199999999999662,2.5714338,-1.4239997,0,8.003682136535645,15.545328140258789,-2.571746826171875,2.7742760181427,-1.4235414266586304,-0.021699247881770134,-0.9158679246902466,-1.9362064599990845,-0.0011804512469097972
20.199999999999662,2.5714338,-1.4239997,0,8.053288459777832,15.521625518798828,-2.57147216796875,2.7644312381744385,-1.4550472497940063,-0.021028535440564156,-0.9193259477615356,-1.9299362897872925,0.026605090126395226
20.199999999999662,2.5714338,-1.4239997,0,8.077940940856934,15.509597778320312,-2.5713348388671875,2.7593884468078613,-1.4708462953567505,-0.020850447937846184,-0.9244520664215088,-1.9394006729125977,0.001418404164724052
20.199999999999662,2.5714338,-1.4239997,0,8.10252571105957,15.497455596923828,-2.5712127685546875,2.754347085952759,-1.4866774082183838,-0.020960887894034386,-0.9260755181312561,-1.9435956478118896,-0.0345306433737278
20.199999999999662,2.5714338,-1.4239997,0,8.127198219299316,15.48516845703125,-2.571075439453125,2.7493202686309814,-1.5024967193603516,-0.02112624980509281,-0.9396268129348755,-1.9400707483291626,-0.042228955775499344
20.499999999999645,2.5361989,-1.5789279,0,8.176236152648926,15.460241317749023,-2.5708160400390625,2.7389931678771973,-1.5339075326919556,-0.021112190559506416,-0.9468111395835876,-1.923719882965088,-0.015592201612889767
20.499999999999645,2.5361989,-1.5789279,0,8.200603485107422,15.447601318359375,-2.570709228515625,2.73368239402771,-1.5495229959487915,-0.02103155106306076,-0.9505871534347534,-1.916372537612915,-0.009580514393746853
20.499999999999645,2.5361989,-1.5789279,0,8.225057601928711,15.434792518615723,-2.5705718994140625,2.7284598350524902,-1.565139889717102,-0.020875709131360054,-0.9554790258407593,-1.9113439321517944,-0.001591630163602531
20.499999999999645,2.5361989,-1.5789279,0,8.249407768249512,15.421867370605469,-2.5704345703125,2.723112106323242,-1.5806665420532227,-0.020662464201450348,-0.9629020094871521,-1.9008076190948486,0.00595534173771739
20.499999999999645,2.5361989,-1.5789279,0,8.29780101776123,15.395671844482422,-2.570159912109375,2.7120163440704346,-1.611432433128357,-0.019876748323440552,-0.9770846962928772,-1.8839054107666016,0.03371713310480118
20.499999999999645,2.5361989,-1.5789279,0,8.322071075439453,15.382344245910645,-2.57000732421875,2.7065560817718506,-1.6267458200454712,-0.01940258778631687,-0.9879315495491028,-1.8692535161972046,0.038105059415102005
20.499999999999645,2.5361989,-1.5789279,0,8.346236228942871,15.368903160095215,-2.569854736328125,2.700929880142212,-1.6419264078140259,-0.018772389739751816,-1.000291109085083,-1.8535772562026978,0.05825748294591904
20.499999999999645,2.5361989,-1.5789279,0,8.370295524597168,15.355348587036133,-2.5697174072265625,2.6951074600219727,-1.6571956872940063,-0.018675517290830612,-1.016671895980835,-1.8655586242675781,-0.007778871338814497
20.499999999999645,2.5361989,-1.5789279,0,8.418100357055664,15.327898979187012,-2.5694580078125,2.683098554611206,-1.6878070831298828,-0.01983690820634365,-1.0330407619476318,-1.8656909465789795,-0.09608873724937439
20.499999999999645,2.5361989,-1.5789279,0,8.442034721374512,15.313946723937988,-2.569305419921875,2.6771085262298584,-1.7029623985290527,-0.020328102633357048,-1.038525104522705,-1.8476686477661133,-0.08204253017902374
20.799999999999628,2.4975302,-1.731858,0,8.465862274169922,15.299883842468262,-2.5691680908203125,2.670919179916382,-1.717977523803711,-0.020770855247974396,-1.055519461631775,-1.8311069011688232,-0.07535795867443085
20.799999999999628,2.4975302,-1.731858,0,8.489582061767578,15.285709381103516,-2.56903076171875,2.6646456718444824,-1.7329909801483154,-0.021237598732113838,-1.0583205223083496,-1.8318331241607666,-0.07774586975574493
20.799999999999628,2.4975302,-1.731858,0,8.536917686462402,15.256978034973145,-2.56878662109375,2.652056932449341,-1.7627341747283936,-0.02184966579079628,-1.0658893585205078,-1.8028546571731567,-0.04508066549897194
20.799999999999628,2.4975302,-1.731858,0,8.56053352355957,15.242422103881836,-2.5686798095703125,2.6458382606506348,-1.7775107622146606,-0.021896405145525932,-1.0617552995681763,-1.798064112663269,-0.025620682165026665
20.799999999999628,2.4975302,-1.731858,0,8.584041595458984,15.227758407592773,-2.5685577392578125,2.6395251750946045,-1.79215669631958,-0.02183474600315094,-1.065826177597046,-1.7827175855636597,-0.011470633558928967
20.799999999999628,2.4975302,-1.731858,0,8.607441902160645,15.21298599243164,-2.568450927734375,2.633091688156128,-1.8066911697387695,-0.021618273109197617,-1.0733119249343872,-1.7697391510009766,0.008239409886300564
20.799999999999628,2.4975302,-1.731858,0,8.65427303314209,15.183030128479004,-2.5682220458984375,2.620241165161133,-1.8360778093338013,-0.02252322994172573,-1.0852830410003662,-1.7892062664031982,-0.11270585656166077
20.799999999999628,2.4975302,-1.731858,0,8.677525520324707,15.167890548706055,-2.5681304931640625,2.613689422607422,-1.8506457805633545,-0.023304849863052368,-1.0879629850387573,-1.7720054388046265,-0.11581694334745407
20.799999999999628,2.4975302,-1.731858,0,8.700669288635254,15.152643203735352,-2.56805419921875,2.6071009635925293,-1.8651717901229858,-0.023986274376511574,-1.0851930379867554,-1.7677656412124634,-0.10274117439985275
20.799999999999628,2.4975302,-1.731858,0,8.723884582519531,15.137245178222656,-2.5679779052734375,2.6005325317382812,-1.8797216415405273,-0.02463413029909134,-1.098314881324768,-1.767068862915039,-0.09944429248571396
20.99999999999961,2.4698107,-1.8329041,0,8.770052909851074,15.106136322021484,-2.567840576171875,2.5874669551849365,-1.9087507724761963,-0.025822145864367485,-1.0875173807144165,-1.761994481086731,-0.0883098617196083
20.99999999999961,2.4698107,-1.8329041,0,8.792974472045898,15.090421676635742,-2.5677947998046875,2.5808730125427246,-1.9231483936309814,-0.02623199298977852,-1.0883560180664062,-1.7500618696212769,-0.06848666071891785
20.99999999999961,2.4698107,-1.8329041,0,8.815960884094238,15.074548721313477,-2.5677337646484375,2.5743486881256104,-1.937495231628418,-0.026424193754792213,-1.0935969352722168,-1.7391952276229858,-0.04203803464770317
20.99999999999961,2.4698107,-1.8329041,0,8.838838577270508,15.058571815490723,-2.56768798828125,2.567798376083374,-1.9518723487854004,-0.02638573758304119,-1.0892912149429321,-1.7440452575683594,-0.012661329470574856
20.99999999999961,2.4698107,-1.8329041,0,8.88426685333252,15.026301383972168,-2.5676116943359375,2.5546486377716064,-1.9803433418273926,-0.025859005749225616,-1.0751667022705078,-1.722517967224121,0.02853432483971119
20.99999999999961,2.4698107,-1.8329041,0,8.906990051269531,15.009955406188965,-2.56756591796875,2.5481104850769043,-1.9944719076156616,-0.02535359561443329,-1.0865912437438965,-1.710166573524475,0.04619545862078667
20.99999999999961,2.4698107,-1.8329041,0,8.929637908935547,14.993509292602539,-2.5675201416015625,2.5415332317352295,-2.0086541175842285,-0.02515428513288498,-1.0934267044067383,-1.7168335914611816,0.008023343048989773
20.99999999999961,2.4698107,-1.8329041,0,8.952176094055176,14.976959228515625,-2.5675048828125,2.534902572631836,-2.0228207111358643,-0.02521715871989727,-1.092612385749817,-1.7160348892211914,-0.024071427062153816
20.99999999999961,2.4698107,-1.8329041,0,8.997105598449707,14.943485260009766,-2.56744384765625,2.521451950073242,-2.0510830879211426,-0.02526424266397953,-1.108587622642517,-1.7034087181091309,-0.012921634130179882
20.99999999999961,2.4698107,-1.8329041,0,9.019495010375977,14.926563262939453,-2.567413330078125,2.514705181121826,-2.065070152282715,-0.0252363458275795,-1.1066030263900757,-1.6901720762252808,-0.012820119969546795
21.299999999999685,2.4257095,-1.9818878,0,9.04177474975586,14.909539222717285,-2.5673828125,2.5078752040863037,-2.0790534019470215,-0.025101708248257637,-1.1097240447998047,-1.6908659934997559,0.0010221264092251658
21.299999999999685,2.4257095,-1.9818878,0,9.063945770263672,14.892414093017578,-2.5673675537109375,2.5009374618530273,-2.0929524898529053,-0.024947237223386765,-1.1161164045333862,-1.6815191507339478,0.003986060153692961
21.299999999999685,2.4257095,-1.9818878,0,9.108327865600586,14.857739448547363,-2.56732177734375,2.487151861190796,-2.1204471588134766,-0.024303507059812546,-1.1241297721862793,-1.650893211364746,0.03523239493370056
21.299999999999685,2.4257095,-1.9818878,0,9.130386352539062,14.84025764465332,-2.567291259765625,2.4802136421203613,-2.1340839862823486,-0.023798249661922455,-1.1262832880020142,-1.6442307233810425,0.047522593289613724
21.299999999999685,2.4257095,-1.9818878,0,9.152335166931152,14.822676658630371,-2.5672760009765625,2.4731521606445312,-2.1477127075195312,-0.023695355281233788,-1.1345040798187256,-1.644514799118042,-0.002288724994286895
21.299999999999685,2.4257095,-1.9818878,0,9.174174308776855,14.804997444152832,-2.5672760009765625,2.4659557342529297,-2.1613423824310303,-0.024184806272387505,-1.1443322896957397,-1.6459356546401978,-0.07586134225130081
21.299999999999685,2.4257095,-1.9818878,0,9.217893600463867,14.769233703613281,-2.5672454833984375,2.4516797065734863,-2.1885826587677,-0.02527983859181404,-1.1504391431808472,-1.6372145414352417,-0.08109910041093826
21.299999999999685,2.4257095,-1.9818878,0,9.239585876464844,14.751204490661621,-2.5672454833984375,2.444453239440918,-2.202068328857422,-0.02572704292833805,-1.149549126625061,-1.6255948543548584,-0.07100309431552887
21.299999999999685,2.4257095,-1.9818878,0,9.2611665725708,14.733078956604004,-2.5672454833984375,2.4371612071990967,-2.2154581546783447,-0.026107361540198326,-1.1508482694625854,-1.6149669885635376,-0.062173694372177124
21.299999999999685,2.4257095,-1.9818878,0,9.282818794250488,14.714797019958496,-2.5672760009765625,2.4299750328063965,-2.2288615703582764,-0.026452429592609406,-1.1528347730636597,-1.6108967065811157,-0.05842512100934982
21.59999999999976,2.3786075,-2.1280134,0,9.30435848236084,14.696418762207031,-2.567291259765625,2.422635078430176,-2.242210626602173,-0.026700487360358238,-1.164939045906067,-1.6055415868759155,-0.04582665488123894
21.59999999999976,2.3786075,-2.1280134,0,9.347169876098633,14.659379959106445,-2.5673675537109375,2.408026695251465,-2.2688026428222656,-0.02661089599132538,-1.159289002418518,-1.593960165977478,0.0033192334230989218
21.59999999999976,2.3786075,-2.1280134,0,9.368579864501953,14.640667915344238,-2.5673980712890625,2.4007694721221924,-2.281989097595215,-0.02628152444958687,-1.1633046865463257,-1.5820012092590332,0.02627027966082096
21.59999999999976,2.3786075,-2.1280134,0,9.389876365661621,14.621862411499023,-2.5674285888671875,2.3934788703918457,-2.2950823307037354,-0.025861550122499466,-1.1603542566299438,-1.5718064308166504,0.03805430233478546
21.59999999999976,2.3786075,-2.1280134,0,9.432135581970215,14.583972930908203,-2.5675048828125,2.378730535507202,-2.320943593978882,-0.024661175906658173,-1.1621766090393066,-1.5466322898864746,0.06602983176708221
21.59999999999976,2.3786075,-2.1280134,0,9.453261375427246,14.564840316772461,-2.5675506591796875,2.371312141418457,-2.3337464332580566,-0.023886967450380325,-1.175398826599121,-1.5339326858520508,0.08349073678255081
21.59999999999976,2.3786075,-2.1280134,0,9.474274635314941,14.545618057250977,-2.567596435546875,2.363764524459839,-2.346522092819214,-0.023647623136639595,-1.184615969657898,-1.532028317451477,0.017045995220541954
21.59999999999976,2.3786075,-2.1280134,0,9.495173454284668,14.5263032913208,-2.5676422119140625,2.356081008911133,-2.3593366146087646,-0.0240444578230381,-1.194833755493164,-1.5383124351501465,-0.06207497417926788
21.59999999999976,2.3786075,-2.1280134,0,9.515993118286133,14.5068998336792,-2.56768798828125,2.3483998775482178,-2.372166633605957,-0.02450016513466835,-1.1970618963241577,-1.5397517681121826,-0.06943149119615555
21.59999999999976,2.3786075,-2.1280134,0,9.55764102935791,14.467679023742676,-2.56781005859375,2.333159923553467,-2.397660255432129,-0.025202346965670586,-1.2011091709136963,-1.517836093902588,-0.04767998680472374
21.899999999999835,2.3285599,-2.2713954,0,9.578292846679688,14.4479341506958,-2.56787109375,2.32533597946167,-2.4102530479431152,-0.02544100023806095,-1.2144238948822021,-1.5064631700515747,-0.04247948154807091
21.899999999999835,2.3285599,-2.2713954,0,9.598830223083496,14.4281005859375,-2.56793212890625,2.3174569606781006,-2.422708034515381,-0.025654086843132973,-1.2146885395050049,-1.4907104969024658,-0.03929296135902405
21.899999999999835,2.3285599,-2.2713954,0,9.619410514831543,14.408109664916992,-2.5679779052734375,2.3097007274627686,-2.4351704120635986,-0.025790616869926453,-1.2110283374786377,-1.4848270416259766,-0.030871478840708733
21.899999999999835,2.3285599,-2.2713954,0,9.660225868225098,14.367866516113281,-2.5680999755859375,2.294018507003784,-2.4597744941711426,-0.025558188557624817,-1.2091467380523682,-1.464250087738037,0.015068798325955868
21.899999999999835,2.3285599,-2.2713954,0,9.680496215820312,14.347618103027344,-2.5681610107421875,2.2861552238464355,-2.471961736679077,-0.02514960616827011,-1.2132816314697266,-1.4534202814102173,0.038160938769578934
21.899999999999835,2.3285599,-2.2713954,0,9.700790405273438,14.327208518981934,-2.568206787109375,2.278325319290161,-2.4840047359466553,-0.024522999301552773,-1.2183890342712402,-1.4283521175384521,0.06412248313426971
21.899999999999835,2.3285599,-2.2713954,0,9.720970153808594,14.306716918945312,-2.5682525634765625,2.2704508304595947,-2.495988368988037,-0.023834899067878723,-1.2171809673309326,-1.4226911067962646,0.07224920392036438
21.899999999999835,2.3285599,-2.2713954,0,9.76098346710205,14.265481948852539,-2.568359375,2.2542459964752197,-2.5200910568237305,-0.024096839129924774,-1.2420070171356201,-1.4361240863800049,-0.06668781489133835
21.899999999999835,2.3285599,-2.2713954,0,9.780951499938965,14.24466323852539,-2.5684356689453125,2.2461094856262207,-2.5321571826934814,-0.024554790928959846,-1.2451395988464355,-1.4289216995239258,-0.07081450521945953
22.09999999999991,2.2935572,-2.365567,0,9.800803184509277,14.223761558532715,-2.5684967041015625,2.2379209995269775,-2.5441160202026367,-0.024936353787779808,-1.2451727390289307,-1.4173310995101929,-0.060848888009786606
22.09999999999991,2.2935572,-2.365567,0,9.820539474487305,14.202777862548828,-2.5685882568359375,2.229649543762207,-2.5560123920440674,-0.02530074119567871,-1.249281406402588,-1.4112999439239502,-0.05829799547791481
22.09999999999991,2.2935572,-2.365567,0,9.859698295593262,14.160565376281738,-2.568756103515625,2.2129948139190674,-2.5796539783477783,-0.025863664224743843,-1.2507270574569702,-1.3988373279571533,-0.04312162846326828
22.09999999999991,2.2935572,-2.365567,0,9.87926959991455,14.13926887512207,-2.56884765625,2.204773187637329,-2.591438055038452,-0.02594284899532795,-1.250139832496643,-1.3915293216705322,-0.023304948583245277
22.09999999999991,2.2935572,-2.365567,0,9.898726463317871,14.11789321899414,-2.568939208984375,2.1965255737304688,-2.603090763092041,-0.025815414264798164,-1.2470872402191162,-1.3769587278366089,0.0029425134416669607
22.09999999999991,2.2935572,-2.365567,0,9.937294006347656,14.074902534484863,-2.569122314453125,2.1799137592315674,-2.62613844871521,-0.02520112134516239,-1.2436615228652954,-1.3618110418319702,0.040239185094833374
22.09999999999991,2.2935572,-2.365567,0,9.956547737121582,14.053207397460938,-2.5691986083984375,2.171659231185913,-2.637746572494507,-0.024954907596111298,-1.2458406686782837,-1.3662669658660889,0.016370786353945732
22.09999999999991,2.2935572,-2.365567,0,9.975685119628906,14.031434059143066,-2.56927490234375,2.163245916366577,-2.649301290512085,-0.024991193786263466,-1.2595187425613403,-1.3615785837173462,-0.018502583727240562
22.09999999999991,2.2935572,-2.365567,0,9.994708061218262,14.009581565856934,-2.569366455078125,2.154770612716675,-2.6608448028564453,-0.025089243426918983,-1.26131010055542,-1.3621222972869873,-0.025796236470341682
22.09999999999991,2.2935572,-2.365567,0,10.013614654541016,13.987651824951172,-2.5694427490234375,2.146265983581543,-2.672274589538574,-0.02499983087182045,-1.2591408491134644,-1.3498055934906006,-0.0019492580322548747
22.399999999999984,2.2391715,-2.503399,0,10.032588958740234,13.965570449829102,-2.56951904296875,2.1379339694976807,-2.6837213039398193,-0.024783223867416382,-1.2577263116836548,-1.3415015935897827,0.012164934538304806
22.399999999999984,2.2391715,-2.503399,0,10.070191383361816,13.921178817749023,-2.5696563720703125,2.1210498809814453,-2.706404209136963,-0.02441610023379326,-1.2622593641281128,-1.326193928718567,0.006897840183228254
22.399999999999984,2.2391715,-2.503399,0,10.08881950378418,13.898868560791016,-2.5697174072265625,2.112516403198242,-2.7176365852355957,-0.024059206247329712,-1.2648626565933228,-1.3207917213439941,0.030790919438004494
22.399999999999984,2.2391715,-2.503399,0,10.107477188110352,13.87641429901123,-2.569793701171875,2.1040406227111816,-2.728823661804199,-0.023586025461554527,-1.2690885066986084,-1.3079893589019775,0.044980548322200775
22.399999999999984,2.2391715,-2.503399,0,10.144444465637207,13.831282615661621,-2.5699462890625,2.086935043334961,-2.750936508178711,-0.022324465215206146,-1.2670331001281738,-1.2914468050003052,0.07320241630077362
22.399999999999984,2.2391715,-2.503399,0,10.162755966186523,13.808605194091797,-2.57000732421875,2.0783157348632812,-2.76180100440979,-0.0214989073574543,-1.269392490386963,-1.2738864421844482,0.0902768149971962
22.399999999999984,2.2391715,-2.503399,0,10.18110179901123,13.785782814025879,-2.5700836181640625,2.0697567462921143,-2.772587776184082,-0.020626405254006386,-1.2738380432128906,-1.2565245628356934,0.09589827805757523
22.399999999999984,2.2391715,-2.503399,0,10.199362754821777,13.76288890838623,-2.570159912109375,2.061109781265259,-2.7833991050720215,-0.020259439945220947,-1.287001132965088,-1.2592693567276,0.03276951238512993
22.399999999999984,2.2391715,-2.503399,0,10.235535621643066,13.716883659362793,-2.5703125,2.043496608734131,-2.8049237728118896,-0.02099541202187538,-1.304648518562317,-1.2479801177978516,-0.06755580753087997
22.399999999999984,2.2391715,-2.503399,0,10.253593444824219,13.693717956542969,-2.5703887939453125,2.034684896469116,-2.815561532974243,-0.02126050554215908,-1.307064414024353,-1.2364270687103271,-0.04605203494429588
22.70000000000006,2.1823072,-2.6380014,0,10.271533012390137,13.670480728149414,-2.570465087890625,2.0258209705352783,-2.8261704444885254,-0.02144361287355423,-1.3076196908950806,-1.2350852489471436,-0.03540841490030289
22.70000000000006,2.1823072,-2.6380014,0,10.307060241699219,13.623799324035645,-2.570648193359375,2.0078794956207275,-2.846993923187256,-0.02179933898150921,-1.3152199983596802,-1.2081221342086792,-0.03502238169312477
22.70000000000006,2.1823072,-2.6380014,0,10.324787139892578,13.600299835205078,-2.570709228515625,1.998944640159607,-2.8573031425476074,-0.021881548687815666,-1.3153051137924194,-1.1967560052871704,-0.023589933291077614
22.70000000000006,2.1823072,-2.6380014,0,10.342426300048828,13.576733589172363,-2.570770263671875,1.9900312423706055,-2.8675222396850586,-0.021774932742118835,-1.314632534980774,-1.1851310729980469,0.00010384245979366824
22.70000000000006,2.1823072,-2.6380014,0,10.359949111938477,13.553099632263184,-2.5708465576171875,1.981048822402954,-2.8776135444641113,-0.02148103341460228,-1.3174508810043335,-1.1713483333587646,0.023918690159916878
22.70000000000006,2.1823072,-2.6380014,0,10.37735366821289,13.529399871826172,-2.5709075927734375,1.9720484018325806,-2.887716770172119,-0.02154449187219143,-1.3140376806259155,-1.174970030784607,-0.020357778295874596
22.70000000000006,2.1823072,-2.6380014,0,10.412070274353027,13.481708526611328,-2.571014404296875,1.9540140628814697,-2.9081108570098877,-0.02283172495663166,-1.3205490112304688,-1.183438777923584,-0.09965011477470398
22.70000000000006,2.1823072,-2.6380014,0,10.429251670837402,13.457762718200684,-2.571075439453125,1.9449726343154907,-2.9183189868927,-0.023366643115878105,-1.3168662786483765,-1.1887507438659668,-0.08008255809545517
22.70000000000006,2.1823072,-2.6380014,0,10.446316719055176,13.433749198913574,-2.5711669921875,1.9358370304107666,-2.9283833503723145,-0.023768510669469833,-1.3231914043426514,-1.1729059219360352,-0.06270966678857803
22.70000000000006,2.1823072,-2.6380014,0,10.480220794677734,13.385478973388672,-2.571319580078125,1.9176414012908936,-2.948484182357788,-0.02451729029417038,-1.311067819595337,-1.1729981899261475,-0.05698436498641968
23.000000000000135,2.1232665,-2.7689555,0,10.497093200683594,13.361220359802246,-2.5713958740234375,1.9086108207702637,-2.958590030670166,-0.02465132065117359,-1.3154863119125366,-1.1751937866210938,-0.03081047721207142
23.000000000000135,2.1232665,-2.7689555,0,10.513848304748535,13.336894989013672,-2.57147216796875,1.899558424949646,-2.9685895442962646,-0.024593695998191833,-1.3127899169921875,-1.1639478206634521,-0.00642705662176013
23.000000000000135,2.1232665,-2.7689555,0,10.530488014221191,13.31250286102295,-2.5715484619140625,1.8905037641525269,-2.9785900115966797,-0.024386651813983917,-1.3077868223190308,-1.1660796403884888,0.012663192115724087
23.000000000000135,2.1232665,-2.7689555,0,10.563677787780762,13.263402938842773,-2.5716552734375,1.8726762533187866,-2.998549699783325,-0.023369021713733673,-1.2990738153457642,-1.1541054248809814,0.061312686651945114
23.000000000000135,2.1232665,-2.7689555,0,10.580101013183594,13.238754272460938,-2.5717010498046875,1.8636571168899536,-3.008492946624756,-0.022661525756120682,-1.3015730381011963,-1.1573219299316406,0.07417424768209457
23.000000000000135,2.1232665,-2.7689555,0,10.59640884399414,13.214040756225586,-2.5717315673828125,1.8546266555786133,-3.0183427333831787,-0.02180861122906208,-1.297824501991272,-1.1477069854736328,0.0927857980132103
23.000000000000135,2.1232665,-2.7689555,0,10.612703323364258,13.189204216003418,-2.5717620849609375,1.8455817699432373,-3.028102397918701,-0.02086121402680874,-1.305495023727417,-1.1311596632003784,0.10323850065469742
23.000000000000135,2.1232665,-2.7689555,0,10.628881454467773,13.164304733276367,-2.57177734375,1.836376667022705,-3.037903308868408,-0.02052520029246807,-1.3203316926956177,-1.1384555101394653,0.02727797068655491
23.000000000000135,2.1232665,-2.7689555,0,10.660954475402832,13.114307403564453,-2.5718231201171875,1.817732810974121,-3.0576798915863037,-0.02109512686729431,-1.339548110961914,-1.1484375,-0.057019755244255066
23.30000000000021,2.0622585,-2.8961196,0,10.67691421508789,13.08914852142334,-2.57183837890625,1.8084442615509033,-3.0675294399261475,-0.0213013906031847,-1.333316445350647,-1.1394168138504028,-0.04137539863586426
23.30000000000021,2.0622585,-2.8961196,0,10.692758560180664,13.063925743103027,-2.5718536376953125,1.7990907430648804,-3.077275276184082,-0.021474948152899742,-1.3363215923309326,-1.1286731958389282,-0.036827750504016876
23.30000000000021,2.0622585,-2.8961196,0,10.724098205566406,13.013290405273438,-2.5719146728515625,1.780254602432251,-3.0965099334716797,-0.021803362295031548,-1.3391962051391602,-1.1116364002227783,-0.02820044569671154
23.30000000000021,2.0622585,-2.8961196,0,10.739673614501953,12.987792015075684,-2.571929931640625,1.770790457725525,-3.106121063232422,-0.02178911864757538,-1.3437280654907227,-1.1077021360397339,-0.014105345122516155
23.30000000000021,2.0622585,-2.8961196,0,10.755132675170898,12.962231636047363,-2.57196044921875,1.7613251209259033,-3.115649461746216,-0.02155657485127449,-1.3390237092971802,-1.0997883081436157,0.013666226528584957
23.30000000000021,2.0622585,-2.8961196,0,10.770476341247559,12.93661117553711,-2.5719757080078125,1.751904010772705,-3.1250782012939453,-0.021111076697707176,-1.328770399093628,-1.0896555185317993,0.04075700044631958
23.30000000000021,2.0622585,-2.8961196,0,10.800949096679688,12.885091781616211,-2.5719757080078125,1.732983946800232,-3.1438612937927246,-0.019802076742053032,-1.336913824081421,-1.073989987373352,0.07299984991550446
23.30000000000021,2.0622585,-2.8961196,0,10.816045761108398,12.859196662902832,-2.57196044921875,1.7233805656433105,-3.15323805809021,-0.019533796235919,-1.3511109352111816,-1.0756362676620483,0.016613861545920372
23.30000000000021,2.0622585,-2.8961196,0,10.831027030944824,12.83324146270752,-2.5719451904296875,1.7137237787246704,-3.162656307220459,-0.019916381686925888,-1.35321843624115,-1.0832397937774658,-0.06423191726207733
23.30000000000021,2.0622585,-2.8961196,0,10.845893859863281,12.807228088378906,-2.571929931640625,1.703997015953064,-3.1720359325408936,-0.020376581698656082,-1.35752272605896,-1.0808076858520508,-0.07343710958957672
23.500000000000284,2.020222,-2.9794617,0,10.875414848327637,12.754843711853027,-2.5718994140625,1.6845332384109497,-3.1906094551086426,-0.020899666473269463,-1.3609299659729004,-1.057502269744873,-0.050714701414108276
23.500000000000284,2.020222,-2.9794617,0,10.890003204345703,12.728565216064453,-2.5718841552734375,1.6747417449951172,-3.1998231410980225,-0.021180080249905586,-1.3588597774505615,-1.0562759637832642,-0.05170469731092453
23.500000000000284,2.020222,-2.9794617,0,10.904507637023926,12.702227592468262,-2.5718841552734375,1.6649516820907593,-3.209007501602173,-0.021409854292869568,-1.3614400625228882,-1.0518516302108765,-0.04515936225652695
23.500000000000284,2.020222,-2.9794617,0,10.91897201538086,12.675739288330078,-2.5718536376953125,1.6552050113677979,-3.2182390689849854,-0.02142805978655815,-1.3593331575393677,-1.048473834991455,-0.02045137621462345
23.500000000000284,2.020222,-2.9794617,0,10.947556495666504,12.622594833374023,-2.5717926025390625,1.6357076168060303,-3.2364745140075684,-0.020999524742364883,-1.3543590307235718,-1.0359976291656494,0.02298550494015217
23.500000000000284,2.020222,-2.9794617,0,10.961677551269531,12.595938682556152,-2.57177734375,1.6258366107940674,-3.245530843734741,-0.020821135491132736,-1.3623665571212769,-1.034233570098877,0.005691311787813902
23.500000000000284,2.020222,-2.9794617,0,10.975685119628906,12.56922721862793,-2.5717620849609375,1.6159323453903198,-3.254634141921997,-0.02095075137913227,-1.3625502586364746,-1.0425580739974976,-0.03231409564614296
23.500000000000284,2.020222,-2.9794617,0,10.989672660827637,12.542383193969727,-2.5717315673828125,1.6060214042663574,-3.2637081146240234,-0.02101946994662285,-1.3690608739852905,-1.0314202308654785,-0.026566440239548683
23.500000000000284,2.020222,-2.9794617,0,11.003544807434082,12.515484809875488,-2.5717010498046875,1.5961130857467651,-3.2728066444396973,-0.020986398681998253,-1.3647173643112183,-1.0370820760726929,-0.013308132998645306
23.500000000000284,2.020222,-2.9794617,0,11.017303466796875,12.488531112670898,-2.5716705322265625,1.5862575769424438,-3.281827211380005,-0.020912371575832367,-1.354184865951538,-1.029915452003479,-0.007669440936297178
23.80000000000036,1.956177,-3.100436,0,11.044644355773926,12.43437671661377,-2.571624755859375,1.566522240638733,-3.2998268604278564,-0.02054581232368946,-1.3622376918792725,-1.0219333171844482,0.010776798240840435
23.80000000000036,1.956177,-3.100436,0,11.05819320678711,12.40717887878418,-2.5715789794921875,1.5566288232803345,-3.3088936805725098,-0.02026049606502056,-1.3639339208602905,-1.0299546718597412,0.017905140295624733
23.80000000000036,1.956177,-3.100436,0,11.084949493408203,12.352621078491211,-2.5715179443359375,1.5367780923843384,-3.326622724533081,-0.01918439380824566,-1.361354112625122,-1.002691388130188,0.05767587199807167
23.80000000000036,1.956177,-3.100436,0,11.098247528076172,12.32517147064209,-2.57147216796875,1.526862621307373,-3.3354780673980713,-0.018458958715200424,-1.3642477989196777,-0.9992863535881042,0.07276935130357742
23.80000000000036,1.956177,-3.100436,0,11.111431121826172,12.29766845703125,-2.5714111328125,1.5169103145599365,-3.3441946506500244,-0.017620358616113663,-1.3649868965148926,-0.984635591506958,0.0874432697892189
23.80000000000036,1.956177,-3.100436,0,11.12450122833252,12.270113945007324,-2.5713653564453125,1.5069409608840942,-3.352728843688965,-0.01676085591316223,-1.3633315563201904,-0.9645161032676697,0.09073781967163086
23.80000000000036,1.956177,-3.100436,0,11.137457847595215,12.242509841918945,-2.571319580078125,1.4968838691711426,-3.36114239692688,-0.015832390636205673,-1.370633602142334,-0.9520496726036072,0.09985500574111938
23.80000000000036,1.956177,-3.100436,0,11.163270950317383,12.186970710754395,-2.5711669921875,1.4767775535583496,-3.377758264541626,-0.014432509429752827,-1.3848228454589844,-0.9235802888870239,0.03683380410075188
23.80000000000036,1.956177,-3.100436,0,11.176005363464355,12.15912914276123,-2.5710906982421875,1.46649968624115,-3.3859364986419678,-0.014657074585556984,-1.4023098945617676,-0.9162662625312805,-0.04482315480709076
23.80000000000036,1.956177,-3.100436,0,11.188624382019043,12.131240844726562,-2.5710296630859375,1.456173062324524,-3.394071578979492,-0.015002856962382793,-1.404710054397583,-0.9136084318161011,-0.059477049857378006
24.100000000000435,1.8905611,-3.2176058,0,11.213729858398438,12.075116157531738,-2.5708770751953125,1.4355614185333252,-3.4100170135498047,-0.015429562889039516,-1.4080255031585693,-0.8779048323631287,-0.04490185156464577
24.100000000000435,1.8905611,-3.2176058,0,11.226109504699707,12.046988487243652,-2.5708160400390625,1.4251880645751953,-3.41772198677063,-0.015613230876624584,-1.4104033708572388,-0.855125904083252,-0.0396873764693737
24.100000000000435,1.8905611,-3.2176058,0,11.238373756408691,12.018817901611328,-2.5707550048828125,1.414792537689209,-3.4254019260406494,-0.01575058326125145,-1.4095708131790161,-0.854763388633728,-0.03340141475200653
24.100000000000435,1.8905611,-3.2176058,0,11.250618934631348,11.990507125854492,-2.5706939697265625,1.4044851064682007,-3.43298077583313,-0.01578078791499138,-1.405029058456421,-0.8325405120849609,-0.021118203178048134
24.100000000000435,1.8905611,-3.2176058,0,11.274825096130371,11.933758735656738,-2.570556640625,1.3838624954223633,-3.447840929031372,-0.01596628688275814,-1.4102779626846313,-0.814121425151825,-0.054008789360523224
24.100000000000435,1.8905611,-3.2176058,0,11.286754608154297,11.90532398223877,-2.5705108642578125,1.3734081983566284,-3.4552786350250244,-0.016802867874503136,-1.4184783697128296,-0.8202984929084778,-0.12066354602575302
24.100000000000435,1.8905611,-3.2176058,0,11.298651695251465,11.87675666809082,-2.5704803466796875,1.3629339933395386,-3.462738037109375,-0.017685193568468094,-1.4255518913269043,-0.8145784139633179,-0.12649734318256378
24.100000000000435,1.8905611,-3.2176058,0,11.310433387756348,11.848150253295898,-2.5704193115234375,1.3524866104125977,-3.4701812267303467,-0.018406784161925316,-1.418547511100769,-0.8155385255813599,-0.10653258860111237
24.100000000000435,1.8905611,-3.2176058,0,11.322098731994629,11.819504737854004,-2.5703887939453125,1.3420445919036865,-3.477447271347046,-0.0190235935151577,-1.4143480062484741,-0.7962891459465027,-0.09295297414064407
24.100000000000435,1.8905611,-3.2176058,0,11.345157623291016,11.76201057434082,-2.570343017578125,1.3212096691131592,-3.4919729232788086,-0.0202032383531332,-1.4047755002975464,-0.7914071679115295,-0.08015240728855133
24.40000000000051,1.8238295,-3.3304653,0,11.356578826904297,11.733159065246582,-2.570343017578125,1.3108636140823364,-3.4992926120758057,-0.020569942891597748,-1.4045649766921997,-0.7976390719413757,-0.06039440259337425
24.40000000000051,1.8238295,-3.3304653,0,11.367887496948242,11.704269409179688,-2.570343017578125,1.3005281686782837,-3.506533145904541,-0.020676933228969574,-1.3997677564620972,-0.7906569242477417,-0.02750428207218647
24.40000000000051,1.8238295,-3.3304653,0,11.379081726074219,11.675341606140137,-2.5703582763671875,1.2902048826217651,-3.5137369632720947,-0.020721236243844032,-1.394827961921692,-0.7888896465301514,-0.019255558028817177
24.40000000000051,1.8238295,-3.3304653,0,11.401208877563477,11.61729907989502,-2.570404052734375,1.26954984664917,-3.5280308723449707,-0.020112881436944008,-1.391181230545044,-0.7760193943977356,0.039878763258457184
24.40000000000051,1.8238295,-3.3304653,0,11.412140846252441,11.58818531036377,-2.5704345703125,1.2592099905014038,-3.53518009185791,-0.01950249820947647,-1.3944177627563477,-0.7812021970748901,0.06466591358184814
24.40000000000051,1.8238295,-3.3304653,0,11.42296028137207,11.559033393859863,-2.5704498291015625,1.2488597631454468,-3.5422019958496094,-0.01878778636455536,-1.3924341201782227,-0.7681050896644592,0.07804948091506958
24.40000000000051,1.8238295,-3.3304653,0,11.433669090270996,11.52984619140625,-2.5704803466796875,1.2385367155075073,-3.549081563949585,-0.018012268468737602,-1.385851502418518,-0.7530704140663147,0.08598434925079346
24.40000000000051,1.8238295,-3.3304653,0,11.454913139343262,11.47122573852539,-2.5705413818359375,1.2178208827972412,-3.5627658367156982,-0.016342032700777054,-1.3929144144058228,-0.7364656925201416,0.0979481190443039
24.40000000000051,1.8238295,-3.3304653,0,11.465381622314453,11.441861152648926,-2.570556640625,1.207324504852295,-3.569459915161133,-0.016001610085368156,-1.4103046655654907,-0.7263739109039307,0.032675448805093765
24.40000000000051,1.8238295,-3.3304653,0,11.475736618041992,11.41246223449707,-2.5705718994140625,1.1966712474822998,-3.57611083984375,-0.016325080767273903,-1.4267351627349854,-0.7237676382064819,-0.050315164029598236
24.700000000000585,1.7560996,-3.439142,0,11.496258735656738,11.3533935546875,-2.5706329345703125,1.175403118133545,-3.5892319679260254,-0.017001034691929817,-1.428547739982605,-0.7019673585891724,-0.040695998817682266
24.700000000000585,1.7560996,-3.439142,0,11.506349563598633,11.323811531066895,-2.5706634521484375,1.1647242307662964,-3.595594882965088,-0.017183424904942513,-1.4284305572509766,-0.6856180429458618,-0.03174086660146713
24.700000000000585,1.7560996,-3.439142,0,11.516326904296875,11.294198036193848,-2.570709228515625,1.1540244817733765,-3.6018428802490234,-0.01734827645123005,-1.4279847145080566,-0.674111008644104,-0.02927565760910511
24.700000000000585,1.7560996,-3.439142,0,11.526266098022461,11.264476776123047,-2.57073974609375,1.1433231830596924,-3.6080563068389893,-0.01745934784412384,-1.4322583675384521,-0.6626725196838379,-0.022325197234749794
24.700000000000585,1.7560996,-3.439142,0,11.536090850830078,11.234725952148438,-2.5707855224609375,1.1326239109039307,-3.6141417026519775,-0.017490023747086525,-1.4289056062698364,-0.6496924757957458,-0.012014991603791714
24.700000000000585,1.7560996,-3.439142,0,11.545830726623535,11.204941749572754,-2.570831298828125,1.1219573020935059,-3.6201565265655518,-0.017341675236821175,-1.42703378200531,-0.6400744915008545,0.010341870598495007
24.700000000000585,1.7560996,-3.439142,0,11.565041542053223,11.14521312713623,-2.5709381103515625,1.1006286144256592,-3.6320080757141113,-0.017104318365454674,-1.4310637712478638,-0.6348576545715332,-0.020802484825253487
24.700000000000585,1.7560996,-3.439142,0,11.574511528015137,11.115269660949707,-2.57098388671875,1.0898162126541138,-3.6379594802856445,-0.017767589539289474,-1.4426336288452148,-0.6317124366760254,-0.09004491567611694
24.700000000000585,1.7560996,-3.439142,0,11.593111038208008,11.05530071258545,-2.5711212158203125,1.068048357963562,-3.6496541500091553,-0.019093496724963188,-1.4472074508666992,-0.6197348237037659,-0.08676014095544815
24.700000000000585,1.7560996,-3.439142,0,11.602302551269531,11.025198936462402,-2.5712127685546875,1.0572009086608887,-3.6554512977600098,-0.019611241295933723,-1.4440549612045288,-0.6117677092552185,-0.07144081592559814
25.00000000000066,1.6876,-3.5435767,0,11.611380577087402,10.995071411132812,-2.5712890625,1.0463532209396362,-3.661160945892334,-0.020098725333809853,-1.4411957263946533,-0.6037525534629822,-0.0674491673707962
25.00000000000066,1.6876,-3.5435767,0,11.620346069335938,10.96491813659668,-2.571380615234375,1.035507082939148,-3.6668829917907715,-0.0205024853348732,-1.4382085800170898,-0.6081231236457825,-0.057120803743600845
25.00000000000066,1.6876,-3.5435767,0,11.638057708740234,10.904447555541992,-2.5715484619140625,1.0139126777648926,-3.6783342361450195,-0.0208762064576149,-1.4284589290618896,-0.6039606928825378,-0.021245794370770454
25.00000000000066,1.6876,-3.5435767,0,11.646777153015137,10.874136924743652,-2.5716400146484375,1.0030560493469238,-3.6840243339538574,-0.020746713504195213,-1.4418177604675293,-0.5996763706207275,0.009718350134789944
25.00000000000066,1.6876,-3.5435767,0,11.655383110046387,10.84380054473877,-2.5717315673828125,0.9922407269477844,-3.689638376235962,-0.020398469641804695,-1.4338711500167847,-0.5929790139198303,0.03725941851735115
25.00000000000066,1.6876,-3.5435767,0,11.663878440856934,10.81343936920166,-2.5718231201171875,0.9814184308052063,-3.6951780319213867,-0.019913652911782265,-1.4320218563079834,-0.5864376425743103,0.054523810744285583
25.00000000000066,1.6876,-3.5435767,0,11.680646896362305,10.752511024475098,-2.572021484375,0.9595314860343933,-3.706528902053833,-0.02028653770685196,-1.4488379955291748,-0.602969765663147,-0.07336074113845825
25.00000000000066,1.6876,-3.5435767,0,11.688862800598145,10.72200870513916,-2.5721435546875,0.948539674282074,-3.7121734619140625,-0.020858556032180786,-1.4501409530639648,-0.599965512752533,-0.07698218524456024
25.00000000000066,1.6876,-3.5435767,0,11.696991920471191,10.691475868225098,-2.5722503662109375,0.9375036358833313,-3.7178449630737305,-0.021218182519078255,-1.45777428150177,-0.6021684408187866,-0.05054939165711403
25.300000000000736,1.6185975,-3.6436749,0,11.705009460449219,10.660916328430176,-2.5723876953125,0.9264494776725769,-3.7234408855438232,-0.021516114473342896,-1.4574040174484253,-0.5954908132553101,-0.042661555111408234
25.300000000000736,1.6185975,-3.6436749,0,11.720826148986816,10.599613189697266,-2.572662353515625,0.9044362306594849,-3.734593391418457,-0.022008825093507767,-1.4541540145874023,-0.590750515460968,-0.03210641071200371
25.300000000000736,1.6185975,-3.6436749,0,11.72856616973877,10.568924903869629,-2.57281494140625,0.8932989835739136,-3.7401232719421387,-0.022088944911956787,-1.4647473096847534,-0.5883369445800781,-0.014722811989486217
25.300000000000736,1.6185975,-3.6436749,0,11.736193656921387,10.538209915161133,-2.572967529296875,0.8822055459022522,-3.745664596557617,-0.021980131044983864,-1.4567856788635254,-0.5924102663993835,0.009044538252055645
25.300000000000736,1.6185975,-3.6436749,0,11.743782997131348,10.507413864135742,-2.5731353759765625,0.8711633086204529,-3.751168727874756,-0.021666767075657845,-1.4539986848831177,-0.5828859210014343,0.035556960850954056
25.300000000000736,1.6185975,-3.6436749,0,11.758624076843262,10.445748329162598,-2.5734710693359375,0.8490225076675415,-3.7620441913604736,-0.020513184368610382,-1.4541308879852295,-0.5760781168937683,0.08031632006168365
25.300000000000736,1.6185975,-3.6436749,0,11.76590347290039,10.414872169494629,-2.573638916015625,0.8378439545631409,-3.7675631046295166,-0.020215118303894997,-1.4681216478347778,-0.5889498591423035,0.033707354217767715
25.300000000000736,1.6185975,-3.6436749,0,11.773143768310547,10.38390064239502,-2.573822021484375,0.8265789747238159,-3.7731223106384277,-0.020522726699709892,-1.4822561740875244,-0.5881462097167969,-0.04136701673269272
25.300000000000736,1.6185975,-3.6436749,0,11.780269622802734,10.3529052734375,-2.5740203857421875,0.8152670860290527,-3.778629779815674,-0.02093322016298771,-1.4855942726135254,-0.5845619440078735,-0.05412427335977554
25.300000000000736,1.6185975,-3.6436749,0,11.79417896270752,10.290839195251465,-2.57440185546875,0.7925519943237305,-3.7895376682281494,-0.021447448059916496,-1.486639380455017,-0.5771815776824951,-0.03414041921496391
25.60000000000081,1.5490129,-3.7398293,0,11.80104923248291,10.259708404541016,-2.5746307373046875,0.7811672687530518,-3.7949085235595703,-0.02166535146534443,-1.4948943853378296,-0.5675688982009888,-0.028567852452397346
25.60000000000081,1.5490129,-3.7398293,0,11.807804107666016,10.228553771972656,-2.574859619140625,0.7697529196739197,-3.8003437519073486,-0.021801834926009178,-1.4961580038070679,-0.5783467292785645,-0.018333083018660545
25.60000000000081,1.5490129,-3.7398293,0,11.81444263458252,10.19737434387207,-2.575103759765625,0.7583448886871338,-3.805742025375366,-0.021752169355750084,-1.493001937866211,-0.5763960480690002,0.004990957211703062
25.60000000000081,1.5490129,-3.7398293,0,11.827471733093262,10.134855270385742,-2.5755767822265625,0.7356287837028503,-3.8164196014404297,-0.02112080529332161,-1.48825204372406,-0.5619853734970093,0.04862527921795845
25.60000000000081,1.5490129,-3.7398293,0,11.833860397338867,10.103515625,-2.5758209228515625,0.7243094444274902,-3.8217201232910156,-0.020493505522608757,-1.483985185623169,-0.5584444999694824,0.07760198414325714
25.60000000000081,1.5490129,-3.7398293,0,11.84013557434082,10.07215404510498,-2.5760498046875,0.7129542231559753,-3.82694673538208,-0.019751211628317833,-1.4860970973968506,-0.5520156621932983,0.09201931953430176
25.60000000000081,1.5490129,-3.7398293,0,11.846295356750488,10.040770530700684,-2.5762939453125,0.7015175223350525,-3.8320577144622803,-0.018890680745244026,-1.4939709901809692,-0.5403401851654053,0.10722735524177551
25.60000000000081,1.5490129,-3.7398293,0,11.858424186706543,9.977761268615723,-2.5767822265625,0.6784101724624634,-3.84250545501709,-0.018599459901452065,-1.5198732614517212,-0.5494351983070374,-0.018353572115302086
25.60000000000081,1.5490129,-3.7398293,0,11.864313125610352,9.946224212646484,-2.5770263671875,0.6667248010635376,-3.8476428985595703,-0.018872033804655075,-1.5242550373077393,-0.5414947271347046,-0.03431643918156624
25.60000000000081,1.5490129,-3.7398293,0,11.870086669921875,9.914666175842285,-2.5772552490234375,0.6550295948982239,-3.852714776992798,-0.018959786742925644,-1.5232795476913452,-0.5359879732131958,-0.011186580173671246
25.700000000000884,1.5252361,-3.7716408,0,11.87582015991211,9.882991790771484,-2.5775146484375,0.6433805227279663,-3.857736110687256,-0.019039224833250046,-1.5208582878112793,-0.5215118527412415,-0.010204500518739223
25.700000000000884,1.5252361,-3.7716408,0,11.886987686157227,9.81956958770752,-2.5779876708984375,0.6200929880142212,-3.867640733718872,-0.01899971067905426,-1.5189712047576904,-0.509956955909729,0.005428213160485029
25.700000000000884,1.5252361,-3.7716408,0,11.8923978805542,9.787830352783203,-2.5782318115234375,0.608432412147522,-3.872471570968628,-0.018808573484420776,-1.5195599794387817,-0.5020639896392822,0.023351049050688744
25.700000000000884,1.5252361,-3.7716408,0,11.897768020629883,9.755972862243652,-2.578460693359375,0.5968298316001892,-3.877340078353882,-0.0184091217815876,-1.516158103942871,-0.4979015588760376,0.04911142960190773
25.700000000000884,1.5252361,-3.7716408,0,11.903022766113281,9.724098205566406,-2.5786895751953125,0.5852602124214172,-3.8820788860321045,-0.01786167174577713,-1.5097788572311401,-0.48466333746910095,0.06765173375606537
25.700000000000884,1.5252361,-3.7716408,0,11.91318416595459,9.660297393798828,-2.579132080078125,0.5619130730628967,-3.8914079666137695,-0.016302743926644325,-1.5224108695983887,-0.4725763201713562,0.10489299148321152
25.700000000000884,1.5252361,-3.7716408,0,11.9180908203125,9.628372192382812,-2.579345703125,0.5502238273620605,-3.8958892822265625,-0.015492641367018223,-1.5183095932006836,-0.4609258472919464,0.10060285776853561
25.700000000000884,1.5252361,-3.7716408,0,11.9229736328125,9.596333503723145,-2.5795440673828125,0.5385189056396484,-3.9003496170043945,-0.01474275253713131,-1.5269757509231567,-0.44607794284820557,0.09250640124082565
25.700000000000884,1.5252361,-3.7716408,0,11.927738189697266,9.564281463623047,-2.5797271728515625,0.5267953276634216,-3.9047272205352783,-0.013978096656501293,-1.527103304862976,-0.4386940598487854,0.09407195448875427
25.700000000000884,1.5252361,-3.7716408,0,11.936921119689941,9.500134468078613,-2.5800628662109375,0.5033308863639832,-3.913074016571045,-0.012202462181448936,-1.52059006690979,-0.4064197838306427,0.1141400933265686
26.307963267948974,1.3846034,-3.949678,0,11.941384315490723,9.467952728271484,-2.5802001953125,0.49167123436927795,-3.917100667953491,-0.011255756951868534,-1.5157477855682373,-0.392331063747406,0.11583743244409561
26.307963267948974,1.3846034,-3.949678,0,11.945733070373535,9.435760498046875,-2.5803375244140625,0.4799703359603882,-3.9209022521972656,-0.010310580022633076,-1.5188556909561157,-0.3670671582221985,0.11573033034801483
26.307963267948974,1.3846034,-3.949678,0,11.949966430664062,9.403559684753418,-2.5804595947265625,0.46823421120643616,-3.924461603164673,-0.009349660016596317,-1.5212723016738892,-0.3396037518978119,0.11777877062559128
26.307963267948974,1.3846034,-3.949678,0,11.958138465881348,9.339057922363281,-2.5806732177734375,0.44475942850112915,-3.9311399459838867,-0.007330610416829586,-1.5203744173049927,-0.2987540662288666,0.1243622899055481
26.307963267948974,1.3846034,-3.949678,0,11.962102890014648,9.306751251220703,-2.58074951171875,0.4328908622264862,-3.9344465732574463,-0.007433694787323475,-1.5388060808181763,-0.30267298221588135,-0.017134005203843117
26.307963267948974,1.3846034,-3.949678,0,11.965950012207031,9.274438858032227,-2.580841064453125,0.42083460092544556,-3.9376978874206543,-0.008986640721559525,-1.560283899307251,-0.2986864149570465,-0.19823339581489563
26.307963267948974,1.3846034,-3.949678,0,11.969679832458496,9.242121696472168,-2.5809326171875,0.4087943434715271,-3.940842628479004,-0.010892629623413086,-1.5563619136810303,-0.28824537992477417,-0.24223372340202332
26.307963267948974,1.3846034,-3.949678,0,11.976869583129883,9.177348136901855,-2.581146240234375,0.3847906291484833,-3.946937322616577,-0.014231801964342594,-1.5466063022613525,-0.2707822620868683,-0.20757828652858734
26.307963267948974,1.3846034,-3.949678,0,11.980290412902832,9.144956588745117,-2.581268310546875,0.37284648418426514,-3.9498839378356934,-0.015852004289627075,-1.541190505027771,-0.26471805572509766,-0.20718619227409363
26.60796326794898,1.3152429,-4.0314293,0,11.983595848083496,9.112561225891113,-2.5814056396484375,0.3609178364276886,-3.9528915882110596,-0.017285440117120743,-1.5374683141708374,-0.2751157879829407,-0.183695450425148
26.60796326794898,1.3152429,-4.0314293,0,11.986822128295898,9.080089569091797,-2.58154296875,0.349086731672287,-3.955988883972168,-0.018456613644957542,-1.5254415273666382,-0.28091004490852356,-0.15137949585914612
26.60796326794898,1.3152429,-4.0314293,0,11.99295711517334,9.015124320983887,-2.5818328857421875,0.3255789875984192,-3.9625043869018555,-0.019774166867136955,-1.508337378501892,-0.3080560266971588,-0.06459885835647583
26.60796326794898,1.3152429,-4.0314293,0,11.995867729187012,8.98262882232666,-2.5819854736328125,0.31389057636260986,-3.965839385986328,-0.019908061251044273,-1.5058120489120483,-0.3144674301147461,-0.02157594822347164
26.60796326794898,1.3152429,-4.0314293,0,11.99869155883789,8.950066566467285,-2.5821533203125,0.3022860884666443,-3.9692509174346924,-0.019732069224119186,-1.4950639009475708,-0.32065069675445557,0.01822085864841938
26.60796326794898,1.3152429,-4.0314293,0,12.001402854919434,8.917498588562012,-2.5823211669921875,0.29067501425743103,-3.972709894180298,-0.019372589886188507,-1.4941937923431396,-0.3292877972126007,0.0412696935236454
26.60796326794898,1.3152429,-4.0314293,0,12.006491661071777,8.852339744567871,-2.5826263427734375,0.26741984486579895,-3.979685068130493,-0.017876120284199715,-1.4930983781814575,-0.34077709913253784,0.09998166561126709
26.60796326794898,1.3152429,-4.0314293,0,12.008890151977539,8.81968879699707,-2.582794189453125,0.2558061480522156,-3.9833626747131348,-0.01743033528327942,-1.4903541803359985,-0.35825031995773315,0.05309097096323967
26.60796326794898,1.3152429,-4.0314293,0,12.011177062988281,8.787029266357422,-2.5829620361328125,0.24408936500549316,-3.987170934677124,-0.017498541623353958,-1.501682162284851,-0.37719106674194336,-0.011079478077590466
26.60796326794898,1.3152429,-4.0314293,0,12.013352394104004,8.754358291625977,-2.5831146240234375,0.23235903680324554,-3.9910120964050293,-0.017513394355773926,-1.5018588304519653,-0.3838006258010864,-0.0043348404578864574
27.007963267948984,1.2235979,-4.1340165,0,12.017431259155273,8.688899993896484,-2.5834503173828125,0.20887815952301025,-3.9987313747406006,-0.01721087656915188,-1.4974581003189087,-0.3862188458442688,0.014555639587342739
27.007963267948984,1.2235979,-4.1340165,0,12.019311904907227,8.656121253967285,-2.5836181640625,0.1971205770969391,-4.0026960372924805,-0.01703496277332306,-1.5039892196655273,-0.3950961232185364,0.019517725333571434
27.007963267948984,1.2235979,-4.1340165,0,12.02108097076416,8.623330116271973,-2.583770751953125,0.18535847961902618,-4.006711006164551,-0.016799980774521828,-1.5030804872512817,-0.4040083587169647,0.02697296254336834
27.007963267948984,1.2235979,-4.1340165,0,12.022740364074707,8.590526580810547,-2.5839385986328125,0.1736213117837906,-4.01074743270874,-0.016381632536649704,-1.4985259771347046,-0.4093051850795746,0.05007581412792206
27.007963267948984,1.2235979,-4.1340165,0,12.025752067565918,8.524832725524902,-2.5842437744140625,0.1502290815114975,-4.0189032554626465,-0.015041598118841648,-1.4922046661376953,-0.41687679290771484,0.09177671372890472
27.007963267948984,1.2235979,-4.1340165,0,12.027105331420898,8.491942405700684,-2.5843963623046875,0.13854831457138062,-4.022941589355469,-0.014087602496147156,-1.4887980222702026,-0.41202664375305176,0.11670449376106262
27.007963267948984,1.2235979,-4.1340165,0,12.028371810913086,8.459028244018555,-2.58453369140625,0.1268933266401291,-4.026941776275635,-0.012995457276701927,-1.4869593381881714,-0.40553250908851624,0.13373231887817383
27.007963267948984,1.2235979,-4.1340165,0,12.029529571533203,8.426102638244629,-2.58465576171875,0.1151580736041069,-4.030978202819824,-0.012534962967038155,-1.4956560134887695,-0.4127856492996216,0.054865606129169464
27.007963267948984,1.2235979,-4.1340165,0,12.031579971313477,8.360090255737305,-2.5848846435546875,0.09136037528514862,-4.039381980895996,-0.01349619496613741,-1.5186406373977661,-0.4362340271472931,-0.07195863127708435
27.007963267948984,1.2235979,-4.1340165,0,12.032439231872559,8.327062606811523,-2.58502197265625,0.0794968456029892,-4.043505668640137,-0.013815413229167461,-1.510452151298523,-0.4249899685382843,-0.042904630303382874
27.50796326794899,1.1107682,-4.252296,0,12.03318977355957,8.294020652770996,-2.58514404296875,0.06767070293426514,-4.047596454620361,-0.014016465283930302,-1.5045456886291504,-0.4234555661678314,-0.028036067262291908
27.50796326794899,1.1107682,-4.252296,0,12.033849716186523,8.26089859008789,-2.58526611328125,0.05583307519555092,-4.051757335662842,-0.01422861497849226,-1.5062074661254883,-0.42703282833099365,-0.03067450411617756
27.50796326794899,1.1107682,-4.252296,0,12.034843444824219,8.194612503051758,-2.58551025390625,0.032261282205581665,-4.060056686401367,-0.014326697215437889,-1.494891881942749,-0.4293399155139923,0.0028088686522096395
27.50796326794899,1.1107682,-4.252296,0,12.035200119018555,8.16143798828125,-2.5856170654296875,0.020550820976495743,-4.064285755157471,-0.014096981845796108,-1.4894859790802002,-0.4389604926109314,0.024648381397128105
27.50796326794899,1.1107682,-4.252296,0,12.03546142578125,8.12817668914795,-2.5857086181640625,0.008905217051506042,-4.068534851074219,-0.013537348248064518,-1.4805397987365723,-0.43575993180274963,0.0643082857131958
27.50796326794899,1.1107682,-4.252296,0,12.035615921020508,8.094901084899902,-2.5858154296875,-0.002728342544287443,-4.072803497314453,-0.012736858800053596,-1.4778883457183838,-0.44098180532455444,0.09491666406393051
27.50796326794899,1.1107682,-4.252296,0,12.035605430603027,8.028306007385254,-2.5860137939453125,-0.025877567008137703,-4.081323146820068,-0.011719785630702972,-1.4760538339614868,-0.45405468344688416,0.003907363396137953
27.50796326794899,1.1107682,-4.252296,0,12.035449028015137,7.9948835372924805,-2.5860748291015625,-0.03766310587525368,-4.085853099822998,-0.012654085643589497,-1.4929965734481812,-0.47009238600730896,-0.12405215948820114
27.50796326794899,1.1107682,-4.252296,0,12.035184860229492,7.961445331573486,-2.586151123046875,-0.04948645830154419,-4.090447902679443,-0.013803927227854729,-1.4967195987701416,-0.4809008240699768,-0.15077924728393555
27.50796326794899,1.1107682,-4.252296,0,12.034814834594727,7.927989959716797,-2.58624267578125,-0.06121617928147316,-4.095066070556641,-0.014741390012204647,-1.4840443134307861,-0.48640182614326477,-0.12402281910181046
27.907963267948997,1.0224051,-4.3391924,0,12.033791542053223,7.860914707183838,-2.586395263671875,-0.0845596119761467,-4.104475975036621,-0.01650679111480713,-1.4780702590942383,-0.4972701072692871,-0.11897458881139755
27.907963267948997,1.0224051,-4.3391924,0,12.033138275146484,7.827293872833252,-2.5864715576171875,-0.09623658657073975,-4.109370231628418,-0.017254356294870377,-1.4769086837768555,-0.5130684971809387,-0.1022564172744751
27.907963267948997,1.0224051,-4.3391924,0,12.032380104064941,7.793654441833496,-2.5865631103515625,-0.10784421116113663,-4.114341735839844,-0.017754342406988144,-1.4673080444335938,-0.5253689289093018,-0.07105571776628494
27.907963267948997,1.0224051,-4.3391924,0,12.031517028808594,7.759994983673096,-2.5866546630859375,-0.11938489973545074,-4.119338512420654,-0.017911864444613457,-1.4580318927764893,-0.5311510562896729,-0.028001608327031136
27.907963267948997,1.0224051,-4.3391924,0,12.029523849487305,7.692413330078125,-2.5867767333984375,-0.14219796657562256,-4.129895210266113,-0.017942100763320923,-1.4434690475463867,-0.5707178115844727,-0.04038260877132416
27.907963267948997,1.0224051,-4.3391924,0,12.028371810913086,7.658588886260986,-2.5868377685546875,-0.15366250276565552,-4.135532855987549,-0.018810594454407692,-1.4464493989944458,-0.6081250309944153,-0.11809961497783661
27.907963267948997,1.0224051,-4.3391924,0,12.027117729187012,7.624740123748779,-2.5869293212890625,-0.16517096757888794,-4.141299724578857,-0.019781865179538727,-1.4511035680770874,-0.6270631551742554,-0.13067060708999634
27.907963267948997,1.0224051,-4.3391924,0,12.025763511657715,7.590747833251953,-2.5869903564453125,-0.17665210366249084,-4.147262096405029,-0.020516280084848404,-1.4457863569259644,-0.6414444446563721,-0.10277236998081207
27.907963267948997,1.0224051,-4.3391924,0,12.022790908813477,7.5226664543151855,-2.587127685546875,-0.19941766560077667,-4.159599304199219,-0.021667692810297012,-1.4310318231582642,-0.6756640076637268,-0.08018966019153595
27.907963267948997,1.0224051,-4.3391924,0,12.02115249633789,7.488583087921143,-2.58721923828125,-0.2107464224100113,-4.165921688079834,-0.02208910882472992,-1.4267901182174683,-0.6910372972488403,-0.06295134872198105
28.307963267949003,0.93611044,-4.4195137,0,12.01941204071045,7.454470157623291,-2.587310791015625,-0.2220158874988556,-4.17238187789917,-0.022215286269783974,-1.418625831604004,-0.7109715938568115,-0.025752929970622063
28.307963267949003,0.93611044,-4.4195137,0,12.017581939697266,7.42022180557251,-2.587371826171875,-0.23322457075119019,-4.179063320159912,-0.022035282105207443,-1.4095733165740967,-0.729518473148346,0.010679940693080425
28.307963267949003,0.93611044,-4.4195137,0,12.013623237609863,7.351630687713623,-2.5874786376953125,-0.25548985600471497,-4.192619323730469,-0.020634852349758148,-1.3976095914840698,-0.7536890506744385,0.09079882502555847
28.307963267949003,0.93611044,-4.4195137,0,12.011495590209961,7.317286014556885,-2.5875244140625,-0.2665783762931824,-4.199387550354004,-0.01959926262497902,-1.3925126791000366,-0.7488839030265808,0.1184362843632698
28.307963267949003,0.93611044,-4.4195137,0,12.009294509887695,7.282780647277832,-2.5875396728515625,-0.277697890996933,-4.206535339355469,-0.019118301570415497,-1.3965342044830322,-0.7815961241722107,0.04653818532824516
28.307963267949003,0.93611044,-4.4195137,0,12.006994247436523,7.248240947723389,-2.587554931640625,-0.28890740871429443,-4.21390438079834,-0.01941481977701187,-1.4071286916732788,-0.8124529123306274,-0.05025835335254669
28.307963267949003,0.93611044,-4.4195137,0,12.002096176147461,7.179050445556641,-2.58758544921875,-0.3111725449562073,-4.2287983894348145,-0.019900314509868622,-1.3904601335525513,-0.8304934501647949,-0.029820015653967857
28.307963267949003,0.93611044,-4.4195137,0,11.999502182006836,7.144279956817627,-2.58758544921875,-0.32228514552116394,-4.236431121826172,-0.019917277619242668,-1.3921869993209839,-0.8404439687728882,-0.0164229404181242
28.307963267949003,0.93611044,-4.4195137,0,11.996809959411621,7.109472751617432,-2.5876007080078125,-0.3333495259284973,-4.244050025939941,-0.01988964155316353,-1.3856252431869507,-0.8419064879417419,-0.0104377968236804
28.307963267949003,0.93611044,-4.4195137,0,11.99402141571045,7.07462739944458,-2.5876007080078125,-0.34437260031700134,-4.251710891723633,-0.019765282049775124,-1.379940390586853,-0.8503578901290894,0.001904088887386024
28.707963267949008,0.85258293,-4.49321,0,11.988158226013184,7.004703521728516,-2.58758544921875,-0.3662227392196655,-4.267210006713867,-0.01880674622952938,-1.3655567169189453,-0.8587841391563416,0.06357207149267197
28.707963267949008,0.85258293,-4.49321,0,11.985107421875,6.969616413116455,-2.5875701904296875,-0.37698742747306824,-4.2750420570373535,-0.01793653890490532,-1.3483268022537231,-0.8629907369613647,0.09421491622924805
28.707963267949008,0.85258293,-4.49321,0,11.981962203979492,6.934491157531738,-2.5875396728515625,-0.3876535892486572,-4.2828545570373535,-0.016785748302936554,-1.335513710975647,-0.8639342188835144,0.12970761954784393
28.707963267949008,0.85258293,-4.49321,0,11.97872257232666,6.899326801300049,-2.5875244140625,-0.3983074128627777,-4.290632247924805,-0.015439626760780811,-1.3334845304489136,-0.8628143072128296,0.15453433990478516
28.707963267949008,0.85258293,-4.49321,0,11.971966743469238,6.828583717346191,-2.58740234375,-0.4193150997161865,-4.306149005889893,-0.012254089117050171,-1.3084580898284912,-0.8417149782180786,0.1911925971508026
28.707963267949008,0.85258293,-4.49321,0,11.968451499938965,6.793157577514648,-2.58734130859375,-0.42972564697265625,-4.31374454498291,-0.010467933490872383,-1.3013174533843994,-0.8324706554412842,0.20919738709926605
28.707963267949008,0.85258293,-4.49321,0,11.964845657348633,6.75769567489624,-2.5872650146484375,-0.44017696380615234,-4.321354389190674,-0.009398812428116798,-1.3060152530670166,-0.8376511335372925,0.11997389793395996
28.707963267949008,0.85258293,-4.49321,0,11.96114444732666,6.7220330238342285,-2.587158203125,-0.4506373703479767,-4.329174041748047,-0.00918665248900652,-1.305830955505371,-0.84765625,0.01100869756191969
28.707963267949008,0.85258293,-4.49321,0,11.953493118286133,6.650595664978027,-2.58697509765625,-0.47149622440338135,-4.344419002532959,-0.009007152169942856,-1.297969937324524,-0.8182820081710815,0.004476867150515318
29.107963267949014,0.7725428,-4.5602536,0,11.949543952941895,6.614821434020996,-2.586883544921875,-0.48176658153533936,-4.351845741271973,-0.008748729713261127,-1.2836897373199463,-0.8057936429977417,0.018024815246462822
29.107963267949014,0.7725428,-4.5602536,0,11.945496559143066,6.578847408294678,-2.586761474609375,-0.4920199513435364,-4.3593058586120605,-0.008484740741550922,-1.2800943851470947,-0.7936332821846008,0.016021540388464928
29.107963267949014,0.7725428,-4.5602536,0,11.941360473632812,6.542842388153076,-2.586639404296875,-0.5021277070045471,-4.36663293838501,-0.00823751650750637,-1.2615565061569214,-0.7808205485343933,0.014457850717008114
29.107963267949014,0.7725428,-4.5602536,0,11.932832717895508,6.4707417488098145,-2.586395263671875,-0.5219646692276001,-4.380925178527832,-0.0071811433881521225,-1.230571985244751,-0.7541105151176453,0.06411736458539963
29.107963267949014,0.7725428,-4.5602536,0,11.928425788879395,6.434493541717529,-2.58624267578125,-0.531749963760376,-4.387986183166504,-0.006328260526061058,-1.2188917398452759,-0.7407150268554688,0.08918530493974686
29.107963267949014,0.7725428,-4.5602536,0,11.92393684387207,6.398218631744385,-2.586090087890625,-0.5414126515388489,-4.394887447357178,-0.005341683514416218,-1.2033013105392456,-0.7247143387794495,0.10638637095689774
29.107963267949014,0.7725428,-4.5602536,0,11.919364929199219,6.361917972564697,-2.5859375,-0.5509388446807861,-4.401609420776367,-0.0041468082927167416,-1.1859859228134155,-0.706105649471283,0.13289833068847656
29.107963267949014,0.7725428,-4.5602536,0,11.910025596618652,6.289226531982422,-2.5856170654296875,-0.569549024105072,-4.414498329162598,-0.0015358882956206799,-1.150804877281189,-0.6589483022689819,0.15486682951450348
29.107963267949014,0.7725428,-4.5602536,0,11.90523910522461,6.252714157104492,-2.5854339599609375,-0.5787756443023682,-4.420796871185303,-0.0001266630133613944,-1.1508017778396606,-0.6455804109573364,0.15958817303180695
29.107963267949014,0.7725428,-4.5602536,0,11.900374412536621,6.216180801391602,-2.5852508544921875,-0.5879377722740173,-4.42701530456543,0.0005863780388608575,-1.1424428224563599,-0.639346718788147,0.07301940768957138
29.60796326794902,0.67894554,-4.6343546,0,11.895431518554688,6.179625988006592,-2.5850677490234375,-0.5970808267593384,-4.433112144470215,0.0004580657696351409,-1.1397755146026611,-0.6279502511024475,-0.03171059861779213
29.60796326794902,0.67894554,-4.6343546,0,11.885331153869629,6.106316089630127,-2.584686279296875,-0.6151138544082642,-4.444909572601318,3.163758083246648e-05,-1.1189708709716797,-0.5911861062049866,-0.031310129910707474
29.60796326794902,0.67894554,-4.6343546,0,11.88017463684082,6.069564342498779,-2.5844879150390625,-0.623969316482544,-4.450567245483398,-5.7789351558312774e-05,-1.104659080505371,-0.5673736333847046,-0.027970409020781517
29.60796326794902,0.67894554,-4.6343546,0,11.874964714050293,6.032789707183838,-2.58428955078125,-0.6326502561569214,-4.456110954284668,-0.0001691844081506133,-1.0851320028305054,-0.5538936853408813,-0.030242836102843285
29.60796326794902,0.67894554,-4.6343546,0,11.869680404663086,5.995999813079834,-2.5841217041015625,-0.6412113904953003,-4.461479663848877,-0.00023606351169291884,-1.0697803497314453,-0.5357853174209595,-0.02387491799890995
29.60796326794902,0.67894554,-4.6343546,0,11.85894775390625,5.922112941741943,-2.5837249755859375,-0.6578957438468933,-4.4720306396484375,2.4712106096558273e-05,-1.0338611602783203,-0.5079428553581238,0.012253875844180584
29.60796326794902,0.67894554,-4.6343546,0,11.853474617004395,5.885152339935303,-2.583526611328125,-0.6661252379417419,-4.4771504402160645,-0.00040661607636138797,-1.0298813581466675,-0.5004985332489014,-0.07043778151273727
29.60796326794902,0.67894554,-4.6343546,0,11.847930908203125,5.848179340362549,-2.583343505859375,-0.6743575930595398,-4.482283115386963,-0.0017934303032234311,-1.0298081636428833,-0.5058882236480713,-0.18942122161388397
29.60796326794902,0.67894554,-4.6343546,0,11.842344284057617,5.81106424331665,-2.5831451416015625,-0.682466447353363,-4.487566947937012,-0.003205744782462716,-1.016530156135559,-0.5137137770652771,-0.19444803893566132
29.60796326794902,0.67894554,-4.6343546,0,11.830962181091309,5.736800193786621,-2.5828094482421875,-0.6982609629631042,-4.497930526733398,-0.005495033692568541,-0.9813109040260315,-0.5071276426315308,-0.15233781933784485
30.007963267949027,0.6091188,-4.6866913,0,11.825188636779785,5.699643611907959,-2.582672119140625,-0.7060209512710571,-4.503085136413574,-0.006544770672917366,-0.973893940448761,-0.5064753293991089,-0.1474614143371582
30.007963267949027,0.6091188,-4.6866913,0,11.819356918334961,5.662332534790039,-2.5825042724609375,-0.7135944962501526,-4.508326530456543,-0.007523668464273214,-0.9508137106895447,-0.5054805278778076,-0.14033260941505432
30.007963267949027,0.6091188,-4.6866913,0,11.813460350036621,5.625010967254639,-2.5823516845703125,-0.7210840582847595,-4.51362419128418,-0.008244303055107594,-0.9398000836372375,-0.5164632797241211,-0.10755983740091324
30.007963267949027,0.6091188,-4.6866913,0,11.801474571228027,5.550331115722656,-2.58209228515625,-0.7357946038246155,-4.524266719818115,-0.008725030347704887,-0.9162505865097046,-0.5272805690765381,-0.025464685633778572
30.007963267949027,0.6091188,-4.6866913,0,11.795401573181152,5.512842178344727,-2.5819549560546875,-0.7430216670036316,-4.52965784072876,-0.008473888970911503,-0.9071022868156433,-0.5253530740737915,0.014147254638373852
30.007963267949027,0.6091188,-4.6866913,0,11.789266586303711,5.475342273712158,-2.581817626953125,-0.7501750588417053,-4.5350518226623535,-0.007983854040503502,-0.8973754644393921,-0.5295528769493103,0.0444767028093338
30.007963267949027,0.6091188,-4.6866913,0,11.78307056427002,5.437829494476318,-2.5816802978515625,-0.7572211027145386,-4.540463447570801,-0.0073308683931827545,-0.8834439516067505,-0.5356124043464661,0.06537278741598129
30.007963267949027,0.6091188,-4.6866913,0,11.776813507080078,5.400304317474365,-2.5815582275390625,-0.7642446756362915,-4.545896530151367,-0.007162546273320913,-0.8801300525665283,-0.5421470403671265,0.005235429387539625
30.007963267949027,0.6091188,-4.6866913,0,11.764167785644531,5.324944019317627,-2.5812835693359375,-0.7781819105148315,-4.557299613952637,-0.008230200037360191,-0.8703373074531555,-0.5714412331581116,-0.0821663960814476
30.007963267949027,0.6091188,-4.6866913,0,11.757755279541016,5.287242412567139,-2.5811614990234375,-0.784997820854187,-4.562982082366943,-0.008627619594335556,-0.8557596802711487,-0.5692217350006104,-0.06509897857904434
30.507963267949034,0.5293501,-4.7433987,0,11.751283645629883,5.2495269775390625,-2.5810546875,-0.7917504906654358,-4.5685954093933105,-0.008867223747074604,-0.8473228812217712,-0.5644497275352478,-0.04494236409664154
30.507963267949034,0.5293501,-4.7433987,0,11.738202095031738,5.173831939697266,-2.580810546875,-0.805027425289154,-4.579915523529053,-0.009257289581000805,-0.830481767654419,-0.5672729015350342,-0.032893843948841095
30.507963267949034,0.5293501,-4.7433987,0,11.731575965881348,5.1359639167785645,-2.580718994140625,-0.8115305304527283,-4.5856032371521,-0.009281310252845287,-0.8169094324111938,-0.5738462209701538,-0.017354262992739677
30.507963267949034,0.5293501,-4.7433987,0,11.724893569946289,5.098081111907959,-2.58062744140625,-0.8179382085800171,-4.591221809387207,-0.009024708531796932,-0.8044516444206238,-0.5689975619316101,0.018129123374819756
30.507963267949034,0.5293501,-4.7433987,0,11.718155860900879,5.060183048248291,-2.580535888671875,-0.8243886232376099,-4.596962928771973,-0.009380195289850235,-0.8092721700668335,-0.5881035327911377,-0.057984139770269394
30.507963267949034,0.5293501,-4.7433987,0,11.704597473144531,4.984111309051514,-2.5803375244140625,-0.8371574878692627,-4.608930587768555,-0.01198242511600256,-0.8001699447631836,-0.6200050115585327,-0.18019135296344757
30.507963267949034,0.5293501,-4.7433987,0,11.697735786437988,4.946049690246582,-2.5802764892578125,-0.8434144258499146,-4.614943504333496,-0.013035247102379799,-0.788822591304779,-0.6205525398254395,-0.14519597589969635
30.507963267949034,0.5293501,-4.7433987,0,11.69081974029541,4.907969951629639,-2.5802154541015625,-0.849582314491272,-4.620966911315918,-0.014005348086357117,-0.7771087288856506,-0.6256869435310364,-0.1344596892595291
30.507963267949034,0.5293501,-4.7433987,0,11.683878898620605,4.869752407073975,-2.58013916015625,-0.8557325005531311,-4.627172470092773,-0.014880766160786152,-0.7777504324913025,-0.6399299502372742,-0.12322607636451721
30.507963267949034,0.5293501,-4.7433987,0,11.676884651184082,4.831517219543457,-2.580078125,-0.8618516325950623,-4.633395195007324,-0.015623715706169605,-0.7732425332069397,-0.6459636092185974,-0.10626623034477234
30.90796326794904,0.4713485,-4.7825522,0,11.662736892700195,4.754988193511963,-2.579986572265625,-0.8738256096839905,-4.646034240722656,-0.0162816159427166,-0.7472126483917236,-0.6654115319252014,-0.02928217686712742
30.90796326794904,0.4713485,-4.7825522,0,11.655623435974121,4.716558456420898,-2.5799407958984375,-0.8796259760856628,-4.652495384216309,-0.016129422932863235,-0.7364663481712341,-0.6716902852058411,0.006153713446110487
30.90796326794904,0.4713485,-4.7825522,0,11.648459434509277,4.678109169006348,-2.57989501953125,-0.8853794932365417,-4.658980369567871,-0.015727665275335312,-0.7299354076385498,-0.6785075664520264,0.03772088885307312
30.90796326794904,0.4713485,-4.7825522,0,11.633978843688965,4.60114860534668,-2.5797882080078125,-0.8966666460037231,-4.671916961669922,-0.014013340696692467,-0.7081910371780396,-0.6816759705543518,0.10971072316169739
30.90796326794904,0.4713485,-4.7825522,0,11.62667465209961,4.562503814697266,-2.5797271728515625,-0.90214604139328,-4.678380966186523,-0.012854298576712608,-0.6951202154159546,-0.6729949116706848,0.1326352208852768
30.90796326794904,0.4713485,-4.7825522,0,11.619321823120117,4.523839950561523,-2.57965087890625,-0.9075856804847717,-4.684797286987305,-0.011545248329639435,-0.6895155906677246,-0.6709458827972412,0.15174409747123718
30.90796326794904,0.4713485,-4.7825522,0,11.611921310424805,4.485157012939453,-2.5795745849609375,-0.9129552245140076,-4.6911139488220215,-0.010148150846362114,-0.6801533102989197,-0.6623075604438782,0.1630987823009491
30.90796326794904,0.4713485,-4.7825522,0,11.5969877243042,4.407588005065918,-2.579376220703125,-0.923719048500061,-4.703808307647705,-0.009256923571228981,-0.6819366812705994,-0.6614471077919006,-0.005420296918600798
30.90796326794904,0.4713485,-4.7825522,0,11.589466094970703,4.368699550628662,-2.57928466796875,-0.9289852976799011,-4.710111141204834,-0.009338212199509144,-0.6681299805641174,-0.6555191278457642,-0.022001096978783607
30.90796326794904,0.4713485,-4.7825522,0,11.58189868927002,4.329793930053711,-2.579193115234375,-0.9341955184936523,-4.716254234313965,-0.009279347024857998,-0.660529375076294,-0.6393716931343079,-0.004136934410780668
31.407963267949118,0.4070345,-4.823827,0,11.574286460876465,4.290871620178223,-2.5791015625,-0.9393044710159302,-4.7223334312438965,-0.009143844246864319,-0.6472910642623901,-0.6350909471511841,0.0058598811738193035
31.407963267949118,0.4070345,-4.823827,0,11.558976173400879,4.2126898765563965,-2.5789031982421875,-0.9491906762123108,-4.734095573425293,-0.008707232773303986,-0.6224132180213928,-0.5905550718307495,0.01923460327088833
31.407963267949118,0.4070345,-4.823827,0,11.551255226135254,4.173580646514893,-2.5788116455078125,-0.954054057598114,-4.739697456359863,-0.008316317573189735,-0.6170549988746643,-0.5721341371536255,0.03753555566072464
31.407963267949118,0.4070345,-4.823827,0,11.543492317199707,4.134459018707275,-2.5787200927734375,-0.9588150382041931,-4.74523401260376,-0.007693858351558447,-0.603679358959198,-0.5678319334983826,0.06681773066520691
31.407963267949118,0.4070345,-4.823827,0,11.535712242126465,4.09518575668335,-2.5785980224609375,-0.9634443521499634,-4.750732898712158,-0.006904581096023321,-0.5894818305969238,-0.5527719855308533,0.08682114630937576
31.407963267949118,0.4070345,-4.823827,0,11.520041465759277,4.016610622406006,-2.578369140625,-0.9722841382026672,-4.761200428009033,-0.004958507604897022,-0.5503154397010803,-0.5200973749160767,0.11774896830320358
31.407963267949118,0.4070345,-4.823827,0,11.512154579162598,3.977309465408325,-2.5782470703125,-0.9765974879264832,-4.766295433044434,-0.004646513611078262,-0.5501106977462769,-0.5129595398902893,0.028296371921896935
31.407963267949118,0.4070345,-4.823827,0,11.504247665405273,3.937856435775757,-2.5781097412109375,-0.9809280037879944,-4.771430969238281,-0.005256523843854666,-0.553857147693634,-0.5069974660873413,-0.0876239463686943
31.407963267949118,0.4070345,-4.823827,0,11.496301651000977,3.898397207260132,-2.5779876708984375,-0.9851726293563843,-4.776477813720703,-0.006083457265049219,-0.5424853563308716,-0.4997766613960266,-0.11440692096948624
31.907963267949196,0.35232186,-4.857031,0,11.480297088623047,3.819462776184082,-2.5777740478515625,-0.9933148622512817,-4.7860517501831055,-0.007138027343899012,-0.5132764577865601,-0.4660726487636566,-0.07175048440694809
31.907963267949196,0.35232186,-4.857031,0,11.47223949432373,3.7799882888793945,-2.5776824951171875,-0.997233510017395,-4.790656089782715,-0.007627796847373247,-0.49991175532341003,-0.45538637042045593,-0.07133185118436813
31.907963267949196,0.35232186,-4.857031,0,11.464179992675781,3.7403738498687744,-2.57757568359375,-1.0009994506835938,-4.795287132263184,-0.008011482656002045,-0.48364004492759705,-0.44795554876327515,-0.059166453778743744
31.907963267949196,0.35232186,-4.857031,0,11.456086158752441,3.7007570266723633,-2.5774688720703125,-1.004697322845459,-4.799849510192871,-0.008256155997514725,-0.47445836663246155,-0.4429856240749359,-0.04159193113446236
31.907963267949196,0.35232186,-4.857031,0,11.43982219696045,3.6215107440948486,-2.5772857666015625,-1.0116896629333496,-4.808647155761719,-0.008051243610680103,-0.44491633772850037,-0.4246968626976013,0.021595505997538567
31.907963267949196,0.35232186,-4.857031,0,11.431683540344238,3.5817525386810303,-2.5771636962890625,-1.015005111694336,-4.812989234924316,-0.007503347471356392,-0.43132275342941284,-0.41153132915496826,0.056803688406944275
31.907963267949196,0.35232186,-4.857031,0,11.42351245880127,3.541994094848633,-2.5770416259765625,-1.0182260274887085,-4.81723690032959,-0.006779768969863653,-0.4187270998954773,-0.40349775552749634,0.07909861952066422
31.907963267949196,0.35232186,-4.857031,0,11.415311813354492,3.5022358894348145,-2.5769195556640625,-1.0213555097579956,-4.821331977844238,-0.005931309424340725,-0.40653905272483826,-0.38802802562713623,0.09503494203090668
31.907963267949196,0.35232186,-4.857031,0,11.39886474609375,3.422614336013794,-2.57666015625,-1.0272310972213745,-4.829033374786377,-0.0038752208929508924,-0.37809428572654724,-0.34994497895240784,0.12615880370140076
31.907963267949196,0.35232186,-4.857031,0,11.390619277954102,3.382753610610962,-2.576507568359375,-1.0300211906433105,-4.832810878753662,-0.0034690441098064184,-0.3673144280910492,-0.3479626774787903,0.03964872658252716
32.40796326794927,0.30728814,-4.8828726,0,11.382356643676758,3.3428943157196045,-2.5763702392578125,-1.03280770778656,-4.836511135101318,-0.003995090257376432,-0.36767080426216125,-0.34124934673309326,-0.07638334482908249
32.40796326794927,0.30728814,-4.8828726,0,11.374066352844238,3.3030381202697754,-2.5762481689453125,-1.035434365272522,-4.840212345123291,-0.004657028242945671,-0.3468311131000519,-0.3446499705314636,-0.09306519478559494
32.40796326794927,0.30728814,-4.8828726,0,11.357495307922363,3.2231528759002686,-2.575958251953125,-1.0403132438659668,-4.847225189208984,-0.005470769479870796,-0.3207414150238037,-0.30665695667266846,-0.05715526267886162
32.40796326794927,0.30728814,-4.8828726,0,11.34917163848877,3.183218479156494,-2.575836181640625,-1.0426368713378906,-4.85053825378418,-0.005812712013721466,-0.31155726313591003,-0.29720163345336914,-0.05353986844420433
32.40796326794927,0.30728814,-4.8828726,0,11.34082317352295,3.143289804458618,-2.575714111328125,-1.044874668121338,-4.853729248046875,-0.006137175019830465,-0.29993852972984314,-0.28524166345596313,-0.05104299262166023
32.40796326794927,0.30728814,-4.8828726,0,11.332489013671875,3.1032724380493164,-2.5755615234375,-1.0470255613327026,-4.856878280639648,-0.006361081730574369,-0.29308539628982544,-0.2744315564632416,-0.040288545191287994
32.40796326794927,0.30728814,-4.8828726,0,11.315752029418945,3.0232608318328857,-2.5752716064453125,-1.0509631633758545,-4.862972259521484,-0.006029671058058739,-0.25989431142807007,-0.26607879996299744,0.02587912417948246
32.40796326794927,0.30728814,-4.8828726,0,11.30735969543457,2.983264923095703,-2.57513427734375,-1.0528388023376465,-4.866029739379883,-0.00628495030105114,-0.25720879435539246,-0.27276545763015747,-0.04299217462539673
32.40796326794927,0.30728814,-4.8828726,0,11.298992156982422,2.943173408508301,-2.5749664306640625,-1.054610252380371,-4.869217872619629,-0.00732498150318861,-0.24947687983512878,-0.28294673562049866,-0.1424853652715683
32.40796326794927,0.30728814,-4.8828726,0,11.290604591369629,2.9030888080596924,-2.5748291015625,-1.0562958717346191,-4.872341632843018,-0.008386626839637756,-0.23767027258872986,-0.27818211913108826,-0.14481878280639648
32.90796326794935,0.2722071,-4.902007,0,11.273771286010742,2.8229401111602783,-2.5745849609375,-1.0594123601913452,-4.878417015075684,-0.009800218045711517,-0.21629177033901215,-0.27064791321754456,-0.09167193621397018
32.90796326794935,0.2722071,-4.902007,0,11.265386581420898,2.782780885696411,-2.574432373046875,-1.060789942741394,-4.881495952606201,-0.010457919910550117,-0.2032487988471985,-0.2732871174812317,-0.09499955177307129
32.90796326794935,0.2722071,-4.902007,0,11.256982803344727,2.742628574371338,-2.574310302734375,-1.0620567798614502,-4.884622573852539,-0.011026640422642231,-0.18825837969779968,-0.2824369966983795,-0.08350144326686859
32.90796326794935,0.2722071,-4.902007,0,11.248562812805176,2.702482223510742,-2.574188232421875,-1.063308835029602,-4.887742519378662,-0.011419828049838543,-0.18528960645198822,-0.28463369607925415,-0.061195340007543564
32.90796326794935,0.2722071,-4.902007,0,11.24012565612793,2.662341594696045,-2.5740814208984375,-1.064429759979248,-4.890866279602051,-0.011535989120602608,-0.16778740286827087,-0.28802981972694397,-0.026213468983769417
32.90796326794935,0.2722071,-4.902007,0,11.22333812713623,2.581913471221924,-2.5738372802734375,-1.0662868022918701,-4.897305965423584,-0.010926504619419575,-0.14626926183700562,-0.2938057482242584,0.04236399754881859
32.90796326794935,0.2722071,-4.902007,0,11.214920997619629,2.5417068004608154,-2.5737152099609375,-1.0671402215957642,-4.900588035583496,-0.010978489182889462,-0.13909515738487244,-0.3092668056488037,-0.017601529136300087
32.90796326794935,0.2722071,-4.902007,0,11.206489562988281,2.5015029907226562,-2.5736236572265625,-1.067941427230835,-4.904011249542236,-0.011888028122484684,-0.13136234879493713,-0.3298327922821045,-0.12432084232568741
32.90796326794935,0.2722071,-4.902007,0,11.198044776916504,2.461300849914551,-2.5735321044921875,-1.0686805248260498,-4.907489776611328,-0.012828021310269833,-0.12243971973657608,-0.339653879404068,-0.12780864536762238
32.90796326794935,0.2722071,-4.902007,0,11.189654350280762,2.4210259914398193,-2.5734405517578125,-1.0693409442901611,-4.911002159118652,-0.01350659690797329,-0.11918497830629349,-0.3398078382015228,-0.09555322676897049
33.40796326794943,0.245259,-4.916083,0,11.172833442687988,2.340479612350464,-2.5732879638671875,-1.0704545974731445,-4.91813325881958,-0.014644891954958439,-0.09915813058614731,-0.3536337912082672,-0.07849837839603424
33.40796326794943,0.245259,-4.916083,0,11.164403915405273,2.300206184387207,-2.5732269287109375,-1.070918321609497,-4.921755790710449,-0.015137436799705029,-0.09079349786043167,-0.3621223568916321,-0.07135606557130814
33.40796326794943,0.245259,-4.916083,0,11.14765453338623,2.2195122241973877,-2.573089599609375,-1.0715683698654175,-4.929234504699707,-0.015416082926094532,-0.07407783716917038,-0.37667015194892883,-0.0073886471800506115
33.40796326794943,0.245259,-4.916083,0,11.139263153076172,2.1791629791259766,-2.5730438232421875,-1.0717586278915405,-4.933012962341309,-0.015123764984309673,-0.060993630439043045,-0.38300028443336487,0.027570871636271477
33.40796326794943,0.245259,-4.916083,0,11.130860328674316,2.138810873031616,-2.572998046875,-1.0719799995422363,-4.9367876052856445,-0.014614949934184551,-0.06359386444091797,-0.38514167070388794,0.05490751564502716
33.40796326794943,0.245259,-4.916083,0,11.122517585754395,2.0983846187591553,-2.57293701171875,-1.072087287902832,-4.9406280517578125,-0.013914674520492554,-0.05584714934229851,-0.38922247290611267,0.07942318171262741
33.40796326794943,0.245259,-4.916083,0,11.105799674987793,2.017524003982544,-2.5728302001953125,-1.0720888376235962,-4.948224067687988,-0.012671791948378086,-0.03333711996674538,-0.38544797897338867,0.0313720628619194
33.40796326794943,0.245259,-4.916083,0,11.097427368164062,1.9770888090133667,-2.572784423828125,-1.072021484375,-4.952070713043213,-0.013287023641169071,-0.029834043234586716,-0.398197740316391,-0.08427956700325012
33.40796326794943,0.245259,-4.916083,0,11.089123725891113,1.93657386302948,-2.57275390625,-1.0718613862991333,-4.9560370445251465,-0.014041973277926445,-0.026055704802274704,-0.40867879986763,-0.1010354533791542
33.40796326794943,0.245259,-4.916083,0,11.080810546875,1.8960553407669067,-2.572723388671875,-1.0716133117675781,-4.959906578063965,-0.014496810734272003,-0.013538387604057789,-0.39939630031585693,-0.06339418888092041
33.907963267949505,0.23009895,-4.924198,0,11.06416130065918,1.8150062561035156,-2.5726776123046875,-1.070824146270752,-4.967504024505615,-0.015118439681828022,0.00956304557621479,-0.3911563754081726,-0.044292300939559937
33.907963267949505,0.23009895,-4.924198,0,11.055889129638672,1.774398922920227,-2.5726776123046875,-1.0702961683273315,-4.97132682800293,-0.01528371311724186,0.018408702686429024,-0.3942577540874481,-0.026014165952801704
33.907963267949505,0.23009895,-4.924198,0,11.04761028289795,1.7337883710861206,-2.5726776123046875,-1.0697550773620605,-4.97509241104126,-0.015303724445402622,0.021605269983410835,-0.38965243101119995,-0.007686204742640257
33.907963267949505,0.23009895,-4.924198,0,11.039325714111328,1.6931743621826172,-2.5726776123046875,-1.069164752960205,-4.97880220413208,-0.015137954615056515,0.029269684106111526,-0.3851780295372009,0.015702562406659126
33.907963267949505,0.23009895,-4.924198,0,11.022791862487793,1.6118626594543457,-2.5727081298828125,-1.0677151679992676,-4.986113548278809,-0.013986102305352688,0.048778485506772995,-0.3742626905441284,0.079109326004982
33.907963267949505,0.23009895,-4.924198,0,11.014549255371094,1.5711685419082642,-2.5727386474609375,-1.0668448209762573,-4.989721775054932,-0.013183936476707458,0.060929786413908005,-0.37414610385894775,0.09716394543647766
33.907963267949505,0.23009895,-4.924198,0,11.006302833557129,1.5304714441299438,-2.57275390625,-1.0659334659576416,-4.993372440338135,-0.012962613254785538,0.06759481132030487,-0.38188743591308594,0.024667007848620415
33.907963267949505,0.23009895,-4.924198,0,10.998052597045898,1.4897701740264893,-2.572784423828125,-1.0649875402450562,-4.997047424316406,-0.013601822778582573,0.07343005388975143,-0.38726806640625,-0.08279503881931305
33.907963267949505,0.23009895,-4.924198,0,10.981642723083496,1.4082108736038208,-2.5728912353515625,-1.0627597570419312,-5.004236221313477,-0.014767243526875973,0.0934714823961258,-0.3695995509624481,-0.059219539165496826
33.907963267949505,0.23009895,-4.924198,0,10.973434448242188,1.3674272298812866,-2.57293701171875,-1.0615622997283936,-5.007690906524658,-0.015075720846652985,0.10384465754032135,-0.3602326512336731,-0.04085106402635574
34.40796326794958,0.22488594,-4.927471,0,10.965224266052246,1.3266408443450928,-2.5730133056640625,-1.060337781906128,-5.011130332946777,-0.01538763102144003,0.10869814455509186,-0.36054977774620056,-0.04120124131441116
34.40796326794958,0.22488594,-4.927471,0,10.957061767578125,1.2857873439788818,-2.5731048583984375,-1.0589548349380493,-5.014584064483643,-0.01566724292933941,0.12424010038375854,-0.35879218578338623,-0.03662285953760147
34.40796326794958,0.22488594,-4.927471,0,10.948898315429688,1.244931697845459,-2.5731964111328125,-1.0575227737426758,-5.018002986907959,-0.015694115310907364,0.1319340020418167,-0.35651320219039917,-0.0049723307602107525
34.40796326794958,0.22488594,-4.927471,0,10.940740585327148,1.2040765285491943,-2.5732879638671875,-1.0560652017593384,-5.021367073059082,-0.01554342545568943,0.13539758324623108,-0.3523174226284027,0.017480457201600075
34.40796326794958,0.22488594,-4.927471,0,10.924428939819336,1.122357726097107,-2.573486328125,-1.0528391599655151,-5.027955532073975,-0.014552166685461998,0.1597563922405243,-0.3423107862472534,0.07576355338096619
34.40796326794958,0.22488594,-4.927471,0,10.916337966918945,1.081442952156067,-2.573577880859375,-1.051081657409668,-5.031157493591309,-0.013723424635827541,0.17017969489097595,-0.33342453837394714,0.10229413956403732
34.40796326794958,0.22488594,-4.927471,0,10.900163650512695,0.9996089935302734,-2.5737457275390625,-1.047451376914978,-5.037264347076416,-0.011648189276456833,0.18717505037784576,-0.30955934524536133,0.13696028292179108
34.40796326794958,0.22488594,-4.927471,0,10.892083168029785,0.9586910605430603,-2.5738372802734375,-1.0455249547958374,-5.040038585662842,-0.010470619425177574,0.19587820768356323,-0.2860678732395172,0.14635594189167023
34.40796326794958,0.22488594,-4.927471,0,10.884064674377441,0.9177394509315491,-2.5738983154296875,-1.0434471368789673,-5.042832374572754,-0.009966176934540272,0.20921680331230164,-0.2873278260231018,0.06175366789102554
34.40796326794958,0.22488594,-4.927471,0,10.87605094909668,0.8767880201339722,-2.573974609375,-1.0412962436676025,-5.045535087585449,-0.010309603996574879,0.2199757844209671,-0.2778357267379761,-0.044181939214468
34.90796326794966,0.2294264,-4.9261193,0,10.8600492477417,0.7948956489562988,-2.574127197265625,-1.036874532699585,-5.050567150115967,-0.010949665680527687,0.23200605809688568,-0.2516755759716034,-0.02792244590818882
34.90796326794966,0.2294264,-4.9261193,0,10.852105140686035,0.7539342641830444,-2.5742034912109375,-1.0345262289047241,-5.052867412567139,-0.011037508957087994,0.24210140109062195,-0.23203998804092407,-0.012221279554069042
34.90796326794966,0.2294264,-4.9261193,0,10.844167709350586,0.7129754424095154,-2.57427978515625,-1.0321269035339355,-5.05510950088501,-0.011056039482355118,0.25011131167411804,-0.22650808095932007,-0.003513879841193557
34.90796326794966,0.2294264,-4.9261193,0,10.836238861083984,0.6720195412635803,-2.5743560791015625,-1.0296474695205688,-5.057223796844482,-0.011101632378995419,0.2616957426071167,-0.21212121844291687,-0.00700587360188365
34.90796326794966,0.2294264,-4.9261193,0,10.82046127319336,0.5901028513908386,-2.574493408203125,-1.024430274963379,-5.061359405517578,-0.011323108337819576,0.28020671010017395,-0.21036206185817719,-0.043460164219141006
34.90796326794966,0.2294264,-4.9261193,0,10.812613487243652,0.5491414070129395,-2.5745697021484375,-1.0216734409332275,-5.063431262969971,-0.012257453985512257,0.2945280373096466,-0.21115969121456146,-0.11802604049444199
34.90796326794966,0.2294264,-4.9261193,0,10.804780006408691,0.5081868767738342,-2.57464599609375,-1.018861174583435,-5.065486907958984,-0.01308866124600172,0.301805317401886,-0.2112201303243637,-0.1048860102891922
34.90796326794966,0.2294264,-4.9261193,0,10.796957969665527,0.46723461151123047,-2.574737548828125,-1.016018033027649,-5.067505359649658,-0.01364590972661972,0.307264506816864,-0.2081594318151474,-0.0706016942858696
34.90796326794966,0.2294264,-4.9261193,0,10.781447410583496,0.38524577021598816,-2.5749053955078125,-1.0099799633026123,-5.071593284606934,-0.014599420130252838,0.33150550723075867,-0.20861554145812988,-0.06332806497812271
35.40796326794974,0.24342504,-4.9202065,0,10.773712158203125,0.34425488114356995,-2.5749969482421875,-1.0068529844284058,-5.073620319366455,-0.014995292760431767,0.3417433500289917,-0.20985892415046692,-0.050982922315597534
35.40796326794974,0.24342504,-4.9202065,0,10.765989303588867,0.30326545238494873,-2.5750885009765625,-1.0036346912384033,-5.075734615325928,-0.015201221220195293,0.3547371029853821,-0.22203552722930908,-0.02718949504196644
35.40796326794974,0.24342504,-4.9202065,0,10.758334159851074,0.26225483417510986,-2.5751800537109375,-1.0003042221069336,-5.077910423278809,-0.015176525339484215,0.36348146200180054,-0.23003384470939636,0.0013611278263852
35.40796326794974,0.24342504,-4.9202065,0,10.743067741394043,0.18023361265659332,-2.575347900390625,-0.9935113191604614,-5.082314491271973,-0.014308350160717964,0.3789825439453125,-0.23121583461761475,0.06550829112529755
35.40796326794974,0.24342504,-4.9202065,0,10.735461235046387,0.13922704756259918,-2.5754241943359375,-0.9899781942367554,-5.084537982940674,-0.013587003573775291,0.39256417751312256,-0.24013280868530273,0.08878344297409058
35.40796326794974,0.24342504,-4.9202065,0,10.727909088134766,0.09819071739912033,-2.57550048828125,-0.986392080783844,-5.08668851852417,-0.012739845551550388,0.39601773023605347,-0.23058827221393585,0.10472116619348526
35.40796326794974,0.24342504,-4.9202065,0,10.720373153686523,0.057154614478349686,-2.575592041015625,-0.9827966094017029,-5.088765621185303,-0.011755011044442654,0.39881646633148193,-0.22253063321113586,0.12257088720798492
35.40796326794974,0.24342504,-4.9202065,0,10.705355644226074,-0.02491658926010132,-2.5757598876953125,-0.9754666090011597,-5.09263801574707,-0.009489870630204678,0.4124827980995178,-0.19976836442947388,0.14551308751106262
35.40796326794974,0.24342504,-4.9202065,0,10.697901725769043,-0.06598509848117828,-2.5758209228515625,-0.9716865420341492,-5.094465732574463,-0.008268364705145359,0.4230935573577881,-0.19250249862670898,0.15231919288635254
35.40796326794974,0.24342504,-4.9202065,0,10.690467834472656,-0.10705150663852692,-2.5758819580078125,-0.9678208231925964,-5.0961761474609375,-0.007688331883400679,0.4353817403316498,-0.17905233800411224,0.0721542090177536
35.90796326794982,0.26658836,-4.9096036,0,10.683053016662598,-0.14811579883098602,-2.5759429931640625,-0.9638777375221252,-5.097914218902588,-0.007943172939121723,0.446586012840271,-0.18360628187656403,-0.03218650445342064
35.90796326794982,0.26658836,-4.9096036,0,10.668288230895996,-0.2302326261997223,-2.576080322265625,-0.9558188915252686,-5.101002216339111,-0.008402847684919834,0.4650786817073822,-0.1494836062192917,-0.012529547326266766
35.90796326794982,0.26658836,-4.9096036,0,10.660969734191895,-0.2713075280189514,-2.5761260986328125,-0.9516842365264893,-5.102335453033447,-0.008461997844278812,0.4703831076622009,-0.13507384061813354,-0.007827765308320522
35.90796326794982,0.26658836,-4.9096036,0,10.653672218322754,-0.31237757205963135,-2.5761871337890625,-0.9474694728851318,-5.103497505187988,-0.008498236536979675,0.48188990354537964,-0.1148383840918541,-0.004941131453961134
35.90796326794982,0.26658836,-4.9096036,0,10.646398544311523,-0.35344213247299194,-2.5762481689453125,-0.9431650042533875,-5.104614734649658,-0.00849671009927988,0.49456390738487244,-0.11028075218200684,-0.00019790603255387396
35.90796326794982,0.26658836,-4.9096036,0,10.631954193115234,-0.4355643093585968,-2.5763702392578125,-0.934444785118103,-5.10679292678833,-0.009747830219566822,0.5073170065879822,-0.10839775949716568,-0.10564363747835159
35.90796326794982,0.26658836,-4.9096036,0,10.624784469604492,-0.47662246227264404,-2.576446533203125,-0.9299690127372742,-5.107955455780029,-0.010571678169071674,0.5167370438575745,-0.11936510354280472,-0.10363104939460754
35.90796326794982,0.26658836,-4.9096036,0,10.617640495300293,-0.5176761746406555,-2.576507568359375,-0.9254558086395264,-5.109059810638428,-0.01112955529242754,0.522817075252533,-0.11309826374053955,-0.0703553631901741
35.90796326794982,0.26658836,-4.9096036,0,10.61052131652832,-0.5587253570556641,-2.5765838623046875,-0.9209543466567993,-5.110140800476074,-0.011590168811380863,0.5227160453796387,-0.11112327873706818,-0.05831196531653404
35.90796326794982,0.26658836,-4.9096036,0,10.596421241760254,-0.6408098340034485,-2.5767059326171875,-0.9116927981376648,-5.112425327301025,-0.012395921163260937,0.5421618223190308,-0.1252608448266983,-0.047089528292417526
36.407963267949896,0.29848915,-4.89411,0,10.589411735534668,-0.6818473935127258,-2.5767822265625,-0.906901478767395,-5.113646030426025,-0.012644135393202305,0.5588839054107666,-0.13201770186424255,-0.032073814421892166
36.407963267949896,0.29848915,-4.89411,0,10.582430839538574,-0.7228831648826599,-2.5768585205078125,-0.9020805954933167,-5.1149725914001465,-0.0127593157812953,0.5639005899429321,-0.14598296582698822,-0.015407799743115902
36.407963267949896,0.29848915,-4.89411,0,10.575533866882324,-0.7639224529266357,-2.576904296875,-0.8972415924072266,-5.1163201332092285,-0.012534864246845245,0.5615133047103882,-0.1499258428812027,0.026926862075924873
36.407963267949896,0.29848915,-4.89411,0,10.568666458129883,-0.8049608469009399,-2.57696533203125,-0.8922975659370422,-5.117672920227051,-0.012037968263030052,0.5760439038276672,-0.15122567117214203,0.061019785702228546
36.407963267949896,0.29848915,-4.89411,0,10.561827659606934,-0.8459987640380859,-2.5770263671875,-0.8872763514518738,-5.119067192077637,-0.011330777779221535,0.5870654582977295,-0.15697889029979706,0.08734221756458282
36.407963267949896,0.29848915,-4.89411,0,10.54830551147461,-0.9280727505683899,-2.577178955078125,-0.8771055936813354,-5.121738910675049,-0.009489727206528187,0.6011326909065247,-0.14909806847572327,0.11917482316493988
36.407963267949896,0.29848915,-4.89411,0,10.541624069213867,-0.969109058380127,-2.577239990234375,-0.8719246983528137,-5.123122215270996,-0.009137270040810108,0.603080689907074,-0.15891054272651672,0.04407157748937607
36.407963267949896,0.29848915,-4.89411,0,10.534972190856934,-1.0101462602615356,-2.577301025390625,-0.8666646480560303,-5.124531269073486,-0.009482243098318577,0.6144114136695862,-0.1625695377588272,-0.04310253635048866
36.407963267949896,0.29848915,-4.89411,0,10.521815299987793,-1.0922260284423828,-2.577423095703125,-0.8558838963508606,-5.127287864685059,-0.010060979053378105,0.6332488059997559,-0.15652669966220856,-0.02005183883011341
36.407963267949896,0.29848915,-4.89411,0,10.515311241149902,-1.133268117904663,-2.577484130859375,-0.8503546118736267,-5.128546714782715,-0.010148156434297562,0.6467782258987427,-0.14674517512321472,-0.010902992449700832
36.907963267949974,0.3387653,-4.873343,0,10.50883960723877,-1.1743106842041016,-2.5775299072265625,-0.8447938561439514,-5.129833221435547,-0.010244909673929214,0.6521613001823425,-0.15066690742969513,-0.0123330382630229
36.907963267949974,0.3387653,-4.873343,0,10.4960355758667,-1.2563989162445068,-2.57763671875,-0.8336462378501892,-5.1323394775390625,-0.010173654183745384,0.6561526656150818,-0.14244897663593292,0.013026873581111431
36.907963267949974,0.3387653,-4.873343,0,10.489703178405762,-1.2974376678466797,-2.5776824951171875,-0.8279047012329102,-5.133557319641113,-0.00994793139398098,0.674134373664856,-0.14529964327812195,0.02815713919699192
36.907963267949974,0.3387653,-4.873343,0,10.483406066894531,-1.3384774923324585,-2.577728271484375,-0.8221315741539001,-5.134771823883057,-0.00948531273752451,0.6794971227645874,-0.1452965885400772,0.05777831748127937
36.907963267949974,0.3387653,-4.873343,0,10.477144241333008,-1.3795182704925537,-2.5777740478515625,-0.8163447976112366,-5.135900974273682,-0.008869041688740253,0.6825770735740662,-0.13515280187129974,0.07699429243803024
36.907963267949974,0.3387653,-4.873343,0,10.464770317077637,-1.4615933895111084,-2.57781982421875,-0.804654061794281,-5.13783073425293,-0.007054645102471113,0.6958332061767578,-0.10836225748062134,0.12063420563936234
36.907963267949974,0.3387653,-4.873343,0,10.458637237548828,-1.5026301145553589,-2.57781982421875,-0.798686683177948,-5.138721466064453,-0.006730633322149515,0.7069862484931946,-0.10859011113643646,0.040292270481586456
36.907963267949974,0.3387653,-4.873343,0,10.452542304992676,-1.5436663627624512,-2.5778350830078125,-0.7926845550537109,-5.139660358428955,-0.007124909665435553,0.7126154899597168,-0.11497176438570023,-0.04948023334145546
36.907963267949974,0.3387653,-4.873343,0,10.446484565734863,-1.5847026109695435,-2.5778656005859375,-0.7866699695587158,-5.140564441680908,-0.007606992032378912,0.7154262661933899,-0.11088701337575912,-0.060443297028541565
37.40796326795005,0.38693863,-4.846888,0,10.43453311920166,-1.666764497756958,-2.577880859375,-0.7742785215377808,-5.141984462738037,-0.007863221690058708,0.743459165096283,-0.08397068828344345,-0.013744923286139965
37.40796326795005,0.38693863,-4.846888,0,10.428616523742676,-1.7077895402908325,-2.577911376953125,-0.7680819630622864,-5.1425886154174805,-0.00804346613585949,0.7382540702819824,-0.07536055147647858,-0.023048369213938713
37.40796326795005,0.38693863,-4.846888,0,10.42273998260498,-1.7488127946853638,-2.5779266357421875,-0.7618202567100525,-5.1431779861450195,-0.008155693300068378,0.7476121783256531,-0.07363207638263702,-0.014527234248816967
37.40796326795005,0.38693863,-4.846888,0,10.416918754577637,-1.7898262739181519,-2.57794189453125,-0.7555173635482788,-5.143686294555664,-0.008149168454110622,0.7524484992027283,-0.06545834988355637,-0.0004493631131481379
37.40796326795005,0.38693863,-4.846888,0,10.405399322509766,-1.8718466758728027,-2.577972412109375,-0.7427049279212952,-5.144570350646973,-0.007472482975572348,0.7703035473823547,-0.05303844064474106,0.05561671778559685
37.40796326795005,0.38693863,-4.846888,0,10.399702072143555,-1.91285240650177,-2.5779876708984375,-0.7363064289093018,-5.144835472106934,-0.006850773934274912,0.7678802609443665,-0.035376694053411484,0.07657147198915482
37.40796326795005,0.38693863,-4.846888,0,10.394068717956543,-1.9538273811340332,-2.577972412109375,-0.7299203276634216,-5.14497184753418,-0.006039884407073259,0.7648131847381592,-0.023604921996593475,0.09927292913198471
37.40796326795005,0.38693863,-4.846888,0,10.388476371765137,-1.9947978258132935,-2.57794189453125,-0.7234156727790833,-5.14495849609375,-0.005160749424248934,0.7807767987251282,-0.004930159542709589,0.1078704297542572
37.40796326795005,0.38693863,-4.846888,0,10.377421379089355,-2.0767102241516113,-2.577911376953125,-0.7101594805717468,-5.1449785232543945,-0.005290238186717033,0.8017851114273071,-0.007093680091202259,-0.05755247175693512
37.40796326795005,0.38693863,-4.846888,0,10.372001647949219,-2.117614507675171,-2.577880859375,-0.7034321427345276,-5.144848823547363,-0.005705475807189941,0.8065415024757385,0.0035433038137853146,-0.05435756966471672
37.90796326795013,0.4424327,-4.8143296,0,10.366626739501953,-2.1585142612457275,-2.577850341796875,-0.6966592073440552,-5.144699573516846,-0.005929340608417988,0.8133949637413025,0.00615057023242116,-0.03036111406981945
37.90796326795013,0.4424327,-4.8143296,0,10.361295700073242,-2.199409008026123,-2.57781982421875,-0.6898492574691772,-5.144408226013184,-0.006040192674845457,0.8191450834274292,0.024205392226576805,-0.016162170097231865
37.90796326795013,0.4424327,-4.8143296,0,10.356010437011719,-2.24029803276062,-2.5778045654296875,-0.6829986572265625,-5.144014358520508,-0.006174517795443535,0.8253138065338135,0.0372728668153286,-0.01902645267546177
37.90796326795013,0.4424327,-4.8143296,0,10.345653533935547,-2.321972131729126,-2.5777435302734375,-0.6691144108772278,-5.142951965332031,-0.00626339390873909,0.840086042881012,0.04729628190398216,0.0015497206477448344
37.90796326795013,0.4424327,-4.8143296,0,10.340542793273926,-2.3627922534942627,-2.5777130126953125,-0.6621434688568115,-5.1424055099487305,-0.006096871569752693,0.8385433554649353,0.05084817111492157,0.018506774678826332
37.90796326795013,0.4424327,-4.8143296,0,10.335479736328125,-2.403606414794922,-2.5776824951171875,-0.6551422476768494,-5.141837120056152,-0.00572451576590538,0.8434543013572693,0.05391504615545273,0.04393700137734413
37.90796326795013,0.4424327,-4.8143296,0,10.325540542602539,-2.4851179122924805,-2.5775604248046875,-0.6411733627319336,-5.140355110168457,-0.0044699134305119514,0.8443052172660828,0.07391196489334106,0.08050724118947983
37.90796326795013,0.4424327,-4.8143296,0,10.32064151763916,-2.5258629322052,-2.577484130859375,-0.6340423822402954,-5.139499664306641,-0.004348529502749443,0.8604503870010376,0.08370956778526306,0.012104864232242107
37.90796326795013,0.4424327,-4.8143296,0,10.315791130065918,-2.5666005611419678,-2.5774383544921875,-0.6268516182899475,-5.13869571685791,-0.004820244386792183,0.8689857721328735,0.07776560634374619,-0.06193946674466133
37.90796326795013,0.4424327,-4.8143296,0,10.311007499694824,-2.6072795391082764,-2.5773773193359375,-0.6195930242538452,-5.137728691101074,-0.0053246598690748215,0.8764878511428833,0.09089209884405136,-0.06630876660346985
38.40796326795021,0.5047039,-4.775174,0,10.30158805847168,-2.6886138916015625,-2.5772705078125,-0.604974627494812,-5.135589599609375,-0.005842969752848148,0.886967122554779,0.10743899643421173,-0.0359388031065464
38.40796326795021,0.5047039,-4.775174,0,10.296952247619629,-2.7292613983154297,-2.5772247314453125,-0.5976024866104126,-5.134512424468994,-0.006057048216462135,0.892730712890625,0.1068764477968216,-0.029667744413018227
38.40796326795021,0.5047039,-4.775174,0,10.292381286621094,-2.7698495388031006,-2.577178955078125,-0.5902533531188965,-5.133391380310059,-0.006221286021173,0.889424204826355,0.10554343461990356,-0.023109370842576027
38.40796326795021,0.5047039,-4.775174,0,10.287859916687012,-2.8104302883148193,-2.5771331787109375,-0.5828405618667603,-5.132252216339111,-0.006286878138780594,0.8983721137046814,0.10863318294286728,-0.010701826773583889
38.40796326795021,0.5047039,-4.775174,0,10.278972625732422,-2.8915679454803467,-2.5770721435546875,-0.5679150819778442,-5.129831314086914,-0.005928629077970982,0.9084427952766418,0.11718007922172546,0.03447848930954933
38.40796326795021,0.5047039,-4.775174,0,10.274606704711914,-2.9321248531341553,-2.5770416259765625,-0.5603793263435364,-5.128670692443848,-0.006049037910997868,0.9165686368942261,0.113786481320858,-0.017334239557385445
38.40796326795021,0.5047039,-4.775174,0,10.27030086517334,-2.9726085662841797,-2.5770111083984375,-0.5527287125587463,-5.127516746520996,-0.0067261285148561,0.9312265515327454,0.10461080074310303,-0.08709076046943665
38.40796326795021,0.5047039,-4.775174,0,10.266047477722168,-3.0130860805511475,-2.57696533203125,-0.5450469255447388,-5.126376152038574,-0.0073801311664283276,0.9360302686691284,0.10386717319488525,-0.08463998883962631
38.40796326795021,0.5047039,-4.775174,0,10.25770092010498,-3.094015598297119,-2.576904296875,-0.5297114849090576,-5.12416410446167,-0.008105840533971786,0.9380210638046265,0.10049470514059067,-0.04470394551753998
38.40796326795021,0.5047039,-4.775174,0,10.253620147705078,-3.1343953609466553,-2.576873779296875,-0.5219511389732361,-5.123020172119141,-0.008416448719799519,0.9463111162185669,0.09761855006217957,-0.041339077055454254
38.90796326795029,0.5732319,-4.7288766,0,10.249594688415527,-3.1747708320617676,-2.5768585205078125,-0.5141247510910034,-5.121879577636719,-0.00869537889957428,0.9554027915000916,0.09830810874700546,-0.037303656339645386
38.90796326795029,0.5732319,-4.7288766,0,10.245624542236328,-3.215141534805298,-2.57684326171875,-0.5062878131866455,-5.120843887329102,-0.008830880746245384,0.957535445690155,0.08631884306669235,-0.019301658496260643
38.90796326795029,0.5732319,-4.7288766,0,10.2378568649292,-3.295785427093506,-2.5768280029296875,-0.49063146114349365,-5.118696689605713,-0.008495808579027653,0.9572631120681763,0.08979695290327072,0.03447429835796356
38.90796326795029,0.5732319,-4.7288766,0,10.23405933380127,-3.3360588550567627,-2.5768280029296875,-0.482766330242157,-5.117637634277344,-0.008013393729925156,0.9626809358596802,0.0812244787812233,0.05812942609190941
38.90796326795029,0.5732319,-4.7288766,0,10.230318069458008,-3.3763303756713867,-2.576812744140625,-0.47480952739715576,-5.1166815757751465,-0.008012186735868454,0.9748892784118652,0.06963372975587845,-0.0019557771738618612
38.90796326795029,0.5732319,-4.7288766,0,10.226634979248047,-3.416599988937378,-2.576812744140625,-0.46679171919822693,-5.1158127784729,-0.008635485544800758,0.9832486510276794,0.05992865562438965,-0.07995496690273285
38.90796326795029,0.5732319,-4.7288766,0,10.21948528289795,-3.4969491958618164,-2.576812744140625,-0.450567364692688,-5.114034175872803,-0.009568620473146439,0.9999633431434631,0.05458155274391174,-0.04145362973213196
38.90796326795029,0.5732319,-4.7288766,0,10.215998649597168,-3.5371243953704834,-2.5768280029296875,-0.4423920810222626,-5.113149166107178,-0.009840419515967369,1.001573085784912,0.054800938814878464,-0.03636767715215683
38.90796326795029,0.5732319,-4.7288766,0,10.212570190429688,-3.5772998332977295,-2.5768280029296875,-0.43423599004745483,-5.112290382385254,-0.01009827759116888,0.9999186992645264,0.052887506783008575,-0.034553926438093185
38.90796326795029,0.5732319,-4.7288766,0,10.209233283996582,-3.617398262023926,-2.5768585205078125,-0.42602458596229553,-5.111377716064453,-0.010312043130397797,1.0041489601135254,0.05003879591822624,-0.02874620072543621
39.407963267950365,0.6476449,-4.67473,0,10.20273494720459,-3.6976001262664795,-2.576904296875,-0.4095972180366516,-5.109766006469727,-0.010338844731450081,1.006554126739502,0.034667957574129105,0.007843597792088985
39.407963267950365,0.6476449,-4.67473,0,10.199575424194336,-3.737704038619995,-2.576934814453125,-0.40131574869155884,-5.109013080596924,-0.010010779835283756,1.0152249336242676,0.0347021259367466,0.039157453924417496
39.407963267950365,0.6476449,-4.67473,0,10.196515083312988,-3.7777280807495117,-2.5769500732421875,-0.39293378591537476,-5.108145236968994,-0.009494295343756676,1.0227460861206055,0.04074527323246002,0.06232224032282829
39.407963267950365,0.6476449,-4.67473,0,10.19351577758789,-3.8177549839019775,-2.57696533203125,-0.384581595659256,-5.107353210449219,-0.008822943083941936,1.0198898315429688,0.03284716233611107,0.0817454382777214
39.407963267950365,0.6476449,-4.67473,0,10.18769645690918,-3.8978171348571777,-2.5769805908203125,-0.3678809702396393,-5.1055707931518555,-0.007103302050381899,1.0237821340560913,0.055710576474666595,0.10694795846939087
39.407963267950365,0.6476449,-4.67473,0,10.184911727905273,-3.937777519226074,-2.5769500732421875,-0.35948923230171204,-5.104531764984131,-0.006112417671829462,1.0233603715896606,0.057745225727558136,0.12100859731435776
39.407963267950365,0.6476449,-4.67473,0,10.1821870803833,-3.9777395725250244,-2.5769195556640625,-0.3510401248931885,-5.103454113006592,-0.005715080536901951,1.031416893005371,0.06427717208862305,0.04689767584204674
39.407963267950365,0.6476449,-4.67473,0,10.179523468017578,-4.017703533172607,-2.576904296875,-0.3424503803253174,-5.102379322052002,-0.00597028061747551,1.049854040145874,0.06560276448726654,-0.034589316695928574
39.407963267950365,0.6476449,-4.67473,0,10.176922798156738,-4.0576677322387695,-2.5768890380859375,-0.3337875008583069,-5.101180076599121,-0.006297077052295208,1.0598243474960327,0.0828360766172409,-0.04346109554171562
39.407963267950365,0.6476449,-4.67473,0,10.171952247619629,-4.137467861175537,-2.576812744140625,-0.31654366850852966,-5.098493576049805,-0.006559225730597973,1.0512151718139648,0.10000887513160706,-0.0139456233009696
39.80796326795044,0.7109975,-4.6254406,0,10.169559478759766,-4.177363395690918,-2.5767822265625,-0.30790430307388306,-5.097012519836426,-0.006664152257144451,1.0558125972747803,0.11538972705602646,-0.016806645318865776
39.80796326795044,0.7109975,-4.6254406,0,10.167228698730469,-4.217257976531982,-2.5767669677734375,-0.29930293560028076,-5.095456600189209,-0.006719787139445543,1.0518872737884521,0.12645260989665985,-0.010368413291871548
39.80796326795044,0.7109975,-4.6254406,0,10.162772178649902,-4.296960830688477,-2.5767059326171875,-0.28207987546920776,-5.092099666595459,-0.006537398789077997,1.0575778484344482,0.1451755315065384,0.01843692548573017
39.80796326795044,0.7109975,-4.6254406,0,10.160646438598633,-4.336769104003906,-2.57666015625,-0.27343836426734924,-5.09031867980957,-0.006189793813973665,1.057785153388977,0.1494555026292801,0.03867083787918091
39.80796326795044,0.7109975,-4.6254406,0,10.158583641052246,-4.376574993133545,-2.5766143798828125,-0.2648594081401825,-5.088510036468506,-0.005636011250317097,1.0507581233978271,0.15459167957305908,0.06458162516355515
39.80796326795044,0.7109975,-4.6254406,0,10.156582832336426,-4.41637659072876,-2.576568603515625,-0.25625818967819214,-5.086578845977783,-0.004999603144824505,1.054313063621521,0.1716281920671463,0.07504457235336304
39.80796326795044,0.7109975,-4.6254406,0,10.152813911437988,-4.4957733154296875,-2.576416015625,-0.2389409989118576,-5.082161903381348,-0.0038766921497881413,1.0628678798675537,0.20231136679649353,0.04625506326556206
39.80796326795044,0.7109975,-4.6254406,0,10.151023864746094,-4.535460472106934,-2.576324462890625,-0.23022811114788055,-5.079892635345459,-0.003961910959333181,1.066760778427124,0.20872506499290466,-0.01695006899535656
39.80796326795044,0.7109975,-4.6254406,0,10.149295806884766,-4.575141906738281,-2.57623291015625,-0.22156615555286407,-5.0775041580200195,-0.004076979588717222,1.0611662864685059,0.22555221617221832,-0.02050073631107807
39.80796326795044,0.7109975,-4.6254406,0,10.147656440734863,-4.614715099334717,-2.57611083984375,-0.21283575892448425,-5.074944972991943,-0.003908494021743536,1.0677061080932617,0.23567962646484375,0.013649928383529186
40.40796326795052,0.81166214,-4.5410366,0,10.144567489624023,-4.693840980529785,-2.575897216796875,-0.19545237720012665,-5.069489002227783,-0.003597887931391597,1.0638618469238281,0.2685421407222748,0.006573739927262068
40.40796326795052,0.81166214,-4.5410366,0,10.143118858337402,-4.733391284942627,-2.5757904052734375,-0.18674780428409576,-5.066667556762695,-0.0034907974768429995,1.066789984703064,0.2749619781970978,0.006590969394892454
40.40796326795052,0.81166214,-4.5410366,0,10.141751289367676,-4.77281379699707,-2.5756683349609375,-0.17808297276496887,-5.063575744628906,-0.0033131081145256758,1.06072199344635,0.2955521047115326,0.014638992957770824
40.40796326795052,0.81166214,-4.5410366,0,10.140445709228516,-4.81222677230835,-2.5755615234375,-0.1694382131099701,-5.060421466827393,-0.0030049236956983805,1.0589674711227417,0.30571386218070984,0.03130267933011055
40.40796326795052,0.81166214,-4.5410366,0,10.138022422790527,-4.891008377075195,-2.575347900390625,-0.15208172798156738,-5.053835868835449,-0.0029089886229485273,1.0707122087478638,0.3273124694824219,-0.0416547954082489
40.40796326795052,0.81166214,-4.5410366,0,10.136919975280762,-4.930284023284912,-2.5752410888671875,-0.14327053725719452,-5.050429344177246,-0.0038110518362373114,1.0795124769210815,0.33161962032318115,-0.12055783718824387
40.40796326795052,0.81166214,-4.5410366,0,10.135882377624512,-4.969549179077148,-2.57513427734375,-0.13439233601093292,-5.047007083892822,-0.004716495051980019,1.0886338949203491,0.33604684472084045,-0.12075900286436081
40.40796326795052,0.81166214,-4.5410366,0,10.134909629821777,-5.008803367614746,-2.575042724609375,-0.1256173998117447,-5.043548583984375,-0.005303804762661457,1.0764496326446533,0.3429223299026489,-0.08077732473611832
40.40796326795052,0.81166214,-4.5410366,0,10.134001731872559,-5.048045635223389,-2.574951171875,-0.11689627170562744,-5.040071487426758,-0.005763296969234943,1.0704237222671509,0.3475244641304016,-0.0645914077758789
40.8079632679506,0.88195205,-4.4776607,0,10.132387161254883,-5.126270771026611,-2.57476806640625,-0.09938769042491913,-5.032883644104004,-0.0067253378219902515,1.0788233280181885,0.345793217420578,-0.06600422412157059
40.8079632679506,0.88195205,-4.4776607,0,10.131675720214844,-5.165361404418945,-2.574676513671875,-0.09055979549884796,-5.029397487640381,-0.007124035619199276,1.084333896636963,0.3423522412776947,-0.05747191235423088
40.8079632679506,0.88195205,-4.4776607,0,10.131028175354004,-5.204441547393799,-2.5746002197265625,-0.08181317150592804,-5.025949001312256,-0.007316438481211662,1.0748215913772583,0.34016090631484985,-0.03146985173225403
40.8079632679506,0.88195205,-4.4776607,0,10.129919052124023,-5.282329082489014,-2.5744171142578125,-0.06438679993152618,-5.018918991088867,-0.006994043942540884,1.0710539817810059,0.335630863904953,0.026775522157549858
40.8079632679506,0.88195205,-4.4776607,0,10.129462242126465,-5.321259498596191,-2.5743255615234375,-0.05562392249703407,-5.015469551086426,-0.00697745755314827,1.0792633295059204,0.3319176435470581,-0.005941371899098158
40.8079632679506,0.88195205,-4.4776607,0,10.129071235656738,-5.360180854797363,-2.5742340087890625,-0.04680624231696129,-5.01210355758667,-0.007286280393600464,1.0866813659667969,0.3240761160850525,-0.046391502022743225
40.8079632679506,0.88195205,-4.4776607,0,10.128724098205566,-5.39898157119751,-2.5741424560546875,-0.03796862065792084,-5.0086565017700195,-0.007533637341111898,1.0921186208724976,0.321178138256073,-0.03954115882515907
40.8079632679506,0.88195205,-4.4776607,0,10.128228187561035,-5.476560115814209,-2.5739593505859375,-0.02042475715279579,-5.001861095428467,-0.007559250108897686,1.0881541967391968,0.32003864645957947,-0.004996545147150755
40.8079632679506,0.88195205,-4.4776607,0,10.128076553344727,-5.5153326988220215,-2.573883056640625,-0.011680582538247108,-4.998562812805176,-0.007570784538984299,1.0809136629104614,0.3126471936702728,-0.009336507879197598
40.8079632679506,0.88195205,-4.4776607,0,10.127991676330566,-5.554098129272461,-2.57379150390625,-0.0028678944800049067,-4.995309352874756,-0.0074901762418448925,1.0899291038513184,0.3097715973854065,0.0024032776709645987
41.307963267950676,0.9713474,-4.390526,0,10.127948760986328,-5.592739582061768,-2.5737152099609375,0.005910963751375675,-4.991958141326904,-0.007390291895717382,1.0891398191452026,0.3090117573738098,0.004606320988386869
41.307963267950676,0.9713474,-4.390526,0,10.128063201904297,-5.6700053215026855,-2.5735626220703125,0.02345874160528183,-4.985449314117432,-0.0068817902356386185,1.0907213687896729,0.3025967478752136,0.03299582377076149
41.307963267950676,0.9713474,-4.390526,0,10.12822151184082,-5.7086286544799805,-2.573486328125,0.032190077006816864,-4.982181549072266,-0.006459537893533707,1.0842312574386597,0.3069307208061218,0.04558078572154045
41.307963267950676,0.9713474,-4.390526,0,10.128427505493164,-5.74712610244751,-2.5734100341796875,0.04090602323412895,-4.978778839111328,-0.005953323096036911,1.0849536657333374,0.3101879954338074,0.05587329715490341
41.307963267950676,0.9713474,-4.390526,0,10.128700256347656,-5.785617828369141,-2.573333740234375,0.04965859651565552,-4.975366592407227,-0.005340531934052706,1.0898140668869019,0.31427961587905884,0.06940215080976486
41.307963267950676,0.9713474,-4.390526,0,10.129444122314453,-5.862575054168701,-2.5731658935546875,0.06690070033073425,-4.968246936798096,-0.0040861680172383785,1.0728167295455933,0.3444255590438843,0.06934068351984024
41.307963267950676,0.9713474,-4.390526,0,10.129887580871582,-5.900913715362549,-2.5730743408203125,0.0755598321557045,-4.96442174911499,-0.0034362522419542074,1.0810025930404663,0.3589423596858978,0.0740918293595314
41.307963267950676,0.9713474,-4.390526,0,10.13039779663086,-5.939243793487549,-2.5729827880859375,0.08413411676883698,-4.96051025390625,-0.0027922969311475754,1.0705935955047607,0.37278127670288086,0.07354653626680374
41.307963267950676,0.9713474,-4.390526,0,10.130974769592285,-5.977564334869385,-2.5728759765625,0.0926799327135086,-4.956464767456055,-0.0021816911175847054,1.0672258138656616,0.39246514439582825,0.06958841532468796
41.307963267950676,0.9713474,-4.390526,0,10.132315635681152,-6.054041385650635,-2.57269287109375,0.10985808819532394,-4.947805404663086,-0.002547818934544921,1.078848958015442,0.43353575468063354,-0.060941554605960846
41.807963267950754,1.0655959,-4.2927775,0,10.13308048248291,-6.092196464538574,-2.572601318359375,0.11846224218606949,-4.943178653717041,-0.003127989824861288,1.0764460563659668,0.4569854736328125,-0.07881782203912735
41.807963267950754,1.0655959,-4.2927775,0,10.133912086486816,-6.130336761474609,-2.5725250244140625,0.12697383761405945,-4.938401699066162,-0.0034072946291416883,1.065016746520996,0.47880762815475464,-0.041032206267118454
41.807963267950754,1.0655959,-4.2927775,0,10.134811401367188,-6.168461322784424,-2.57244873046875,0.13545165956020355,-4.933523178100586,-0.0036074980162084103,1.060935616493225,0.49446189403533936,-0.030972061678767204
41.807963267950754,1.0655959,-4.2927775,0,10.136784553527832,-6.244386672973633,-2.5723419189453125,0.1521909236907959,-4.923210144042969,-0.0040369825437664986,1.0414454936981201,0.5248063206672668,-0.03123888559639454
41.807963267950754,1.0655959,-4.2927775,0,10.137869834899902,-6.282323360443115,-2.572265625,0.16050131618976593,-4.917886257171631,-0.004139008931815624,1.0405387878417969,0.5434798002243042,-0.018417367711663246
41.807963267950754,1.0655959,-4.2927775,0,10.139020919799805,-6.320240020751953,-2.57220458984375,0.16879695653915405,-4.912400722503662,-0.0041473302990198135,1.0388113260269165,0.5668781995773315,-0.00654440326616168
41.807963267950754,1.0655959,-4.2927775,0,10.140230178833008,-6.358009338378906,-2.5721435546875,0.1770380139350891,-4.906803607940674,-0.0040094973519444466,1.0336841344833374,0.5662398934364319,0.01262547355145216
41.807963267950754,1.0655959,-4.2927775,0,10.142845153808594,-6.433487415313721,-2.5720672607421875,0.19355623424053192,-4.895349502563477,-0.004874026868492365,1.0330177545547485,0.593555212020874,-0.08542462438344955
41.807963267950754,1.0655959,-4.2927775,0,10.14424991607666,-6.471193790435791,-2.5720367431640625,0.20177163183689117,-4.889616012573242,-0.005464172922074795,1.0306576490402222,0.5934079885482788,-0.07799360156059265
41.807963267950754,1.0655959,-4.2927775,0,10.145694732666016,-6.508738994598389,-2.572021484375,0.20996303856372833,-4.883724689483643,-0.005812786985188723,1.0303524732589722,0.5997540354728699,-0.04664202779531479
42.30796326795083,1.162454,-4.185098,0,10.147204399108887,-6.546263694763184,-2.5720062255859375,0.21810296177864075,-4.877809524536133,-0.006088219117373228,1.0238813161849976,0.6063544750213623,-0.03749876841902733
42.30796326795083,1.162454,-4.185098,0,10.150420188903809,-6.621246337890625,-2.5720062255859375,0.2344217747449875,-4.865957260131836,-0.006629124283790588,1.025747537612915,0.6101434230804443,-0.038234513252973557
42.30796326795083,1.162454,-4.185098,0,10.152112007141113,-6.658568859100342,-2.572021484375,0.24260388314723969,-4.85993766784668,-0.006841310299932957,1.0316429138183594,0.6108279228210449,-0.028545500710606575
42.30796326795083,1.162454,-4.185098,0,10.153870582580566,-6.6958699226379395,-2.5720367431640625,0.2506466209888458,-4.85395622253418,-0.006934411358088255,1.014103889465332,0.609904944896698,-0.013605224899947643
42.30796326795083,1.162454,-4.185098,0,10.155692100524902,-6.733150005340576,-2.5720367431640625,0.2586660087108612,-4.847973823547363,-0.006847140844911337,1.01106595993042,0.6137095093727112,0.00899424683302641
42.30796326795083,1.162454,-4.185098,0,10.159530639648438,-6.807643413543701,-2.5720672607421875,0.2747098505496979,-4.836099624633789,-0.006299533881247044,1.008689284324646,0.6110211610794067,0.0408724844455719
42.30796326795083,1.162454,-4.185098,0,10.161518096923828,-6.844717025756836,-2.5720977783203125,0.28274601697921753,-4.830097675323486,-0.006297440733760595,1.0157238245010376,0.6103174090385437,-0.0005355104221962392
42.30796326795083,1.162454,-4.185098,0,10.163570404052734,-6.88176965713501,-2.572113037109375,0.29078665375709534,-4.824141502380371,-0.006799488794058561,1.0161080360412598,0.6082135438919067,-0.0635376125574112
42.30796326795083,1.162454,-4.185098,0,10.165688514709473,-6.918802261352539,-2.5721435546875,0.2988225817680359,-4.8181962966918945,-0.007284230086952448,1.0153542757034302,0.6105624437332153,-0.061359718441963196
42.30796326795083,1.162454,-4.185098,0,10.170082092285156,-6.992682456970215,-2.5722198486328125,0.3147958219051361,-4.80621337890625,-0.007683773525059223,1.0086054801940918,0.6149200201034546,-0.02233823575079441
42.70796326795091,1.2414826,-4.091749,0,10.172357559204102,-7.029531002044678,-2.572265625,0.3227475583553314,-4.800220966339111,-0.007857115007936954,1.0094269514083862,0.6104635000228882,-0.021435784175992012
42.70796326795091,1.2414826,-4.091749,0,10.174697875976562,-7.066359043121338,-2.57232666015625,0.3306972086429596,-4.794318199157715,-0.008053210563957691,1.0088924169540405,0.6028624176979065,-0.02429494448006153
42.70796326795091,1.2414826,-4.091749,0,10.177103042602539,-7.1031670570373535,-2.5723876953125,0.3386434018611908,-4.78843879699707,-0.00814515259116888,1.008178949356079,0.6036036014556885,-0.011131166480481625
42.70796326795091,1.2414826,-4.091749,0,10.179525375366211,-7.139839172363281,-2.5724334716796875,0.34651151299476624,-4.782502174377441,-0.00815048348158598,1.0047852993011475,0.5980480313301086,-0.00023702158068772405
42.70796326795091,1.2414826,-4.091749,0,10.184557914733887,-7.21312141418457,-2.5725555419921875,0.3622419536113739,-4.770794868469238,-0.007681763730943203,1.0018681287765503,0.5961486101150513,0.03704521432518959
42.70796326795091,1.2414826,-4.091749,0,10.187171936035156,-7.2497334480285645,-2.5726165771484375,0.3700566589832306,-4.764936447143555,-0.007175194565206766,0.9963533878326416,0.6013932228088379,0.06370431929826736
42.70796326795091,1.2414826,-4.091749,0,10.189811706542969,-7.2862067222595215,-2.572662353515625,0.3779143691062927,-4.759006500244141,-0.007043894845992327,1.0069971084594727,0.5971608757972717,0.016977543011307716
42.70796326795091,1.2414826,-4.091749,0,10.195289611816406,-7.359097003936768,-2.5727691650390625,0.3936043977737427,-4.747337341308594,-0.007345109712332487,1.0013338327407837,0.5865556597709656,-0.011953524313867092
42.70796326795091,1.2414826,-4.091749,0,10.198126792907715,-7.395513534545898,-2.5728302001953125,0.401406854391098,-4.741472244262695,-0.007330173160880804,0.9986401200294495,0.5999093055725098,0.0023483296390622854
42.70796326795091,1.2414826,-4.091749,0,10.200981140136719,-7.431792736053467,-2.5728759765625,0.4091542661190033,-4.735476970672607,-0.007226224523037672,0.9978075623512268,0.6023832559585571,0.01233722921460867
43.20796326795099,1.3421971,-3.9654217,0,10.203901290893555,-7.468052864074707,-2.572906494140625,0.41688862442970276,-4.729457855224609,-0.007144199684262276,0.9955542087554932,0.609173059463501,0.009604728780686855
43.20796326795099,1.3421971,-3.9654217,0,10.209930419921875,-7.5405097007751465,-2.572998046875,0.4323493242263794,-4.717563152313232,-0.006887957453727722,0.988849401473999,0.6052538752555847,0.016928648576140404
43.20796326795099,1.3421971,-3.9654217,0,10.21298885345459,-7.576591968536377,-2.573028564453125,0.4399772882461548,-4.7115478515625,-0.006678887642920017,0.9869610071182251,0.6049892902374268,0.025125684216618538
43.20796326795099,1.3421971,-3.9654217,0,10.216113090515137,-7.612655162811279,-2.57305908203125,0.4476065933704376,-4.705536365509033,-0.006357576698064804,0.98639976978302,0.6083077788352966,0.03917514905333519
43.20796326795099,1.3421971,-3.9654217,0,10.219303131103516,-7.648698329925537,-2.573089599609375,0.4552452266216278,-4.699434280395508,-0.005946078337728977,0.9868568181991577,0.6232987642288208,0.05060666799545288
43.20796326795099,1.3421971,-3.9654217,0,10.225800514221191,-7.720608234405518,-2.5731353759765625,0.4703224301338196,-4.687077522277832,-0.004954836796969175,0.9726383090019226,0.6385646462440491,0.05834688991308212
43.20796326795099,1.3421971,-3.9654217,0,10.229108810424805,-7.756474018096924,-2.573150634765625,0.47778812050819397,-4.680756568908691,-0.004871608689427376,0.9730266332626343,0.6448107361793518,0.008784699253737926
43.20796326795099,1.3421971,-3.9654217,0,10.232478141784668,-7.792316913604736,-2.5731658935546875,0.4852537512779236,-4.6744561195373535,-0.005222081672400236,0.9714409708976746,0.648345947265625,-0.04536471888422966
43.20796326795099,1.3421971,-3.9654217,0,10.235913276672363,-7.828136920928955,-2.5731964111328125,0.4927200675010681,-4.668123722076416,-0.005577231291681528,0.9706763625144958,0.6559268832206726,-0.04591233655810356
43.607963267951064,1.4238057,-3.8548186,0,10.242825508117676,-7.899494171142578,-2.573211669921875,0.5074877738952637,-4.655073642730713,-0.005800261627882719,0.9649521112442017,0.6716791391372681,-0.014583113603293896
43.607963267951064,1.4238057,-3.8548186,0,10.246380805969238,-7.935137748718262,-2.573211669921875,0.5147671103477478,-4.648514747619629,-0.005912441294640303,0.9537713527679443,0.6793369054794312,-0.01643691025674343
43.607963267951064,1.4238057,-3.8548186,0,10.250000953674316,-7.9707560539245605,-2.573211669921875,0.5220255255699158,-4.641932964324951,-0.006016937084496021,0.9501461982727051,0.68588787317276,-0.015411059372127056
43.607963267951064,1.4238057,-3.8548186,0,10.25368595123291,-8.006349563598633,-2.5732269287109375,0.5293485522270203,-4.635385513305664,-0.006079887505620718,0.9572349190711975,0.6851260662078857,-0.010154209099709988
43.607963267951064,1.4238057,-3.8548186,0,10.261075973510742,-8.077189445495605,-2.573211669921875,0.5436227321624756,-4.621938705444336,-0.006122113671153784,0.9428081512451172,0.6921930313110352,-0.015935393050312996
43.607963267951064,1.4238057,-3.8548186,0,10.264864921569824,-8.112570762634277,-2.5732269287109375,0.5507814288139343,-4.615202903747559,-0.006376242730766535,0.9430457949638367,0.7033405900001526,-0.03420281782746315
43.607963267951064,1.4238057,-3.8548186,0,10.268719673156738,-8.147927284240723,-2.5732269287109375,0.5579534769058228,-4.608613967895508,-0.006539328955113888,0.9435965418815613,0.6885630488395691,-0.02275686524808407
43.607963267951064,1.4238057,-3.8548186,0,10.272547721862793,-8.183130264282227,-2.5732269287109375,0.5650303363800049,-4.601908206939697,-0.0065284837037324905,0.9416695237159729,0.6887878775596619,-0.0012046656338497996
43.607963267951064,1.4238057,-3.8548186,0,10.280401229858398,-8.253463745117188,-2.573211669921875,0.5791264772415161,-4.588527202606201,-0.006372179836034775,0.9364138245582581,0.6962969899177551,0.005505512934178114
43.607963267951064,1.4238057,-3.8548186,0,10.28442668914795,-8.288593292236328,-2.5732269287109375,0.5861689448356628,-4.581839084625244,-0.006282429676502943,0.9333991408348083,0.6980434060096741,0.00886618997901678
44.10796326795114,1.5270566,-3.7101207,0,10.288409233093262,-8.32356071472168,-2.573211669921875,0.5930806994438171,-4.575013160705566,-0.006172651890665293,0.9289590120315552,0.6997746825218201,0.010830814950168133
44.10796326795114,1.5270566,-3.7101207,0,10.292458534240723,-8.358504295349121,-2.5731964111328125,0.5999794602394104,-4.568282127380371,-0.006043221801519394,0.9257643222808838,0.6919247508049011,0.013370531611144543
44.10796326795114,1.5270566,-3.7101207,0,10.300748825073242,-8.428316116333008,-2.5731658935546875,0.6137034893035889,-4.5548014640808105,-0.005414552520960569,0.9205509424209595,0.7003708481788635,0.03837840259075165
44.10796326795114,1.5270566,-3.7101207,0,10.304874420166016,-8.463029861450195,-2.5731201171875,0.6204489469528198,-4.547951698303223,-0.005016162525862455,0.9156515002250671,0.699548602104187,0.046247612684965134
44.10796326795114,1.5270566,-3.7101207,0,10.309066772460938,-8.497719764709473,-2.5730743408203125,0.6271989345550537,-4.541087627410889,-0.004564794711768627,0.914432168006897,0.7054339647293091,0.05297176167368889
44.10796326795114,1.5270566,-3.7101207,0,10.313325881958008,-8.532384872436523,-2.573028564453125,0.633903443813324,-4.5341620445251465,-0.004000686574727297,0.9070327877998352,0.7171936631202698,0.06716232001781464
44.10796326795114,1.5270566,-3.7101207,0,10.321937561035156,-8.601482391357422,-2.572906494140625,0.6471585631370544,-4.519992351531982,-0.0030260090716183186,0.8972072601318359,0.7400127053260803,0.04963529855012894
44.10796326795114,1.5270566,-3.7101207,0,10.326292037963867,-8.63591480255127,-2.5728302001953125,0.6537646651268005,-4.512694835662842,-0.002989863744005561,0.9024726152420044,0.7534922361373901,0.0008367932750843465
44.10796326795114,1.5270566,-3.7101207,0,10.33071231842041,-8.670318603515625,-2.5727691650390625,0.6603334546089172,-4.505326271057129,-0.0034427207428961992,0.8959423303604126,0.7665445804595947,-0.06018532067537308
44.10796326795114,1.5270566,-3.7101207,0,10.335197448730469,-8.704694747924805,-2.572723388671875,0.6668374538421631,-4.4979376792907715,-0.0038520980160683393,0.8860101699829102,0.7731002569198608,-0.05431845411658287
44.50796326795122,1.6101223,-3.5872798,0,10.344131469726562,-8.773058891296387,-2.572601318359375,0.6796607971191406,-4.482734203338623,-0.004224149044603109,0.8855214715003967,0.7888162732124329,-0.022832302376627922
44.50796326795122,1.6101223,-3.5872798,0,10.348697662353516,-8.807197570800781,-2.5725555419921875,0.685994029045105,-4.4750895500183105,-0.004364844877272844,0.8724167943000793,0.7981114983558655,-0.021229030564427376
44.50796326795122,1.6101223,-3.5872798,0,10.353328704833984,-8.84130573272705,-2.5724945068359375,0.6922448873519897,-4.467319488525391,-0.004514697939157486,0.8601488471031189,0.8179111480712891,-0.022271646186709404
44.50796326795122,1.6101223,-3.5872798,0,10.357908248901367,-8.875236511230469,-2.5724334716796875,0.6983758807182312,-4.45935583114624,-0.004613923374563456,0.8578857183456421,0.8247355818748474,-0.01677498035132885
44.50796326795122,1.6101223,-3.5872798,0,10.367264747619629,-8.943005561828613,-2.5723114013671875,0.7106648683547974,-4.443560600280762,-0.004750238731503487,0.8585100173950195,0.8233779668807983,-0.025905201211571693
44.50796326795122,1.6101223,-3.5872798,0,10.372039794921875,-8.97684383392334,-2.5722503662109375,0.7168102264404297,-4.435658931732178,-0.0050638597458601,0.8531336784362793,0.8299772143363953,-0.043326519429683685
44.50796326795122,1.6101223,-3.5872798,0,10.37675666809082,-9.010506629943848,-2.572174072265625,0.7228874564170837,-4.427614688873291,-0.005308724939823151,0.8574808835983276,0.8327555060386658,-0.03473832830786705
44.50796326795122,1.6101223,-3.5872798,0,10.381539344787598,-9.044139862060547,-2.572113037109375,0.72895747423172,-4.4196038246154785,-0.005334091372787952,0.8541541695594788,0.8331699967384338,-0.007184221874922514
44.50796326795122,1.6101223,-3.5872798,0,10.391300201416016,-9.111310005187988,-2.5720062255859375,0.7410294413566589,-4.403697967529297,-0.005371552892029285,0.8449822664260864,0.8311576247215271,-0.007012392859905958
44.50796326795122,1.6101223,-3.5872798,0,10.396278381347656,-9.14484691619873,-2.5719451904296875,0.74702388048172,-4.395832538604736,-0.005406558979302645,0.8377728462219238,0.8279492259025574,-0.008053611032664776
44.907963267951295,1.6932939,-3.4584641,0,10.401196479797363,-9.178205490112305,-2.5718841552734375,0.7528973817825317,-4.3877997398376465,-0.005369243677705526,0.8367746472358704,0.831560492515564,0.0008172355010174215
44.907963267951295,1.6932939,-3.4584641,0,10.406180381774902,-9.211533546447754,-2.57183837890625,0.7587294578552246,-4.379753112792969,-0.005308644380420446,0.8290129899978638,0.8379101753234863,0.004284549038857222
44.907963267951295,1.6932939,-3.4584641,0,10.416340827941895,-9.278090476989746,-2.571746826171875,0.7704184055328369,-4.3637285232543945,-0.004972791764885187,0.8230895400047302,0.8388163447380066,0.021002253517508507
44.907963267951295,1.6932939,-3.4584641,0,10.421391487121582,-9.31116008758545,-2.571685791015625,0.7761379480361938,-4.355589866638184,-0.004684264771640301,0.8231683969497681,0.8417463898658752,0.032730862498283386
44.907963267951295,1.6932939,-3.4584641,0,10.426507949829102,-9.344199180603027,-2.571624755859375,0.7817996740341187,-4.3475446701049805,-0.004365325905382633,0.8132125735282898,0.834718644618988,0.03662751615047455
44.907963267951295,1.6932939,-3.4584641,0,10.431687355041504,-9.377205848693848,-2.5715789794921875,0.7874711155891418,-4.339414119720459,-0.004054666496813297,0.8117793798446655,0.8499943017959595,0.03568362072110176
44.907963267951295,1.6932939,-3.4584641,0,10.436931610107422,-9.41018009185791,-2.5715179443359375,0.7931546568870544,-4.331259727478027,-0.003702883142977953,0.8107187151908875,0.8573585152626038,0.04091159999370575
44.907963267951295,1.6932939,-3.4584641,0,10.447336196899414,-9.475686073303223,-2.571380615234375,0.8042070865631104,-4.314422130584717,-0.0030723419040441513,0.8047598004341125,0.8781769871711731,0.034467779099941254
44.907963267951295,1.6932939,-3.4584641,0,10.452634811401367,-9.508389472961426,-2.571319580078125,0.8096756935119629,-4.305912017822266,-0.003076867898926139,0.7936521172523499,0.8911181688308716,-0.003073829924687743
44.907963267951295,1.6932939,-3.4584641,0,10.457996368408203,-9.541057586669922,-2.5712738037109375,0.8151226043701172,-4.297319412231445,-0.003384958952665329,0.7881779074668884,0.9060035347938538,-0.04095304384827614
45.30796326795137,1.7766985,-3.323235,0,10.468628883361816,-9.605974197387695,-2.571136474609375,0.8257322311401367,-4.279635429382324,-0.003804726293310523,0.7786464095115662,0.9319648742675781,-0.020777804777026176
45.30796326795137,1.7766985,-3.323235,0,10.474038124084473,-9.638379096984863,-2.571075439453125,0.8309414982795715,-4.270747184753418,-0.0038394471630454063,0.7670196294784546,0.937197208404541,-0.006839166861027479
45.30796326795137,1.7766985,-3.323235,0,10.479510307312012,-9.670745849609375,-2.5710296630859375,0.8361426591873169,-4.261744976043701,-0.003909692168235779,0.7630931735038757,0.955991804599762,-0.011214985512197018
45.30796326795137,1.7766985,-3.323235,0,10.48489761352539,-9.702925682067871,-2.570953369140625,0.8411902785301208,-4.252532958984375,-0.0039404407143592834,0.7597681879997253,0.9650328755378723,-0.007146037649363279
45.30796326795137,1.7766985,-3.323235,0,10.495862007141113,-9.767169952392578,-2.5708160400390625,0.85118567943573,-4.233977317810059,-0.004033341072499752,0.7445226311683655,0.9872613549232483,-0.01074885856360197
45.30796326795137,1.7766985,-3.323235,0,10.501437187194824,-9.79923152923584,-2.5707550048828125,0.8561424612998962,-4.224637985229492,-0.003966665826737881,0.7389786839485168,0.9951914548873901,0.005285255145281553
45.30796326795137,1.7766985,-3.323235,0,10.506921768188477,-9.831113815307617,-2.5706634521484375,0.8608255982398987,-4.215142726898193,-0.004016946069896221,0.7208727598190308,0.999359130859375,-0.010242684744298458
45.30796326795137,1.7766985,-3.323235,0,10.512467384338379,-9.862957000732422,-2.5705718994140625,0.8655722141265869,-4.205625057220459,-0.004352820571511984,0.7253900766372681,1.0071592330932617,-0.045835502445697784
45.30796326795137,1.7766985,-3.323235,0,10.523736953735352,-9.926519393920898,-2.5704345703125,0.8750898241996765,-4.186554431915283,-0.004787346813827753,0.7220132350921631,1.018760085105896,-0.018989665433764458
45.30796326795137,1.7766985,-3.323235,0,10.529297828674316,-9.958100318908691,-2.5703582763671875,0.8796371817588806,-4.17682409286499,-0.004898014012724161,0.7107124924659729,1.0296064615249634,-0.017677897587418556
45.70796326795145,1.8597314,-3.1825616,0,10.534921646118164,-9.989638328552246,-2.570281982421875,0.8842111229896545,-4.167104721069336,-0.005043106619268656,0.7103999853134155,1.033143162727356,-0.021873971447348595
45.70796326795145,1.8597314,-3.1825616,0,10.540607452392578,-10.021133422851562,-2.5702056884765625,0.8888163566589355,-4.157416343688965,-0.005172567907720804,0.7107795476913452,1.034205675125122,-0.01981528289616108
45.70796326795145,1.8597314,-3.1825616,0,10.552000045776367,-10.083850860595703,-2.5700531005859375,0.8977898359298706,-4.137887954711914,-0.005239507649093866,0.6951963901519775,1.0384052991867065,-0.003827735548838973
45.70796326795145,1.8597314,-3.1825616,0,10.557707786560059,-10.115073204040527,-2.569976806640625,0.902252733707428,-4.128024578094482,-0.005237066652625799,0.7028941512107849,1.049688458442688,-0.0034966503735631704
45.70796326795145,1.8597314,-3.1825616,0,10.563472747802734,-10.14625358581543,-2.569915771484375,0.906769335269928,-4.118244171142578,-0.005542570259422064,0.7057775259017944,1.0462099313735962,-0.04179263114929199
45.70796326795145,1.8597314,-3.1825616,0,10.569300651550293,-10.177390098571777,-2.56982421875,0.9113585352897644,-4.108481407165527,-0.006236106622964144,0.711249589920044,1.0488084554672241,-0.09084212779998779
45.70796326795145,1.8597314,-3.1825616,0,10.57519245147705,-10.20848274230957,-2.569732666015625,0.9160666465759277,-4.098686218261719,-0.00703458534553647,0.7225883603096008,1.05752432346344,-0.1038447916507721
45.70796326795145,1.8597314,-3.1825616,0,10.586788177490234,-10.270237922668457,-2.569580078125,0.9253249168395996,-4.078776836395264,-0.00845731608569622,0.7346996068954468,1.0648159980773926,-0.09312713146209717
45.70796326795145,1.8597314,-3.1825616,0,10.59268569946289,-10.30104923248291,-2.56951904296875,0.9300875663757324,-4.068816661834717,-0.009181207045912743,0.7414013743400574,1.0711936950683594,-0.0941702127456665
45.70796326795145,1.8597314,-3.1825616,0,10.598649024963379,-10.33181381225586,-2.5694732666015625,0.9350012540817261,-4.058837890625,-0.009938319213688374,0.7565492987632751,1.0781877040863037,-0.09822379052639008
46.40796326794898,2.005711,-2.9195256,0,10.610393524169922,-10.392913818359375,-2.569366455078125,0.9448139071464539,-4.038506984710693,-0.011310398578643799,0.7830665707588196,1.0881519317626953,-0.08520902693271637
46.40796326794898,2.005711,-2.9195256,0,10.616365432739258,-10.4233980178833,-2.5693359375,0.9499015212059021,-4.028447151184082,-0.011837218888103962,0.7902816534042358,1.08412766456604,-0.06899749487638474
46.40796326794898,2.005711,-2.9195256,0,10.622407913208008,-10.453836441040039,-2.569305419921875,0.9551990628242493,-4.018396377563477,-0.012282824143767357,0.8125721216201782,1.0875872373580933,-0.05876132845878601
46.40796326794898,2.005711,-2.9195256,0,10.62833309173584,-10.484094619750977,-2.5692596435546875,0.9604459404945374,-4.008110523223877,-0.012597987428307533,0.8255556225776672,1.1028201580047607,-0.04255259037017822
46.40796326794898,2.005711,-2.9195256,0,10.640412330627441,-10.54446792602539,-2.5692138671875,0.97187739610672,-3.9872500896453857,-0.016052275896072388,0.8954996466636658,1.1376084089279175,-0.28617027401924133
46.40796326794898,2.005711,-2.9195256,0,10.646570205688477,-10.57458209991455,-2.5692291259765625,0.9781157374382019,-3.9767284393310547,-0.018543587997555733,0.9368210434913635,1.146532416343689,-0.3143339157104492
46.40796326794898,2.005711,-2.9195256,0,10.65262222290039,-10.604510307312012,-2.569244384765625,0.9844119548797607,-3.966057300567627,-0.021033156663179398,0.9627155065536499,1.1511708498001099,-0.31443077325820923
46.40796326794898,2.005711,-2.9195256,0,10.658759117126465,-10.634389877319336,-2.56927490234375,0.9910754561424255,-3.9553937911987305,-0.02348168008029461,1.0041345357894897,1.155081868171692,-0.3094961643218994
46.40796326794898,2.005711,-2.9195256,0,10.664983749389648,-10.664219856262207,-2.5693359375,0.9980306625366211,-3.944718599319458,-0.025910021737217903,1.03623366355896,1.1612930297851562,-0.3068838119506836
46.70796326794898,2.0668983,-2.803412,0,10.677506446838379,-10.723605155944824,-2.5695037841796875,1.0128438472747803,-3.9231555461883545,-0.030498523265123367,1.1156644821166992,1.1739006042480469,-0.2792952358722687
46.70796326794898,2.0668983,-2.803412,0,10.683816909790039,-10.753157615661621,-2.5696258544921875,1.0207436084747314,-3.9123334884643555,-0.03246200084686279,1.1634902954101562,1.177355170249939,-0.2486705631017685
46.70796326794898,2.0668983,-2.803412,0,10.690227508544922,-10.782659530639648,-2.5697479248046875,1.0290604829788208,-3.9015204906463623,-0.034087955951690674,1.2111845016479492,1.180921196937561,-0.206390380859375
46.70796326794898,2.0668983,-2.803412,0,10.703181266784668,-10.841383934020996,-2.5700531005859375,1.0466879606246948,-3.8798000812530518,-0.03637157008051872,1.2959715127944946,1.1866811513900757,-0.12646614015102386
46.70796326794898,2.0668983,-2.803412,0,10.709733009338379,-10.870606422424316,-2.570220947265625,1.0560284852981567,-3.868783950805664,-0.03712230920791626,1.346909999847412,1.202470302581787,-0.09651528298854828
46.70796326794898,2.0668983,-2.803412,0,10.716394424438477,-10.899775505065918,-2.5703887939453125,1.065711259841919,-3.857710123062134,-0.037618063390254974,1.3852365016937256,1.2143856287002563,-0.06455974280834198
46.70796326794898,2.0668983,-2.803412,0,10.723170280456543,-10.928890228271484,-2.5705718994140625,1.075718879699707,-3.8466250896453857,-0.037853796035051346,1.421514630317688,1.220358967781067,-0.03197462856769562
46.70796326794898,2.0668983,-2.803412,0,10.736746788024902,-10.986688613891602,-2.5709381103515625,1.09669828414917,-3.8238155841827393,-0.03898617997765541,1.522505521774292,1.2616188526153564,-0.08377199620008469
46.70796326794898,2.0668983,-2.803412,0,10.743719100952148,-11.0155029296875,-2.571136474609375,1.1077631711959839,-3.812267541885376,-0.039699487388134,1.5592451095581055,1.2750232219696045,-0.0911070927977562
46.70796326794898,2.0668983,-2.803412,0,10.750815391540527,-11.044259071350098,-2.57135009765625,1.1191954612731934,-3.800638198852539,-0.04020698741078377,1.6007897853851318,1.2897706031799316,-0.0653066635131836
47.00796326794899,2.1274695,-2.6848009,0,10.757906913757324,-11.07281494140625,-2.5715484619140625,1.13075852394104,-3.788825511932373,-0.040572285652160645,1.6288611888885498,1.2973222732543945,-0.047269273549318314
47.00796326794899,2.1274695,-2.6848009,0,10.772482872009277,-11.129748344421387,-2.5719757080078125,1.15480637550354,-3.764863967895508,-0.040997471660375595,1.6931382417678833,1.3347265720367432,-0.021383164450526237
47.00796326794899,2.1274695,-2.6848009,0,10.779970169067383,-11.158122062683105,-2.57220458984375,1.1672606468200684,-3.752734899520874,-0.04096100851893425,1.7272329330444336,1.3509382009506226,0.00316509953700006
47.00796326794899,2.1274695,-2.6848009,0,10.787585258483887,-11.186436653137207,-2.5724334716796875,1.1799386739730835,-3.7405200004577637,-0.0407034233212471,1.7508442401885986,1.3685102462768555,0.03101024590432644
47.00796326794899,2.1274695,-2.6848009,0,10.79522705078125,-11.214530944824219,-2.5726470947265625,1.1927516460418701,-3.7280499935150146,-0.0402996763586998,1.7770196199417114,1.3840183019638062,0.049054618924856186
47.00796326794899,2.1274695,-2.6848009,0,10.803007125854492,-11.242562294006348,-2.5728607177734375,1.2058533430099487,-3.715433120727539,-0.040083225816488266,1.8090113401412964,1.4070210456848145,0.025729181244969368
47.00796326794899,2.1274695,-2.6848009,0,10.818990707397461,-11.298422813415527,-2.5733184814453125,1.2329031229019165,-3.6898369789123535,-0.04044075682759285,1.8692137002944946,1.4447237253189087,-0.025946645066142082
47.00796326794899,2.1274695,-2.6848009,0,10.827099800109863,-11.326096534729004,-2.5735626220703125,1.2467025518417358,-3.6767754554748535,-0.04040563479065895,1.8962815999984741,1.4553730487823486,0.003478023922070861
47.00796326794899,2.1274695,-2.6848009,0,10.835354804992676,-11.3537015914917,-2.57379150390625,1.2606196403503418,-3.6636109352111816,-0.04030095413327217,1.906965970993042,1.4729975461959839,0.012263189069926739
47.00796326794899,2.1274695,-2.6848009,0,10.852302551269531,-11.408699989318848,-2.57427978515625,1.2889926433563232,-3.636962652206421,-0.03981228545308113,1.9458160400390625,1.5035456418991089,0.03458140045404434
47.40796326794899,2.2050917,-2.5221806,0,10.860922813415527,-11.435932159423828,-2.57452392578125,1.3033888339996338,-3.6233749389648438,-0.03940225765109062,1.9648113250732422,1.5180693864822388,0.05102064087986946
47.40796326794899,2.2050917,-2.5221806,0,10.869691848754883,-11.463090896606445,-2.57476806640625,1.317816972732544,-3.609708070755005,-0.0388152189552784,1.9648542404174805,1.5328502655029297,0.07322243601083755
47.40796326794899,2.2050917,-2.5221806,0,10.878609657287598,-11.490177154541016,-2.57501220703125,1.3324447870254517,-3.595968723297119,-0.038072679191827774,1.9859321117401123,1.5466595888137817,0.09279604256153107
47.40796326794899,2.2050917,-2.5221806,0,10.896838188171387,-11.54395580291748,-2.57550048828125,1.3618569374084473,-3.5680160522460938,-0.03633720055222511,1.9986246824264526,1.577162265777588,0.11391936987638474
47.40796326794899,2.2050917,-2.5221806,0,10.906149864196777,-11.570647239685059,-2.5757293701171875,1.3766220808029175,-3.55377459526062,-0.035296279937028885,1.999071717262268,1.6011192798614502,0.13048340380191803
47.40796326794899,2.2050917,-2.5221806,0,10.915611267089844,-11.597261428833008,-2.575958251953125,1.3913969993591309,-3.539489984512329,-0.03419649973511696,1.9966120719909668,1.6113818883895874,0.13789719343185425
47.40796326794899,2.2050917,-2.5221806,0,10.92522144317627,-11.623796463012695,-2.5761871337890625,1.4061863422393799,-3.52510929107666,-0.03305114805698395,1.994789481163025,1.6280491352081299,0.1436471790075302
47.40796326794899,2.2050917,-2.5221806,0,10.934953689575195,-11.650066375732422,-2.576385498046875,1.4209365844726562,-3.510429859161377,-0.031860750168561935,1.9908320903778076,1.6451295614242554,0.14914152026176453
47.40796326794899,2.2050917,-2.5221806,0,10.95486068725586,-11.702366828918457,-2.5767974853515625,1.4504613876342773,-3.4808292388916016,-0.029794340953230858,1.988829493522644,1.6769354343414307,0.1023593321442604
47.40796326794899,2.2050917,-2.5221806,0,10.965036392211914,-11.7283935546875,-2.576995849609375,1.4654018878936768,-3.4657742977142334,-0.029626760631799698,2.0040574073791504,1.7070072889328003,0.021437646821141243
47.707963267949,2.2647667,-2.3965938,0,10.97533893585205,-11.75414752960205,-2.577178955078125,1.480332851409912,-3.450408458709717,-0.029621241614222527,2.0031344890594482,1.725632905960083,0.000576954276766628
47.707963267949,2.2647667,-2.3965938,0,10.99638557434082,-11.805404663085938,-2.5775604248046875,1.5100170373916626,-3.4195473194122314,-0.029355013743042946,1.9806538820266724,1.748562216758728,0.014277639798820019
47.707963267949,2.2647667,-2.3965938,0,11.00712776184082,-11.830904006958008,-2.5777587890625,1.5248122215270996,-3.404026746749878,-0.029238907620310783,1.9762458801269531,1.7602591514587402,0.014510470442473888
47.707963267949,2.2647667,-2.3965938,0,11.017990112304688,-11.856123924255371,-2.57794189453125,1.5395740270614624,-3.388308048248291,-0.02905217930674553,1.972839593887329,1.764250636100769,0.022670717909932137
47.707963267949,2.2647667,-2.3965938,0,11.028997421264648,-11.881258010864258,-2.5781097412109375,1.5542534589767456,-3.372560739517212,-0.028778500854969025,1.9593572616577148,1.7731679677963257,0.03337673470377922
47.707963267949,2.2647667,-2.3965938,0,11.040148735046387,-11.906306266784668,-2.578277587890625,1.5688849687576294,-3.356764316558838,-0.028353294357657433,1.9502581357955933,1.7844910621643066,0.05235802009701729
47.707963267949,2.2647667,-2.3965938,0,11.05144214630127,-11.931265830993652,-2.5784454345703125,1.5834704637527466,-3.340963363647461,-0.027715228497982025,1.9414583444595337,1.7901434898376465,0.07900083065032959
47.707963267949,2.2647667,-2.3965938,0,11.07441234588623,-11.98052978515625,-2.5787506103515625,1.612784504890442,-3.308972120285034,-0.027293620631098747,1.9540636539459229,1.7976300716400146,0.005440786015242338
47.707963267949,2.2647667,-2.3965938,0,11.086112022399902,-12.005030632019043,-2.578887939453125,1.6275273561477661,-3.2929844856262207,-0.027340717613697052,1.9558862447738647,1.803169846534729,-0.007818917743861675
48.007963267949,2.3235502,-2.2689853,0,11.109936714172363,-12.053764343261719,-2.579193115234375,1.6568678617477417,-3.2609803676605225,-0.02728184312582016,1.941488265991211,1.8109382390975952,0.0008433125331066549
48.007963267949,2.3235502,-2.2689853,0,11.1220121383667,-12.077792167663574,-2.579315185546875,1.6714707612991333,-3.2447547912597656,-0.027191778644919395,1.9363036155700684,1.8212178945541382,0.007937661372125149
48.007963267949,2.3235502,-2.2689853,0,11.134228706359863,-12.10173225402832,-2.579437255859375,1.6861176490783691,-3.228593111038208,-0.02705536037683487,1.938873052597046,1.818751573562622,0.013790092431008816
48.007963267949,2.3235502,-2.2689853,0,11.146586418151855,-12.125582695007324,-2.5795745849609375,1.7007118463516235,-3.2124292850494385,-0.026856256648898125,1.9293859004974365,1.8243907690048218,0.02167699672281742
48.007963267949,2.3235502,-2.2689853,0,11.17163372039795,-12.172821998596191,-2.579803466796875,1.7297600507736206,-3.180008888244629,-0.026002975180745125,1.9184110164642334,1.8267920017242432,0.058995090425014496
48.007963267949,2.3235502,-2.2689853,0,11.184322357177734,-12.196211814880371,-2.5799102783203125,1.7441896200180054,-3.1637306213378906,-0.025359321385622025,1.9114326238632202,1.8287842273712158,0.07670092582702637
48.007963267949,2.3235502,-2.2689853,0,11.197151184082031,-12.219512939453125,-2.58001708984375,1.7586041688919067,-3.147486686706543,-0.024578377604484558,1.90664541721344,1.829967737197876,0.09390851110219955
48.007963267949,2.3235502,-2.2689853,0,11.210119247436523,-12.24272346496582,-2.5801239013671875,1.7729440927505493,-3.1312968730926514,-0.023767290636897087,1.894510269165039,1.828476905822754,0.09783356636762619
48.007963267949,2.3235502,-2.2689853,0,11.236312866210938,-12.288512229919434,-2.5803070068359375,1.8017308712005615,-3.0983073711395264,-0.023124387487769127,1.9134421348571777,1.8603014945983887,0.01310743298381567
48.007963267949,2.3235502,-2.2689853,0,11.249618530273438,-12.311270713806152,-2.580413818359375,1.8161340951919556,-3.081845283508301,-0.02312387153506279,1.9046539068222046,1.8542077541351318,-0.003761611646041274
48.307963267949006,2.3815475,-2.1425645,0,11.263063430786133,-12.333937644958496,-2.58050537109375,1.8305344581604004,-3.065415859222412,-0.0229901522397995,1.9014991521835327,1.8554766178131104,0.01293234433978796
48.307963267949006,2.3815475,-2.1425645,0,11.276565551757812,-12.356327056884766,-2.580596923828125,1.8448431491851807,-3.0488479137420654,-0.022810090333223343,1.8983843326568604,1.8531293869018555,0.017873475328087807
48.307963267949006,2.3815475,-2.1425645,0,11.303986549377441,-12.400835037231445,-2.5807647705078125,1.8733351230621338,-3.0157244205474854,-0.022395411506295204,1.8840100765228271,1.8644599914550781,0.019686760380864143
48.307963267949006,2.3815475,-2.1425645,0,11.317902565002441,-12.422952651977539,-2.580841064453125,1.8874880075454712,-2.9992220401763916,-0.022122127935290337,1.8703601360321045,1.861607313156128,0.02963188849389553
48.307963267949006,2.3815475,-2.1425645,0,11.33187484741211,-12.444786071777344,-2.580902099609375,1.9015122652053833,-2.982579469680786,-0.02167333848774433,1.863015055656433,1.858452558517456,0.050080470740795135
48.307963267949006,2.3815475,-2.1425645,0,11.345983505249023,-12.46652889251709,-2.5809478759765625,1.9154820442199707,-2.9659926891326904,-0.021091457456350327,1.853317379951477,1.8572466373443604,0.06681633740663528
48.307963267949006,2.3815475,-2.1425645,0,11.360227584838867,-12.488182067871094,-2.5810089111328125,1.9293967485427856,-2.9493935108184814,-0.020397955551743507,1.8436388969421387,1.8644694089889526,0.08086813241243362
48.307963267949006,2.3815475,-2.1425645,0,11.389012336730957,-12.531015396118164,-2.5811004638671875,1.9571609497070312,-2.916043281555176,-0.019165614619851112,1.8426681756973267,1.8741023540496826,0.054043248295784
48.307963267949006,2.3815475,-2.1425645,0,11.40355396270752,-12.552196502685547,-2.5811309814453125,1.9709687232971191,-2.8992652893066406,-0.019122159108519554,1.8365672826766968,1.876650094985962,-0.001164618763141334
48.307963267949006,2.3815475,-2.1425645,0,11.418230056762695,-12.573286056518555,-2.5811614990234375,1.984831690788269,-2.882528066635132,-0.019076423719525337,1.8405675888061523,1.8772681951522827,-0.0008316710009239614
48.60796326794901,2.4389474,-2.0102968,0,11.433039665222168,-12.594284057617188,-2.5811920166015625,1.9985544681549072,-2.8657901287078857,-0.018957138061523438,1.820238471031189,1.882999062538147,0.00848108809441328
48.60796326794901,2.4389474,-2.0102968,0,11.462814331054688,-12.635624885559082,-2.58123779296875,2.0256495475769043,-2.8319668769836426,-0.01865333691239357,1.8048136234283447,1.888035774230957,0.015554948709905148
48.60796326794901,2.4389474,-2.0102968,0,11.477900505065918,-12.656158447265625,-2.581268310546875,2.0391478538513184,-2.815129518508911,-0.018465518951416016,1.7996368408203125,1.8865227699279785,0.016316303983330727
48.60796326794901,2.4389474,-2.0102968,0,11.493118286132812,-12.676599502563477,-2.5812835693359375,2.0526275634765625,-2.798398733139038,-0.018186166882514954,1.7943549156188965,1.878943681716919,0.0278912466019392
48.60796326794901,2.4389474,-2.0102968,0,11.523700714111328,-12.71684455871582,-2.5813140869140625,2.078984022140503,-2.7647125720977783,-0.017235130071640015,1.7694863080978394,1.8760225772857666,0.06444192677736282
48.60796326794901,2.4389474,-2.0102968,0,11.539186477661133,-12.736830711364746,-2.581329345703125,2.0921196937561035,-2.7479512691497803,-0.016557496041059494,1.7588242292404175,1.8748865127563477,0.07730721682310104
48.60796326794901,2.4389474,-2.0102968,0,11.554801940917969,-12.756726264953613,-2.581329345703125,2.1051504611968994,-2.731306791305542,-0.015831492841243744,1.742648959159851,1.8660387992858887,0.08349771797657013
48.60796326794901,2.4389474,-2.0102968,0,11.570544242858887,-12.776531219482422,-2.5813446044921875,2.1181416511535645,-2.714702844619751,-0.015058633871376514,1.7347586154937744,1.8665977716445923,0.08949636667966843
48.60796326794901,2.4389474,-2.0102968,0,11.602100372314453,-12.815472602844238,-2.5813140869140625,2.143827438354492,-2.6809864044189453,-0.014518124051392078,1.7331037521362305,1.8847639560699463,0.00023189930652733892
48.60796326794901,2.4389474,-2.0102968,0,11.618069648742676,-12.834807395935059,-2.5813140869140625,2.156619071960449,-2.664201259613037,-0.014482898637652397,1.721068024635315,1.8795424699783325,-0.0029932705219835043
48.907963267949015,2.4954422,-1.8759457,0,11.634166717529297,-12.854049682617188,-2.5813140869140625,2.1693599224090576,-2.647404670715332,-0.014415190555155277,1.711513876914978,1.8867487907409668,0.0012158415047451854
48.907963267949015,2.4954422,-1.8759457,0,11.650245666503906,-12.873015403747559,-2.5813140869140625,2.1818764209747314,-2.6304264068603516,-0.014302058145403862,1.6996487379074097,1.8896907567977905,0.006614252459257841
48.907963267949015,2.4954422,-1.8759457,0,11.682782173156738,-12.910673141479492,-2.5813140869140625,2.2066619396209717,-2.59672474861145,-0.013925429433584213,1.673784852027893,1.8797067403793335,0.018625983968377113
48.907963267949015,2.4954422,-1.8759457,0,11.699236869812012,-12.929365158081055,-2.581329345703125,2.2189362049102783,-2.5799977779388428,-0.013684190809726715,1.6589696407318115,1.8762134313583374,0.023068858310580254
48.907963267949015,2.4954422,-1.8759457,0,11.715682983398438,-12.947776794433594,-2.5813140869140625,2.231107473373413,-2.5630877017974854,-0.013733630068600178,1.660859227180481,1.8790831565856934,-0.013450159691274166
48.907963267949015,2.4954422,-1.8759457,0,11.732254028320312,-12.966097831726074,-2.5813140869140625,2.243354558944702,-2.546262264251709,-0.01404966227710247,1.6667014360427856,1.8747056722640991,-0.046628523617982864
48.907963267949015,2.4954422,-1.8759457,0,11.765769004821777,-13.002470016479492,-2.581329345703125,2.2677736282348633,-2.5128374099731445,-0.014502426609396935,1.6502388715744019,1.8656210899353027,-0.028264706954360008
48.907963267949015,2.4954422,-1.8759457,0,11.782590866088867,-13.020332336425781,-2.5813446044921875,2.2798337936401367,-2.496039390563965,-0.014693950302898884,1.6501226425170898,1.8637642860412598,-0.030990688130259514
48.907963267949015,2.4954422,-1.8759457,0,11.79953670501709,-13.038106918334961,-2.5813446044921875,2.291919231414795,-2.479370594024658,-0.014826657250523567,1.6495745182037354,1.8538256883621216,-0.023494938388466835
48.907963267949015,2.4954422,-1.8759457,0,11.816604614257812,-13.055793762207031,-2.58135986328125,2.303903102874756,-2.4628632068634033,-0.01492149755358696,1.6332651376724243,1.839684009552002,-0.018621327355504036
49.20796326794902,2.551132,-1.7392437,0,11.851000785827637,-13.090719223022461,-2.581390380859375,2.3278067111968994,-2.42983341217041,-0.014882717281579971,1.6282531023025513,1.8335565328598022,0.0041238958947360516
49.20796326794902,2.551132,-1.7392437,0,11.868328094482422,-13.107959747314453,-2.5814208984375,2.339625835418701,-2.4134066104888916,-0.014624484814703465,1.6177586317062378,1.822895884513855,0.0262125376611948
49.20796326794902,2.551132,-1.7392437,0,11.88577651977539,-13.125115394592285,-2.5814361572265625,2.3514175415039062,-2.3970751762390137,-0.01425955630838871,1.6106505393981934,1.8171453475952148,0.039664093405008316
49.20796326794902,2.551132,-1.7392437,0,11.903345108032227,-13.142184257507324,-2.581451416015625,2.3631906509399414,-2.3808374404907227,-0.01374186109751463,1.604712963104248,1.8113831281661987,0.05866866186261177
49.20796326794902,2.551132,-1.7392437,0,11.938623428344727,-13.175682067871094,-2.58148193359375,2.3862600326538086,-2.348339319229126,-0.012352661229670048,1.581443190574646,1.792743444442749,0.08801649510860443
49.20796326794902,2.551132,-1.7392437,0,11.956440925598145,-13.192305564880371,-2.58148193359375,2.3977789878845215,-2.332205295562744,-0.01153219398111105,1.5778553485870361,1.791082739830017,0.09674997627735138
49.20796326794902,2.551132,-1.7392437,0,11.97437572479248,-13.208844184875488,-2.58148193359375,2.4092326164245605,-2.316088914871216,-0.01101727969944477,1.566132664680481,1.7948826551437378,0.05866493657231331
49.20796326794902,2.551132,-1.7392437,0,11.992307662963867,-13.225112915039062,-2.58148193359375,2.4206533432006836,-2.2998335361480713,-0.010947217233479023,1.5758353471755981,1.79377281665802,0.002631451701745391
49.20796326794902,2.551132,-1.7392437,0,12.028526306152344,-13.257400512695312,-2.5814666748046875,2.443311929702759,-2.267458438873291,-0.010833689011633396,1.550378441810608,1.7952971458435059,0.005094799678772688
49.20796326794902,2.551132,-1.7392437,0,12.0468111038208,-13.273418426513672,-2.581451416015625,2.4545581340789795,-2.2514288425445557,-0.010630769655108452,1.542773962020874,1.784031629562378,0.01930398680269718
49.50796326794902,2.6058733,-1.600516,0,12.065070152282715,-13.289148330688477,-2.5814208984375,2.4655539989471436,-2.235236167907715,-0.010529379360377789,1.528139591217041,1.7832794189453125,0.006089917849749327
49.50796326794902,2.6058733,-1.600516,0,12.083444595336914,-13.304797172546387,-2.5814056396484375,2.4765305519104004,-2.219217300415039,-0.010362246073782444,1.5217516422271729,1.7679661512374878,0.014443880878388882
49.50796326794902,2.6058733,-1.600516,0,12.101934432983398,-13.320363998413086,-2.581390380859375,2.4874632358551025,-2.203228235244751,-0.010103646665811539,1.5124050378799438,1.7704437971115112,0.026012303307652473
49.50796326794902,2.6058733,-1.600516,0,12.139254570007324,-13.351251602172852,-2.5813446044921875,2.5090231895446777,-2.1715564727783203,-0.009289482608437538,1.481215476989746,1.757720708847046,0.05343043804168701
49.50796326794902,2.6058733,-1.600516,0,12.157930374145508,-13.366374969482422,-2.5813140869140625,2.519486427307129,-2.155740261077881,-0.008684251457452774,1.4645010232925415,1.7406026124954224,0.06966059654951096
49.50796326794902,2.6058733,-1.600516,0,12.176716804504395,-13.381418228149414,-2.5812835693359375,2.5298523902893066,-2.139981985092163,-0.007993029430508614,1.4482945203781128,1.7396087646484375,0.08053797483444214
49.50796326794902,2.6058733,-1.600516,0,12.195613861083984,-13.396382331848145,-2.5812530517578125,2.540240526199341,-2.124333381652832,-0.007613103836774826,1.4471395015716553,1.7320597171783447,0.0417511872947216
49.50796326794902,2.6058733,-1.600516,0,12.23358154296875,-13.425882339477539,-2.5811920166015625,2.560810089111328,-2.0929226875305176,-0.007816740311682224,1.4311951398849487,1.7324168682098389,-0.02360343746840954
49.50796326794902,2.6058733,-1.600516,0,12.25265121459961,-13.440421104431152,-2.5811614990234375,2.5708580017089844,-2.077255964279175,-0.007828193716704845,1.414614200592041,1.72809898853302,-0.007188412826508284
49.50796326794902,2.6058733,-1.600516,0,12.271830558776855,-13.454880714416504,-2.581146240234375,2.5808544158935547,-2.0616278648376465,-0.007782465778291225,1.4040404558181763,1.7294212579727173,8.149071800289676e-05
49.80796326794903,2.6595929,-1.4599308,0,12.310354232788086,-13.48337459564209,-2.581085205078125,2.6004366874694824,-2.030614137649536,-0.007626248523592949,1.3763887882232666,1.7086880207061768,0.007201917003840208
49.80796326794903,2.6595929,-1.4599308,0,12.32969856262207,-13.497411727905273,-2.5810546875,2.6101443767547607,-2.015144109725952,-0.007411109749227762,1.3770476579666138,1.7039793729782104,0.02144463174045086
49.80796326794903,2.6595929,-1.4599308,0,12.349150657653809,-13.511372566223145,-2.581024169921875,2.619729995727539,-1.9998537302017212,-0.007179577369242907,1.3574451208114624,1.6877156496047974,0.02360530011355877
49.80796326794903,2.6595929,-1.4599308,0,12.368707656860352,-13.525257110595703,-2.58099365234375,2.629246711730957,-1.9846080541610718,-0.006839924491941929,1.344599962234497,1.6881299018859863,0.037229616194963455
49.80796326794903,2.6595929,-1.4599308,0,12.407814025878906,-13.552409172058105,-2.5809326171875,2.647714853286743,-1.9541832208633423,-0.005782919004559517,1.3191999197006226,1.6623899936676025,0.06484612077474594
49.80796326794903,2.6595929,-1.4599308,0,12.427523612976074,-13.565874099731445,-2.580902099609375,2.656843900680542,-1.9391841888427734,-0.005133111961185932,1.3052074909210205,1.650754690170288,0.07675028592348099
49.80796326794903,2.6595929,-1.4599308,0,12.447335243225098,-13.579265594482422,-2.58087158203125,2.6659529209136963,-1.9242095947265625,-0.004864752292633057,1.2983617782592773,1.653727412223816,0.029157379642128944
49.80796326794903,2.6595929,-1.4599308,0,12.467095375061035,-13.592385292053223,-2.580841064453125,2.674872398376465,-1.9091134071350098,-0.004984618630260229,1.2920398712158203,1.6492359638214111,-0.01922622136771679
49.80796326794903,2.6595929,-1.4599308,0,12.486958503723145,-13.605432510375977,-2.580810546875,2.683760404586792,-1.8941214084625244,-0.005027377046644688,1.2834173440933228,1.642622709274292,-0.009508336894214153
50.10796326794903,2.7121305,-1.3178926,0,12.506922721862793,-13.618408203125,-2.580780029296875,2.6925065517425537,-1.8792632818222046,-0.005054073873907328,1.2611112594604492,1.6321200132369995,-0.007423571776598692
50.10796326794903,2.7121305,-1.3178926,0,12.547003746032715,-13.643965721130371,-2.58074951171875,2.7097432613372803,-1.8496876955032349,-0.005068594124168158,1.2448261976242065,1.6136120557785034,-0.007815192453563213
50.10796326794903,2.7121305,-1.3178926,0,12.567120552062988,-13.656550407409668,-2.58074951171875,2.7181878089904785,-1.8349721431732178,-0.005087999161332846,1.2304213047027588,1.6095399856567383,-0.005355104338377714
50.10796326794903,2.7121305,-1.3178926,0,12.587335586547852,-13.66906452178955,-2.58074951171875,2.726510524749756,-1.8204389810562134,-0.004998025484383106,1.2104982137680054,1.5929397344589233,0.00835768785327673
50.10796326794903,2.7121305,-1.3178926,0,12.607647895812988,-13.681509971618652,-2.58074951171875,2.7347846031188965,-1.8059778213500977,-0.004726669751107693,1.19986891746521,1.5899875164031982,0.031071247532963753
50.10796326794903,2.7121305,-1.3178926,0,12.64825439453125,-13.705886840820312,-2.58074951171875,2.750845193862915,-1.7771289348602295,-0.004005840979516506,1.1799758672714233,1.5673613548278809,0.04393374174833298
50.10796326794903,2.7121305,-1.3178926,0,12.668702125549316,-13.717972755432129,-2.5807342529296875,2.7587203979492188,-1.7628490924835205,-0.0033978470601141453,1.1571496725082397,1.565305471420288,0.07391674071550369
50.10796326794903,2.7121305,-1.3178926,0,12.709728240966797,-13.741796493530273,-2.58074951171875,2.7744557857513428,-1.7344777584075928,-0.0033142545726150274,1.1613364219665527,1.5493520498275757,-0.022839752957224846
50.10796326794903,2.7121305,-1.3178926,0,12.730307579040527,-13.753535270690918,-2.5807647705078125,2.782174587249756,-1.720396876335144,-0.003494043368846178,1.144556999206543,1.5387324094772339,-0.023610422387719154
50.10796326794903,2.7121305,-1.3178926,0,12.750981330871582,-13.76520824432373,-2.580780029296875,2.7898263931274414,-1.7064324617385864,-0.0036172105465084314,1.1313995122909546,1.5301886796951294,-0.016537027433514595
50.407963267949036,2.7633288,-1.1748258,0,12.771747589111328,-13.776814460754395,-2.5807952880859375,2.797435760498047,-1.6925679445266724,-0.0036754284519702196,1.1213629245758057,1.5235600471496582,-0.008277594111859798
50.407963267949036,2.7633288,-1.1748258,0,12.813373565673828,-13.799661636352539,-2.58087158203125,2.8122947216033936,-1.6650604009628296,-0.0037914637941867113,1.1001845598220825,1.4971179962158203,0.0009345821454189718
50.407963267949036,2.7633288,-1.1748258,0,12.834233283996582,-13.810904502868652,-2.5809326171875,2.81955885887146,-1.6514713764190674,-0.0037285408470779657,1.0882904529571533,1.4844125509262085,0.00854488369077444
50.407963267949036,2.7633288,-1.1748258,0,12.855183601379395,-13.8220853805542,-2.5809783935546875,2.826810359954834,-1.6379696130752563,-0.003547588363289833,1.081847071647644,1.4793460369110107,0.02324254997074604
50.407963267949036,2.7633288,-1.1748258,0,12.876224517822266,-13.833202362060547,-2.5810394287109375,2.8339555263519287,-1.6246963739395142,-0.003268738277256489,1.063818097114563,1.456476092338562,0.0354270413517952
50.407963267949036,2.7633288,-1.1748258,0,12.91824722290039,-13.85491943359375,-2.5811920166015625,2.847745656967163,-1.5981394052505493,-0.0024747392162680626,1.0371955633163452,1.4378738403320312,0.05989847332239151
50.407963267949036,2.7633288,-1.1748258,0,12.939393043518066,-13.865687370300293,-2.58123779296875,2.8546547889709473,-1.5849788188934326,-0.0023482446558773518,1.0419237613677979,1.4379843473434448,0.01746928133070469
50.407963267949036,2.7633288,-1.1748258,0,12.960627555847168,-13.876395225524902,-2.5812835693359375,2.8616223335266113,-1.571853756904602,-0.002607553731650114,1.0444215536117554,1.4391977787017822,-0.03083469159901142
50.407963267949036,2.7633288,-1.1748258,0,12.981766700744629,-13.886884689331055,-2.58135986328125,2.868333578109741,-1.558709740638733,-0.0028412402607500553,1.032159447669983,1.426443099975586,-0.026430467143654823
50.407963267949036,2.7633288,-1.1748258,0,13.002996444702148,-13.897315979003906,-2.5814361572265625,2.8749988079071045,-1.5457161664962769,-0.002983880927786231,1.0212196111679077,1.4135748147964478,-0.015159602276980877
50.70796326794904,2.8131855,-1.0307661,0,13.024313926696777,-13.90768814086914,-2.581512451171875,2.8816466331481934,-1.532870888710022,-0.0031184537801891565,1.0139464139938354,1.4008246660232544,-0.014257616363465786
50.70796326794904,2.8131855,-1.0307661,0,13.067009925842285,-13.92810344696045,-2.5816650390625,2.8945984840393066,-1.5073637962341309,-0.003243168815970421,0.9948849081993103,1.3830379247665405,-0.004486180376261473
50.70796326794904,2.8131855,-1.0307661,0,13.08838939666748,-13.93814754486084,-2.5817718505859375,2.9009132385253906,-1.494672179222107,-0.003242477076128125,0.9836354851722717,1.3782891035079956,0.003742053871974349
50.70796326794904,2.8131855,-1.0307661,0,13.131407737731934,-13.95806884765625,-2.58197021484375,2.9134504795074463,-1.4698015451431274,-0.002843029797077179,0.9655196666717529,1.3449673652648926,0.03792484849691391
50.70796326794904,2.8131855,-1.0307661,0,13.152853965759277,-13.967791557312012,-2.58209228515625,2.919464111328125,-1.457461953163147,-0.0024832456838339567,0.9564071893692017,1.3306556940078735,0.04925159364938736
50.70796326794904,2.8131855,-1.0307661,0,13.174386024475098,-13.977460861206055,-2.5821990966796875,2.9253995418548584,-1.445258378982544,-0.0020020247902721167,0.9411020874977112,1.319477915763855,0.06428500264883041
50.70796326794904,2.8131855,-1.0307661,0,13.196002960205078,-13.987078666687012,-2.5822906494140625,2.9312567710876465,-1.4331753253936768,-0.0014098086394369602,0.9259583353996277,1.3100913763046265,0.07801828533411026
50.70796326794904,2.8131855,-1.0307661,0,13.239293098449707,-14.006022453308105,-2.5825042724609375,2.9428024291992188,-1.4090443849563599,-0.001302368356846273,0.9222022891044617,1.3083789348602295,-0.011941882781684399
50.70796326794904,2.8131855,-1.0307661,0,13.260966300964355,-14.015350341796875,-2.5826263427734375,2.948422908782959,-1.3970052003860474,-0.0014670547097921371,0.9065139293670654,1.303908348083496,-0.014951917342841625
50.70796326794904,2.8131855,-1.0307661,0,13.282723426818848,-14.024626731872559,-2.582763671875,2.9540107250213623,-1.3851872682571411,-0.0014940300025045872,0.8968875408172607,1.2817966938018799,0.002081040060147643
50.907963267949114,2.8456137,-0.93436366,0,13.304563522338867,-14.033851623535156,-2.5828857421875,2.9595835208892822,-1.3734943866729736,-0.0014964798465371132,0.8896178007125854,1.2715997695922852,0.004970933776348829
50.907963267949114,2.8456137,-0.93436366,0,13.326292037963867,-14.042909622192383,-2.583038330078125,2.9649288654327393,-1.3617311716079712,-0.0014990043127909303,0.8815709352493286,1.2705470323562622,0.006852671038359404
50.907963267949114,2.8456137,-0.93436366,0,13.3699951171875,-14.060877799987793,-2.583343505859375,2.975480079650879,-1.338657021522522,-0.0014502147678285837,0.8593912720680237,1.241191029548645,0.01246062945574522
50.907963267949114,2.8456137,-0.93436366,0,13.391968727111816,-14.069787979125977,-2.5834808349609375,2.980689525604248,-1.327343463897705,-0.001243802485987544,0.8475736975669861,1.2305749654769897,0.03232061490416527
50.907963267949114,2.8456137,-0.93436366,0,13.413823127746582,-14.078531265258789,-2.5836181640625,2.98559308052063,-1.3160847425460815,-0.0009362440323457122,0.8304679989814758,1.213425636291504,0.045664604753255844
50.907963267949114,2.8456137,-0.93436366,0,13.457772254943848,-14.09587574005127,-2.5838775634765625,2.995370626449585,-1.2938690185546875,-3.289882079116069e-05,0.814729630947113,1.1992485523223877,0.06889737397432327
50.907963267949114,2.8456137,-0.93436366,0,13.479865074157715,-14.10447883605957,-2.5839996337890625,3.000215530395508,-1.2829015254974365,0.00036046013701707125,0.805892825126648,1.1928023099899292,0.05575408786535263
50.907963267949114,2.8456137,-0.93436366,0,13.502035140991211,-14.11303424835205,-2.5841217041015625,3.0050432682037354,-1.2720328569412231,0.0005893943598493934,0.7983003258705139,1.1854304075241089,0.03500142693519592
50.907963267949114,2.8456137,-0.93436366,0,13.524084091186523,-14.121438026428223,-2.584259033203125,3.009648323059082,-1.2612028121948242,0.0008050366304814816,0.7915247082710266,1.172501564025879,0.03470992296934128
50.907963267949114,2.8456137,-0.93436366,0,13.546210289001465,-14.129796981811523,-2.584381103515625,3.0141594409942627,-1.2504891157150269,0.001088719698600471,0.773893415927887,1.1630313396453857,0.042984724044799805
51.20796326794919,2.8929825,-0.78941435,0,13.568412780761719,-14.138111114501953,-2.584503173828125,3.018582582473755,-1.2398532629013062,0.0014475267380475998,0.7571673393249512,1.1582742929458618,0.05215126648545265
51.20796326794919,2.8929825,-0.78941435,0,13.612832069396973,-14.15450382232666,-2.5847320556640625,3.02706241607666,-1.2189230918884277,0.0020967163145542145,0.7336556911468506,1.1331968307495117,0.050451602786779404
51.20796326794919,2.8929825,-0.78941435,0,13.635047912597656,-14.16258430480957,-2.584869384765625,3.031137228012085,-1.2085771560668945,0.002412977395579219,0.7238446474075317,1.124041199684143,0.04828394949436188
51.20796326794919,2.8929825,-0.78941435,0,13.67970085144043,-14.178616523742676,-2.5850982666015625,3.039062261581421,-1.1881715059280396,0.003338827285915613,0.6953762769699097,1.1090099811553955,0.07161078602075577
51.20796326794919,2.8929825,-0.78941435,0,13.701953887939453,-14.186481475830078,-2.585235595703125,3.042820453643799,-1.1780070066452026,0.003478039288893342,0.6905667781829834,1.1053518056869507,0.027883796021342278
51.20796326794919,2.8929825,-0.78941435,0,13.72428035736084,-14.194304466247559,-2.5853729248046875,3.046607494354248,-1.167957067489624,0.0032570590265095234,0.688145101070404,1.095709204673767,-0.017443204298615456
51.20796326794919,2.8929825,-0.78941435,0,13.746678352355957,-14.202085494995117,-2.58551025390625,3.0502824783325195,-1.1580464839935303,0.0030602170154452324,0.6682529449462891,1.0828500986099243,-0.014682299457490444
51.20796326794919,2.8929825,-0.78941435,0,13.791516304016113,-14.21744441986084,-2.5858306884765625,3.057377576828003,-1.1384284496307373,0.002946060849353671,0.6497043371200562,1.0681729316711426,0.0024717298801988363
51.20796326794919,2.8929825,-0.78941435,0,13.813955307006836,-14.22502326965332,-2.58599853515625,3.0607428550720215,-1.1287755966186523,0.0029306886717677116,0.6346036791801453,1.055109977722168,0.010037793777883053
51.507963267949265,2.9387023,-0.6444401,0,13.836463928222656,-14.232562065124512,-2.5861663818359375,3.06404447555542,-1.1192198991775513,0.0028694672510027885,0.6207318305969238,1.04731023311615,0.003962777089327574
51.507963267949265,2.9387023,-0.6444401,0,13.859040260314941,-14.240062713623047,-2.586334228515625,3.067396640777588,-1.1098076105117798,0.0029040470253676176,0.6212526559829712,1.0336205959320068,0.015603377483785152
51.507963267949265,2.9387023,-0.6444401,0,13.881532669067383,-14.247444152832031,-2.5865325927734375,3.0705249309539795,-1.1004178524017334,0.003001062199473381,0.6081318259239197,1.02614164352417,0.025690997019410133
51.507963267949265,2.9387023,-0.6444401,0,13.92672061920166,-14.26209545135498,-2.5869140625,3.076751232147217,-1.0819926261901855,0.00354837067425251,0.5950714945793152,1.0036264657974243,0.0524851456284523
51.507963267949265,2.9387023,-0.6444401,0,13.949414253234863,-14.269364356994629,-2.58709716796875,3.0798192024230957,-1.0730197429656982,0.003984421957284212,0.582956075668335,0.986481249332428,0.06707710772752762
51.507963267949265,2.9387023,-0.6444401,0,13.97201919555664,-14.276518821716309,-2.5873260498046875,3.0826337337493896,-1.0640498399734497,0.00451350724324584,0.5663614273071289,0.9810875058174133,0.08172215521335602
51.507963267949265,2.9387023,-0.6444401,0,14.017423629760742,-14.290719985961914,-2.5877532958984375,3.0881547927856445,-1.0464601516723633,0.0057488675229251385,0.5404684543609619,0.9612093567848206,0.09744520485401154
51.507963267949265,2.9387023,-0.6444401,0,14.040221214294434,-14.297767639160156,-2.58795166015625,3.090869903564453,-1.0377615690231323,0.00602942006662488,0.5365041494369507,0.9590826630592346,0.049351710826158524
51.507963267949265,2.9387023,-0.6444401,0,14.062912940979004,-14.304705619812012,-2.58819580078125,3.0933520793914795,-1.0290772914886475,0.005893888883292675,0.5239566564559937,0.9524526000022888,0.0003194436139892787
51.507963267949265,2.9387023,-0.6444401,0,14.085667610168457,-14.31160831451416,-2.5884246826171875,3.0957486629486084,-1.0204687118530273,0.005727797280997038,0.5072461366653442,0.946877121925354,-0.004185828845947981
51.70796326794934,2.9682288,-0.5479222,0,14.10848331451416,-14.318476676940918,-2.588653564453125,3.098201274871826,-1.0120195150375366,0.0056891487911343575,0.5084608793258667,0.9307751059532166,0.0112680708989501
51.70796326794934,2.9682288,-0.5479222,0,14.154126167297363,-14.33203411102295,-2.5891265869140625,3.102699041366577,-0.9953085780143738,0.005810741800814867,0.4805520474910736,0.9129056334495544,0.023639759048819542
51.70796326794934,2.9682288,-0.5479222,0,14.17695140838623,-14.338723182678223,-2.589385986328125,3.104785919189453,-0.9871364831924438,0.005857713520526886,0.46819189190864563,0.8979730010032654,0.024003906175494194
51.70796326794934,2.9682288,-0.5479222,0,14.199836730957031,-14.345380783081055,-2.5896453857421875,3.1067774295806885,-0.9789750576019287,0.005924827419221401,0.45046550035476685,0.9002938866615295,0.026002058759331703
51.70796326794934,2.9682288,-0.5479222,0,14.245777130126953,-14.358598709106445,-2.590118408203125,3.110630750656128,-0.962995707988739,0.0064809685572981834,0.4290406107902527,0.874443531036377,0.05565071105957031
51.70796326794934,2.9682288,-0.5479222,0,14.268643379211426,-14.365106582641602,-2.5903778076171875,3.1123340129852295,-0.9551616907119751,0.0066581303253769875,0.42207175493240356,0.8636524081230164,0.041303686797618866
51.70796326794934,2.9682288,-0.5479222,0,14.291566848754883,-14.371582984924316,-2.5906219482421875,3.114093780517578,-0.9473111629486084,0.006687192711979151,0.4233085513114929,0.869168758392334,0.022244172170758247
51.70796326794934,2.9682288,-0.5479222,0,14.314547538757324,-14.378028869628906,-2.5908660888671875,3.115809440612793,-0.939697802066803,0.006847078911960125,0.41207045316696167,0.8428641557693481,0.03806501254439354
51.70796326794934,2.9682288,-0.5479222,0,14.3375825881958,-14.384445190429688,-2.5911102294921875,3.1174635887145996,-0.9321644902229309,0.007097952999174595,0.3988603353500366,0.8361303210258484,0.048920974135398865
51.70796326794934,2.9682288,-0.5479222,0,14.383443832397461,-14.39710807800293,-2.59161376953125,3.1203770637512207,-0.9172582626342773,0.007613797672092915,0.3847021460533142,0.8275575637817383,0.04967115446925163
52.007963267949414,3.0110562,-0.40350345,0,14.40645694732666,-14.40339469909668,-2.5918426513671875,3.121814012527466,-0.9099196195602417,0.007938896305859089,0.3783149719238281,0.8169416785240173,0.059038396924734116
52.007963267949414,3.0110562,-0.40350345,0,14.429523468017578,-14.409652709960938,-2.592071533203125,3.123185873031616,-0.9026910662651062,0.008298187516629696,0.3645279109477997,0.8062425255775452,0.06273108720779419
52.007963267949414,3.0110562,-0.40350345,0,14.452454566955566,-14.415851593017578,-2.592315673828125,3.12434983253479,-0.8955445289611816,0.008685038425028324,0.35622984170913696,0.7961341738700867,0.06756092607975006
52.007963267949414,3.0110562,-0.40350345,0,14.498476028442383,-14.428163528442383,-2.5927581787109375,3.1265759468078613,-0.8815110921859741,0.009626848623156548,0.33773189783096313,0.776496171951294,0.08047091960906982
52.007963267949414,3.0110562,-0.40350345,0,14.521564483642578,-14.43427848815918,-2.59295654296875,3.127607822418213,-0.8746583461761475,0.010178976692259312,0.32224130630493164,0.768130362033844,0.08661764860153198
52.007963267949414,3.0110562,-0.40350345,0,14.544523239135742,-14.440333366394043,-2.5931854248046875,3.1284384727478027,-0.8678832650184631,0.010771874338388443,0.3138619065284729,0.7583078145980835,0.0931234061717987
52.007963267949414,3.0110562,-0.40350345,0,14.590594291687012,-14.452362060546875,-2.593597412109375,3.129925012588501,-0.854461133480072,0.011669095605611801,0.28704139590263367,0.7497261762619019,0.05330517515540123
52.007963267949414,3.0110562,-0.40350345,0,14.613702774047852,-14.458335876464844,-2.593780517578125,3.1306514739990234,-0.8477994799613953,0.01159962173551321,0.28355905413627625,0.752149224281311,0.00871391873806715
52.007963267949414,3.0110562,-0.40350345,0,14.636698722839355,-14.46426010131836,-2.593994140625,3.131174087524414,-0.8411606550216675,0.011529582552611828,0.27317842841148376,0.7498075366020203,0.009550712071359158
52.007963267949414,3.0110562,-0.40350345,0,14.659743309020996,-14.470157623291016,-2.5941925048828125,3.1316184997558594,-0.8346157670021057,0.011655368842184544,0.25750496983528137,0.740598201751709,0.03350665420293808
52.20796326794949,3.0385597,-0.3077243,0,14.705972671508789,-14.481870651245117,-2.5945587158203125,3.132319688796997,-0.8218987584114075,0.011881192214787006,0.2284087836742401,0.712323784828186,0.02742605097591877
52.20796326794949,3.0385597,-0.3077243,0,14.728985786437988,-14.487668991088867,-2.594757080078125,3.1323931217193604,-0.8155607581138611,0.011985916644334793,0.21543361246585846,0.7198552489280701,0.030929220840334892
52.20796326794949,3.0385597,-0.3077243,0,14.752044677734375,-14.493439674377441,-2.594940185546875,3.132455587387085,-0.809300422668457,0.012146883644163609,0.20821675658226013,0.7124809622764587,0.03745127096772194
52.20796326794949,3.0385597,-0.3077243,0,14.775148391723633,-14.499184608459473,-2.595123291015625,3.132441520690918,-0.8031507730484009,0.012427940964698792,0.19299720227718353,0.7009122371673584,0.05196034535765648
52.20796326794949,3.0385597,-0.3077243,0,14.798294067382812,-14.504904747009277,-2.5952911376953125,3.1324918270111084,-0.7970787882804871,0.012774856761097908,0.1955040991306305,0.6934121251106262,0.05971267446875572
52.20796326794949,3.0385597,-0.3077243,0,14.84437084197998,-14.516225814819336,-2.5956573486328125,3.132119655609131,-0.7851964831352234,0.013795938342809677,0.1752995401620865,0.6719616651535034,0.0851931944489479
52.20796326794949,3.0385597,-0.3077243,0,14.867473602294922,-14.521849632263184,-2.5958251953125,3.1318821907043457,-0.7793703079223633,0.01420276053249836,0.1639939546585083,0.6667165160179138,0.0676298439502716
52.20796326794949,3.0385597,-0.3077243,0,14.890617370605469,-14.527448654174805,-2.595977783203125,3.1316323280334473,-0.7735962271690369,0.014348129741847515,0.1569531261920929,0.6622421145439148,0.03446917608380318
52.20796326794949,3.0385597,-0.3077243,0,14.913615226745605,-14.53300666809082,-2.596160888671875,3.131157398223877,-0.767841100692749,0.014517280273139477,0.14628447592258453,0.6601479649543762,0.039346978068351746
52.20796326794949,3.0385597,-0.3077243,0,14.959733963012695,-14.544047355651855,-2.5964813232421875,3.130154848098755,-0.7565873265266418,0.015132778324186802,0.12883400917053223,0.6422502398490906,0.05623418465256691
52.50796326794956,3.0783129,-0.1646879,0,14.982852935791016,-14.549532890319824,-2.59661865234375,3.1295948028564453,-0.7511001229286194,0.015455388464033604,0.11848020553588867,0.6324805021286011,0.056752465665340424
52.50796326794956,3.0783129,-0.1646879,0,15.006010055541992,-14.554993629455566,-2.5967559814453125,3.128990650177002,-0.7456581592559814,0.01574316993355751,0.10753733664751053,0.6286673545837402,0.05192774906754494
52.50796326794956,3.0783129,-0.1646879,0,15.052037239074707,-14.565811157226562,-2.597076416015625,3.1271936893463135,-0.7349039316177368,0.01640891656279564,0.08305802196264267,0.6244341135025024,0.056562475860118866
52.50796326794956,3.0783129,-0.1646879,0,15.07510757446289,-14.571185111999512,-2.5972137451171875,3.1262714862823486,-0.7295905351638794,0.016801517456769943,0.07539398968219757,0.6163501739501953,0.06622820347547531
52.50796326794956,3.0783129,-0.1646879,0,15.098214149475098,-14.57653522491455,-2.59735107421875,3.125361919403076,-0.7243725657463074,0.01725907064974308,0.07152741402387619,0.6061041355133057,0.07385480403900146
52.50796326794956,3.0783129,-0.1646879,0,15.12115478515625,-14.581849098205566,-2.5975189208984375,3.124133586883545,-0.7192668914794922,0.017701664939522743,0.05055832862854004,0.5925052165985107,0.07488205283880234
52.50796326794956,3.0783129,-0.1646879,0,15.167142868041992,-14.592408180236816,-2.59783935546875,3.121602773666382,-0.7091193199157715,0.017782509326934814,0.03832282871007919,0.5921040773391724,0.0010100192157551646
52.50796326794956,3.0783129,-0.1646879,0,15.190189361572266,-14.597654342651367,-2.5980072021484375,3.120300054550171,-0.7041203379631042,0.017617247998714447,0.024299470707774162,0.5838989615440369,-0.0027376224752515554
52.50796326794956,3.0783129,-0.1646879,0,15.213075637817383,-14.602864265441895,-2.598175048828125,3.1187732219696045,-0.6991133093833923,0.017541607841849327,0.013765849173069,0.5853152275085449,0.010129529051482677
52.50796326794956,3.0783129,-0.1646879,0,15.235997200012207,-14.608051300048828,-2.5983428955078125,3.117264747619629,-0.6941351294517517,0.017491010949015617,0.010214817710220814,0.5831805467605591,0.012696719728410244
52.80796326794964,3.116221,-0.02264808,0,15.281937599182129,-14.61835765838623,-2.598663330078125,3.1140739917755127,-0.6843574047088623,0.017451489344239235,-0.013009251095354557,0.5737743377685547,0.014626885764300823
52.80796326794964,3.116221,-0.02264808,0,15.304747581481934,-14.623467445373535,-2.598846435546875,3.1122961044311523,-0.6795111298561096,0.017530394718050957,-0.01604272797703743,0.5699558854103088,0.029929911717772484
52.80796326794964,3.116221,-0.02264808,0,15.327591896057129,-14.62855339050293,-2.5990142822265625,3.1105096340179443,-0.6746882200241089,0.01761343702673912,-0.022978084161877632,0.5683932304382324,0.02986891008913517
52.80796326794964,3.116221,-0.02264808,0,15.350468635559082,-14.633617401123047,-2.59918212890625,3.1087827682495117,-0.6699419021606445,0.01779298484325409,-0.021247263997793198,0.5601418614387512,0.041369810700416565
52.80796326794964,3.116221,-0.02264808,0,15.396123886108398,-14.643680572509766,-2.5995330810546875,3.105008363723755,-0.6604197025299072,0.018481260165572166,-0.04275336489081383,0.568015456199646,0.06306729465723038
52.80796326794964,3.116221,-0.02264808,0,15.418904304504395,-14.648677825927734,-2.599700927734375,3.1030211448669434,-0.6556205749511719,0.01883697882294655,-0.04858725517988205,0.5709279179573059,0.06450013816356659
52.80796326794964,3.116221,-0.02264808,0,15.441715240478516,-14.653651237487793,-2.5998687744140625,3.1010186672210693,-0.6508052945137024,0.01879545859992504,-0.056211281567811966,0.574113667011261,0.014265998266637325
52.80796326794964,3.116221,-0.02264808,0,15.464554786682129,-14.658599853515625,-2.6000518798828125,3.0989949703216553,-0.6459051370620728,0.018344148993492126,-0.06435374915599823,0.5858837962150574,-0.03709131479263306
52.80796326794964,3.116221,-0.02264808,0,15.509953498840332,-14.668477058410645,-2.6004638671875,3.0947394371032715,-0.6360305547714233,0.017076103016734123,-0.06553523242473602,0.6012523174285889,-0.05369493365287781
52.80796326794964,3.116221,-0.02264808,0,15.532697677612305,-14.67337417602539,-2.60064697265625,3.09263014793396,-0.6309813857078552,0.01650596782565117,-0.07071194052696228,0.6110572218894958,-0.051184553653001785
53.37903107981445,3.1841383,0.24767987,0,15.555471420288086,-14.678242683410645,-2.6008453369140625,3.090512275695801,-0.6258050799369812,0.015952710062265396,-0.07730244845151901,0.6278864741325378,-0.0496571846306324
53.37903107981445,3.1841383,0.24767987,0,15.57807731628418,-14.683115005493164,-2.6010589599609375,3.088245153427124,-0.6205246448516846,0.015452676452696323,-0.07866168022155762,0.6459404826164246,-0.04172371327877045
53.37903107981445,3.1841383,0.24767987,0,15.623376846313477,-14.692763328552246,-2.6014556884765625,3.0837132930755615,-0.6095125079154968,0.014519195072352886,-0.08573465794324875,0.6856122612953186,-0.03196205571293831
53.37903107981445,3.1841383,0.24767987,0,15.646068572998047,-14.69753646850586,-2.601654052734375,3.081441879272461,-0.6037442088127136,0.014224013313651085,-0.09625086933374405,0.7092261910438538,-0.017649492248892784
53.37903107981445,3.1841383,0.24767987,0,15.668588638305664,-14.702296257019043,-2.60186767578125,3.0790953636169434,-0.5978377461433411,0.014087391085922718,-0.08827952295541763,0.7298315763473511,0.0035683622118085623
53.37903107981445,3.1841383,0.24767987,0,15.691139221191406,-14.70701789855957,-2.602081298828125,3.076749324798584,-0.59172123670578,0.013983343727886677,-0.09403906762599945,0.7567220330238342,0.007041263859719038
53.37903107981445,3.1841383,0.24767987,0,15.71371841430664,-14.711698532104492,-2.6022796630859375,3.0743629932403564,-0.5853660106658936,0.013897020369768143,-0.10470927506685257,0.7871986031532288,0.0086748031899333
53.37903107981445,3.1841383,0.24767987,0,15.758957862854004,-14.720930099487305,-2.6026611328125,3.0695807933807373,-0.5718767046928406,0.012927664443850517,-0.11362606287002563,0.8617427349090576,-0.10887672752141953
53.37903107981445,3.1841383,0.24767987,0,15.781415939331055,-14.72551441192627,-2.602874755859375,3.0671727657318115,-0.5645800232887268,0.01054889801889658,-0.10139472782611847,0.9111562371253967,-0.2774628698825836
53.479031079814455,3.1949415,0.2929899,0,15.80390453338623,-14.730047225952148,-2.60308837890625,3.064847469329834,-0.5569809079170227,0.007707145065069199,-0.09674118459224701,0.9494261741638184,-0.3361985683441162
53.479031079814455,3.1949415,0.2929899,0,15.848966598510742,-14.738944053649902,-2.6035614013671875,3.060321569442749,-0.5406520366668701,0.0020764064975082874,-0.09419122338294983,1.0422029495239258,-0.3327997326850891
53.479031079814455,3.1949415,0.2929899,0,15.87135124206543,-14.743334770202637,-2.6038360595703125,3.05804443359375,-0.5320042371749878,-0.0006676978664472699,-0.08601807057857513,1.0858075618743896,-0.3239181637763977
53.479031079814455,3.1949415,0.2929899,0,15.893766403198242,-14.747661590576172,-2.6041259765625,3.0558648109436035,-0.5229238271713257,-0.0033232690766453743,-0.07951804995536804,1.1402188539505005,-0.31340491771698
53.479031079814455,3.1949415,0.2929899,0,15.91621208190918,-14.751919746398926,-2.60443115234375,3.0539357662200928,-0.5133902430534363,-0.005762255284935236,-0.05372001975774765,1.1972100734710693,-0.28686782717704773
53.479031079814455,3.1949415,0.2929899,0,15.9610013961792,-14.76025104522705,-2.6050872802734375,3.050222396850586,-0.49296271800994873,-0.009808321483433247,-0.032699812203645706,1.3101602792739868,-0.2138386368751526
53.479031079814455,3.1949415,0.2929899,0,15.98335075378418,-14.764313697814941,-2.6054534912109375,3.04856276512146,-0.48212283849716187,-0.01140892319381237,-0.014312680810689926,1.3651386499404907,-0.18104258179664612
53.479031079814455,3.1949415,0.2929899,0,16.005733489990234,-14.768292427062988,-2.6058197021484375,3.047018051147461,-0.47074317932128906,-0.012757966294884682,-0.005394205451011658,1.43292236328125,-0.15014129877090454
53.479031079814455,3.1949415,0.2929899,0,16.028152465820312,-14.77218246459961,-2.6061859130859375,3.04561448097229,-0.458873987197876,-0.013844968751072884,0.006940288003534079,1.494434118270874,-0.11791288107633591
53.479031079814455,3.1949415,0.2929899,0,16.07273292541504,-14.779732704162598,-2.606964111328125,3.042905807495117,-0.43367159366607666,-0.015498712658882141,0.029323257505893707,1.6167821884155273,-0.0708848163485527
53.67903107981446,3.216304,0.3843074,0,16.095081329345703,-14.78335952758789,-2.60736083984375,3.0417001247406006,-0.42038053274154663,-0.01604347862303257,0.035598739981651306,1.6757421493530273,-0.04945508763194084
53.67903107981446,3.216304,0.3843074,0,16.117462158203125,-14.786884307861328,-2.6077423095703125,3.040606737136841,-0.40662914514541626,-0.01625152677297592,0.04530154913663864,1.7337758541107178,-0.007762573193758726
53.67903107981446,3.216304,0.3843074,0,16.13970947265625,-14.790292739868164,-2.608154296875,3.0394480228424072,-0.3924638032913208,-0.01621042937040329,0.05046270787715912,1.7849408388137817,0.02507399581372738
53.67903107981446,3.216304,0.3843074,0,16.184324264526367,-14.796774864196777,-2.6089324951171875,3.037214517593384,-0.3629212975502014,-0.01545157190412283,0.044917307794094086,1.8888238668441772,0.08316616714000702
53.67903107981446,3.216304,0.3843074,0,16.206687927246094,-14.79984188079834,-2.60931396484375,3.036160707473755,-0.34764695167541504,-0.014770316891372204,0.0474141389131546,1.9243073463439941,0.10346341133117676
53.67903107981446,3.216304,0.3843074,0,16.228918075561523,-14.802757263183594,-2.6096954345703125,3.035038471221924,-0.3320263624191284,-0.013867571949958801,0.05285824090242386,1.9641878604888916,0.13280193507671356
53.67903107981446,3.216304,0.3843074,0,16.25118637084961,-14.805550575256348,-2.610076904296875,3.0338850021362305,-0.31600865721702576,-0.012785564176738262,0.04357437044382095,2.0142662525177,0.1546638011932373
53.67903107981446,3.216304,0.3843074,0,16.295835494995117,-14.810759544372559,-2.6107940673828125,3.0316245555877686,-0.2828897535800934,-0.01130906492471695,0.036795955151319504,2.1071231365203857,0.09038764238357544
53.67903107981446,3.216304,0.3843074,0,16.318044662475586,-14.81312084197998,-2.61114501953125,3.0303151607513428,-0.2657431364059448,-0.010718820616602898,0.02875039167702198,2.151177406311035,0.09303772449493408
53.67903107981446,3.216304,0.3843074,0,16.340290069580078,-14.815350532531738,-2.6114959716796875,3.0289230346679688,-0.24836818873882294,-0.010062403976917267,0.013190684840083122,2.1803627014160156,0.1008068174123764
53.77903107981446,3.2265594,0.42926487,0,16.362571716308594,-14.817444801330566,-2.6118316650390625,3.027507781982422,-0.23081587255001068,-0.009273468516767025,0.005158973857760429,2.2031705379486084,0.11688889563083649
53.77903107981446,3.2265594,0.42926487,0,16.407072067260742,-14.821148872375488,-2.6124725341796875,3.024494171142578,-0.1950279027223587,-0.00740675488486886,-0.007107926066964865,2.255854845046997,0.1406208574771881
53.77903107981446,3.2265594,0.42926487,0,16.429290771484375,-14.822755813598633,-2.612762451171875,3.022834300994873,-0.17685258388519287,-0.006286498624831438,-0.02238686941564083,2.274409294128418,0.15732552111148834
53.77903107981446,3.2265594,0.42926487,0,16.451541900634766,-14.824223518371582,-2.6130523681640625,3.0210342407226562,-0.1585797369480133,-0.005046642851084471,-0.0450340136885643,2.2873799800872803,0.17184948921203613
53.77903107981446,3.2265594,0.42926487,0,16.47382354736328,-14.82555103302002,-2.6132965087890625,3.0192458629608154,-0.14016574621200562,-0.0036456610541790724,-0.048554614186286926,2.3057589530944824,0.19113998115062714
53.77903107981446,3.2265594,0.42926487,0,16.496137619018555,-14.826735496520996,-2.6135406494140625,3.017435073852539,-0.1215820237994194,-0.002326369984075427,-0.05618453398346901,2.327691078186035,0.18054479360580444
53.77903107981446,3.2265594,0.42926487,0,16.51828956604004,-14.827680587768555,-2.6137542724609375,3.0154128074645996,-0.10273858159780502,-0.0011526618618518114,-0.06554090231657028,2.349592685699463,0.16250739991664886
53.77903107981446,3.2265594,0.42926487,0,16.56268310546875,-14.829139709472656,-2.614166259765625,3.011120080947876,-0.06492376327514648,0.001268743071705103,-0.09585689753293991,2.361719846725464,0.17371772229671478
53.77903107981446,3.2265594,0.42926487,0,16.584922790527344,-14.829652786254883,-2.614349365234375,3.0088438987731934,-0.04594532772898674,0.0025567924603819847,-0.11241918057203293,2.3691205978393555,0.1756860762834549
53.97903107981446,3.2469103,0.52015007,0,16.62911605834961,-14.830005645751953,-2.614654541015625,3.003807544708252,-0.007716924883425236,0.0053815958090126514,-0.1389094591140747,2.375988245010376,0.1966543346643448
53.97903107981446,3.2469103,0.52015007,0,16.65125274658203,-14.829965591430664,-2.6147918701171875,3.001197338104248,0.011418892070651054,0.006860111374408007,-0.15026362240314484,2.377880573272705,0.19873164594173431
53.97903107981446,3.2469103,0.52015007,0,16.673412322998047,-14.829782485961914,-2.6149139404296875,2.9984984397888184,0.030462246388196945,0.008405452594161034,-0.16632024943828583,2.3672919273376465,0.20673124492168427
53.97903107981446,3.2469103,0.52015007,0,16.695396423339844,-14.82932186126709,-2.615020751953125,2.9955289363861084,0.04961109533905983,0.009913724847137928,-0.1840788722038269,2.3661274909973145,0.20144087076187134
53.97903107981446,3.2469103,0.52015007,0,16.717391967773438,-14.82872486114502,-2.6151123046875,2.9924356937408447,0.068732351064682,0.011445167474448681,-0.2018558233976364,2.364351987838745,0.20431353151798248
53.97903107981446,3.2469103,0.52015007,0,16.761445999145508,-14.827103614807129,-2.6152496337890625,2.9858438968658447,0.10679361969232559,0.014400645159184933,-0.2449951022863388,2.34946870803833,0.19850534200668335
53.97903107981446,3.2469103,0.52015007,0,16.78330421447754,-14.825949668884277,-2.6152801513671875,2.982239007949829,0.12582412362098694,0.015904780477285385,-0.2604367434978485,2.3413586616516113,0.19902920722961426
53.97903107981446,3.2469103,0.52015007,0,16.80518341064453,-14.824657440185547,-2.61529541015625,2.9784913063049316,0.14475378394126892,0.016994979232549667,-0.2836647033691406,2.3302056789398193,0.1469380110502243
53.97903107981446,3.2469103,0.52015007,0,16.84899139404297,-14.821651458740234,-2.6153106689453125,2.9708149433135986,0.18267467617988586,0.018017886206507683,-0.31618061661720276,2.3298544883728027,0.06103142723441124
53.97903107981446,3.2469103,0.52015007,0,16.8707218170166,-14.819795608520508,-2.61529541015625,2.9666316509246826,0.20163321495056152,0.018502211198210716,-0.3325473666191101,2.3215126991271973,0.06923870742321014
54.179031079814465,3.2664492,0.61008704,0,16.892452239990234,-14.817806243896484,-2.615264892578125,2.962283134460449,0.22046591341495514,0.018931563943624496,-0.3551670014858246,2.307880401611328,0.06244796887040138
54.179031079814465,3.2664492,0.61008704,0,16.914196014404297,-14.815681457519531,-2.6152496337890625,2.9578588008880615,0.2391454428434372,0.019307242706418037,-0.3699767291545868,2.2902963161468506,0.055458858609199524
54.179031079814465,3.2664492,0.61008704,0,16.9575252532959,-14.810891151428223,-2.6151580810546875,2.94864559173584,0.27622076869010925,0.02022174373269081,-0.39727693796157837,2.2573916912078857,0.06567081063985825
54.179031079814465,3.2664492,0.61008704,0,16.979108810424805,-14.808229446411133,-2.6151123046875,2.943877935409546,0.29462769627571106,0.02075292356312275,-0.4080309569835663,2.2459158897399902,0.07318145781755447
54.179031079814465,3.2664492,0.61008704,0,17.000701904296875,-14.805436134338379,-2.61505126953125,2.939081907272339,0.31289348006248474,0.0213781725615263,-0.41688311100006104,2.2299933433532715,0.08469214290380478
54.179031079814465,3.2664492,0.61008704,0,17.02230453491211,-14.802511215209961,-2.6149749755859375,2.934215784072876,0.33100810647010803,0.022047964856028557,-0.4308386445045471,2.2127561569213867,0.09001511335372925
54.179031079814465,3.2664492,0.61008704,0,17.06515884399414,-14.796028137207031,-2.6147918701171875,2.9240171909332275,0.36748984456062317,0.022439271211624146,-0.453156441450119,2.2231898307800293,-0.0002924352593254298
54.179031079814465,3.2664492,0.61008704,0,17.08658218383789,-14.792596817016602,-2.6147003173828125,2.918836832046509,0.3855378031730652,0.022275036200881004,-0.4626586139202118,2.1966230869293213,-0.015695111826062202
54.179031079814465,3.2664492,0.61008704,0,17.10801124572754,-14.789036750793457,-2.6146087646484375,2.9136414527893066,0.4034901559352875,0.022076165303587914,-0.4697396755218506,2.186424970626831,-0.0202436912804842
54.179031079814465,3.2664492,0.61008704,0,17.129268646240234,-14.785240173339844,-2.614471435546875,2.9082417488098145,0.4214593470096588,0.021888911724090576,-0.48108115792274475,2.178380012512207,-0.020594334229826927
54.37903107981447,3.2852757,0.69928586,0,17.171796798706055,-14.777268409729004,-2.614227294921875,2.897235631942749,0.4571327269077301,0.021519172936677933,-0.5078915953636169,2.1620638370513916,-0.01783761940896511
54.37903107981447,3.2852757,0.69928586,0,17.193065643310547,-14.773094177246094,-2.6140899658203125,2.891737461090088,0.47476595640182495,0.021458756178617477,-0.5094456672668457,2.142017364501953,-0.005257781129330397
54.37903107981447,3.2852757,0.69928586,0,17.214336395263672,-14.768794059753418,-2.6139678955078125,2.886249542236328,0.49237021803855896,0.021486056968569756,-0.5132352709770203,2.1401429176330566,0.005538574885576963
54.37903107981447,3.2852757,0.69928586,0,17.235435485839844,-14.764278411865234,-2.61383056640625,2.8805713653564453,0.5099506974220276,0.021643931046128273,-0.5233073234558105,2.129410743713379,0.021666286513209343
54.37903107981447,3.2852757,0.69928586,0,17.25653839111328,-14.759638786315918,-2.6136932373046875,2.874904155731201,0.5274134874343872,0.021935276687145233,-0.5272303819656372,2.116605520248413,0.03818655014038086
54.37903107981447,3.2852757,0.69928586,0,17.277624130249023,-14.75487995147705,-2.613555908203125,2.869229793548584,0.5447937250137329,0.0223221518099308,-0.5295973420143127,2.1086738109588623,0.050333790481090546
54.37903107981447,3.2852757,0.69928586,0,17.31960105895996,-14.744919776916504,-2.6132659912109375,2.857624053955078,0.5793842077255249,0.023291168734431267,-0.5445289611816406,2.0930495262145996,0.06804382055997849
54.37903107981447,3.2852757,0.69928586,0,17.340490341186523,-14.739720344543457,-2.6131134033203125,2.8517088890075684,0.5965311527252197,0.023825274780392647,-0.5534471273422241,2.077655792236328,0.06832042336463928
54.37903107981447,3.2852757,0.69928586,0,17.382265090942383,-14.728960990905762,-2.61279296875,2.8396873474121094,0.6306968927383423,0.0250316821038723,-0.5753027200698853,2.06748366355896,0.0803614929318428
54.37903107981447,3.2852757,0.69928586,0,17.40294647216797,-14.723319053649902,-2.6126251220703125,2.8334462642669678,0.6477433443069458,0.0253385491669178,-0.58758544921875,2.0623650550842285,0.04006316512823105
54.67903107981447,3.312407,0.83228976,0,17.423625946044922,-14.717557907104492,-2.612457275390625,2.8271572589874268,0.6647582054138184,0.02519647404551506,-0.5990130305290222,2.060361623764038,-0.0162064079195261
54.67903107981447,3.312407,0.83228976,0,17.44430160522461,-14.711678504943848,-2.612274169921875,2.820814371109009,0.6816932559013367,0.02492354065179825,-0.6109968423843384,2.052262544631958,-0.03303307667374611
54.67903107981447,3.312407,0.83228976,0,17.485424041748047,-14.699507713317871,-2.6119384765625,2.807833671569824,0.7153180837631226,0.024501018226146698,-0.6263364553451538,2.0341134071350098,-0.021972225978970528
54.67903107981447,3.312407,0.83228976,0,17.505887985229492,-14.693215370178223,-2.61175537109375,2.8012068271636963,0.7319925427436829,0.024320388212800026,-0.6383512020111084,2.0201897621154785,-0.020917968824505806
54.67903107981447,3.312407,0.83228976,0,17.526344299316406,-14.686807632446289,-2.6115875244140625,2.7945761680603027,0.7486152052879333,0.02410704456269741,-0.6441569924354553,2.0155975818634033,-0.02514570765197277
54.67903107981447,3.312407,0.83228976,0,17.546796798706055,-14.680282592773438,-2.611419677734375,2.787952184677124,0.7651458382606506,0.024026386439800262,-0.6484463810920715,2.00594162940979,-0.008690635673701763
54.67903107981447,3.312407,0.83228976,0,17.587312698364258,-14.666778564453125,-2.6110687255859375,2.774369478225708,0.7980215549468994,0.023496603593230247,-0.6557028293609619,1.9969621896743774,-0.05694012716412544
54.67903107981447,3.312407,0.83228976,0,17.607561111450195,-14.6598539352417,-2.6109161376953125,2.7676212787628174,0.8145991563796997,0.0223741102963686,-0.6587880253791809,2.0126802921295166,-0.13859429955482483
54.67903107981447,3.312407,0.83228976,0,17.627788543701172,-14.652814865112305,-2.61077880859375,2.7608470916748047,0.8311407566070557,0.021076703444123268,-0.6635927557945251,2.0106194019317627,-0.16024382412433624
54.67903107981447,3.312407,0.83228976,0,17.64783477783203,-14.645614624023438,-2.6106414794921875,2.7539432048797607,0.8476963043212891,0.019810372963547707,-0.6660118103027344,2.0106070041656494,-0.15644216537475586
54.879031079814474,3.3296072,0.91410744,0,17.687908172607422,-14.630867958068848,-2.610382080078125,2.7403273582458496,0.8806878328323364,0.017398754134774208,-0.661285936832428,2.0044946670532227,-0.14718201756477356
54.879031079814474,3.3296072,0.91410744,0,17.70793342590332,-14.623321533203125,-2.6102752685546875,2.733609914779663,0.8971093893051147,0.016292832791805267,-0.658804178237915,1.9990828037261963,-0.13677029311656952
54.879031079814474,3.3296072,0.91410744,0,17.727787017822266,-14.615617752075195,-2.6101531982421875,2.7268099784851074,0.9135735034942627,0.015373404137790203,-0.6562322974205017,2.0029003620147705,-0.11368793994188309
54.879031079814474,3.3296072,0.91410744,0,17.747634887695312,-14.60779857635498,-2.610076904296875,2.7201292514801025,0.9300519227981567,0.014666845090687275,-0.6467458009719849,2.006394147872925,-0.08665117621421814
54.879031079814474,3.3296072,0.91410744,0,17.787311553955078,-14.591814041137695,-2.6099090576171875,2.7070767879486084,0.9628978967666626,0.013885547406971455,-0.6336354613304138,2.002021551132202,-0.03406265377998352
54.879031079814474,3.3296072,0.91410744,0,17.80697250366211,-14.583617210388184,-2.609832763671875,2.7005105018615723,0.9793508052825928,0.013776302337646484,-0.6278883218765259,2.0063233375549316,-0.012092757038772106
54.879031079814474,3.3296072,0.91410744,0,17.826629638671875,-14.575304985046387,-2.6097412109375,2.6940736770629883,0.9958346486091614,0.01352256815880537,-0.6171279549598694,2.011751651763916,-0.03027263842523098
54.879031079814474,3.3296072,0.91410744,0,17.846282958984375,-14.566875457763672,-2.6096649169921875,2.687682867050171,1.012451171875,0.013008123263716698,-0.6165851950645447,2.029869318008423,-0.06297416239976883
54.879031079814474,3.3296072,0.91410744,0,17.865930557250977,-14.558327674865723,-2.609588623046875,2.681368589401245,1.02909255027771,0.01250192616134882,-0.6121741533279419,2.034471035003662,-0.06204936280846596
54.879031079814474,3.3296072,0.91410744,0,17.885574340820312,-14.549662590026855,-2.6095123291015625,2.675198793411255,1.0457062721252441,0.0120838088914752,-0.599143922328949,2.0325162410736084,-0.051139384508132935
55.07903107981448,3.3462822,1.0013946,0,17.924541473388672,-14.531960487365723,-2.60931396484375,2.662844657897949,1.078965187072754,0.011497746221721172,-0.5898542404174805,2.0349228382110596,-0.02758670412003994
55.07903107981448,3.3462822,1.0013946,0,17.944021224975586,-14.522932052612305,-2.609222412109375,2.656738758087158,1.0956002473831177,0.011324288323521614,-0.5900498628616333,2.0400614738464355,-0.020959412679076195
55.07903107981448,3.3462822,1.0013946,0,17.963497161865234,-14.513784408569336,-2.609130859375,2.6507480144500732,1.1122853755950928,0.011306939646601677,-0.5805521011352539,2.0476512908935547,-0.0015231779543682933
55.07903107981448,3.3462822,1.0013946,0,18.00209617614746,-14.495118141174316,-2.6089630126953125,2.6387221813201904,1.1455639600753784,0.011747254058718681,-0.5682361125946045,2.0441179275512695,0.04009436443448067
55.07903107981448,3.3462822,1.0013946,0,18.021390914916992,-14.48560619354248,-2.60888671875,2.6328020095825195,1.1621886491775513,0.012216371484100819,-0.56656813621521,2.0454671382904053,0.06018252670764923
55.07903107981448,3.3462822,1.0013946,0,18.040685653686523,-14.475974082946777,-2.608795166015625,2.626951217651367,1.1787737607955933,0.012794919312000275,-0.56270831823349,2.0417706966400146,0.073862724006176
55.07903107981448,3.3462822,1.0013946,0,18.078964233398438,-14.456358909606934,-2.608612060546875,2.6149966716766357,1.2118498086929321,0.013988903723657131,-0.5684292316436768,2.0460240840911865,0.0658542811870575
55.07903107981448,3.3462822,1.0013946,0,18.098098754882812,-14.446371078491211,-2.6085205078125,2.6090312004089355,1.2285343408584595,0.014073134399950504,-0.5760959982872009,2.0597147941589355,0.013172625564038754
55.07903107981448,3.3462822,1.0013946,0,18.117231369018555,-14.436262130737305,-2.6084136962890625,2.6030991077423096,1.245163917541504,0.01402520202100277,-0.5766878724098206,2.0539448261260986,-0.003449152922257781
55.07903107981448,3.3462822,1.0013946,0,18.136211395263672,-14.426032066345215,-2.6083221435546875,2.5971198081970215,1.2617146968841553,0.014147313311696053,-0.5719286799430847,2.046804428100586,0.018745658919215202
55.37903107981448,3.370259,1.1314244,0,18.155174255371094,-14.415682792663574,-2.608245849609375,2.5911524295806885,1.278216004371643,0.014223728328943253,-0.571869432926178,2.0423436164855957,0.013205221854150295
55.37903107981448,3.370259,1.1314244,0,18.193090438842773,-14.394624710083008,-2.608062744140625,2.579289674758911,1.311100959777832,0.014398760162293911,-0.5722175240516663,2.034938335418701,0.020901670679450035
55.37903107981448,3.370259,1.1314244,0,18.211904525756836,-14.383892059326172,-2.60797119140625,2.573354959487915,1.3274263143539429,0.014606832526624203,-0.5675439238548279,2.022526502609253,0.0307131540030241
55.37903107981448,3.370259,1.1314244,0,18.230716705322266,-14.373041152954102,-2.6078948974609375,2.5674617290496826,1.3436768054962158,0.014968907460570335,-0.5672637224197388,2.01408052444458,0.049812715500593185
55.37903107981448,3.370259,1.1314244,0,18.26833152770996,-14.350983619689941,-2.6077117919921875,2.5556845664978027,1.3759855031967163,0.01601586490869522,-0.5722031593322754,1.9972435235977173,0.07992516458034515
55.37903107981448,3.370259,1.1314244,0,18.286996841430664,-14.339750289916992,-2.607635498046875,2.5497357845306396,1.39200758934021,0.016711711883544922,-0.5738627910614014,1.986951470375061,0.09289150685071945
55.37903107981448,3.370259,1.1314244,0,18.30564308166504,-14.32840347290039,-2.6075439453125,2.5437660217285156,1.4080647230148315,0.016869496554136276,-0.57774418592453,1.9928516149520874,0.025719868019223213
55.37903107981448,3.370259,1.1314244,0,18.32428741455078,-14.316938400268555,-2.6074676513671875,2.5378260612487793,1.4242197275161743,0.01635117270052433,-0.5787708163261414,2.0058884620666504,-0.05893455445766449
55.37903107981448,3.370259,1.1314244,0,18.361421585083008,-14.293614387512207,-2.607330322265625,2.5259592533111572,1.4563654661178589,0.015059183351695538,-0.5759885311126709,1.9918413162231445,-0.07125827670097351
55.37903107981448,3.370259,1.1314244,0,18.379913330078125,-14.281758308410645,-2.6072845458984375,2.520035743713379,1.4723023176193237,0.01455129124224186,-0.5763257145881653,1.978877305984497,-0.05645444244146347
55.579031079814484,3.3855555,1.2223225,0,18.398401260375977,-14.269784927368164,-2.60723876953125,2.514171600341797,1.4882127046585083,0.01396618690341711,-0.5735518336296082,1.97629714012146,-0.06632226705551147
55.579031079814484,3.3855555,1.2223225,0,18.416885375976562,-14.257696151733398,-2.6071929931640625,2.5084192752838135,1.5040253400802612,0.013437144458293915,-0.5641574859619141,1.964786410331726,-0.059526875615119934
55.579031079814484,3.3855555,1.2223225,0,18.45354461669922,-14.233094215393066,-2.60711669921875,2.49692702293396,1.535447120666504,0.012779717333614826,-0.5496664047241211,1.945647954940796,-0.0192690622061491
55.579031079814484,3.3855555,1.2223225,0,18.47185516357422,-14.220625877380371,-2.607086181640625,2.491257905960083,1.5510385036468506,0.012779251672327518,-0.547834038734436,1.937883734703064,0.006827525328844786
55.579031079814484,3.3855555,1.2223225,0,18.490161895751953,-14.20804214477539,-2.6070404052734375,2.4857072830200195,1.5666714906692505,0.012547869235277176,-0.5375934839248657,1.9437381029129028,-0.022253485396504402
55.579031079814484,3.3855555,1.2223225,0,18.508466720581055,-14.195343971252441,-2.60699462890625,2.480252504348755,1.5824302434921265,0.01208535023033619,-0.5300736427307129,1.9600749015808105,-0.051355451345443726
55.579031079814484,3.3855555,1.2223225,0,18.54471206665039,-14.169568061828613,-2.60693359375,2.469205856323242,1.6138062477111816,0.011181480251252651,-0.5243533849716187,1.9478434324264526,-0.03946339339017868
55.579031079814484,3.3855555,1.2223225,0,18.562833786010742,-14.156508445739746,-2.606903076171875,2.4638726711273193,1.629397988319397,0.010883857496082783,-0.5095298290252686,1.941404938697815,-0.030315013602375984
55.579031079814484,3.3855555,1.2223225,0,18.580955505371094,-14.143333435058594,-2.60687255859375,2.4586756229400635,1.64492666721344,0.010648236609995365,-0.4970242977142334,1.934051275253296,-0.0227829422801733
55.87903107981449,3.4071498,1.348809,0,18.59890365600586,-14.130025863647461,-2.60687255859375,2.4533865451812744,1.6604682207107544,0.01049351878464222,-0.4942753314971924,1.9364644289016724,-0.011209863238036633
55.87903107981449,3.4071498,1.348809,0,18.616853713989258,-14.116604804992676,-2.60687255859375,2.448157787322998,1.6759225130081177,0.01039477065205574,-0.49151453375816345,1.926020622253418,-0.004471744876354933
55.87903107981449,3.4071498,1.348809,0,18.652725219726562,-14.089426040649414,-2.60687255859375,2.4379894733428955,1.7067559957504272,0.010889578610658646,-0.47268611192703247,1.9178049564361572,0.053056977689266205
55.87903107981449,3.4071498,1.348809,0,18.670509338378906,-14.075645446777344,-2.60687255859375,2.4329144954681396,1.7220399379730225,0.011350667104125023,-0.4664226174354553,1.9064316749572754,0.06621795892715454
55.87903107981449,3.4071498,1.348809,0,18.688295364379883,-14.061752319335938,-2.6068572998046875,2.4278807640075684,1.7372736930847168,0.011977329850196838,-0.4660283029079437,1.9005775451660156,0.0866432636976242
55.87903107981449,3.4071498,1.348809,0,18.723876953125,-14.033628463745117,-2.606842041015625,2.4181129932403564,1.7680635452270508,0.011536612175405025,-0.44449976086616516,1.9304627180099487,-0.0645793005824089
55.87903107981449,3.4071498,1.348809,0,18.741531372070312,-14.019365310668945,-2.606842041015625,2.4132702350616455,1.7835578918457031,0.010854066349565983,-0.4416881501674652,1.9336137771606445,-0.07634422928094864
55.87903107981449,3.4071498,1.348809,0,18.759191513061523,-14.004988670349121,-2.6068572998046875,2.408482551574707,1.7989387512207031,0.01023760437965393,-0.4394041895866394,1.9198451042175293,-0.06836000084877014
55.87903107981449,3.4071498,1.348809,0,18.77685546875,-13.990498542785645,-2.60687255859375,2.403731346130371,1.8142569065093994,0.009649504907429218,-0.43935155868530273,1.9124107360839844,-0.06508221477270126
55.87903107981449,3.4071498,1.348809,0,18.812030792236328,-13.961140632629395,-2.606903076171875,2.394379138946533,1.8449411392211914,0.008626800030469894,-0.4236432909965515,1.9169888496398926,-0.0453372448682785
56.17903107981449,3.4272628,1.4732436,0,18.829561233520508,-13.946270942687988,-2.60693359375,2.3897643089294434,1.8602168560028076,0.008319313637912273,-0.4189138412475586,1.9070653915405273,-0.029630957171320915
56.17903107981449,3.4272628,1.4732436,0,18.847097396850586,-13.931288719177246,-2.6069488525390625,2.385249614715576,1.87538743019104,0.008253155276179314,-0.41088226437568665,1.8943036794662476,0.0002649612433742732
56.17903107981449,3.4272628,1.4732436,0,18.86463737487793,-13.916194915771484,-2.60699462890625,2.380847930908203,1.8904855251312256,0.008427522145211697,-0.40108707547187805,1.8856580257415771,0.030458437278866768
56.17903107981449,3.4272628,1.4732436,0,18.899452209472656,-13.885587692260742,-2.6070709228515625,2.372098684310913,1.9205964803695679,0.009262295439839363,-0.38305333256721497,1.8760530948638916,0.07479125261306763
56.17903107981449,3.4272628,1.4732436,0,18.9168701171875,-13.870118141174316,-2.6071014404296875,2.367851495742798,1.93545663356781,0.00994606502354145,-0.38032346963882446,1.8550547361373901,0.09455344825983047
56.17903107981449,3.4272628,1.4732436,0,18.934280395507812,-13.854541778564453,-2.60711669921875,2.363664388656616,1.9502828121185303,0.010821196250617504,-0.37375515699386597,1.8516706228256226,0.11834874004125595
56.17903107981449,3.4272628,1.4732436,0,18.95157241821289,-13.838814735412598,-2.6071319580078125,2.3594248294830322,1.9650102853775024,0.011774813756346703,-0.37199628353118896,1.8375720977783203,0.12848106026649475
56.17903107981449,3.4272628,1.4732436,0,18.986177444458008,-13.807034492492676,-2.6071319580078125,2.3510959148406982,1.9947205781936646,0.01195023488253355,-0.3686113953590393,1.8602219820022583,-0.023243015632033348
56.17903107981449,3.4272628,1.4732436,0,19.00349235534668,-13.790979385375977,-2.60711669921875,2.347038745880127,2.009620189666748,0.01155828032642603,-0.36224856972694397,1.8602373600006104,-0.04097958654165268
56.17903107981449,3.4272628,1.4732436,0,19.02069091796875,-13.77477741241455,-2.6071014404296875,2.3429012298583984,2.0244383811950684,0.011256001889705658,-0.36441245675086975,1.848783016204834,-0.03019859828054905
56.4790310798145,3.4471138,1.5955223,0,19.037899017333984,-13.758466720581055,-2.6070709228515625,2.338890552520752,2.039128065109253,0.010998905636370182,-0.35292184352874756,1.833059310913086,-0.024789942428469658
56.4790310798145,3.4471138,1.5955223,0,19.055116653442383,-13.742049217224121,-2.6070404052734375,2.3349549770355225,2.0537562370300293,0.01074843481183052,-0.3477793335914612,1.825744867324829,-0.02419249899685383
56.4790310798145,3.4471138,1.5955223,0,19.07234001159668,-13.725523948669434,-2.607025146484375,2.3310506343841553,2.0683393478393555,0.010539911687374115,-0.348001629114151,1.8204737901687622,-0.019171273335814476
56.4790310798145,3.4471138,1.5955223,0,19.10666275024414,-13.692150115966797,-2.6069793701171875,2.3233718872070312,2.097170114517212,0.010605613701045513,-0.33355069160461426,1.7964881658554077,0.021792015060782433
56.4790310798145,3.4471138,1.5955223,0,19.123777389526367,-13.675301551818848,-2.60693359375,2.319627523422241,2.111405372619629,0.010964631102979183,-0.3252827227115631,1.7800215482711792,0.051238104701042175
56.4790310798145,3.4471138,1.5955223,0,19.15803337097168,-13.641289710998535,-2.6068267822265625,2.312330722808838,2.13964581489563,0.01224919967353344,-0.31567031145095825,1.7634408473968506,0.09494879841804504
56.4790310798145,3.4471138,1.5955223,0,19.175050735473633,-13.62412166595459,-2.6067657470703125,2.3086581230163574,2.153595447540283,0.013144748285412788,-0.3161180019378662,1.7466601133346558,0.11899321526288986
56.4790310798145,3.4471138,1.5955223,0,19.19207763671875,-13.606849670410156,-2.6067047119140625,2.3049895763397217,2.167428493499756,0.014115076512098312,-0.31971457600593567,1.7323023080825806,0.12812623381614685
56.4790310798145,3.4471138,1.5955223,0,19.20911407470703,-13.589475631713867,-2.60662841796875,2.301405429840088,2.18113112449646,0.015125828795135021,-0.313124418258667,1.7161531448364258,0.13296957314014435
56.4790310798145,3.4471138,1.5955223,0,19.226160049438477,-13.571999549865723,-2.6065521240234375,2.2979066371917725,2.194828510284424,0.01559431478381157,-0.3063700199127197,1.7156975269317627,0.06498116254806519
56.7790310798145,3.464047,1.7143172,0,19.243085861206055,-13.55441951751709,-2.606475830078125,2.2942349910736084,2.208601236343384,0.015398080460727215,-0.3175497353076935,1.727195382118225,-0.0177947785705328
56.7790310798145,3.464047,1.7143172,0,19.27696418762207,-13.518952369689941,-2.6063079833984375,2.28702974319458,2.2358670234680176,0.014779488556087017,-0.31754255294799805,1.701315999031067,-0.0294675100594759
56.7790310798145,3.464047,1.7143172,0,19.293916702270508,-13.501066207885742,-2.606231689453125,2.2835566997528076,2.249319076538086,0.014478886500000954,-0.304739773273468,1.6872553825378418,-0.03142281994223595
56.7790310798145,3.464047,1.7143172,0,19.310781478881836,-13.483074188232422,-2.606170654296875,2.2800590991973877,2.2626330852508545,0.014189294539391994,-0.3026813864707947,1.6711783409118652,-0.02888031117618084
56.7790310798145,3.464047,1.7143172,0,19.344539642333984,-13.44679069519043,-2.606048583984375,2.2733044624328613,2.289151906967163,0.013365528546273708,-0.29214558005332947,1.6637978553771973,-0.06949016451835632
56.7790310798145,3.464047,1.7143172,0,19.361434936523438,-13.428500175476074,-2.6060028076171875,2.2701218128204346,2.30242919921875,0.012274290435016155,-0.27469679713249207,1.6666449308395386,-0.12975092232227325
56.7790310798145,3.464047,1.7143172,0,19.37824058532715,-13.410090446472168,-2.6059722900390625,2.2669777870178223,2.315723180770874,0.011124085634946823,-0.2641730010509491,1.6686851978302002,-0.1354343146085739
56.7790310798145,3.464047,1.7143172,0,19.411863327026367,-13.372978210449219,-2.6059417724609375,2.2610113620758057,2.3422088623046875,0.00905946921557188,-0.23811568319797516,1.66716468334198,-0.11997203528881073
56.7790310798145,3.464047,1.7143172,0,19.428691864013672,-13.35427188873291,-2.6059417724609375,2.2582626342773438,2.355466842651367,0.008118079043924809,-0.2228192389011383,1.6644039154052734,-0.11004693061113358
57.079031079814506,3.477293,1.8290267,0,19.4454345703125,-13.335439682006836,-2.60595703125,2.2555668354034424,2.3687098026275635,0.007254086434841156,-0.2100045084953308,1.6617653369903564,-0.09878724068403244
57.079031079814506,3.477293,1.8290267,0,19.46219253540039,-13.316508293151855,-2.605987548828125,2.2529869079589844,2.3818979263305664,0.006570144556462765,-0.19919821619987488,1.6549279689788818,-0.07656355947256088
57.079031079814506,3.477293,1.8290267,0,19.47896385192871,-13.297478675842285,-2.60601806640625,2.2505598068237305,2.3950419425964355,0.006147139705717564,-0.18371237814426422,1.6494492292404175,-0.044222451746463776
57.079031079814506,3.477293,1.8290267,0,19.512487411499023,-13.259098052978516,-2.6060943603515625,2.2461113929748535,2.42138409614563,0.006081694271415472,-0.15386807918548584,1.6528034210205078,0.021709593012928963
57.079031079814506,3.477293,1.8290267,0,19.529226303100586,-13.239750862121582,-2.60614013671875,2.2440788745880127,2.4344992637634277,0.006404764950275421,-0.13600806891918182,1.6450862884521484,0.049848105758428574
57.079031079814506,3.477293,1.8290267,0,19.545984268188477,-13.220304489135742,-2.606170654296875,2.242147445678711,2.447572708129883,0.0069005475379526615,-0.1268705427646637,1.639831304550171,0.0711372047662735
57.079031079814506,3.477293,1.8290267,0,19.579496383666992,-13.181110382080078,-2.6062469482421875,2.238516092300415,2.4736146926879883,0.008465875871479511,-0.11409397423267365,1.6311100721359253,0.11990218609571457
57.079031079814506,3.477293,1.8290267,0,19.596250534057617,-13.161362648010254,-2.606292724609375,2.2368409633636475,2.4866445064544678,0.008863871917128563,-0.09936579316854477,1.6352572441101074,0.0603552870452404
57.079031079814506,3.477293,1.8290267,0,19.61302375793457,-13.14151668548584,-2.6063385009765625,2.2352213859558105,2.499799966812134,0.008607123978435993,-0.09566713124513626,1.6509507894515991,-0.02181296981871128
57.079031079814506,3.477293,1.8290267,0,19.62981605529785,-13.121569633483887,-2.6063690185546875,2.2336602210998535,2.512951374053955,0.008253531530499458,-0.09156790375709534,1.65044105052948,-0.03445753455162048
57.37903107981451,3.490382,1.9412353,0,19.663379669189453,-13.081374168395996,-2.6064453125,2.230645179748535,2.539001226425171,0.007798328064382076,-0.07865237444639206,1.6349496841430664,-0.014574731700122356
57.37903107981451,3.490382,1.9412353,0,19.68014144897461,-13.061127662658691,-2.6064910888671875,2.2292051315307617,2.5519497394561768,0.007608153857290745,-0.07585659623146057,1.625617265701294,-0.013343988917768002
57.37903107981451,3.490382,1.9412353,0,19.696922302246094,-13.040782928466797,-2.606536865234375,2.227851390838623,2.5647995471954346,0.007555990479886532,-0.06814662367105484,1.6132941246032715,0.0035963018890470266
57.37903107981451,3.490382,1.9412353,0,19.71372413635254,-13.020340919494629,-2.6065826416015625,2.2265851497650146,2.577556848526001,0.0076590185053646564,-0.060126226395368576,1.601771354675293,0.02269679494202137
57.37903107981451,3.490382,1.9412353,0,19.74726104736328,-12.9791898727417,-2.606658935546875,2.2240726947784424,2.602886199951172,0.00849735364317894,-0.056280720978975296,1.5906366109848022,0.07665156573057175
57.37903107981451,3.490382,1.9412353,0,19.764060974121094,-12.958470344543457,-2.6066741943359375,2.2229490280151367,2.6153805255889893,0.009254267439246178,-0.045354899019002914,1.5715222358703613,0.10425596684217453
57.37903107981451,3.490382,1.9412353,0,19.780881881713867,-12.937654495239258,-2.606689453125,2.2218754291534424,2.6277732849121094,0.010177360847592354,-0.04184001311659813,1.5588574409484863,0.12475297600030899
57.37903107981451,3.490382,1.9412353,0,19.797666549682617,-12.916756629943848,-2.606689453125,2.220792055130005,2.640110969543457,0.011192549020051956,-0.041057076305150986,1.5543688535690308,0.13631442189216614
57.37903107981451,3.490382,1.9412353,0,19.81447410583496,-12.895763397216797,-2.6066741943359375,2.2196929454803467,2.652454137802124,0.011692075990140438,-0.04581980034708977,1.5550049543380737,0.07158796489238739
57.37903107981451,3.490382,1.9412353,0,19.848125457763672,-12.853493690490723,-2.6066436767578125,2.217785358428955,2.677183151245117,0.01121191680431366,-0.027949411422014236,1.5526906251907349,-0.032393258064985275
57.679031079814514,3.5013893,2.050025,0,19.864933013916016,-12.832234382629395,-2.60662841796875,2.216773271560669,2.6893396377563477,0.011100701987743378,-0.03668646886944771,1.5340954065322876,-0.005451961886137724
57.679031079814514,3.5013893,2.050025,0,19.881759643554688,-12.810880661010742,-2.60662841796875,2.215869188308716,2.701413869857788,0.01107279397547245,-0.025910643860697746,1.523595929145813,0.005061272066086531
57.679031079814514,3.5013893,2.050025,0,19.915477752685547,-12.767894744873047,-2.6066131591796875,2.214078187942505,2.725290536880493,0.010913222096860409,-0.030146662145853043,1.5049530267715454,0.002233311301097274
57.679031079814514,3.5013893,2.050025,0,19.93231964111328,-12.746280670166016,-2.6066131591796875,2.213315725326538,2.7370076179504395,0.011036246083676815,-0.012468778528273106,1.482229232788086,0.023431142792105675
57.679031079814514,3.5013893,2.050025,0,19.949182510375977,-12.724575996398926,-2.606597900390625,2.2126071453094482,2.7486252784729004,0.011352794244885445,-0.008305592462420464,1.4694567918777466,0.04738382622599602
57.679031079814514,3.5013893,2.050025,0,19.966066360473633,-12.702780723571777,-2.6065673828125,2.211883544921875,2.7601306438446045,0.011909473687410355,-0.012658754363656044,1.4551383256912231,0.07717078179121017
57.679031079814514,3.5013893,2.050025,0,19.99982261657715,-12.65894603729248,-2.60650634765625,2.2105352878570557,2.78285551071167,0.013526239432394505,-0.008786212652921677,1.4303998947143555,0.11539644747972488
57.679031079814514,3.5013893,2.050025,0,20.016704559326172,-12.636907577514648,-2.6064453125,2.2098281383514404,2.794142723083496,0.013898776844143867,-0.011163617484271526,1.4311730861663818,0.05339178815484047
57.679031079814514,3.5013893,2.050025,0,20.033607482910156,-12.614779472351074,-2.60638427734375,2.2092444896698,2.8055121898651123,0.013608181849122047,0.0019124271348118782,1.4411064386367798,-0.029697546735405922
57.679031079814514,3.5013893,2.050025,0,20.0505313873291,-12.592561721801758,-2.6063385009765625,2.208705425262451,2.8167262077331543,0.013177505694329739,0.0051776873879134655,1.421251654624939,-0.04740152135491371
57.97903107981452,3.510116,2.1543727,0,20.084352493286133,-12.547914505004883,-2.606231689453125,2.207700729370117,2.8388218879699707,0.012631300836801529,0.011425464414060116,1.4044947624206543,-0.02599879913032055
57.97903107981452,3.510116,2.1543727,0,20.101295471191406,-12.525460243225098,-2.6061859130859375,2.2072811126708984,2.849729061126709,0.012379438616335392,0.016194693744182587,1.3864891529083252,-0.0248406995087862
57.97903107981452,3.510116,2.1543727,0,20.118249893188477,-12.502921104431152,-2.6061248779296875,2.206904411315918,2.8605539798736572,0.012216969393193722,0.02172391302883625,1.3749724626541138,-0.014045740477740765
57.97903107981452,3.510116,2.1543727,0,20.135190963745117,-12.480316162109375,-2.6060638427734375,2.2065505981445312,2.8712422847747803,0.012232380919158459,0.024553241208195686,1.3613044023513794,0.008497386239469051
57.97903107981452,3.510116,2.1543727,0,20.169139862060547,-12.434850692749023,-2.605926513671875,2.206026077270508,2.892378330230713,0.012837599962949753,0.03812415152788162,1.3401044607162476,0.04805624112486839
57.97903107981452,3.510116,2.1543727,0,20.186145782470703,-12.411993026733398,-2.6058502197265625,2.2058801651000977,2.902797222137451,0.013432313688099384,0.04414375498890877,1.325907588005066,0.08033355325460434
57.97903107981452,3.510116,2.1543727,0,20.203174591064453,-12.38905143737793,-2.60577392578125,2.205709934234619,2.913158655166626,0.01361609436571598,0.03909112885594368,1.3182921409606934,0.02878950722515583
57.97903107981452,3.510116,2.1543727,0,20.22018051147461,-12.366070747375488,-2.6056976318359375,2.2056493759155273,2.923597812652588,0.013186374679207802,0.05389244854450226,1.3336700201034546,-0.04730652645230293
57.97903107981452,3.510116,2.1543727,0,20.237211227416992,-12.343005180358887,-2.605621337890625,2.205662965774536,2.933974266052246,0.012634492479264736,0.06118518114089966,1.3251891136169434,-0.06276322156190872
57.97903107981452,3.510116,2.1543727,0,20.254262924194336,-12.319856643676758,-2.6055450439453125,2.2057578563690186,2.944230794906616,0.012242443859577179,0.06941750645637512,1.309589147567749,-0.04296563193202019
58.379031079814595,3.5180411,2.2857687,0,20.288366317749023,-12.273348808288574,-2.6054229736328125,2.2060136795043945,2.964564561843872,0.011505377478897572,0.08076184242963791,1.29973304271698,-0.03613903746008873
58.379031079814595,3.5180411,2.2857687,0,20.30542755126953,-12.249988555908203,-2.6053466796875,2.2062244415283203,2.974562883377075,0.011286371387541294,0.08431363105773926,1.2800474166870117,-0.02152053453028202
58.379031079814595,3.5180411,2.2857687,0,20.33962059020996,-12.203025817871094,-2.605224609375,2.206779718399048,2.9944093227386475,0.011289212852716446,0.09493348747491837,1.2663806676864624,0.02504885010421276
58.379031079814595,3.5180411,2.2857687,0,20.356708526611328,-12.17945384979248,-2.60516357421875,2.207106113433838,3.004223585128784,0.011692315340042114,0.09638834744691849,1.2598203420639038,0.05648331344127655
58.379031079814595,3.5180411,2.2857687,0,20.37381935119629,-12.155801773071289,-2.6051025390625,2.2074575424194336,3.013925075531006,0.012314257211983204,0.09765183180570602,1.244938850402832,0.0836583748459816
58.379031079814595,3.5180411,2.2857687,0,20.390954971313477,-12.132070541381836,-2.6050262451171875,2.2078816890716553,3.0235352516174316,0.013002563267946243,0.10501186549663544,1.2328002452850342,0.09193317592144012
58.379031079814595,3.5180411,2.2857687,0,20.408113479614258,-12.108260154724121,-2.6049652099609375,2.208364248275757,3.033189535140991,0.012999477796256542,0.11062905192375183,1.2376160621643066,0.005339271854609251
58.379031079814595,3.5180411,2.2857687,0,20.442386627197266,-12.060471534729004,-2.6048431396484375,2.20951509475708,3.052750825881958,0.010995335876941681,0.12895901501178741,1.2551132440567017,-0.13465899229049683
58.379031079814595,3.5180411,2.2857687,0,20.45956039428711,-12.036456108093262,-2.60479736328125,2.2101876735687256,3.0624194145202637,0.010085822083055973,0.13499972224235535,1.2413008213043213,-0.10811863094568253
58.379031079814595,3.5180411,2.2857687,0,20.47675895690918,-12.012360572814941,-2.6047515869140625,2.2108824253082275,3.072038173675537,0.009200428612530231,0.13608230650424957,1.23435640335083,-0.10526319593191147
58.77903107981467,3.5215516,2.4094763,0,20.511131286621094,-11.963961601257324,-2.60467529296875,2.2124195098876953,3.091099500656128,0.007626032456755638,0.15164408087730408,1.2197905778884888,-0.08722999691963196
58.77903107981467,3.5215516,2.4094763,0,20.528356552124023,-11.939643859863281,-2.60467529296875,2.2133095264434814,3.100637674331665,0.007118722889572382,0.16008618474006653,1.2249659299850464,-0.057572029531002045
58.77903107981467,3.5215516,2.4094763,0,20.545608520507812,-11.915246963500977,-2.60467529296875,2.214277505874634,3.1101458072662354,0.006898274179548025,0.16822971403598785,1.2204132080078125,-0.021884215995669365
58.77903107981467,3.5215516,2.4094763,0,20.56284523010254,-11.890803337097168,-2.6046600341796875,2.2152771949768066,3.1195569038391113,0.006973695009946823,0.173524871468544,1.2125461101531982,0.015106051228940487
58.77903107981467,3.5215516,2.4094763,0,20.580102920532227,-11.86628246307373,-2.6046600341796875,2.2162976264953613,3.128922700881958,0.0073778582736849785,0.17657017707824707,1.2050188779830933,0.05579739436507225
58.77903107981467,3.5215516,2.4094763,0,20.61469841003418,-11.817007064819336,-2.6046142578125,2.2186036109924316,3.147433280944824,0.008742080070078373,0.19522219896316528,1.1889718770980835,0.10150996595621109
58.77903107981467,3.5215516,2.4094763,0,20.632003784179688,-11.792290687561035,-2.604583740234375,2.2197518348693848,3.156550407409668,0.00969410315155983,0.1897314339876175,1.177129864692688,0.12411502003669739
58.77903107981467,3.5215516,2.4094763,0,20.649337768554688,-11.767498970031738,-2.6045379638671875,2.2208852767944336,3.165564775466919,0.01080422755330801,0.18637987971305847,1.163453221321106,0.14391633868217468
58.77903107981467,3.5215516,2.4094763,0,20.684085845947266,-11.717683792114258,-2.6044464111328125,2.2234127521514893,3.183910608291626,0.010655698366463184,0.20553655922412872,1.1896761655807495,-0.06077857315540314
59.07903107981475,3.521058,2.4973545,0,20.701488494873047,-11.692700386047363,-2.6044158935546875,2.2247121334075928,3.1931049823760986,0.009900503791868687,0.20218899846076965,1.188969612121582,-0.0890619084239006
59.07903107981475,3.521058,2.4973545,0,20.718910217285156,-11.667638778686523,-2.6043701171875,2.226012945175171,3.202240467071533,0.009348658844828606,0.20293362438678741,1.1795815229415894,-0.06405170261859894
59.07903107981475,3.521058,2.4973545,0,20.736360549926758,-11.642500877380371,-2.604339599609375,2.2273805141448975,3.2112624645233154,0.008853025734424591,0.20986641943454742,1.1644842624664307,-0.05716690421104431
59.07903107981475,3.521058,2.4973545,0,20.771343231201172,-11.59199333190918,-2.604278564453125,2.230276584625244,3.2291922569274902,0.007905510254204273,0.2155255824327469,1.1532350778579712,-0.05180621147155762
59.07903107981475,3.521058,2.4973545,0,20.788869857788086,-11.566648483276367,-2.6042633056640625,2.231757640838623,3.2380521297454834,0.0076263113878667355,0.21877926588058472,1.1444153785705566,-0.030139459297060966
59.07903107981475,3.521058,2.4973545,0,20.806425094604492,-11.541227340698242,-2.604248046875,2.2332983016967773,3.2469022274017334,0.007596035022288561,0.22510063648223877,1.142357349395752,0.0008507631137035787
59.07903107981475,3.521058,2.4973545,0,20.824007034301758,-11.515731811523438,-2.604217529296875,2.234833002090454,3.2556509971618652,0.007837049663066864,0.22325575351715088,1.1289467811584473,0.034642402082681656
59.07903107981475,3.521058,2.4973545,0,20.841615676879883,-11.490160942077637,-2.60418701171875,2.236447811126709,3.2643744945526123,0.00780264288187027,0.23219239711761475,1.125013828277588,9.872018563328311e-05
59.07903107981475,3.521058,2.4973545,0,20.859241485595703,-11.464537620544434,-2.604156494140625,2.2381701469421387,3.2732415199279785,0.007295303978025913,0.24387076497077942,1.1445180177688599,-0.05903280898928642
59.07903107981475,3.521058,2.4973545,0,20.894567489624023,-11.413061141967773,-2.6041107177734375,2.2417430877685547,3.290884017944336,0.006431499030441046,0.25608929991722107,1.1333357095718384,-0.037266869097948074
59.479031079814824,3.5161004,2.6056802,0,20.91227149963379,-11.38720989227295,-2.604095458984375,2.243618965148926,3.2996277809143066,0.0061732809990644455,0.26195093989372253,1.1256643533706665,-0.02852175198495388
59.479031079814824,3.5161004,2.6056802,0,20.92999267578125,-11.361319541931152,-2.6040802001953125,2.2456345558166504,3.308349609375,0.005959488917142153,0.278064101934433,1.1260457038879395,-0.02200295962393284
59.479031079814824,3.5161004,2.6056802,0,20.96552276611328,-11.309311866760254,-2.60406494140625,2.2497830390930176,3.3257057666778564,0.005932182539254427,0.28739234805107117,1.1168073415756226,0.006895046215504408
59.479031079814824,3.5161004,2.6056802,0,20.98333168029785,-11.283196449279785,-2.6040496826171875,2.251870632171631,3.3342864513397217,0.006219088565558195,0.28411880135536194,1.1059190034866333,0.04019448161125183
59.479031079814824,3.5161004,2.6056802,0,21.00115394592285,-11.257038116455078,-2.604034423828125,2.2540063858032227,3.3427889347076416,0.0067527759820222855,0.2895386219024658,1.098703145980835,0.07202056795358658
59.479031079814824,3.5161004,2.6056802,0,21.019004821777344,-11.230805397033691,-2.6040191650390625,2.2561676502227783,3.3512685298919678,0.007508729584515095,0.29176756739616394,1.0949499607086182,0.09965011477470398
59.479031079814824,3.5161004,2.6056802,0,21.03687858581543,-11.204498291015625,-2.6039886474609375,2.2582995891571045,3.35967755317688,0.008444765582680702,0.28918206691741943,1.0840420722961426,0.12172664701938629
59.479031079814824,3.5161004,2.6056802,0,21.072704315185547,-11.15170955657959,-2.6039276123046875,2.262749195098877,3.3767621517181396,0.008154182694852352,0.30310696363449097,1.1118773221969604,-0.062324102967977524
59.479031079814824,3.5161004,2.6056802,0,21.090654373168945,-11.125224113464355,-2.6038970947265625,2.265118360519409,3.3853514194488525,0.007427361328154802,0.3164993226528168,1.1097767353057861,-0.08549913018941879
59.479031079814824,3.5161004,2.6056802,0,21.12664794921875,-11.072031021118164,-2.603851318359375,2.269927501678467,3.4022927284240723,0.006463569588959217,0.32065555453300476,1.0931270122528076,-0.047854144126176834
59.8790310798149,3.5098155,2.7071688,0,21.144689559936523,-11.045373916625977,-2.60382080078125,2.2723004817962646,3.410661458969116,0.006000986322760582,0.3129694163799286,1.0856671333312988,-0.052585262805223465
59.8790310798149,3.5098155,2.7071688,0,21.162761688232422,-11.01864242553711,-2.6038055419921875,2.27473783493042,3.4189391136169434,0.005672393832355738,0.32033419609069824,1.0733263492584229,-0.03598024696111679
59.8790310798149,3.5098155,2.7071688,0,21.180864334106445,-10.991838455200195,-2.6038055419921875,2.2772555351257324,3.4272353649139404,0.005452361423522234,0.32971885800361633,1.0747997760772705,-0.021762678399682045
59.8790310798149,3.5098155,2.7071688,0,21.217159271240234,-10.938061714172363,-2.6038055419921875,2.2823336124420166,3.443608045578003,0.00581448245793581,0.33273833990097046,1.0609240531921387,0.04383641853928566
59.8790310798149,3.5098155,2.7071688,0,21.2353572845459,-10.911088943481445,-2.603790283203125,2.284832239151001,3.45167875289917,0.0064159720204770565,0.32479387521743774,1.0484623908996582,0.08027581125497818
59.8790310798149,3.5098155,2.7071688,0,21.253583908081055,-10.884045600891113,-2.603759765625,2.287365436553955,3.459651470184326,0.007335686590522528,0.32852280139923096,1.035348653793335,0.11992035061120987
59.8790310798149,3.5098155,2.7071688,0,21.271841049194336,-10.85693073272705,-2.603729248046875,2.2899668216705322,3.467550277709961,0.00835118442773819,0.3365224003791809,1.0252035856246948,0.1317639797925949
59.8790310798149,3.5098155,2.7071688,0,21.308475494384766,-10.802606582641602,-2.603607177734375,2.295344829559326,3.483518362045288,0.008143968880176544,0.34769207239151,1.0472009181976318,-0.06537558138370514
59.8790310798149,3.5098155,2.7071688,0,21.326839447021484,-10.775336265563965,-2.6035308837890625,2.2981529235839844,3.4914653301239014,0.007465580012649298,0.358011394739151,1.034964919090271,-0.08039315789937973
59.8790310798149,3.5098155,2.7071688,0,21.345226287841797,-10.747991561889648,-2.6034698486328125,2.300926685333252,3.4993953704833984,0.006978762336075306,0.35532858967781067,1.030494213104248,-0.05687679722905159
60.27903107981498,3.494232,2.797894,0,21.363643646240234,-10.720576286315918,-2.6034088134765625,2.3036811351776123,3.5072197914123535,0.006581415887922049,0.3524158298969269,1.016351580619812,-0.04580150917172432
60.27903107981498,3.494232,2.797894,0,21.400606155395508,-10.665696144104004,-2.603271484375,2.3092708587646484,3.5226378440856934,0.006038623861968517,0.35621824860572815,1.0018764734268188,-0.0225300882011652
60.27903107981498,3.494232,2.797894,0,21.419132232666016,-10.63814926147461,-2.6031951904296875,2.312150478363037,3.5303282737731934,0.0059905885718762875,0.363153338432312,1.0050746202468872,-0.0020372678991407156
60.27903107981498,3.494232,2.797894,0,21.43768882751465,-10.610532760620117,-2.6031341552734375,2.314971685409546,3.5379459857940674,0.006154409144073725,0.35551291704177856,0.994909942150116,0.024336853995919228
60.27903107981498,3.494232,2.797894,0,21.456296920776367,-10.582923889160156,-2.6030731201171875,2.317876100540161,3.545415163040161,0.006613044533878565,0.36169978976249695,0.9843645691871643,0.06254901736974716
60.27903107981498,3.494232,2.797894,0,21.493602752685547,-10.527495384216309,-2.6029510498046875,2.323962688446045,3.560539722442627,0.005709433928132057,0.3924933075904846,1.0010437965393066,-0.10066944360733032
60.27903107981498,3.494232,2.797894,0,21.512296676635742,-10.499672889709473,-2.6029052734375,2.32714581489563,3.568127393722534,0.004768015816807747,0.39806053042411804,0.994281530380249,-0.11316639930009842
60.27903107981498,3.494232,2.797894,0,21.531051635742188,-10.471861839294434,-2.6028594970703125,2.3303496837615967,3.5756373405456543,0.004092169925570488,0.39589378237724304,0.9927283525466919,-0.07838615775108337
60.27903107981498,3.494232,2.797894,0,21.549837112426758,-10.443979263305664,-2.6028289794921875,2.333573341369629,3.5831539630889893,0.003472778247669339,0.39828407764434814,0.9922745227813721,-0.07149110734462738
60.27903107981498,3.494232,2.797894,0,21.587499618530273,-10.387999534606934,-2.602783203125,2.3401737213134766,3.598177433013916,0.0025084009394049644,0.4092278778553009,0.9895270466804504,-0.04605622589588165
60.679031079815054,3.4715574,2.8790905,0,21.606416702270508,-10.359977722167969,-2.6027374267578125,2.3435826301574707,3.605621337890625,0.002302101580426097,0.4154162108898163,0.9881590604782104,-0.019321681931614876
60.679031079815054,3.4715574,2.8790905,0,21.6253662109375,-10.331884384155273,-2.6027069091796875,2.346989154815674,3.6130154132843018,0.002372157294303179,0.4151115417480469,0.9804560542106628,0.015041324310004711
60.679031079815054,3.4715574,2.8790905,0,21.644346237182617,-10.303719520568848,-2.6026611328125,2.350438356399536,3.620410919189453,0.002651108196005225,0.4204257130622864,0.9791740775108337,0.04097539559006691
60.679031079815054,3.4715574,2.8790905,0,21.66335678100586,-10.275485038757324,-2.6026153564453125,2.35394024848938,3.6277809143066406,0.003281214041635394,0.42700159549713135,0.9746151566505432,0.08469773083925247
60.679031079815054,3.4715574,2.8790905,0,21.682437896728516,-10.24722957611084,-2.602569580078125,2.3574230670928955,3.635066509246826,0.004083314910531044,0.4211335778236389,0.967863917350769,0.1062033623456955
60.679031079815054,3.4715574,2.8790905,0,21.72068977355957,-10.190510749816895,-2.6024322509765625,2.3643529415130615,3.649446487426758,0.006291570141911507,0.41598016023635864,0.9497222304344177,0.15465448796749115
60.679031079815054,3.4715574,2.8790905,0,21.73986053466797,-10.162047386169434,-2.60235595703125,2.367770195007324,3.6565663814544678,0.007568682078272104,0.4134289622306824,0.9430453181266785,0.16511742770671844
60.679031079815054,3.4715574,2.8790905,0,21.77837562561035,-10.105011940002441,-2.6021728515625,2.3745155334472656,3.670262575149536,0.010419321246445179,0.3971158564090729,0.9023790955543518,0.1893509030342102
60.679031079815054,3.4715574,2.8790905,0,21.79767417907715,-10.076395988464355,-2.6020660400390625,2.3778202533721924,3.6769859790802,0.011221782304346561,0.3945044279098511,0.8953684568405151,0.10644783824682236
61.07903107981513,3.44424,2.9512372,0,21.817001342773438,-10.047713279724121,-2.601959228515625,2.3811542987823486,3.6837806701660156,0.01127277035266161,0.398418128490448,0.9029096364974976,0.012346076779067516
61.07903107981513,3.44424,2.9512372,0,21.836406707763672,-10.019017219543457,-2.6018524169921875,2.384488344192505,3.690504789352417,0.011130943894386292,0.3929666578769684,0.8992497324943542,-0.010862014256417751
61.07903107981513,3.44424,2.9512372,0,21.875286102294922,-9.961426734924316,-2.6016387939453125,2.3909008502960205,3.7034530639648438,0.011072829365730286,0.372127503156662,0.8551654815673828,0.006483867298811674
61.07903107981513,3.44424,2.9512372,0,21.894763946533203,-9.932537078857422,-2.601531982421875,2.3940179347991943,3.7097485065460205,0.011032902635633945,0.3690226674079895,0.840172529220581,0.0011958180693909526
61.07903107981513,3.44424,2.9512372,0,21.914310455322266,-9.903634071350098,-2.6014251708984375,2.3971285820007324,3.7158799171447754,0.010965550318360329,0.3637762665748596,0.8244498372077942,-0.0016461125342175364
61.07903107981513,3.44424,2.9512372,0,21.933879852294922,-9.87467098236084,-2.6013336181640625,2.4001855850219727,3.721886157989502,0.01110673788934946,0.3575742542743683,0.8074334859848022,0.024246515706181526
61.07903107981513,3.44424,2.9512372,0,21.973087310791016,-9.816566467285156,-2.6011199951171875,2.4060487747192383,3.7336294651031494,0.012010014615952969,0.3340841233730316,0.7824084758758545,0.08123087882995605
61.07903107981513,3.44424,2.9512372,0,21.992725372314453,-9.787426948547363,-2.6009979248046875,2.40893816947937,3.739396333694458,0.012168149463832378,0.33798280358314514,0.7735401391983032,0.025864223018288612
61.07903107981513,3.44424,2.9512372,0,22.012422561645508,-9.758280754089355,-2.6008758544921875,2.4119222164154053,3.7451255321502686,0.011567591689527035,0.3478377163410187,0.7726380825042725,-0.0691581442952156
61.07903107981513,3.44424,2.9512372,0,22.032140731811523,-9.729076385498047,-2.60076904296875,2.414856433868408,3.750790596008301,0.010868776589632034,0.3421230912208557,0.7632549405097961,-0.08138268440961838
61.47903107981521,3.410646,3.0139947,0,22.071643829345703,-9.670499801635742,-2.6005706787109375,2.4207847118377686,3.7618980407714844,0.010017805732786655,0.3462814688682556,0.7433370351791382,-0.03618001565337181
61.47903107981521,3.410646,3.0139947,0,22.091459274291992,-9.641191482543945,-2.6004638671875,2.4236979484558105,3.76729416847229,0.009671732783317566,0.3367498219013214,0.7333219647407532,-0.036735083907842636
61.47903107981521,3.410646,3.0139947,0,22.111295700073242,-9.611827850341797,-2.600372314453125,2.4265525341033936,3.772614002227783,0.009381402283906937,0.32989779114723206,0.7222358584403992,-0.029954126104712486
61.47903107981521,3.410646,3.0139947,0,22.131153106689453,-9.582408905029297,-2.60028076171875,2.4294843673706055,3.77789306640625,0.009194634854793549,0.3399268388748169,0.7156185507774353,-0.017193609848618507
61.47903107981521,3.410646,3.0139947,0,22.17097282409668,-9.52348518371582,-2.60009765625,2.4353384971618652,3.788146495819092,0.009561552666127682,0.3361259400844574,0.6960932612419128,0.04069087654352188
61.47903107981521,3.410646,3.0139947,0,22.190929412841797,-9.493976593017578,-2.600006103515625,2.438206672668457,3.793165683746338,0.010126282460987568,0.33022961020469666,0.6859901547431946,0.07752189040184021
61.47903107981521,3.410646,3.0139947,0,22.210905075073242,-9.464415550231934,-2.5998992919921875,2.441012382507324,3.798110008239746,0.010892851278185844,0.322890967130661,0.6750270128250122,0.10254885256290436
61.47903107981521,3.410646,3.0139947,0,22.23090171813965,-9.434803009033203,-2.59979248046875,2.44380521774292,3.8029940128326416,0.01179975550621748,0.321782648563385,0.6659853458404541,0.11989566683769226
61.47903107981521,3.410646,3.0139947,0,22.250959396362305,-9.405220985412598,-2.59967041015625,2.4466772079467773,3.8077785968780518,0.012102757580578327,0.32716917991638184,0.6619357466697693,0.045658551156520844
61.47903107981521,3.410646,3.0139947,0,22.27103614807129,-9.375585556030273,-2.5995635986328125,2.449561834335327,3.812666177749634,0.01164949033409357,0.32939612865448,0.6731365919113159,-0.04909652844071388
61.879031079815284,3.370648,3.0672667,0,22.31124496459961,-9.316160202026367,-2.5993499755859375,2.4552266597747803,3.822242021560669,0.010801175609230995,0.31980594992637634,0.6564640998840332,-0.030727123841643333
61.879031079815284,3.370648,3.0672667,0,22.331432342529297,-9.286437034606934,-2.5992431640625,2.458033800125122,3.8268449306488037,0.010586926713585854,0.31590020656585693,0.6409748196601868,-0.018917953595519066
61.879031079815284,3.370648,3.0672667,0,22.371850967407227,-9.226837158203125,-2.5990447998046875,2.4635636806488037,3.835866689682007,0.01020182203501463,0.3119699954986572,0.6237112879753113,-0.013114417903125286
61.879031079815284,3.370648,3.0672667,0,22.3920841217041,-9.196961402893066,-2.59893798828125,2.466320037841797,3.8403384685516357,0.010177161544561386,0.3135839104652405,0.6183798909187317,0.0038822179194539785
61.879031079815284,3.370648,3.0672667,0,22.412376403808594,-9.16710376739502,-2.59881591796875,2.4690423011779785,3.8446412086486816,0.010397237725555897,0.3051224648952484,0.6036568284034729,0.034210268408060074
61.879031079815284,3.370648,3.0672667,0,22.43268585205078,-9.137197494506836,-2.59869384765625,2.4717438220977783,3.848933696746826,0.010771817527711391,0.3033057451248169,0.6006816625595093,0.05333590880036354
61.879031079815284,3.370648,3.0672667,0,22.473350524902344,-9.077241897583008,-2.598419189453125,2.4770069122314453,3.8571836948394775,0.012070786207914352,0.29190337657928467,0.5703637003898621,0.09917700290679932
61.879031079815284,3.370648,3.0672667,0,22.493751525878906,-9.047258377075195,-2.5982818603515625,2.4796664714813232,3.8611981868743896,0.01230639312416315,0.2951277196407318,0.5690632462501526,0.035752538591623306
61.879031079815284,3.370648,3.0672667,0,22.5141658782959,-9.017229080200195,-2.5981292724609375,2.482300281524658,3.865177631378174,0.011995410546660423,0.2927214801311493,0.5629771947860718,-0.03274436667561531
61.879031079815284,3.370648,3.0672667,0,22.534597396850586,-8.987154006958008,-2.597991943359375,2.48492169380188,3.8691656589508057,0.011560536921024323,0.29196539521217346,0.5623404383659363,-0.04840036481618881
62.27903107981536,3.3239698,3.1112072,0,22.555038452148438,-8.957029342651367,-2.5978546142578125,2.487438440322876,3.8730666637420654,0.011299205012619495,0.2818028926849365,0.5487601161003113,-0.0271028820425272
62.27903107981536,3.3239698,3.1112072,0,22.596071243286133,-8.896766662597656,-2.597564697265625,2.4924819469451904,3.880586862564087,0.010909868404269218,0.2752106189727783,0.5273796319961548,-0.020801087841391563
62.27903107981536,3.3239698,3.1112072,0,22.616607666015625,-8.866568565368652,-2.5974273681640625,2.494915246963501,3.884284257888794,0.01074975822120905,0.2680595815181732,0.5255246162414551,-0.014237127266824245
62.27903107981536,3.3239698,3.1112072,0,22.637157440185547,-8.836326599121094,-2.5972900390625,2.4973573684692383,3.8879051208496094,0.010790188796818256,0.2699110805988312,0.5142866373062134,0.010922550223767757
62.27903107981536,3.3239698,3.1112072,0,22.678342819213867,-8.77578067779541,-2.597015380859375,2.5020933151245117,3.8949685096740723,0.011374697089195251,0.25489091873168945,0.4989367127418518,0.05637062340974808
62.27903107981536,3.3239698,3.1112072,0,22.698978424072266,-8.745476722717285,-2.59686279296875,2.5044991970062256,3.898388624191284,0.011953277513384819,0.26232409477233887,0.4915604591369629,0.07797451317310333
62.27903107981536,3.3239698,3.1112072,0,22.719621658325195,-8.715127944946289,-2.596710205078125,2.5068559646606445,3.901691198348999,0.012692801654338837,0.25918251276016235,0.4742235541343689,0.09772227704524994
62.27903107981536,3.3239698,3.1112072,0,22.740276336669922,-8.684738159179688,-2.5965576171875,2.509089469909668,3.904916286468506,0.013568667694926262,0.244576096534729,0.46296632289886475,0.11461879312992096
62.27903107981536,3.3239698,3.1112072,0,22.781709671020508,-8.623963356018066,-2.5961456298828125,2.5133321285247803,3.911017656326294,0.014971965923905373,0.22484290599822998,0.4405498206615448,0.0615827701985836
62.27903107981536,3.3239698,3.1112072,0,22.802438735961914,-8.593518257141113,-2.595947265625,2.51543927192688,3.91394305229187,0.014747103676199913,0.22604744136333466,0.4277409613132477,-0.023951752111315727
62.77903107981544,3.2563474,3.1529517,0,22.823177337646484,-8.563035011291504,-2.5957489013671875,2.5174646377563477,3.916881561279297,0.014438542537391186,0.2166575938463211,0.42771729826927185,-0.034531574696302414
62.77903107981544,3.2563474,3.1529517,0,22.843978881835938,-8.532562255859375,-2.5955352783203125,2.5194873809814453,3.9195945262908936,0.01428250502794981,0.2107488363981247,0.4036265015602112,-0.01672329194843769
62.77903107981544,3.2563474,3.1529517,0,22.885602951049805,-8.471508979797363,-2.5950927734375,2.5232937335968018,3.924805164337158,0.01407781895250082,0.19354410469532013,0.38432827591896057,-0.009433831088244915
62.77903107981544,3.2563474,3.1529517,0,22.90641975402832,-8.440927505493164,-2.5948638916015625,2.525070905685425,3.927274465560913,0.013996758498251438,0.1848256140947342,0.3671637773513794,-0.007786321919411421
62.77903107981544,3.2563474,3.1529517,0,22.927291870117188,-8.410344123840332,-2.5946197509765625,2.5268709659576416,3.9297451972961426,0.013482877984642982,0.1830080896615982,0.3699823021888733,-0.06346031278371811
62.77903107981544,3.2563474,3.1529517,0,22.94816780090332,-8.379727363586426,-2.5943603515625,2.5287511348724365,3.9322123527526855,0.012296329252421856,0.1939418762922287,0.3679101765155792,-0.1479550153017044
62.77903107981544,3.2563474,3.1529517,0,22.989938735961914,-8.318390846252441,-2.593902587890625,2.5324044227600098,3.9370906352996826,0.010199139825999737,0.18537543714046478,0.3566838800907135,-0.11927074939012527
62.77903107981544,3.2563474,3.1529517,0,23.010887145996094,-8.287700653076172,-2.5936279296875,2.534226417541504,3.939517021179199,0.009400426410138607,0.18326400220394135,0.3623204231262207,-0.10114628076553345
62.77903107981544,3.2563474,3.1529517,0,23.031841278076172,-8.256978034973145,-2.5933837890625,2.536104679107666,3.941941976547241,0.008614248596131802,0.1913781762123108,0.3606165945529938,-0.09953928738832474
62.77903107981544,3.2563474,3.1529517,0,23.05280113220215,-8.226221084594727,-2.5931396484375,2.5380475521087646,3.9444174766540527,0.007818981073796749,0.20043116807937622,0.3654066026210785,-0.1006377786397934
63.27903107981552,3.1779544,3.1805713,0,23.07376480102539,-8.19543170928955,-2.5929107666015625,2.540001392364502,3.946902275085449,0.007240867242217064,0.20275351405143738,0.3650563061237335,-0.07345806062221527
63.27903107981552,3.1779544,3.1805713,0,23.115812301635742,-8.133809089660645,-2.5924072265625,2.544142246246338,3.951944589614868,0.0068330285139381886,0.21201318502426147,0.3715015947818756,-0.011377966962754726
63.27903107981552,3.1779544,3.1805713,0,23.1368465423584,-8.102946281433105,-2.5921478271484375,2.5462100505828857,3.954559803009033,0.006970052607357502,0.21612168848514557,0.38014817237854004,0.014360993169248104
63.27903107981552,3.1779544,3.1805713,0,23.157886505126953,-8.072051048278809,-2.5919036865234375,2.548311471939087,3.9571340084075928,0.007384448777884245,0.22127577662467957,0.3735351264476776,0.04910723865032196
63.27903107981552,3.1779544,3.1805713,0,23.200071334838867,-8.01022720336914,-2.5913543701171875,2.5525474548339844,3.962167739868164,0.008814615197479725,0.2173687219619751,0.3647348880767822,0.09115645289421082
63.27903107981552,3.1779544,3.1805713,0,23.221172332763672,-7.979266166687012,-2.591064453125,2.5545742511749268,3.964679479598999,0.009568506851792336,0.2100815623998642,0.3651367425918579,0.09074992686510086
63.27903107981552,3.1779544,3.1805713,0,23.242280960083008,-7.948272228240967,-2.590789794921875,2.5566117763519287,3.9672257900238037,0.009776940569281578,0.2123982012271881,0.36805832386016846,0.022665129974484444
63.27903107981552,3.1779544,3.1805713,0,23.263439178466797,-7.9172821044921875,-2.5904998779296875,2.5587706565856934,3.9697911739349365,0.009257622063159943,0.22394371032714844,0.3735456168651581,-0.069302499294281
63.27903107981552,3.1779544,3.1805713,0,23.305768966674805,-7.85519552230835,-2.5899200439453125,2.5628437995910645,3.974890947341919,0.008209771476686,0.2122250646352768,0.3615552484989166,-0.05960976332426071
63.27903107981552,3.1779544,3.1805713,0,23.32694435119629,-7.824103355407715,-2.58966064453125,2.5648274421691895,3.9774060249328613,0.007858834229409695,0.20708303153514862,0.36228451132774353,-0.04803808033466339
63.679031079815594,3.1068347,3.1928809,0,23.34812355041504,-7.792978763580322,-2.589385986328125,2.5669047832489014,3.979877233505249,0.007446435745805502,0.21978099644184113,0.3554936647415161,-0.05559995397925377
63.679031079815594,3.1068347,3.1928809,0,23.369361877441406,-7.761868953704834,-2.589111328125,2.5689382553100586,3.982353687286377,0.00707497401162982,0.20908822119235992,0.35992640256881714,-0.05165347456932068
63.679031079815594,3.1068347,3.1928809,0,23.411853790283203,-7.699553489685059,-2.58856201171875,2.572937488555908,3.9870896339416504,0.006913330871611834,0.20298367738723755,0.3416256606578827,-0.0023557802196592093
63.679031079815594,3.1068347,3.1928809,0,23.433107376098633,-7.668349266052246,-2.58831787109375,2.574875593185425,3.9894189834594727,0.00710094952955842,0.20050311088562012,0.3377932906150818,0.019181983545422554
63.679031079815594,3.1068347,3.1928809,0,23.45441246032715,-7.637149333953857,-2.5880584716796875,2.5768120288848877,3.9916915893554688,0.007512368261814117,0.19739343225955963,0.33312010765075684,0.04603247717022896
63.679031079815594,3.1068347,3.1928809,0,23.47572135925293,-7.605918884277344,-2.5877838134765625,2.5786993503570557,3.993894338607788,0.008084910921752453,0.19238397479057312,0.32315272092819214,0.0663357749581337
63.679031079815594,3.1068347,3.1928809,0,23.518352508544922,-7.543369293212891,-2.5872650146484375,2.5824191570281982,3.998265027999878,0.007887957617640495,0.18671366572380066,0.3184942603111267,-0.04858430102467537
63.679031079815594,3.1068347,3.1928809,0,23.539722442626953,-7.512078762054443,-2.5869903564453125,2.584235191345215,4.00041389465332,0.0075828987173736095,0.1807359904050827,0.316137433052063,-0.044303011149168015
63.679031079815594,3.1068347,3.1928809,0,23.56109619140625,-7.480759620666504,-2.5867156982421875,2.5859456062316895,4.002447605133057,0.007448125164955854,0.1686808466911316,0.300464928150177,-0.022835562005639076
63.679031079815594,3.1068347,3.1928809,0,23.58247184753418,-7.4494123458862305,-2.586456298828125,2.5876777172088623,4.004446506500244,0.0072596329264342785,0.17250025272369385,0.29490071535110474,-0.02924911491572857
64.17903107981567,3.007832,3.1962216,0,23.62527847290039,-7.386665344238281,-2.5859222412109375,2.5909855365753174,4.008201599121094,0.007035424001514912,0.1594870388507843,0.2723012864589691,-0.015056225471198559
64.17903107981567,3.007832,3.1962216,0,23.646705627441406,-7.355264186859131,-2.5856475830078125,2.5925955772399902,4.009958744049072,0.007073616608977318,0.15720973908901215,0.2635112404823303,-0.0021089797373861074
64.17903107981567,3.007832,3.1962216,0,23.668134689331055,-7.323836803436279,-2.58538818359375,2.5941755771636963,4.011710166931152,0.007204675581306219,0.1544894427061081,0.2616059482097626,0.009697861038148403
64.17903107981567,3.007832,3.1962216,0,23.689565658569336,-7.292385101318359,-2.585113525390625,2.595590591430664,4.013359069824219,0.007545492611825466,0.13490381836891174,0.24759942293167114,0.03611156344413757
64.17903107981567,3.007832,3.1962216,0,23.732526779174805,-7.229459762573242,-2.5845489501953125,2.5983498096466064,4.016462802886963,0.008643153123557568,0.12130063772201538,0.2321079522371292,0.06999633461236954
64.17903107981567,3.007832,3.1962216,0,23.75400733947754,-7.197962760925293,-2.5842437744140625,2.5995872020721436,4.017806053161621,0.009366407059133053,0.11067096143960953,0.20934082567691803,0.08314242213964462
64.17903107981567,3.007832,3.1962216,0,23.77548599243164,-7.166443824768066,-2.583953857421875,2.6008148193359375,4.019088268280029,0.009438550099730492,0.11052628606557846,0.20067037642002106,0.001966953044757247
64.17903107981567,3.007832,3.1962216,0,23.797035217285156,-7.134936809539795,-2.583648681640625,2.6020593643188477,4.02032995223999,0.008845948614180088,0.10609254986047745,0.1986216902732849,-0.08123832941055298
64.17903107981567,3.007832,3.1962216,0,23.81858253479004,-7.103409290313721,-2.5833587646484375,2.6032726764678955,4.021431922912598,0.00813966989517212,0.10337244719266891,0.17997749149799347,-0.09523890167474747
64.57903107981575,2.92023,3.1896384,0,23.840124130249023,-7.071859359741211,-2.5830841064453125,2.6043756008148193,4.022434234619141,0.0077012223191559315,0.09301932901144028,0.16563808917999268,-0.06169266626238823
64.57903107981575,2.92023,3.1896384,0,23.883275985717773,-7.008734226226807,-2.5825347900390625,2.606341600418091,4.0241241455078125,0.006971155758947134,0.0713876336812973,0.14274178445339203,-0.05420902371406555
64.57903107981575,2.92023,3.1896384,0,23.904884338378906,-6.977160930633545,-2.582275390625,2.607281446456909,4.024808406829834,0.006608083378523588,0.06800714880228043,0.12650276720523834,-0.051718201488256454
64.57903107981575,2.92023,3.1896384,0,23.948083877563477,-6.913966655731201,-2.5817718505859375,2.608973503112793,4.0260772705078125,0.006244363728910685,0.053927283734083176,0.11557261645793915,-0.019103752449154854
64.57903107981575,2.92023,3.1896384,0,23.969749450683594,-6.882391929626465,-2.58154296875,2.6098127365112305,4.026595592498779,0.005983585491776466,0.05169874429702759,0.10801295191049576,-0.037635207176208496
64.57903107981575,2.92023,3.1896384,0,23.991409301757812,-6.850801944732666,-2.5813140869140625,2.6106293201446533,4.027118682861328,0.0053953430615365505,0.05013536289334297,0.10743892192840576,-0.07842107862234116
64.57903107981575,2.92023,3.1896384,0,24.0130615234375,-6.819197654724121,-2.5811004638671875,2.6114559173583984,4.027545928955078,0.004858951084315777,0.05267753824591637,0.09432472288608551,-0.07179658114910126
64.57903107981575,2.92023,3.1896384,0,24.05634117126465,-6.755940914154053,-2.5806884765625,2.612919330596924,4.028295040130615,0.004235963337123394,0.04052005335688591,0.07995360344648361,-0.03769481182098389
64.57903107981575,2.92023,3.1896384,0,24.078022003173828,-6.724349021911621,-2.5805206298828125,2.6136856079101562,4.028555393218994,0.0040320768021047115,0.0456615649163723,0.07596080005168915,-0.0287876445800066
64.57903107981575,2.92023,3.1896384,0,24.09969711303711,-6.69274377822876,-2.5803375244140625,2.6143782138824463,4.0288286209106445,0.003796347649767995,0.037667032331228256,0.07627853006124496,-0.0326717235147953
65.07903107981582,2.800284,3.1703556,0,24.121362686157227,-6.661125183105469,-2.5801849365234375,2.615030288696289,4.029058933258057,0.003659270703792572,0.03377199545502663,0.0696990117430687,-0.02024741657078266
65.07903107981582,2.800284,3.1703556,0,24.164731979370117,-6.597911834716797,-2.5798797607421875,2.6163113117218018,4.029360294342041,0.003786062356084585,0.027940403670072556,0.056466054171323776,0.01728581078350544
65.07903107981582,2.800284,3.1703556,0,24.186433792114258,-6.5663161277771,-2.579742431640625,2.6168932914733887,4.0294389724731445,0.0040888916701078415,0.022236721590161324,0.05397364869713783,0.03639887645840645
65.07903107981582,2.800284,3.1703556,0,24.2081241607666,-6.5347065925598145,-2.57958984375,2.617389440536499,4.029433727264404,0.004487460013478994,0.014616335742175579,0.04167014732956886,0.048303041607141495
65.07903107981582,2.800284,3.1703556,0,24.22980499267578,-6.503086090087891,-2.5794525146484375,2.617856740951538,4.029435157775879,0.004971049726009369,0.012140647508203983,0.04120122641324997,0.059057023376226425
65.07903107981582,2.800284,3.1703556,0,24.27323341369629,-6.439920425415039,-2.5792083740234375,2.6185925006866455,4.028886318206787,0.0059442645870149136,-0.007695648819208145,-0.003792316187173128,0.06012757867574692
65.07903107981582,2.800284,3.1703556,0,24.294933319091797,-6.408324241638184,-2.5790863037109375,2.618908643722534,4.028514385223389,0.005973942577838898,-0.008702786639332771,-0.003050939878448844,0.0035534610506147146
65.07903107981582,2.800284,3.1703556,0,24.316619873046875,-6.376720428466797,-2.5789642333984375,2.6190478801727295,4.028043270111084,0.005409521982073784,-0.02962765470147133,-0.01658247411251068,-0.07070134580135345
65.07903107981582,2.800284,3.1703556,0,24.33835220336914,-6.345166206359863,-2.578857421875,2.619204044342041,4.027454853057861,0.004825844429433346,-0.03262757509946823,-0.02614312618970871,-0.07200846076011658
65.07903107981582,2.800284,3.1703556,0,24.381776809692383,-6.28203821182251,-2.57867431640625,2.6191656589508057,4.025911808013916,0.004070794675499201,-0.057942841202020645,-0.057462919503450394,-0.04478869587182999
65.5790310798159,2.6684303,3.1394293,0,24.403467178344727,-6.25046443939209,-2.5785675048828125,2.6190457344055176,4.024980068206787,0.003770677838474512,-0.06151812896132469,-0.0734931156039238,-0.03696977719664574
65.5790310798159,2.6684303,3.1394293,0,24.425189971923828,-6.2189621925354,-2.5785064697265625,2.6188623905181885,4.023978233337402,0.0034624002873897552,-0.07310432195663452,-0.07473890483379364,-0.03634113445878029
65.5790310798159,2.6684303,3.1394293,0,24.446897506713867,-6.1874566078186035,-2.57843017578125,2.618600368499756,4.022796630859375,0.003212911542505026,-0.08166971057653427,-0.09861404448747635,-0.029052140191197395
65.5790310798159,2.6684303,3.1394293,0,24.490264892578125,-6.12443733215332,-2.57830810546875,2.6179370880126953,4.0202555656433105,0.003182809567078948,-0.09361346811056137,-0.11753048747777939,0.011545605026185513
65.5790310798159,2.6684303,3.1394293,0,24.511966705322266,-6.092990398406982,-2.578277587890625,2.617486000061035,4.018852233886719,0.0033522206358611584,-0.1062629222869873,-0.12249258905649185,0.025259794667363167
65.5790310798159,2.6684303,3.1394293,0,24.533649444580078,-6.06154203414917,-2.5782470703125,2.61690092086792,4.017347812652588,0.0036214501596987247,-0.12172702699899673,-0.13667771220207214,0.037623099982738495
65.5790310798159,2.6684303,3.1394293,0,24.555316925048828,-6.030093669891357,-2.578216552734375,2.6162993907928467,4.015781879425049,0.0035411235876381397,-0.12260661274194717,-0.14569465816020966,-0.006053130608052015
65.5790310798159,2.6684303,3.1394293,0,24.59861946105957,-5.967249870300293,-2.578216552734375,2.6149542331695557,4.012387275695801,0.002427494851872325,-0.13583430647850037,-0.16788896918296814,-0.06589619070291519
65.5790310798159,2.6684303,3.1394293,0,24.620256423950195,-5.935855865478516,-2.578216552734375,2.614168643951416,4.010561943054199,0.002127039013430476,-0.14391203224658966,-0.17639397084712982,-0.032381150871515274
65.97903107981598,2.5545752,3.1068695,0,24.64187240600586,-5.904464244842529,-2.5782318115234375,2.6132378578186035,4.008620262145996,0.0019271224737167358,-0.16098445653915405,-0.19248007237911224,-0.019960569217801094
65.97903107981598,2.5545752,3.1068695,0,24.663469314575195,-5.873076438903809,-2.5782470703125,2.612283229827881,4.006603240966797,0.0016829961678013206,-0.16293606162071228,-0.2032994031906128,-0.025629529729485512
65.97903107981598,2.5545752,3.1068695,0,24.685094833374023,-5.8417487144470215,-2.5782928466796875,2.6113526821136475,4.0044965744018555,0.0014560902491211891,-0.16448944807052612,-0.20931513607501984,-0.021972225978970528
65.97903107981598,2.5545752,3.1068695,0,24.728281021118164,-5.779106140136719,-2.578369140625,2.6092848777770996,4.0001606941223145,0.0012299283407628536,-0.1793297678232193,-0.22440105676651,-0.00010151415335712954
65.97903107981598,2.5545752,3.1068695,0,24.74984359741211,-5.7477922439575195,-2.5784149169921875,2.6081950664520264,3.9979007244110107,0.0013538902858272195,-0.18110211193561554,-0.23309174180030823,0.02122018299996853
65.97903107981598,2.5545752,3.1068695,0,24.77138328552246,-5.716484546661377,-2.5784454345703125,2.6070430278778076,3.9955968856811523,0.0015752913895994425,-0.18786001205444336,-0.2399461418390274,0.03323750197887421
65.97903107981598,2.5545752,3.1068695,0,24.814470291137695,-5.654029369354248,-2.5785369873046875,2.604618549346924,3.990596055984497,0.0023325064685195684,-0.20080964267253876,-0.263097882270813,0.061662863940000534
65.97903107981598,2.5545752,3.1068695,0,24.835979461669922,-5.622812747955322,-2.5785675048828125,2.603275775909424,3.9880011081695557,0.0027845774311572313,-0.2116650491952896,-0.2731287181377411,0.062196046113967896
65.97903107981598,2.5545752,3.1068695,0,24.857463836669922,-5.591604709625244,-2.5785980224609375,2.6018495559692383,3.9853029251098633,0.003283189609646797,-0.22104424238204956,-0.28745037317276,0.0678519681096077
65.97903107981598,2.5545752,3.1068695,0,24.878957748413086,-5.560481548309326,-2.5786590576171875,2.6002554893493652,3.9824867248535156,0.0037972249556332827,-0.2451225370168686,-0.29510200023651123,0.07064500451087952
66.37903107981606,2.4334514,3.0678883,0,24.921865463256836,-5.498264312744141,-2.5787506103515625,2.5968985557556152,3.976402521133423,0.0038491275627166033,-0.25843098759651184,-0.3409285545349121,-0.01228554081171751
66.37903107981606,2.4334514,3.0678883,0,24.943281173706055,-5.467173099517822,-2.57879638671875,2.5950710773468018,3.9732203483581543,0.0037195703480392694,-0.27111053466796875,-0.34556302428245544,-0.010333488695323467
66.37903107981606,2.4334514,3.0678883,0,24.964706420898438,-5.436162948608398,-2.5788726806640625,2.5931499004364014,3.969890594482422,0.0037549191620200872,-0.2847112715244293,-0.3580944836139679,0.011344905011355877
66.37903107981606,2.4334514,3.0678883,0,24.986101150512695,-5.405166149139404,-2.5789337158203125,2.5911104679107666,3.9664082527160645,0.003785270731896162,-0.2984282672405243,-0.3788204789161682,0.010523012839257717
66.37903107981606,2.4334514,3.0678883,0,25.028806686401367,-5.343215465545654,-2.5790557861328125,2.586700201034546,3.959150791168213,0.003930538892745972,-0.3211574852466583,-0.4113330841064453,0.014809890650212765
66.37903107981606,2.4334514,3.0678883,0,25.050168991088867,-5.31233549118042,-2.5791473388671875,2.5844194889068604,3.955258369445801,0.003965356852859259,-0.3317073881626129,-0.4268319308757782,0.012352596037089825
66.37903107981606,2.4334514,3.0678883,0,25.071500778198242,-5.281472682952881,-2.5792388916015625,2.5820441246032715,3.951288938522339,0.004023348446935415,-0.34235018491744995,-0.43807369470596313,0.015019438229501247
66.37903107981606,2.4334514,3.0678883,0,25.092802047729492,-5.250627517700195,-2.579315185546875,2.5795342922210693,3.9472177028656006,0.0039430223405361176,-0.3580516576766968,-0.45242664217948914,-0.0024936159607023
66.37903107981606,2.4334514,3.0678883,0,25.11406898498535,-5.21980094909668,-2.57940673828125,2.577019214630127,3.9431421756744385,0.003673401428386569,-0.3576272130012512,-0.4545188546180725,-0.026372259482741356
66.37903107981606,2.4334514,3.0678883,0,25.15663719177246,-5.158318042755127,-2.5795745849609375,2.5717947483062744,3.9346001148223877,0.003602056996896863,-0.3787264823913574,-0.4785436987876892,0.014216638170182705
66.87903107981614,2.271924,3.0108578,0,25.17786979675293,-5.127605438232422,-2.5796661376953125,2.5690953731536865,3.9302520751953125,0.003702519228681922,-0.3830893337726593,-0.4867706298828125,0.019889788702130318
66.87903107981614,2.271924,3.0108578,0,25.199068069458008,-5.096914768218994,-2.5797576904296875,2.5663180351257324,3.9257543087005615,0.0037061749026179314,-0.3917442858219147,-0.507117509841919,0.007987487129867077
66.87903107981614,2.271924,3.0108578,0,25.241497039794922,-5.035742282867432,-2.5799407958984375,2.560633897781372,3.9165306091308594,0.003872442524880171,-0.4117812514305115,-0.5185856223106384,0.023206228390336037
66.87903107981614,2.271924,3.0108578,0,25.262657165527344,-5.005189895629883,-2.5800323486328125,2.5576813220977783,3.911813259124756,0.004031699150800705,-0.41751253604888916,-0.5312647819519043,0.027231404557824135
66.87903107981614,2.271924,3.0108578,0,25.283781051635742,-4.974660873413086,-2.580108642578125,2.554655075073242,3.907078266143799,0.00425965990871191,-0.42560967803001404,-0.5351477861404419,0.035612840205430984
66.87903107981614,2.271924,3.0108578,0,25.304933547973633,-4.94422721862793,-2.5801849365234375,2.5516364574432373,3.902195930480957,0.004530649166554213,-0.4302877187728882,-0.5470829606056213,0.04085804894566536
66.87903107981614,2.271924,3.0108578,0,25.347124099731445,-4.883432388305664,-2.5803070068359375,2.545335292816162,3.892247200012207,0.004981648176908493,-0.4436279833316803,-0.5592769980430603,0.019548924639821053
66.87903107981614,2.271924,3.0108578,0,25.368162155151367,-4.853071689605713,-2.580352783203125,2.542067289352417,3.8871757984161377,0.004739709198474884,-0.45717689394950867,-0.5764175653457642,-0.02446211688220501
66.87903107981614,2.271924,3.0108578,0,25.389223098754883,-4.822822570800781,-2.5803985595703125,2.538801431655884,3.881974697113037,0.004488617647439241,-0.4619099497795105,-0.5843286514282227,-0.025207174941897392
66.87903107981614,2.271924,3.0108578,0,25.410242080688477,-4.792599678039551,-2.5804443359375,2.535431146621704,3.8767993450164795,0.004454730078577995,-0.47366419434547424,-0.5830001831054688,0.0017685814527794719
67.27903107981622,2.1351945,2.9593136,0,25.431222915649414,-4.7624030113220215,-2.580474853515625,2.532031536102295,3.8715169429779053,0.004536409862339497,-0.476094514131546,-0.5982069373130798,0.016044823452830315
67.27903107981622,2.1351945,2.9593136,0,25.473058700561523,-4.702090740203857,-2.5805511474609375,2.525071144104004,3.860959529876709,0.00447011087089777,-0.4904900789260864,-0.5986649394035339,-0.0011795199243351817
67.27903107981622,2.1351945,2.9593136,0,25.493986129760742,-4.672057628631592,-2.5805816650390625,2.5216026306152344,3.8555614948272705,0.004463850520551205,-0.48874279856681824,-0.6089280843734741,0.004396307747811079
67.27903107981622,2.1351945,2.9593136,0,25.514869689941406,-4.6420512199401855,-2.580596923828125,2.5180418491363525,3.850191354751587,0.004505318123847246,-0.49897128343582153,-0.6073527336120605,0.009981448762118816
67.27903107981622,2.1351945,2.9593136,0,25.556514739990234,-4.582118988037109,-2.5806427001953125,2.5107014179229736,3.839287281036377,0.004871476907283068,-0.5176292657852173,-0.6216710805892944,0.030801163986325264
67.27903107981622,2.1351945,2.9593136,0,25.57733917236328,-4.552280902862549,-2.5806427001953125,2.506963014602661,3.8336904048919678,0.005201316438615322,-0.5241302251815796,-0.6321130394935608,0.04591839015483856
67.27903107981622,2.1351945,2.9593136,0,25.598119735717773,-4.522470474243164,-2.580657958984375,2.5032033920288086,3.8281006813049316,0.00536143546923995,-0.5254095196723938,-0.6331077218055725,0.02456921897828579
67.27903107981622,2.1351945,2.9593136,0,25.61885643005371,-4.49268913269043,-2.580657958984375,2.4993741512298584,3.822460651397705,0.005344650242477655,-0.5327326655387878,-0.64117830991745,0.002325977897271514
67.27903107981622,2.1351945,2.9593136,0,25.63954734802246,-4.462936878204346,-2.5806732177734375,2.4954023361206055,3.8168272972106934,0.00531023507937789,-0.5492560863494873,-0.6421568989753723,-3.7252900710882386e-06
67.27903107981622,2.1351945,2.9593136,0,25.680906295776367,-4.403675556182861,-2.5806427001953125,2.487470865249634,3.8054280281066895,0.005548307206481695,-0.5558950901031494,-0.6512376666069031,0.018757766112685204
67.77903107981629,1.9543483,2.8880422,0,25.70151710510254,-4.374088287353516,-2.5806121826171875,2.483423948287964,3.799616575241089,0.005701790098100901,-0.5608481168746948,-0.6615275740623474,0.022118443623185158
67.77903107981629,1.9543483,2.8880422,0,25.722082138061523,-4.344531059265137,-2.5805816650390625,2.4792513847351074,3.7938177585601807,0.005826338194310665,-0.5752373933792114,-0.6617990732192993,0.018422024324536324
67.77903107981629,1.9543483,2.8880422,0,25.74265480041504,-4.3150787353515625,-2.5805206298828125,2.47511887550354,3.787899971008301,0.0059399837628006935,-0.5744980573654175,-0.6707058548927307,0.015778465196490288
67.77903107981629,1.9543483,2.8880422,0,25.7631778717041,-4.285656452178955,-2.5804595947265625,2.4708778858184814,3.7819700241088867,0.006140436045825481,-0.5866736769676208,-0.6741676330566406,0.026588791981339455
67.77903107981629,1.9543483,2.8880422,0,25.804080963134766,-4.226904392242432,-2.580352783203125,2.4622690677642822,3.77012300491333,0.006319021340459585,-0.5953916311264038,-0.6808939576148987,0.004040542524307966
67.77903107981629,1.9543483,2.8880422,0,25.824522018432617,-4.197636127471924,-2.5802459716796875,2.4579544067382812,3.764054298400879,0.006090936716645956,-0.5982275605201721,-0.6904171705245972,-0.028955282643437386
67.77903107981629,1.9543483,2.8880422,0,25.865257263183594,-4.139194011688232,-2.5800628662109375,2.4491183757781982,3.752009153366089,0.005794483702629805,-0.6124833822250366,-0.6890575885772705,-0.011105555109679699
67.77903107981629,1.9543483,2.8880422,0,25.88555335998535,-4.110020160675049,-2.5799713134765625,2.4446558952331543,3.7459194660186768,0.0058567458763718605,-0.6127867102622986,-0.6986801028251648,0.00736210448667407
67.77903107981629,1.9543483,2.8880422,0,25.905866622924805,-4.080953121185303,-2.579864501953125,2.4401228427886963,3.7398018836975098,0.005910079460591078,-0.626987636089325,-0.6958504915237427,0.005434732418507338
67.77903107981629,1.9543483,2.8880422,0,25.926128387451172,-4.051918029785156,-2.5797576904296875,2.435588836669922,3.7336249351501465,0.0059282612055540085,-0.6255964040756226,-0.7051804065704346,0.0010784714249894023
68.17903107981637,1.802717,2.826378,0,25.946338653564453,-4.022915840148926,-2.57965087890625,2.431000232696533,3.7274324893951416,0.005983681418001652,-0.6310145258903503,-0.7089810967445374,0.005771405529230833
68.17903107981637,1.802717,2.826378,0,25.986656188964844,-3.965081214904785,-2.579437255859375,2.4217350482940674,3.7151505947113037,0.006228150334209204,-0.6387661695480347,-0.7037645578384399,0.016804782673716545
68.17903107981637,1.802717,2.826378,0,26.006759643554688,-3.936248779296875,-2.5793304443359375,2.4170541763305664,3.7089645862579346,0.006437112111598253,-0.643006443977356,-0.7059867978096008,0.024755483493208885
68.17903107981637,1.802717,2.826378,0,26.026813507080078,-3.9074485301971436,-2.5792236328125,2.4123430252075195,3.7027978897094727,0.006678882986307144,-0.6454101800918579,-0.7054485082626343,0.02890080027282238
68.17903107981637,1.802717,2.826378,0,26.04681396484375,-3.878680944442749,-2.5791168212890625,2.4075801372528076,3.6966066360473633,0.00694637605920434,-0.6505231261253357,-0.7103235721588135,0.03215809911489487
68.17903107981637,1.802717,2.826378,0,26.06681251525879,-3.8500192165374756,-2.579010009765625,2.4027016162872314,3.6903014183044434,0.00721730524674058,-0.6690990924835205,-0.7190501093864441,0.032401639968156815
68.17903107981637,1.802717,2.826378,0,26.106647491455078,-3.792794942855835,-2.578765869140625,2.3928754329681396,3.6775522232055664,0.007619848940521479,-0.6753873825073242,-0.7329657077789307,0.01685321144759655
68.17903107981637,1.802717,2.826378,0,26.126483917236328,-3.7642343044281006,-2.5786590576171875,2.387819290161133,3.6710517406463623,0.007765963673591614,-0.687076210975647,-0.7490248084068298,0.017026903107762337
68.17903107981637,1.802717,2.826378,0,26.166040420532227,-3.7072975635528564,-2.5784149169921875,2.37740421295166,3.6578235626220703,0.007288985885679722,-0.715537965297699,-0.7728580236434937,-0.04656286537647247
68.17903107981637,1.802717,2.826378,0,26.185758590698242,-3.678922414779663,-2.5782928466796875,2.372053623199463,3.651052474975586,0.007024713791906834,-0.7250068783760071,-0.7810724973678589,-0.03463541716337204
68.57903107981645,1.644886,2.7610083,0,26.205419540405273,-3.6505846977233887,-2.57818603515625,2.3665828704833984,3.644178628921509,0.006884567905217409,-0.7386938333511353,-0.7957325577735901,-0.019066965207457542
68.57903107981645,1.644886,2.7610083,0,26.22502326965332,-3.6222848892211914,-2.5780792236328125,2.3611032962799072,3.6372454166412354,0.006781718228012323,-0.7384716868400574,-0.8049169778823853,-0.014354939572513103
68.57903107981645,1.644886,2.7610083,0,26.264171600341797,-3.5659759044647217,-2.57781982421875,2.3497812747955322,3.6230483055114746,0.006464111153036356,-0.7702776789665222,-0.8261426687240601,-0.02868659608066082
68.57903107981645,1.644886,2.7610083,0,26.28365707397461,-3.5378801822662354,-2.57769775390625,2.343993663787842,3.6158623695373535,0.006277645006775856,-0.7798486948013306,-0.8338954448699951,-0.025418119505047798
68.57903107981645,1.644886,2.7610083,0,26.303081512451172,-3.509824275970459,-2.57757568359375,2.338193416595459,3.6086249351501465,0.0062180133536458015,-0.7800359129905701,-0.8420963287353516,-0.009501351974904537
68.57903107981645,1.644886,2.7610083,0,26.32250213623047,-3.4819071292877197,-2.5774383544921875,2.3323097229003906,3.601199150085449,0.006169131491333246,-0.795531153678894,-0.8582044839859009,-0.00878609623759985
68.57903107981645,1.644886,2.7610083,0,26.361156463623047,-3.426194906234741,-2.577178955078125,2.320246934890747,3.5862531661987305,0.005648146849125624,-0.8132794499397278,-0.87159264087677,-0.04306155815720558
68.57903107981645,1.644886,2.7610083,0,26.380390167236328,-3.3984012603759766,-2.577056884765625,2.314113140106201,3.578660011291504,0.005353732965886593,-0.8225399255752563,-0.8847476840019226,-0.039239875972270966
68.57903107981645,1.644886,2.7610083,0,26.39962387084961,-3.3707597255706787,-2.5769195556640625,2.3079755306243896,3.570960760116577,0.005267697386443615,-0.8296160697937012,-0.8893515467643738,-0.013258307240903378
68.57903107981645,1.644886,2.7610083,0,26.418790817260742,-3.3431596755981445,-2.5767974853515625,2.3017797470092773,3.5632662773132324,0.005215909332036972,-0.8354153633117676,-0.890823245048523,-0.00896537583321333
69.07903107981653,1.4387435,2.6745598,0,26.45693588256836,-3.2880868911743164,-2.5765533447265625,2.2891292572021484,3.5477237701416016,0.004907254129648209,-0.8553364872932434,-0.9087603688240051,-0.023178288713097572
69.07903107981653,1.4387435,2.6745598,0,26.475955963134766,-3.2607271671295166,-2.576416015625,2.282771348953247,3.5397589206695557,0.004769093357026577,-0.8564211130142212,-0.9193227291107178,-0.019719356670975685
69.07903107981653,1.4387435,2.6745598,0,26.494909286499023,-3.233410358428955,-2.5762939453125,2.2763218879699707,3.531745195388794,0.004680934827774763,-0.8664271235466003,-0.9276121258735657,-0.01338357012718916
69.07903107981653,1.4387435,2.6745598,0,26.513797760009766,-3.2061374187469482,-2.576171875,2.2698724269866943,3.523754835128784,0.00459490530192852,-0.8650435209274292,-0.9268360137939453,-0.013032927177846432
69.07903107981653,1.4387435,2.6745598,0,26.551416397094727,-3.1518242359161377,-2.575927734375,2.2566416263580322,3.507469415664673,0.004536728374660015,-0.8914515376091003,-0.9517121315002441,-0.007204245310276747
69.07903107981653,1.4387435,2.6745598,0,26.570148468017578,-3.1247847080230713,-2.5758056640625,2.2499353885650635,3.4992380142211914,0.004472589585930109,-0.8989748954772949,-0.9533499479293823,-0.00998284574598074
69.07903107981653,1.4387435,2.6745598,0,26.58881187438965,-3.097790479660034,-2.57568359375,2.2431585788726807,3.490997552871704,0.004194304812699556,-0.906377911567688,-0.9565855264663696,-0.03668106719851494
69.07903107981653,1.4387435,2.6745598,0,26.607410430908203,-3.0708417892456055,-2.5755767822265625,2.2363803386688232,3.4827520847320557,0.0037342493887990713,-0.905144214630127,-0.9593027234077454,-0.05933455750346184
69.07903107981653,1.4387435,2.6745598,0,26.64447593688965,-3.0172886848449707,-2.575347900390625,2.222564220428467,3.465939998626709,0.0031172432936728,-0.9282113313674927,-0.9692874550819397,-0.026267020031809807
69.47903107981622,1.2691989,2.602939,0,26.662904739379883,-2.9905805587768555,-2.57525634765625,2.2156126499176025,3.4575936794281006,0.0030057525727897882,-0.9267457127571106,-0.9677019715309143,-0.015451106242835522
69.47903107981622,1.2691989,2.602939,0,26.68126678466797,-2.963919162750244,-2.5751495361328125,2.2086238861083984,3.4490878582000732,0.0029005822725594044,-0.9300664067268372,-0.9897800087928772,-0.01460267137736082
69.47903107981622,1.2691989,2.602939,0,26.699602127075195,-2.937417507171631,-2.575042724609375,2.201592445373535,3.440584421157837,0.0027104788459837437,-0.939105212688446,-0.9798547625541687,-0.025060957297682762
69.47903107981622,1.2691989,2.602939,0,26.736072540283203,-2.8845529556274414,-2.5748291015625,2.187406539916992,3.423494815826416,0.002418399788439274,-0.945389449596405,-0.9923471808433533,-0.016586853191256523
69.47903107981622,1.2691989,2.602939,0,26.75420570373535,-2.8581912517547607,-2.5747222900390625,2.1802830696105957,3.4149630069732666,0.0023359721526503563,-0.9485164880752563,-0.9899954795837402,-0.011388677172362804
69.47903107981622,1.2691989,2.602939,0,26.772268295288086,-2.831876516342163,-2.5746307373046875,2.1731114387512207,3.4065089225769043,0.0023547825403511524,-0.9531528353691101,-0.9824213981628418,0.0013071111170575023
69.47903107981622,1.2691989,2.602939,0,26.79030990600586,-2.8057281970977783,-2.57452392578125,2.1658973693847656,3.3978917598724365,0.00240411632694304,-0.9630855321884155,-0.9929825663566589,0.0054384577088057995
69.47903107981622,1.2691989,2.602939,0,26.826181411743164,-2.753570079803467,-2.5743255615234375,2.1513471603393555,3.380730628967285,0.002266827505081892,-0.9706421494483948,-0.9969732165336609,-0.016103031113743782
69.47903107981622,1.2691989,2.602939,0,26.844009399414062,-2.7275614738464355,-2.5742340087890625,2.1440024375915527,3.3720908164978027,0.00208092899993062,-0.9751614928245544,-1.0025670528411865,-0.02394476719200611
69.47903107981622,1.2691989,2.602939,0,26.86182403564453,-2.7017149925231934,-2.5741424560546875,2.136624336242676,3.3633618354797363,0.0017222431488335133,-0.984842836856842,-1.0047845840454102,-0.04546111077070236
69.87903107981592,1.0992514,2.5310054,0,26.879566192626953,-2.675915241241455,-2.57403564453125,2.1292078495025635,3.3546040058135986,0.001413636258803308,-0.9881594777107239,-1.0107656717300415,-0.03917282074689865
69.87903107981592,1.0992514,2.5310054,0,26.914844512939453,-2.6244595050811768,-2.5738677978515625,2.1142561435699463,3.3371126651763916,0.0011719709727913141,-0.9976035952568054,-1.0130772590637207,-0.015451106242835522
69.87903107981592,1.0992514,2.5310054,0,26.93243408203125,-2.59891939163208,-2.573760986328125,2.1067168712615967,3.328247547149658,0.001035423600114882,-1.0090652704238892,-1.0193690061569214,-0.017461830750107765
69.87903107981592,1.0992514,2.5310054,0,26.949949264526367,-2.5734262466430664,-2.57366943359375,2.099191188812256,3.3193600177764893,0.0008790343417786062,-1.0057728290557861,-1.024645447731018,-0.019917262718081474
69.87903107981592,1.0992514,2.5310054,0,26.967391967773438,-2.547980785369873,-2.5735931396484375,2.0915963649749756,3.3104708194732666,0.0006601838394999504,-1.0128616094589233,-1.0271984338760376,-0.027367843315005302
69.87903107981592,1.0992514,2.5310054,0,26.984758377075195,-2.5225837230682373,-2.5735321044921875,2.0839083194732666,3.301549196243286,0.0005098252440802753,-1.0230368375778198,-1.0335407257080078,-0.01879734732210636
69.87903107981592,1.0992514,2.5310054,0,27.002111434936523,-2.4973490238189697,-2.573455810546875,2.0762107372283936,3.292558431625366,0.00035970984026789665,-1.030100703239441,-1.0332435369491577,-0.018310265615582466
69.87903107981592,1.0992514,2.5310054,0,27.036598205566406,-2.447021961212158,-2.573333740234375,2.0607831478118896,3.2747130393981934,-0.0002476381487213075,-1.0365289449691772,-1.0297057628631592,-0.04394491761922836
69.87903107981592,1.0992514,2.5310054,0,27.053733825683594,-2.4219307899475098,-2.573272705078125,2.0529944896698,3.265810489654541,-0.0004886031965725124,-1.0393993854522705,-1.0289801359176636,-0.029581597074866295
69.87903107981592,1.0992514,2.5310054,0,27.087873458862305,-2.3720850944519043,-2.57318115234375,2.0374176502227783,3.247990131378174,-0.0006953784031793475,-1.0438973903656006,-1.0254685878753662,-0.010529066435992718
70.17903107981562,0.967471,2.4760497,0,27.104829788208008,-2.3472325801849365,-2.5731201171875,2.029585123062134,3.2390944957733154,-0.0008297102176584303,-1.0463762283325195,-1.0255614519119263,-0.015580094419419765
70.17903107981562,0.967471,2.4760497,0,27.1217098236084,-2.322427749633789,-2.5730743408203125,2.0217230319976807,3.230175733566284,-0.001004706835374236,-1.0484731197357178,-1.0308079719543457,-0.02068839780986309
70.17903107981562,0.967471,2.4760497,0,27.138565063476562,-2.297781229019165,-2.5730438232421875,2.0138378143310547,3.221184253692627,-0.0011861061211675406,-1.0566215515136719,-1.0310328006744385,-0.020479315891861916
70.17903107981562,0.967471,2.4760497,0,27.172046661376953,-2.248628854751587,-2.5729827880859375,1.9980425834655762,3.2033514976501465,-0.0013974038884043694,-1.053835391998291,-1.0248627662658691,-0.005695968400686979
70.17903107981562,0.967471,2.4760497,0,27.18868064880371,-2.2241246700286865,-2.572967529296875,1.9900809526443481,3.1944782733917236,-0.001536620082333684,-1.064347267150879,-1.0232477188110352,-0.015218275599181652
70.17903107981562,0.967471,2.4760497,0,27.20528221130371,-2.199763298034668,-2.57293701171875,1.9821463823318481,3.185534715652466,-0.0017002690583467484,-1.0655879974365234,-1.0248059034347534,-0.018020624294877052
70.17903107981562,0.967471,2.4760497,0,27.2218074798584,-2.175448179244995,-2.5729217529296875,1.9742152690887451,3.176645278930664,-0.0018636981258168817,-1.063407301902771,-1.0205559730529785,-0.017984768375754356
70.17903107981562,0.967471,2.4760497,0,27.23825454711914,-2.151179552078247,-2.5728912353515625,1.9662200212478638,3.167813301086426,-0.0020091012120246887,-1.0697046518325806,-1.0158178806304932,-0.01579243503510952
70.17903107981562,0.967471,2.4760497,0,27.25462532043457,-2.126957893371582,-2.5728759765625,1.9581739902496338,3.159005641937256,-0.00206059985794127,-1.0743821859359741,-1.0151634216308594,-0.004114117007702589
70.17903107981562,0.967471,2.4760497,0,27.287220001220703,-2.0788161754608154,-2.5728302001953125,1.942154049873352,3.141273021697998,-0.0022019718308001757,-1.075308084487915,-1.0195354223251343,-0.0070724631659686565
70.57903107981531,0.78562474,2.3991692,0,27.303401947021484,-2.0548150539398193,-2.5727996826171875,1.934100866317749,3.132471799850464,-0.0022553568705916405,-1.0767863988876343,-1.0137494802474976,-0.00494392542168498
70.57903107981531,0.78562474,2.3991692,0,27.335540771484375,-2.0069546699523926,-2.57275390625,1.9178478717803955,3.114917278289795,-0.0024573830887675285,-1.0902289152145386,-1.0180144309997559,-0.014106742106378078
70.57903107981531,0.78562474,2.3991692,0,27.351537704467773,-1.9831823110580444,-2.572723388671875,1.9097046852111816,3.1060686111450195,-0.00255389790982008,-1.093241810798645,-1.0177581310272217,-0.010791699402034283
70.57903107981531,0.78562474,2.3991692,0,27.367456436157227,-1.9594566822052002,-2.5726776123046875,1.901563048362732,3.0972249507904053,-0.002561713568866253,-1.091257095336914,-1.019543170928955,0.00027148050139658153
70.57903107981531,0.78562474,2.3991692,0,27.383298873901367,-1.935778021812439,-2.5726470947265625,1.8933980464935303,3.0884127616882324,-0.0026521298568695784,-1.092418909072876,-1.0179203748703003,-0.010079237632453442
70.57903107981531,0.78562474,2.3991692,0,27.39906120300293,-1.9121471643447876,-2.5726165771484375,1.8851232528686523,3.0795226097106934,-0.0027583076152950525,-1.1044265031814575,-1.029882788658142,-0.012075993232429028
70.57903107981531,0.78562474,2.3991692,0,27.43039321899414,-1.8651660680770874,-2.5725250244140625,1.8684343099594116,3.0615577697753906,-0.0031981097999960184,-1.120638132095337,-1.039119839668274,-0.035495027899742126
70.57903107981531,0.78562474,2.3991692,0,27.445941925048828,-1.8417487144470215,-2.5724945068359375,1.859994649887085,3.052478313446045,-0.003679824760183692,-1.1250709295272827,-1.0538569688796997,-0.05964468792080879
70.57903107981531,0.78562474,2.3991692,0,27.461408615112305,-1.8183811902999878,-2.57244873046875,1.8514424562454224,3.04341459274292,-0.004036403726786375,-1.1374530792236328,-1.0540509223937988,-0.044303011149168015
70.87903107981501,0.6476174,2.3410442,0,27.4921817779541,-1.7719404697418213,-2.5723724365234375,1.8344944715499878,3.025082588195801,-0.004398008342832327,-1.138824224472046,-1.0619076490402222,-0.016081610694527626
70.87903107981501,0.6476174,2.3410442,0,27.507448196411133,-1.748795509338379,-2.5723419189453125,1.8259555101394653,3.015974760055542,-0.0045541031286120415,-1.1394374370574951,-1.0586520433425903,-0.019138211384415627
70.87903107981501,0.6476174,2.3410442,0,27.522634506225586,-1.7257012128829956,-2.5723114013671875,1.8173682689666748,3.006829023361206,-0.004759079776704311,-1.1437220573425293,-1.0655468702316284,-0.02524675615131855
70.87903107981501,0.6476174,2.3410442,0,27.537778854370117,-1.702727198600769,-2.5722808837890625,1.8087669610977173,2.997650146484375,-0.004918580409139395,-1.1495848894119263,-1.0649722814559937,-0.01950608380138874
70.87903107981501,0.6476174,2.3410442,0,27.56782341003418,-1.656933069229126,-2.572235107421875,1.7914854288101196,2.9790921211242676,-0.005084531847387552,-1.1528904438018799,-1.078948736190796,-0.007872468791902065
70.87903107981501,0.6476174,2.3410442,0,27.582725524902344,-1.6341139078140259,-2.5722198486328125,1.7827211618423462,2.969871759414673,-0.005222497507929802,-1.1646791696548462,-1.0766370296478271,-0.016693489626049995
70.87903107981501,0.6476174,2.3410442,0,27.597599029541016,-1.611403465270996,-2.5722198486328125,1.7740167379379272,2.960642099380493,-0.005378959700465202,-1.1651670932769775,-1.0738799571990967,-0.018372664228081703
70.87903107981501,0.6476174,2.3410442,0,27.612390518188477,-1.588744878768921,-2.57220458984375,1.7653707265853882,2.9513463973999023,-0.005490464624017477,-1.15599524974823,-1.0843013525009155,-0.012771225534379482
70.87903107981501,0.6476174,2.3410442,0,27.6417293548584,-1.5435850620269775,-2.57220458984375,1.747939944267273,2.93285870552063,-0.005465459078550339,-1.1645175218582153,-1.0790868997573853,0.005078035872429609
70.87903107981501,0.6476174,2.3410442,0,27.656322479248047,-1.5211313962936401,-2.5721893310546875,1.7392330169677734,2.9235386848449707,-0.005500484257936478,-1.1642415523529053,-1.0893892049789429,-0.0035036352928727865
71.1790310798147,0.5087901,2.2827957,0,27.670833587646484,-1.4987305402755737,-2.5721893310546875,1.7304452657699585,2.9142353534698486,-0.005542150232940912,-1.172527551651001,-1.0894182920455933,-0.004336703103035688
71.1790310798147,0.5087901,2.2827957,0,27.68526268005371,-1.476383090019226,-2.5721893310546875,1.7216475009918213,2.904921770095825,-0.005587816704064608,-1.1719906330108643,-1.09273099899292,-0.004691071342676878
71.1790310798147,0.5087901,2.2827957,0,27.71390151977539,-1.431897759437561,-2.572174072265625,1.7039414644241333,2.8863162994384766,-0.005664614494889975,-1.1801564693450928,-1.090606689453125,-0.00012991948460694402
71.1790310798147,0.5087901,2.2827957,0,27.728120803833008,-1.4097613096237183,-2.572174072265625,1.6951603889465332,2.877049207687378,-0.005675535649061203,-1.1724305152893066,-1.0876953601837158,-0.0006402842118404806
71.1790310798147,0.5087901,2.2827957,0,27.742258071899414,-1.387678861618042,-2.5721588134765625,1.6863455772399902,2.8677313327789307,-0.005662974435836077,-1.1748366355895996,-1.0960510969161987,0.0022999008651822805
71.1790310798147,0.5087901,2.2827957,0,27.756315231323242,-1.3656504154205322,-2.5721588134765625,1.6774693727493286,2.8584797382354736,-0.005768314003944397,-1.1807465553283691,-1.0896589756011963,-0.012435483746230602
71.1790310798147,0.5087901,2.2827957,0,27.784229278564453,-1.3218435049057007,-2.5721435546875,1.6596308946609497,2.839754581451416,-0.006003336515277624,-1.1885285377502441,-1.1037956476211548,-0.016899311915040016
71.1790310798147,0.5087901,2.2827957,0,27.79806137084961,-1.3000226020812988,-2.5721588134765625,1.6506048440933228,2.830371618270874,-0.006193350534886122,-1.1980737447738647,-1.1077860593795776,-0.02257525734603405
71.1790310798147,0.5087901,2.2827957,0,27.811809539794922,-1.2782574892044067,-2.572174072265625,1.6415481567382812,2.82092547416687,-0.006505650468170643,-1.2001999616622925,-1.1174607276916504,-0.03787548840045929
71.1790310798147,0.5087901,2.2827957,0,27.825477600097656,-1.2565490007400513,-2.57220458984375,1.6324632167816162,2.8114495277404785,-0.006816765759140253,-1.2020601034164429,-1.1229662895202637,-0.03774137794971466
71.5790310798144,0.31839737,2.2032943,0,27.852670669555664,-1.2134056091308594,-2.572235107421875,1.6143440008163452,2.792332410812378,-0.007144640665501356,-1.2065434455871582,-1.1324148178100586,-0.012953299097716808
71.5790310798144,0.31839737,2.2032943,0,27.866147994995117,-1.1919211149215698,-2.572265625,1.6052119731903076,2.782736301422119,-0.007176650688052177,-1.2143816947937012,-1.1382668018341064,-0.002448912477120757
71.5790310798144,0.31839737,2.2032943,0,27.879539489746094,-1.170494794845581,-2.572296142578125,1.5961008071899414,2.773102283477783,-0.007192108314484358,-1.2099909782409668,-1.1446980237960815,-0.000402796984417364
71.5790310798144,0.31839737,2.2032943,0,27.892908096313477,-1.1491814851760864,-2.572296142578125,1.5870410203933716,2.763343572616577,-0.007327744271606207,-1.2105220556259155,-1.1572322845458984,-0.015476717613637447
71.5790310798144,0.31839737,2.2032943,0,27.919389724731445,-1.1067323684692383,-2.57232666015625,1.5687572956085205,2.743776321411133,-0.007509289309382439,-1.2186460494995117,-1.1625391244888306,-0.0021164303179830313
71.5790310798144,0.31839737,2.2032943,0,27.932504653930664,-1.085597038269043,-2.572357177734375,1.5595662593841553,2.7340662479400635,-0.007538875564932823,-1.2212738990783691,-1.1561706066131592,-0.0022873280104249716
71.5790310798144,0.31839737,2.2032943,0,27.945602416992188,-1.0645700693130493,-2.5723724365234375,1.5504240989685059,2.7242894172668457,-0.007672048173844814,-1.222700834274292,-1.1619398593902588,-0.014754476957023144
71.5790310798144,0.31839737,2.2032943,0,27.958614349365234,-1.043602466583252,-2.5723876953125,1.5412639379501343,2.7145047187805176,-0.007937856949865818,-1.2229526042938232,-1.1645827293395996,-0.03136694058775902
71.5790310798144,0.31839737,2.2032943,0,27.98440933227539,-1.0018538236618042,-2.57244873046875,1.523011565208435,2.694817543029785,-0.00825228076428175,-1.2207415103912354,-1.1721988916397095,-0.011711846105754375
71.5790310798144,0.31839737,2.2032943,0,27.99725341796875,-0.9811145663261414,-2.572479248046875,1.5138840675354004,2.6849801540374756,-0.008240182884037495,-1.2277429103851318,-1.1717579364776611,0.004624481778591871
71.8790310798141,0.17604329,2.1440864,0,28.010011672973633,-0.9604358077049255,-2.5725250244140625,1.5048013925552368,2.6751391887664795,-0.008263719268143177,-1.2199994325637817,-1.173814058303833,0.00011036171781597659
71.8790310798141,0.17604329,2.1440864,0,28.02268409729004,-0.9398176074028015,-2.5725555419921875,1.495711326599121,2.6653690338134766,-0.00833600852638483,-1.2188249826431274,-1.1665701866149902,-0.006041023414582014
71.8790310798141,0.17604329,2.1440864,0,28.047847747802734,-0.8988032937049866,-2.5726470947265625,1.477588176727295,2.645831823348999,-0.008325002156198025,-1.2140045166015625,-1.1670182943344116,0.007985624484717846
71.8790310798141,0.17604329,2.1440864,0,28.06033706665039,-0.8784069418907166,-2.57269287109375,1.46851646900177,2.6360976696014404,-0.008254827000200748,-1.2199172973632812,-1.1635061502456665,0.012087634764611721
71.8790310798141,0.17604329,2.1440864,0,28.07275390625,-0.8580735325813293,-2.572723388671875,1.459498643875122,2.6264288425445557,-0.008234331384301186,-1.2156893014907837,-1.1557972431182861,0.006096437107771635
71.8790310798141,0.17604329,2.1440864,0,28.085084915161133,-0.8378002643585205,-2.572784423828125,1.4504802227020264,2.6168110370635986,-0.008266828022897243,-1.2135567665100098,-1.1509629487991333,-0.0005597248091362417
71.8790310798141,0.17604329,2.1440864,0,28.1096134185791,-0.7975171804428101,-2.5728759765625,1.432636022567749,2.5975728034973145,-0.0080737778916955,-1.2060277462005615,-1.1493866443634033,0.01951679401099682
71.8790310798141,0.17604329,2.1440864,0,28.121747970581055,-0.7774651646614075,-2.5729217529296875,1.423688530921936,2.5880699157714844,-0.007943237200379372,-1.206047534942627,-1.1375024318695068,0.020079312846064568
71.8790310798141,0.17604329,2.1440864,0,28.133800506591797,-0.7574720978736877,-2.572967529296875,1.4146744012832642,2.57865309715271,-0.00789274275302887,-1.2121894359588623,-1.1282206773757935,0.009996349923312664
71.8790310798141,0.17604329,2.1440864,0,28.145832061767578,-0.7375730872154236,-2.5730133056640625,1.405790090560913,2.5692238807678223,-0.007834495045244694,-1.202493667602539,-1.1285182237625122,0.011562834493815899
72.0790310798138,0.08976012,2.108274,0,28.157777786254883,-0.7177323698997498,-2.5730743408203125,1.3969630002975464,2.55989670753479,-0.007798116188496351,-1.1930367946624756,-1.1171705722808838,0.008739530108869076
72.0790310798138,0.08976012,2.108274,0,28.169639587402344,-0.6979497075080872,-2.5731201171875,1.3880889415740967,2.550616502761841,-0.007791273761540651,-1.1966915130615234,-1.1126941442489624,0.004960689228028059
72.0790310798138,0.08976012,2.108274,0,28.19320297241211,-0.6586019992828369,-2.5732269287109375,1.3705090284347534,2.5320370197296143,-0.00763776944950223,-1.1910806894302368,-1.1095715761184692,0.01752469502389431
72.0790310798138,0.08976012,2.108274,0,28.20488739013672,-0.6390332579612732,-2.573272705078125,1.3617606163024902,2.522841215133667,-0.007548962254077196,-1.1868284940719604,-1.102355718612671,0.01591816358268261
72.0790310798138,0.08976012,2.108274,0,28.228008270263672,-0.6000695824623108,-2.5733795166015625,1.3441883325576782,2.50443434715271,-0.007504843641072512,-1.1874152421951294,-1.1063810586929321,0.0033765097614377737
72.0790310798138,0.08976012,2.108274,0,28.23944091796875,-0.5806750655174255,-2.5734405517578125,1.3352994918823242,2.4952871799468994,-0.007521714549511671,-1.1975198984146118,-1.100080132484436,0.0023841855581849813
72.0790310798138,0.08976012,2.108274,0,28.2508544921875,-0.5613888502120972,-2.5735015869140625,1.3265725374221802,2.486056327819824,-0.007626872509717941,-1.1829479932785034,-1.1074217557907104,-0.007878988049924374
72.0790310798138,0.08976012,2.108274,0,28.262184143066406,-0.5421608686447144,-2.5735626220703125,1.3177381753921509,2.476820945739746,-0.007817004807293415,-1.19404137134552,-1.1092441082000732,-0.018520744517445564
72.0790310798138,0.08976012,2.108274,0,28.28460121154785,-0.5038836598396301,-2.573699951171875,1.300093650817871,2.4584338665008545,-0.007940465584397316,-1.1876163482666016,-1.100589632987976,0.002111308043822646
72.0790310798138,0.08976012,2.108274,0,28.295747756958008,-0.4848882555961609,-2.57379150390625,1.2914007902145386,2.4491934776306152,-0.007994105108082294,-1.1812427043914795,-1.1073637008666992,-0.00043306496809236705
72.3790310798135,-0.054702643,2.0484114,0,28.30681037902832,-0.46595117449760437,-2.5738677978515625,1.282645344734192,2.439952850341797,-0.007920675911009312,-1.1866737604141235,-1.1087042093276978,0.015295575372874737
72.3790310798135,-0.054702643,2.0484114,0,28.317787170410156,-0.44707274436950684,-2.573944091796875,1.2739217281341553,2.430715799331665,-0.007910888642072678,-1.1803584098815918,-1.1095339059829712,0.007187481503933668
72.3790310798135,-0.054702643,2.0484114,0,28.33954620361328,-0.409542441368103,-2.574127197265625,1.256395936012268,2.4121005535125732,-0.007941439747810364,-1.1820714473724365,-1.1205180883407593,0.0011315568117424846
72.3790310798135,-0.054702643,2.0484114,0,28.350326538085938,-0.3908907175064087,-2.5742034912109375,1.247570514678955,2.402736186981201,-0.007974439300596714,-1.1932748556137085,-1.1249922513961792,0.0023762693163007498
72.3790310798135,-0.054702643,2.0484114,0,28.361021041870117,-0.37229880690574646,-2.5742950439453125,1.23879075050354,2.39341139793396,-0.008056667633354664,-1.185280442237854,-1.1212458610534668,-0.003945547621697187
72.3790310798135,-0.054702643,2.0484114,0,28.371633529663086,-0.35376662015914917,-2.5743865966796875,1.229960560798645,2.38409161567688,-0.00824381411075592,-1.1893137693405151,-1.121848464012146,-0.017224343493580818
72.3790310798135,-0.054702643,2.0484114,0,28.39274024963379,-0.31698232889175415,-2.5746002197265625,1.212509036064148,2.3653101921081543,-0.008366728201508522,-1.1868289709091187,-1.1261693239212036,0.006640795152634382
72.3790310798135,-0.054702643,2.0484114,0,28.403165817260742,-0.29868069291114807,-2.57470703125,1.2038027048110962,2.355874538421631,-0.008263911120593548,-1.1786137819290161,-1.1346120834350586,0.019974539056420326
72.3790310798135,-0.054702643,2.0484114,0,28.413509368896484,-0.2804401218891144,-2.5748291015625,1.1950877904891968,2.3464322090148926,-0.00823577307164669,-1.1773730516433716,-1.1366679668426514,0.010457820259034634
72.3790310798135,-0.054702643,2.0484114,0,28.4238338470459,-0.26231807470321655,-2.574951171875,1.1864650249481201,2.336984157562256,-0.008248494006693363,-1.1715490818023682,-1.1327693462371826,0.006582121830433607
72.6790310798132,-0.20062067,1.987968,0,28.44422721862793,-0.22625580430030823,-2.5752105712890625,1.16916024684906,2.3181185722351074,-0.008103633299469948,-1.1678963899612427,-1.132044792175293,0.019846947863698006
72.6790310798132,-0.20062067,1.987968,0,28.454299926757812,-0.2083159238100052,-2.575347900390625,1.1605098247528076,2.3087117671966553,-0.00804940052330494,-1.1680374145507812,-1.1315972805023193,0.014340504072606564
72.6790310798132,-0.20062067,1.987968,0,28.464366912841797,-0.19050632417201996,-2.57550048828125,1.1519306898117065,2.2991878986358643,-0.007969464175403118,-1.1698272228240967,-1.1393600702285767,0.019210854545235634
72.6790310798132,-0.20062067,1.987968,0,28.47435188293457,-0.17275772988796234,-2.575653076171875,1.1433582305908203,2.2896482944488525,-0.007866892032325268,-1.1665172576904297,-1.1427979469299316,0.02180272527039051
72.6790310798132,-0.20062067,1.987968,0,28.494068145751953,-0.13744542002677917,-2.5759429931640625,1.126250147819519,2.270566940307617,-0.007768621202558279,-1.161512017250061,-1.1436189413070679,0.013512092642486095
72.6790310798132,-0.20062067,1.987968,0,28.503868103027344,-0.11992611736059189,-2.5760955810546875,1.1177079677581787,2.2610206604003906,-0.007804501801729202,-1.16353178024292,-1.1434078216552734,0.004891305696219206
72.6790310798132,-0.20062067,1.987968,0,28.51358413696289,-0.10246798396110535,-2.576263427734375,1.1092182397842407,2.251525402069092,-0.007812262512743473,-1.1545288562774658,-1.1384128332138062,0.008161178790032864
72.6790310798132,-0.20062067,1.987968,0,28.523216247558594,-0.0850711539387703,-2.576416015625,1.1007459163665771,2.2420601844787598,-0.007685936521738768,-1.1499500274658203,-1.1360292434692383,0.024683771654963493
72.6790310798132,-0.20062067,1.987968,0,28.542320251464844,-0.05049929395318031,-2.5767364501953125,1.0839203596115112,2.223076581954956,-0.007484440691769123,-1.1460492610931396,-1.1389092206954956,0.01586042158305645
72.6790310798132,-0.20062067,1.987968,0,28.551803588867188,-0.0333268865942955,-2.5769195556640625,1.0755623579025269,2.2136359214782715,-0.007331605535000563,-1.1434242725372314,-1.1321992874145508,0.02986285649240017
72.8790310798129,-0.29634354,1.9483184,0,28.56120491027832,-0.016215907409787178,-2.5771026611328125,1.0672105550765991,2.204191207885742,-0.0071862018667161465,-1.1401360034942627,-1.1340690851211548,0.028651205822825432
72.8790310798129,-0.29634354,1.9483184,0,28.570524215698242,0.0008335719467140734,-2.5772857666015625,1.0589135885238647,2.194824457168579,-0.007072926964610815,-1.1307964324951172,-1.1256084442138672,0.024471430107951164
72.8790310798129,-0.29634354,1.9483184,0,28.57975959777832,0.017821693792939186,-2.57745361328125,1.0506088733673096,2.185455799102783,-0.006945373956114054,-1.1293693780899048,-1.1271182298660278,0.025981569662690163
72.8790310798129,-0.29634354,1.9483184,0,28.598148345947266,0.05156317353248596,-2.577850341796875,1.034178614616394,2.1667354106903076,-0.006673918105661869,-1.1229772567749023,-1.1272480487823486,0.0254483874887228
72.8790310798129,-0.29634354,1.9483184,0,28.60721778869629,0.06834165006875992,-2.578033447265625,1.0259288549423218,2.15740966796875,-0.006578721571713686,-1.1247836351394653,-1.1237179040908813,0.023023223504424095
72.8790310798129,-0.29634354,1.9483184,0,28.6162052154541,0.08505869656801224,-2.578216552734375,1.0176687240600586,2.148158550262451,-0.006517393514513969,-1.1236538887023926,-1.1155699491500854,0.018487682566046715
72.8790310798129,-0.29634354,1.9483184,0,28.62519073486328,0.10168931633234024,-2.57843017578125,1.0095412731170654,2.1389551162719727,-0.00637163408100605,-1.1145509481430054,-1.108650803565979,0.03084307350218296
72.8790310798129,-0.29634354,1.9483184,0,28.642946243286133,0.13476267457008362,-2.578826904296875,0.9933585524559021,2.12056827545166,-0.005911726970225573,-1.1082814931869507,-1.1086217164993286,0.04130880907177925
72.8790310798129,-0.29634354,1.9483184,0,28.65169906616211,0.1512080729007721,-2.579010009765625,0.9852656722068787,2.1114368438720703,-0.005747247487306595,-1.1070564985275269,-1.1020041704177856,0.03198673576116562
73.07903107981261,-0.39251482,1.9084828,0,28.660446166992188,0.16756007075309753,-2.5792083740234375,0.9773150682449341,2.102203369140625,-0.005580166354775429,-1.0956308841705322,-1.11321222782135,0.03462656959891319
73.07903107981261,-0.39251482,1.9084828,0,28.67769432067871,0.20008113980293274,-2.579620361328125,0.9612818956375122,2.0838725566864014,-0.005251712165772915,-1.100063443183899,-1.1059651374816895,0.03276532143354416
73.07903107981261,-0.39251482,1.9084828,0,28.686195373535156,0.21624989807605743,-2.5798187255859375,0.953315019607544,2.0746753215789795,-0.005105237010866404,-1.089920163154602,-1.1120846271514893,0.030959023162722588
73.07903107981261,-0.39251482,1.9084828,0,28.6947021484375,0.23233024775981903,-2.580047607421875,0.9453826546669006,2.065490484237671,-0.005012341775000095,-1.0940351486206055,-1.1096071004867554,0.026018356904387474
73.07903107981261,-0.39251482,1.9084828,0,28.703128814697266,0.2483498901128769,-2.58026123046875,0.9374819397926331,2.0564205646514893,-0.004912438336759806,-1.0873960256576538,-1.0963624715805054,0.026375053450465202
73.07903107981261,-0.39251482,1.9084828,0,28.719764709472656,0.2802002727985382,-2.5806884765625,0.9217469096183777,2.038127899169922,-0.004899849649518728,-1.0808910131454468,-1.1071619987487793,0.013111158274114132
73.07903107981261,-0.39251482,1.9084828,0,28.72803497314453,0.2960055470466614,-2.5809173583984375,0.9139648675918579,2.0290098190307617,-0.004803780931979418,-1.0778483152389526,-1.1019619703292847,0.027037689462304115
73.07903107981261,-0.39251482,1.9084828,0,28.736221313476562,0.31174996495246887,-2.581146240234375,0.9062145948410034,2.0199289321899414,-0.004678154364228249,-1.0711253881454468,-1.0983470678329468,0.030316876247525215
73.07903107981261,-0.39251482,1.9084828,0,28.74432945251465,0.32743313908576965,-2.58135986328125,0.8984119892120361,2.010796308517456,-0.004458182491362095,-1.0749837160110474,-1.105839729309082,0.04170601814985275
73.07903107981261,-0.39251482,1.9084828,0,28.760377883911133,0.35859793424606323,-2.5818023681640625,0.8830100297927856,1.9926139116287231,-0.004087717738002539,-1.0603705644607544,-1.1034836769104004,0.03441469371318817
73.37903107981231,-0.5397476,1.847497,0,28.76831817626953,0.3740794360637665,-2.58203125,0.8753750324249268,1.9834744930267334,-0.003970647696405649,-1.054935336112976,-1.1084879636764526,0.02925330586731434
73.37903107981231,-0.5397476,1.847497,0,28.776195526123047,0.38949596881866455,-2.582244873046875,0.8677412867546082,1.9743568897247314,-0.003792150178924203,-1.0564751625061035,-1.1056674718856812,0.03686034679412842
73.37903107981231,-0.5397476,1.847497,0,28.783992767333984,0.40485063195228577,-2.58245849609375,0.8600446581840515,1.965247392654419,-0.003638292197138071,-1.0616594552993774,-1.105629801750183,0.033379994332790375
73.37903107981231,-0.5397476,1.847497,0,28.799497604370117,0.43536311388015747,-2.5829010009765625,0.844917893409729,1.9470999240875244,-0.003401080146431923,-1.0447847843170166,-1.1060962677001953,0.031394414603710175
73.37903107981231,-0.5397476,1.847497,0,28.807130813598633,0.45052605867385864,-2.5831146240234375,0.8373764157295227,1.9380433559417725,-0.0033887382596731186,-1.0436872243881226,-1.1016334295272827,0.016128642484545708
73.37903107981231,-0.5397476,1.847497,0,28.814685821533203,0.46562647819519043,-2.5833282470703125,0.829872727394104,1.928960919380188,-0.003435248974710703,-1.0362993478775024,-1.1057488918304443,0.008368398062884808
73.37903107981231,-0.5397476,1.847497,0,28.822250366210938,0.4806497395038605,-2.58355712890625,0.8224219679832458,1.9199146032333374,-0.00342103885486722,-1.0383186340332031,-1.1011391878128052,0.01678103394806385
73.37903107981231,-0.5397476,1.847497,0,28.837141036987305,0.5105100274085999,-2.5839691162109375,0.8074951171875,1.9019123315811157,-0.0031383151654154062,-1.029496431350708,-1.0994720458984375,0.03932183235883713
73.37903107981231,-0.5397476,1.847497,0,28.844484329223633,0.5253438353538513,-2.5841827392578125,0.8000598549842834,1.8929038047790527,-0.002938099903985858,-1.0323190689086914,-1.0979423522949219,0.03915465995669365
73.37903107981231,-0.5397476,1.847497,0,28.851747512817383,0.540115237236023,-2.584381103515625,0.7926690578460693,1.8839614391326904,-0.0026321473997086287,-1.0240559577941895,-1.090485692024231,0.05198502540588379
73.57903107981201,-0.63662606,1.8073686,0,28.85903549194336,0.5547991991043091,-2.5845794677734375,0.785390317440033,1.8750158548355103,-0.0023918133229017258,-1.0205074548721313,-1.0896861553192139,0.04472629725933075
73.57903107981201,-0.63662606,1.8073686,0,28.873374938964844,0.5839819312095642,-2.5849761962890625,0.7709376811981201,1.8572152853012085,-0.0017685872735455632,-1.0025402307510376,-1.0846554040908813,0.05240365490317345
73.57903107981201,-0.63662606,1.8073686,0,28.880430221557617,0.598480761051178,-2.5851593017578125,0.7637818455696106,1.8483796119689941,-0.0015083736507222056,-0.9966156482696533,-1.0784097909927368,0.04601012542843819
73.57903107981201,-0.63662606,1.8073686,0,28.88751220703125,0.6129142045974731,-2.585357666015625,0.7566499710083008,1.8395694494247437,-0.0012292454484850168,-1.0045469999313354,-1.0763866901397705,0.049652062356472015
73.57903107981201,-0.63662606,1.8073686,0,28.894515991210938,0.6272863745689392,-2.585540771484375,0.7495347261428833,1.8308130502700806,-0.0008984507294371724,-0.9994699358940125,-1.0704379081726074,0.05570519343018532
73.57903107981201,-0.63662606,1.8073686,0,28.901443481445312,0.6415974497795105,-2.585723876953125,0.7424378395080566,1.8220875263214111,-0.0006080222083255649,-0.9942585229873657,-1.0672816038131714,0.050264872610569
73.57903107981201,-0.63662606,1.8073686,0,28.908308029174805,0.655845046043396,-2.585906982421875,0.7353949546813965,1.8134468793869019,-0.00040181141230277717,-0.9887228608131409,-1.0564680099487305,0.03967992588877678
73.57903107981201,-0.63662606,1.8073686,0,28.922027587890625,0.684145450592041,-2.586273193359375,0.721608579158783,1.7960765361785889,-4.601114778779447e-05,-0.9787896871566772,-1.0572689771652222,0.0378699004650116
73.57903107981201,-0.63662606,1.8073686,0,28.92877197265625,0.6982043385505676,-2.586456298828125,0.7147131562232971,1.7874236106872559,0.00010913805454038084,-0.9754296541213989,-1.0602611303329468,0.03357929736375809
73.57903107981201,-0.63662606,1.8073686,0,28.942140579223633,0.7261360287666321,-2.5867919921875,0.7010167241096497,1.770256519317627,0.0006682657985948026,-0.9713534712791443,-1.0525383949279785,0.052597835659980774
73.67903107981172,-0.6744826,1.791688,0,28.94876480102539,0.7400088310241699,-2.586944580078125,0.6942360401153564,1.7616617679595947,0.0008917461964301765,-0.9656903743743896,-1.0552126169204712,0.04188576340675354
73.67903107981172,-0.6744826,1.791688,0,28.955312728881836,0.7538208961486816,-2.58709716796875,0.6874847412109375,1.753112554550171,0.001174428965896368,-0.9588796496391296,-1.0500932931900024,0.04890607297420502
73.67903107981172,-0.6744826,1.791688,0,28.96178436279297,0.7675722241401672,-2.587249755859375,0.680720865726471,1.7446081638336182,0.0014667987124994397,-0.9573854804039001,-1.045069932937622,0.04974566027522087
73.67903107981172,-0.6744826,1.791688,0,28.974760055541992,0.7948710918426514,-2.587554931640625,0.6675349473953247,1.7275797128677368,0.0019301609136164188,-0.9490554928779602,-1.0446945428848267,0.04738987982273102
73.67903107981172,-0.6744826,1.791688,0,28.981136322021484,0.8084296584129333,-2.5877227783203125,0.6609128713607788,1.719136118888855,0.0021015694364905357,-0.9480400085449219,-1.037752628326416,0.035627275705337524
73.67903107981172,-0.6744826,1.791688,0,28.987436294555664,0.8219279646873474,-2.587890625,0.6542717814445496,1.710715889930725,0.0023140504490584135,-0.94721519947052,-1.0353583097457886,0.040370501577854156
73.67903107981172,-0.6744826,1.791688,0,28.993762969970703,0.8353630900382996,-2.5880584716796875,0.6477867960929871,1.7022883892059326,0.0025292132049798965,-0.9370856285095215,-1.036807656288147,0.04218006134033203
73.67903107981172,-0.6744826,1.791688,0,29.006193161010742,0.8620526790618896,-2.58837890625,0.6348066329956055,1.6855592727661133,0.0030245597008615732,-0.932788074016571,-1.0281909704208374,0.040832437574863434
73.67903107981172,-0.6744826,1.791688,0,29.012298583984375,0.8753072619438171,-2.588531494140625,0.6282811164855957,1.6771992444992065,0.003280939534306526,-0.932302713394165,-1.0298705101013184,0.04610465466976166
73.67903107981172,-0.6744826,1.791688,0,29.018444061279297,0.8885077238082886,-2.5886993408203125,0.621941328048706,1.6688657999038696,0.003550474066287279,-0.9222378134727478,-1.0276013612747192,0.04952307417988777
73.87903107981143,-0.77147216,1.7515136,0,29.024517059326172,0.9016477465629578,-2.5888671875,0.6156023740768433,1.6605204343795776,0.003775146557018161,-0.9186890125274658,-1.0295472145080566,0.043516043573617935
73.87903107981143,-0.77147216,1.7515136,0,29.030515670776367,0.9147270917892456,-2.589019775390625,0.6092833876609802,1.6521763801574707,0.003970570862293243,-0.9128230214118958,-1.0298261642456055,0.03943824768066406
73.87903107981143,-0.77147216,1.7515136,0,29.036439895629883,0.9277455806732178,-2.58917236328125,0.602973222732544,1.6438236236572266,0.004094113130122423,-0.9084489941596985,-1.0313507318496704,0.030042601749300957
73.87903107981143,-0.77147216,1.7515136,0,29.048269271850586,0.9536351561546326,-2.5894775390625,0.5905870795249939,1.627253770828247,0.004225124605000019,-0.8991770148277283,-1.0276820659637451,0.021189449355006218
73.87903107981143,-0.77147216,1.7515136,0,29.054075241088867,0.966488242149353,-2.5896148681640625,0.5843591690063477,1.6189260482788086,0.004211088642477989,-0.8998793363571167,-1.0321433544158936,0.013043171726167202
73.87903107981143,-0.77147216,1.7515136,0,29.065465927124023,0.9920098781585693,-2.5898895263671875,0.5718812346458435,1.6022670269012451,0.0038891921285539865,-0.8937448859214783,-1.0325067043304443,-0.00789016392081976
73.87903107981143,-0.77147216,1.7515136,0,29.071165084838867,1.0046887397766113,-2.5900421142578125,0.5657448768615723,1.5939180850982666,0.0037262295372784138,-0.8937769532203674,-1.0374341011047363,-0.004767439793795347
73.87903107981143,-0.77147216,1.7515136,0,29.0767879486084,1.0173054933547974,-2.5901947021484375,0.5595679879188538,1.5856091976165771,0.0036663480568677187,-0.8954521417617798,-1.0326651334762573,0.007689464371651411
73.87903107981143,-0.77147216,1.7515136,0,29.082340240478516,1.029860258102417,-2.5903472900390625,0.5533552765846252,1.5772497653961182,0.0036226478405296803,-0.8966363072395325,-1.0392134189605713,0.009295529685914516
73.97903107981114,-0.8178359,1.7323091,0,29.09334945678711,1.0548021793365479,-2.5906219482421875,0.540859043598175,1.5605754852294922,0.0034932889975607395,-0.9042827486991882,-1.038678765296936,0.0020428558345884085
73.97903107981114,-0.8178359,1.7323091,0,29.098806381225586,1.06718909740448,-2.5907745361328125,0.5346307158470154,1.5522760152816772,0.0034294964279979467,-0.9031497836112976,-1.0354583263397217,0.007181893568485975
73.97903107981114,-0.8178359,1.7323091,0,29.10418701171875,1.0795135498046875,-2.590911865234375,0.528357207775116,1.543959617614746,0.003332868916913867,-0.9054436087608337,-1.037722110748291,0.002661719685420394
73.97903107981114,-0.8178359,1.7323091,0,29.109495162963867,1.091774582862854,-2.5910491943359375,0.5220113396644592,1.5355017185211182,0.0032284671906381845,-0.9112178087234497,-1.055561900138855,0.0014225951163098216
73.97903107981114,-0.8178359,1.7323091,0,29.120136260986328,1.1161166429519653,-2.59136962890625,0.5093077421188354,1.5187535285949707,0.003061700612306595,-0.9242825508117676,-1.0470597743988037,0.002592336153611541
73.97903107981114,-0.8178359,1.7323091,0,29.125347137451172,1.1281912326812744,-2.591522216796875,0.502861499786377,1.5103182792663574,0.0029615245293825865,-0.9303773045539856,-1.0538249015808105,0.0028461215551942587
73.97903107981114,-0.8178359,1.7323091,0,29.130481719970703,1.140201449394226,-2.5916748046875,0.49636995792388916,1.5018233060836792,0.002872837707400322,-0.9326806664466858,-1.0613906383514404,0.003859866177663207
73.97903107981114,-0.8178359,1.7323091,0,29.135663986206055,1.1521633863449097,-2.591827392578125,0.4899035096168518,1.4933537244796753,0.0027964685577899218,-0.9399842619895935,-1.0610077381134033,0.006644986104220152
73.97903107981114,-0.8178359,1.7323091,0,29.140766143798828,1.1640604734420776,-2.59197998046875,0.48339220881462097,1.484857439994812,0.0027556836139410734,-0.9420420527458191,-1.0643877983093262,0.010649207048118114
73.97903107981114,-0.8178359,1.7323091,0,29.15073585510254,1.1876589059829712,-2.59228515625,0.46999651193618774,1.4677801132202148,0.002509934129193425,-0.9645986557006836,-1.0751566886901855,-0.0032237728592008352
74.79223451541083,-1.2267582,1.562928,0,29.155725479125977,1.1993778944015503,-2.592437744140625,0.46324414014816284,1.4591612815856934,0.0021992423571646214,-0.9751197099685669,-1.0822490453720093,-0.022724734619259834
74.79223451541083,-1.2267582,1.562928,0,29.16063117980957,1.2110300064086914,-2.5925750732421875,0.4564491808414459,1.450492024421692,0.0018540631281211972,-0.9769067764282227,-1.0885283946990967,-0.027476342394948006
74.79223451541083,-1.2267582,1.562928,0,29.170225143432617,1.2341285943984985,-2.5928802490234375,0.44266754388809204,1.4329737424850464,0.0012250724248588085,-0.9914820194244385,-1.1058263778686523,-0.023014841601252556
74.79223451541083,-1.2267582,1.562928,0,29.175010681152344,1.2455863952636719,-2.5930328369140625,0.43571755290031433,1.4241738319396973,0.0009384849108755589,-1.0004432201385498,-1.1056849956512451,-0.019932163879275322
74.79223451541083,-1.2267582,1.562928,0,29.179710388183594,1.256975531578064,-2.593170166015625,0.42866361141204834,1.4152891635894775,0.0006314488709904253,-1.0099270343780518,-1.1162338256835938,-0.02291938103735447
74.79223451541083,-1.2267582,1.562928,0,29.184328079223633,1.2682950496673584,-2.5933380126953125,0.42151355743408203,1.4063571691513062,0.00030593271367251873,-1.018534779548645,-1.1221225261688232,-0.025036277249455452
74.79223451541083,-1.2267582,1.562928,0,29.188859939575195,1.2795449495315552,-2.593505859375,0.4142659902572632,1.3973740339279175,9.99963958747685e-07,-1.0273994207382202,-1.1284842491149902,-0.022887716069817543
74.79223451541083,-1.2267582,1.562928,0,29.197856903076172,1.301841378211975,-2.5938873291015625,0.39852431416511536,1.3785626888275146,-0.007381985429674387,-1.1486477851867676,-1.1985894441604614,-0.6143827438354492
74.79223451541083,-1.2267582,1.562928,0,29.202228546142578,1.3128752708435059,-2.5941314697265625,0.3898858428001404,1.3688126802444458,-0.013547352515161037,-1.204626441001892,-1.2243326902389526,-0.7548708915710449
74.79223451541083,-1.2267582,1.562928,0,29.20650291442871,1.323832392692566,-2.5944366455078125,0.3808671832084656,1.3590222597122192,-0.020096555352211,-1.2488430738449097,-1.2293360233306885,-0.8032759428024292
74.79223451541083,-1.2215005,1.5651058,0,29.214935302734375,1.3455028533935547,-2.59521484375,0.3616212010383606,1.3391107320785522,-0.033653758466243744,-1.3593660593032837,-1.2570991516113281,-0.8323555588722229
74.79223451541083,-1.2215005,1.5651058,0,29.218990325927734,1.3562202453613281,-2.5956878662109375,0.3510770797729492,1.329030990600586,-0.040253814309835434,-1.4398739337921143,-1.2647548913955688,-0.8084642887115479
74.79223451541083,-1.2215005,1.5651058,0,29.222930908203125,1.3668584823608398,-2.5962066650390625,0.3399217128753662,1.3189072608947754,-0.04642681032419205,-1.5130349397659302,-1.270267128944397,-0.7555293440818787
74.79223451541083,-1.2215005,1.5651058,0,29.226755142211914,1.3774172067642212,-2.596771240234375,0.3282090127468109,1.3087916374206543,-0.05212654918432236,-1.5795460939407349,-1.2692489624023438,-0.6968080401420593
74.79223451541083,-1.2215005,1.5651058,0,29.234176635742188,1.3982855081558228,-2.5980987548828125,0.3029090166091919,1.2882378101348877,-0.06180481240153313,-1.7359209060668945,-1.2935436964035034,-0.54878830909729
74.79223451541083,-1.2215005,1.5651058,0,29.23770523071289,1.4085959196090698,-2.59881591796875,0.2892663776874542,1.277930498123169,-0.06572408229112625,-1.8225773572921753,-1.2923860549926758,-0.47162124514579773
74.79223451541083,-1.2215005,1.5651058,0,29.24109649658203,1.4188251495361328,-2.59954833984375,0.27493026852607727,1.2675371170043945,-0.06896736472845078,-1.9061506986618042,-1.3031697273254395,-0.3876183032989502
74.79223451541083,-1.2215005,1.5651058,0,29.244413375854492,1.4289709329605103,-2.600372314453125,0.2599966526031494,1.2570230960845947,-0.07160300016403198,-1.98483407497406,-1.3186836242675781,-0.30807358026504517
74.79223451541083,-1.2215005,1.5651058,0,29.250598907470703,1.449013590812683,-2.602020263671875,0.22822271287441254,1.2358620166778564,-0.075063556432724,-2.140108823776245,-1.3338388204574585,-0.1638093888759613
74.79223451541083,-1.2215005,1.5651058,0,29.25345802307129,1.458909034729004,-2.6028594970703125,0.21136842668056488,1.2250713109970093,-0.07586541026830673,-2.2158029079437256,-1.353319525718689,-0.08055287599563599
74.69223451541083,-1.1637967,1.5890075,0,29.256210327148438,1.468709111213684,-2.6037445068359375,0.19402934610843658,1.2141717672348022,-0.07615631073713303,-2.2788851261138916,-1.3665342330932617,-0.013538169674575329
74.69223451541083,-1.1637967,1.5890075,0,29.25879669189453,1.4784233570098877,-2.6046142578125,0.1762147843837738,1.2031985521316528,-0.07586982101202011,-2.3353779315948486,-1.3757798671722412,0.058010682463645935
74.69223451541083,-1.1637967,1.5890075,0,29.261213302612305,1.4880506992340088,-2.6054840087890625,0.15788200497627258,1.1920652389526367,-0.07510396093130112,-2.397320508956909,-1.3958035707473755,0.11732614785432816
74.69223451541083,-1.1637967,1.5890075,0,29.263473510742188,1.4975870847702026,-2.6063385009765625,0.13914579153060913,1.1809020042419434,-0.07387397438287735,-2.4490671157836914,-1.3987252712249756,0.1751081943511963
74.69223451541083,-1.1637967,1.5890075,0,29.267520904541016,1.5163679122924805,-2.6080780029296875,0.10035807639360428,1.1581900119781494,-0.07036500424146652,-2.5537869930267334,-1.4299414157867432,0.2633174657821655
74.69223451541083,-1.1637967,1.5890075,0,29.26927375793457,1.5256240367889404,-2.608917236328125,0.08036362379789352,1.146742343902588,-0.06811803579330444,-2.6015820503234863,-1.4334732294082642,0.30368098616600037
74.69223451541083,-1.1637967,1.5890075,0,29.2722110748291,1.5438483953475952,-2.61053466796875,0.039557527750730515,1.1234819889068604,-0.06257157772779465,-2.663095712661743,-1.4615044593811035,0.3931228816509247
74.69223451541083,-1.1637967,1.5890075,0,29.273391723632812,1.552815318107605,-2.611297607421875,0.018843162804841995,1.1117095947265625,-0.05914828181266785,-2.6826469898223877,-1.473015308380127,0.45032796263694763
74.69223451541083,-1.1637967,1.5890075,0,29.274383544921875,1.5616897344589233,-2.612030029296875,-0.0020199231803417206,1.0999025106430054,-0.05543592944741249,-2.699429512023926,-1.477457046508789,0.48595523834228516
74.69223451541083,-1.1637967,1.5890075,0,29.275188446044922,1.570471167564392,-2.6127166748046875,-0.02297568880021572,1.0879836082458496,-0.05147711560130119,-2.7092647552490234,-1.4915379285812378,0.5161948204040527
74.69223451541083,-1.157519,1.5916077,0,29.276199340820312,1.5877031087875366,-2.613983154296875,-0.06507633626461029,1.063869833946228,-0.04311289265751839,-2.7167325019836426,-1.5096126794815063,0.5516390800476074
74.69223451541083,-1.157519,1.5916077,0,29.27642250061035,1.5961772203445435,-2.61456298828125,-0.08613471686840057,1.0517659187316895,-0.038882963359355927,-2.7173333168029785,-1.5116307735443115,0.5491305589675903
74.69223451541083,-1.157519,1.5916077,0,29.276460647583008,1.6045565605163574,-2.615081787109375,-0.1072157770395279,1.0396623611450195,-0.03461509570479393,-2.7185657024383545,-1.5117566585540771,0.5534672737121582
74.69223451541083,-1.157519,1.5916077,0,29.27623748779297,1.6128188371658325,-2.6155548095703125,-0.12826861441135406,1.0274170637130737,-0.03032173030078411,-2.7030434608459473,-1.5276821851730347,0.554021418094635
74.69223451541083,-1.157519,1.5916077,0,29.275829315185547,1.620985507965088,-2.615966796875,-0.1492498517036438,1.0151504278182983,-0.026074782013893127,-2.6927826404571533,-1.53054940700531,0.54789799451828
74.69223451541083,-1.157519,1.5916077,0,29.275238037109375,1.6290562152862549,-2.6163482666015625,-0.17011328041553497,1.002872109413147,-0.02188367210328579,-2.676741123199463,-1.5322226285934448,0.5406052470207214
74.69223451541083,-1.157519,1.5916077,0,29.27347183227539,1.64485764503479,-2.6169281005859375,-0.2113296389579773,0.9782007336616516,-0.013761407695710659,-2.6322948932647705,-1.53555428981781,0.5108057260513306
74.69223451541083,-1.157519,1.5916077,0,29.27230453491211,1.6525880098342896,-2.6171417236328125,-0.23159387707710266,0.96577388048172,-0.009841534309089184,-2.597360849380493,-1.543690800666809,0.5029258131980896
74.69223451541083,-1.157519,1.5916077,0,29.269445419311523,1.667760968208313,-2.6174774169921875,-0.27132412791252136,0.9410935044288635,-0.0025038516614586115,-2.5320138931274414,-1.529464602470398,0.45556432008743286
74.69223451541083,-1.157519,1.5916077,0,29.267757415771484,1.6752041578292847,-2.6175994873046875,-0.2908307909965515,0.928851842880249,0.0009352320339530706,-2.4986910820007324,-1.5214704275131226,0.44215095043182373
74.69223451541083,-1.153111,1.5934336,0,29.265836715698242,1.6825116872787476,-2.617645263671875,-0.3100554347038269,0.9166039824485779,0.004256391432136297,-2.452981472015381,-1.518269658088684,0.4235571026802063
74.69223451541083,-1.153111,1.5934336,0,29.263750076293945,1.6897250413894653,-2.617645263671875,-0.32901033759117126,0.9044132828712463,0.00737786153331399,-2.418140411376953,-1.511507272720337,0.39852967858314514
74.69223451541083,-1.153111,1.5934336,0,29.26150131225586,1.6968445777893066,-2.617645263671875,-0.34756842255592346,0.8922547698020935,0.010208483785390854,-2.367384672164917,-1.507833480834961,0.3620153069496155
74.69223451541083,-1.153111,1.5934336,0,29.25909423828125,1.7038702964782715,-2.6175994873046875,-0.3658185601234436,0.880154550075531,0.012943919748067856,-2.327718734741211,-1.5008814334869385,0.3499462902545929
74.69223451541083,-1.153111,1.5934336,0,29.253761291503906,1.7175517082214355,-2.61737060546875,-0.40122362971305847,0.856048047542572,0.017824795097112656,-2.236715793609619,-1.4862985610961914,0.2975994646549225
74.69223451541083,-1.153111,1.5934336,0,29.25086784362793,1.7242540121078491,-2.617218017578125,-0.41839131712913513,0.8441291451454163,0.01998818852007389,-2.1903555393218994,-1.4713151454925537,0.2749454975128174
74.69223451541083,-1.153111,1.5934336,0,29.244579315185547,1.7373472452163696,-2.6168212890625,-0.4517225921154022,0.8206002116203308,0.023757854476571083,-2.0971972942352295,-1.4485878944396973,0.22453580796718597
74.69223451541083,-1.153111,1.5934336,0,29.24118995666504,1.7437396049499512,-2.6165771484375,-0.4678012728691101,0.808957040309906,0.025386841967701912,-2.0410854816436768,-1.4337959289550781,0.20388279855251312
74.69223451541083,-1.153111,1.5934336,0,29.23766326904297,1.7500436305999756,-2.616302490234375,-0.48354795575141907,0.7974525094032288,0.026889175176620483,-1.998509168624878,-1.41693115234375,0.18797767162322998
74.69223451541083,-1.151214,1.5942193,0,29.234006881713867,1.7562602758407593,-2.61602783203125,-0.49889904260635376,0.7860778570175171,0.028212493285536766,-1.9479809999465942,-1.4011385440826416,0.16551603376865387
74.69223451541083,-1.151214,1.5942193,0,29.230161666870117,1.7623484134674072,-2.6157073974609375,-0.5138797163963318,0.7746998071670532,0.029400816187262535,-1.8929260969161987,-1.3973230123519897,0.14570774137973785
74.69223451541083,-1.151214,1.5942193,0,29.2221736907959,1.7742416858673096,-2.6150360107421875,-0.5427817106246948,0.7523502111434937,0.031243041157722473,-1.8123010396957397,-1.3645870685577393,0.09891436994075775
74.69223451541083,-1.151214,1.5942193,0,29.218000411987305,1.7800618410110474,-2.61468505859375,-0.5566661357879639,0.7413499355316162,0.031905654817819595,-1.7632898092269897,-1.3468348979949951,0.08065532147884369
74.69223451541083,-1.151214,1.5942193,0,29.213655471801758,1.7857633829116821,-2.6143035888671875,-0.5701990723609924,0.7304269671440125,0.032512366771698,-1.7118536233901978,-1.3334707021713257,0.07101939618587494
74.69223451541083,-1.151214,1.5942193,0,29.204635620117188,1.796920895576477,-2.6135101318359375,-0.5961452126502991,0.7088347673416138,0.03330153226852417,-1.6162225008010864,-1.312587857246399,0.038514841347932816
74.69223451541083,-1.151214,1.5942193,0,29.199962615966797,1.8023781776428223,-2.6131134033203125,-0.6086717247962952,0.6982370615005493,0.03363233804702759,-1.5832213163375854,-1.2946476936340332,0.03651203215122223
74.69223451541083,-1.151214,1.5942193,0,29.195173263549805,1.8077219724655151,-2.612701416015625,-0.6208043694496155,0.687744140625,0.03388683870434761,-1.5319777727127075,-1.2781414985656738,0.025564802810549736
74.69223451541083,-1.151214,1.5942193,0,29.190282821655273,1.8129875659942627,-2.6122894287109375,-0.6326340436935425,0.6773585081100464,0.03398595005273819,-1.493220329284668,-1.2653930187225342,0.006163957994431257
74.69223451541083,-1.151214,1.5942193,0,29.185327529907227,1.8181638717651367,-2.61187744140625,-0.6440955996513367,0.667036771774292,0.033940453082323074,-1.4553554058074951,-1.253797173500061,-0.011148861609399319
74.79223451541083,-1.2018915,1.573228,0,29.180274963378906,1.8232630491256714,-2.6114654541015625,-0.6552061438560486,0.6568361520767212,0.03394761309027672,-1.410409927368164,-1.239356279373169,-0.004562083166092634
74.79223451541083,-1.2018915,1.573228,0,29.169878005981445,1.8331800699234009,-2.61065673828125,-0.67657870054245,0.6366696953773499,0.03372737765312195,-1.3360811471939087,-1.215619683265686,-0.023366881534457207
74.79223451541083,-1.2018915,1.573228,0,29.1645450592041,1.8380259275436401,-2.610260009765625,-0.6869037747383118,0.6266782879829407,0.03345368430018425,-1.3090901374816895,-1.2122611999511719,-0.039759088307619095
74.79223451541083,-1.2018915,1.573228,0,29.15912437438965,1.8427973985671997,-2.60986328125,-0.6969563364982605,0.6168243288993835,0.03318924084305763,-1.2740598917007446,-1.195805311203003,-0.03859074413776398
74.79223451541083,-1.2018915,1.573228,0,29.153623580932617,1.8474843502044678,-2.6094818115234375,-0.706712007522583,0.6070586442947388,0.032854657620191574,-1.2374459505081177,-1.1842094659805298,-0.04629790410399437
74.79223451541083,-1.2018915,1.573228,0,29.142404556274414,1.8566315174102783,-2.608734130859375,-0.7252870798110962,0.58774733543396,0.03212682902812958,-1.1636613607406616,-1.1650830507278442,-0.04969490319490433
74.79223451541083,-1.2018915,1.573228,0,29.136690139770508,1.8610926866531372,-2.6083526611328125,-0.7342225313186646,0.5782006978988647,0.03176381438970566,-1.1391650438308716,-1.1557859182357788,-0.04975590482354164
74.79223451541083,-1.2018915,1.573228,0,29.12506866455078,1.8698064088821411,-2.60760498046875,-0.7515327334403992,0.5593797564506531,0.03050627000629902,-1.092602252960205,-1.134613037109375,-0.09770504385232925
74.79223451541083,-1.2018915,1.573228,0,29.119163513183594,1.874059796333313,-2.6072540283203125,-0.7598134279251099,0.5500091314315796,0.029704831540584564,-1.0590312480926514,-1.1366382837295532,-0.1031891405582428
74.79223451541083,-1.2018915,1.573228,0,29.11318588256836,1.87824285030365,-2.606903076171875,-0.767964780330658,0.5407198667526245,0.028911860659718513,-1.0417888164520264,-1.1272038221359253,-0.102154441177845
74.89223451541082,-1.2531945,1.5519776,0,29.10713768005371,1.8823559284210205,-2.6065673828125,-0.7759820222854614,0.531465470790863,0.028097331523895264,-1.0239790678024292,-1.123565673828125,-0.1048678457736969
74.89223451541082,-1.2531945,1.5519776,0,29.09491729736328,1.8903928995132446,-2.605926513671875,-0.7914139032363892,0.5133036971092224,0.026453178375959396,-0.9815456867218018,-1.0981694459915161,-0.10355701297521591
74.89223451541082,-1.2531945,1.5519776,0,29.088727951049805,1.8943023681640625,-2.605621337890625,-0.798911988735199,0.5042999386787415,0.025640644133090973,-0.9671226739883423,-1.0932303667068481,-0.10302382707595825
74.89223451541082,-1.2531945,1.5519776,0,29.082475662231445,1.898144006729126,-2.605316162109375,-0.806270182132721,0.4953717589378357,0.024888567626476288,-0.9484657049179077,-1.084496259689331,-0.09550759196281433
74.89223451541082,-1.2531945,1.5519776,0,29.076196670532227,1.9019449949264526,-2.6050262451171875,-0.8135095238685608,0.48646724224090576,0.024177778512239456,-0.9382418990135193,-1.0853183269500732,-0.0893683135509491
74.89223451541082,-1.2531945,1.5519776,0,29.063446044921875,1.90934419631958,-2.604461669921875,-0.8278242349624634,0.4689213037490845,0.02295137196779251,-0.9275410771369934,-1.0624250173568726,-0.07302546501159668
74.89223451541082,-1.2531945,1.5519776,0,29.056976318359375,1.912943720817566,-2.60418701171875,-0.8348762392997742,0.46019983291625977,0.02230023592710495,-0.9111936688423157,-1.0643091201782227,-0.08206767588853836
74.89223451541082,-1.2531945,1.5519776,0,29.050495147705078,1.9165074825286865,-2.6039276123046875,-0.8418673872947693,0.4514860510826111,0.02152036689221859,-0.9096840620040894,-1.0676213502883911,-0.09634671360254288
74.89223451541082,-1.2531945,1.5519776,0,29.0439510345459,1.920003890991211,-2.6036834716796875,-0.8488240242004395,0.4427812695503235,0.020648406818509102,-0.9040839076042175,-1.0670126676559448,-0.10813306272029877
74.89223451541082,-1.2531945,1.5519776,0,29.03069496154785,1.9267915487289429,-2.6031951904296875,-0.8625873327255249,0.4254530668258667,0.01915793865919113,-0.8951119780540466,-1.0647435188293457,-0.08805514872074127
74.89223451541082,-1.2539291,1.5516734,0,29.02402114868164,1.930107593536377,-2.6029815673828125,-0.8693799376487732,0.41685059666633606,0.018444543704390526,-0.8901719450950623,-1.057158350944519,-0.08632800728082657
74.89223451541082,-1.2539291,1.5516734,0,29.01728630065918,1.9333568811416626,-2.602783203125,-0.8761606216430664,0.40832817554473877,0.017783908173441887,-0.8873046040534973,-1.0476292371749878,-0.07985485345125198
74.89223451541082,-1.2539291,1.5516734,0,29.01049041748047,1.936539888381958,-2.602569580078125,-0.882956326007843,0.399787575006485,0.017245931550860405,-0.8878487348556519,-1.0503746271133423,-0.06463843584060669
74.89223451541082,-1.2539291,1.5516734,0,29.003633499145508,1.9396564960479736,-2.602386474609375,-0.8897079825401306,0.39131489396095276,0.016808362677693367,-0.8810535669326782,-1.0423582792282104,-0.05219690129160881
74.89223451541082,-1.2539291,1.5516734,0,28.989864349365234,1.9457588195800781,-2.602020263671875,-0.9033088684082031,0.37442028522491455,0.015958070755004883,-0.89436936378479,-1.0446677207946777,-0.04506948962807655
74.89223451541082,-1.2539291,1.5516734,0,28.982885360717773,1.9487104415893555,-2.601837158203125,-0.9101181626319885,0.3659733533859253,0.015695519745349884,-0.8932413458824158,-1.044163703918457,-0.028887761756777763
74.89223451541082,-1.2539291,1.5516734,0,28.975845336914062,1.9515955448150635,-2.6016693115234375,-0.9169211983680725,0.357513964176178,0.015492212027311325,-0.8911440968513489,-1.0460902452468872,-0.021614598110318184
74.89223451541082,-1.2539291,1.5516734,0,28.961740493774414,1.9572339057922363,-2.601348876953125,-0.9304518699645996,0.34083762764930725,0.015307880938053131,-0.901360034942627,-1.025299072265625,-0.001902226242236793
74.89223451541082,-1.2539291,1.5516734,0,28.954593658447266,1.9599541425704956,-2.6011810302734375,-0.9372092485427856,0.33251306414604187,0.01535713393241167,-0.8940529823303223,-1.0328320264816284,0.011621973477303982
74.89223451541082,-1.2539291,1.5516734,0,28.947385787963867,1.9626084566116333,-2.6010284423828125,-0.9439601898193359,0.3242073357105255,0.01544095203280449,-0.8918042778968811,-1.0307830572128296,0.015778465196490288
74.99223451541081,-1.3061628,1.5300374,0,28.940181732177734,1.9652118682861328,-2.6008758544921875,-0.9506562948226929,0.31591668725013733,0.015550808981060982,-0.8930872082710266,-1.0303603410720825,0.02060225047171116
74.99223451541081,-1.3061628,1.5300374,0,28.92558479309082,1.9702204465866089,-2.6005859375,-0.9640005230903625,0.29933008551597595,0.015915291383862495,-0.8841504454612732,-1.0289746522903442,0.03094412200152874
74.99223451541081,-1.3061628,1.5300374,0,28.91819190979004,1.972625970840454,-2.600433349609375,-0.9706424474716187,0.2910721004009247,0.01618635095655918,-0.8816307783126831,-1.0270971059799194,0.04017212986946106
74.99223451541081,-1.3061628,1.5300374,0,28.91075325012207,1.974963665008545,-2.60028076171875,-0.9771814942359924,0.2828584909439087,0.01644807867705822,-0.8704642057418823,-1.0211129188537598,0.039206814020872116
74.99223451541081,-1.3061628,1.5300374,0,28.90333366394043,1.9772611856460571,-2.6001434326171875,-0.9836267232894897,0.27466365694999695,0.016767214983701706,-0.868105411529541,-1.0214309692382812,0.04862388223409653
74.99223451541081,-1.3061628,1.5300374,0,28.89585304260254,1.9794929027557373,-2.600006103515625,-0.9900578856468201,0.26646050810813904,0.01709233596920967,-0.8646398186683655,-1.0226925611495972,0.049129124730825424
74.99223451541081,-1.3061628,1.5300374,0,28.880708694458008,1.983760118484497,-2.5997161865234375,-1.0027828216552734,0.2501038908958435,0.01777028664946556,-0.8475233912467957,-1.020246148109436,0.051380597054958344
74.99223451541081,-1.3061628,1.5300374,0,28.87311363220215,1.9858157634735107,-2.599578857421875,-1.008929967880249,0.24204666912555695,0.018102571368217468,-0.8334144949913025,-1.0067968368530273,0.05184625834226608
74.99223451541081,-1.3061628,1.5300374,0,28.865461349487305,1.9878065586090088,-2.599456787109375,-1.0149881839752197,0.2339673787355423,0.018340537324547768,-0.8205361366271973,-1.009722352027893,0.03977212682366371
75.09223451541081,-1.3587098,1.5082718,0,28.849979400634766,1.9915944337844849,-2.59918212890625,-1.027056097984314,0.21794737875461578,0.01830284297466278,-0.8117724657058716,-1.0010110139846802,-0.0005811452283523977
75.09223451541081,-1.3587098,1.5082718,0,28.842241287231445,1.9934155941009521,-2.5990753173828125,-1.032929539680481,0.21001030504703522,0.01829470321536064,-0.8045461773872375,-0.9943264722824097,0.01131137739866972
75.09223451541081,-1.3587098,1.5082718,0,28.834444046020508,1.9951727390289307,-2.598968505859375,-1.038715124130249,0.20210227370262146,0.01833234168589115,-0.7916864156723022,-0.9908016920089722,0.016693955287337303
75.09223451541081,-1.3587098,1.5082718,0,28.826589584350586,1.9968663454055786,-2.5988616943359375,-1.044358491897583,0.19430898129940033,0.01826000027358532,-0.7720503211021423,-0.9765605926513672,0.0025467013474553823
75.09223451541081,-1.3587098,1.5082718,0,28.810802459716797,2.0000996589660645,-2.598663330078125,-1.0555295944213867,0.1788235902786255,0.01827889308333397,-0.7672891020774841,-0.9672338366508484,0.013071577064692974
75.09223451541081,-1.3587098,1.5082718,0,28.802867889404297,2.0016396045684814,-2.59857177734375,-1.0609920024871826,0.17112383246421814,0.018266165629029274,-0.7547163963317871,-0.9687443375587463,0.011013819836080074
75.09223451541081,-1.3587098,1.5082718,0,28.794876098632812,2.0031168460845947,-2.598480224609375,-1.0664490461349487,0.16350670158863068,0.01831839047372341,-0.752068281173706,-0.9584064483642578,0.018782446160912514
75.09223451541081,-1.3587098,1.5082718,0,28.78683090209961,2.0045320987701416,-2.5983734130859375,-1.071832299232483,0.15590399503707886,0.01844821125268936,-0.7409059405326843,-0.9565889239311218,0.028139909729361534
75.09223451541081,-1.3587098,1.5082718,0,28.778825759887695,2.00591778755188,-2.598297119140625,-1.0771079063415527,0.148312509059906,0.018406057730317116,-0.737118124961853,-0.9586463570594788,0.008907168172299862
75.09223451541081,-1.3587098,1.5082718,0,28.762672424316406,2.008498191833496,-2.5981597900390625,-1.0876256227493286,0.13332825899124146,0.01800466887652874,-0.7319998145103455,-0.9450822472572327,-0.012437346391379833
75.1922345154108,-1.4114363,1.4864317,0,28.754512786865234,2.0096962451934814,-2.5980987548828125,-1.0928083658218384,0.12593111395835876,0.01781727932393551,-0.7220599055290222,-0.9334205985069275,-0.00995397474616766
75.1922345154108,-1.4114363,1.4864317,0,28.746383666992188,2.010880708694458,-2.598052978515625,-1.0978471040725708,0.1186349019408226,0.017613913863897324,-0.7119607925415039,-0.9257681965827942,-0.010076443664729595
75.1922345154108,-1.4114363,1.4864317,0,28.729961395263672,2.0130674839019775,-2.5979461669921875,-1.1080479621887207,0.10417553782463074,0.01726974919438362,-0.7179170846939087,-0.9168623089790344,-0.004197004716843367
75.1922345154108,-1.4114363,1.4864317,0,28.721670150756836,2.014070749282837,-2.597900390625,-1.1131360530853271,0.09699765592813492,0.017078908160328865,-0.7113786935806274,-0.9102908372879028,-0.009782611392438412
75.1922345154108,-1.4114363,1.4864317,0,28.713401794433594,2.0150606632232666,-2.597869873046875,-1.1181334257125854,0.08989254385232925,0.016976965591311455,-0.707430899143219,-0.9058990478515625,0.00320421508513391
75.1922345154108,-1.4114363,1.4864317,0,28.705080032348633,2.015990734100342,-2.59783935546875,-1.1231534481048584,0.08287930488586426,0.01688499003648758,-0.7079150080680847,-0.8940636515617371,0.004088505636900663
75.1922345154108,-1.4114363,1.4864317,0,28.69671630859375,2.016860008239746,-2.597808837890625,-1.128130555152893,0.07591036707162857,0.016702702268958092,-0.702987790107727,-0.8877204656600952,-0.007309019099920988
75.1922345154108,-1.4114363,1.4864317,0,28.679903030395508,2.018482208251953,-2.5977630615234375,-1.1381067037582397,0.06213817000389099,0.016156697645783424,-0.7060099244117737,-0.8788110613822937,-0.016139818355441093
75.1922345154108,-1.4114363,1.4864317,0,28.671451568603516,2.019235372543335,-2.597747802734375,-1.1431013345718384,0.05535060539841652,0.015900839120149612,-0.7074089646339417,-0.8703392744064331,-0.015576834790408611
75.1922345154108,-1.4114363,1.4864317,0,28.662944793701172,2.019930124282837,-2.597747802734375,-1.1481525897979736,0.04861607775092125,0.015687251463532448,-0.7121657729148865,-0.8632294535636902,-0.01076143141835928
75.2922345154108,-1.4640194,1.4646511,0,28.64576530456543,2.021146774291992,-2.59771728515625,-1.1582614183425903,0.03518799692392349,0.015237526036798954,-0.7135323882102966,-0.8599374890327454,-0.010275746695697308
75.2922345154108,-1.4640194,1.4646511,0,28.637189865112305,2.021728754043579,-2.5977325439453125,-1.1633505821228027,0.028605647385120392,0.015033216215670109,-0.7213437557220459,-0.8493281602859497,-0.008412635885179043
75.2922345154108,-1.4640194,1.4646511,0,28.628568649291992,2.022251844406128,-2.5977325439453125,-1.1683988571166992,0.022016655653715134,0.014928876422345638,-0.7162531018257141,-0.8492636680603027,0.003906897734850645
75.2922345154108,-1.4640194,1.4646511,0,28.619890213012695,2.0227174758911133,-2.5977325439453125,-1.1735413074493408,0.015461440198123455,0.01487607043236494,-0.7256488800048828,-0.8444586396217346,0.009863636456429958
75.2922345154108,-1.4640194,1.4646511,0,28.611156463623047,2.0231266021728516,-2.5977325439453125,-1.1786658763885498,0.009013469330966473,0.014892413280904293,-0.721098005771637,-0.8304827809333801,0.0180355254560709
75.2922345154108,-1.4640194,1.4646511,0,28.59372901916504,2.0239086151123047,-2.5977783203125,-1.1889227628707886,-0.003780551953241229,0.014893535524606705,-0.735702395439148,-0.8280359506607056,0.024854669347405434
75.2922345154108,-1.4640194,1.4646511,0,28.58492660522461,2.024214744567871,-2.5977935791015625,-1.194114089012146,-0.010085808113217354,0.015018515288829803,-0.7343510389328003,-0.8178768157958984,0.032945532351732254
75.2922345154108,-1.4640194,1.4646511,0,28.576068878173828,2.0244646072387695,-2.5978240966796875,-1.1992493867874146,-0.01644473522901535,0.015035822056233883,-0.7250162959098816,-0.8238922357559204,0.019369645044207573
75.2922345154108,-1.4640194,1.4646511,0,28.558382034301758,2.0249264240264893,-2.597930908203125,-1.2095216512680054,-0.028926333412528038,0.014760092832148075,-0.7316831350326538,-0.8175860643386841,-0.0026556660886853933
75.2922345154108,-1.4640194,1.4646511,0,28.549461364746094,2.025071144104004,-2.5979766845703125,-1.2147480249404907,-0.03510262444615364,0.014647193253040314,-0.7429392337799072,-0.8057951927185059,0.004347878973931074
75.39223451541079,-1.5169916,1.4427093,0,28.540481567382812,2.025160551071167,-2.5980224609375,-1.219937801361084,-0.04124687984585762,0.014562227763235569,-0.7359009981155396,-0.8009860515594482,0.0073136757127940655
75.39223451541079,-1.5169916,1.4427093,0,28.531539916992188,2.025261402130127,-2.59808349609375,-1.2250561714172363,-0.04730987921357155,0.01445605605840683,-0.735421895980835,-0.7979267239570618,0.006865243893116713
75.39223451541079,-1.5169916,1.4427093,0,28.51347541809082,2.0252952575683594,-2.5982208251953125,-1.235364317893982,-0.059427134692668915,0.014266176149249077,-0.7385432720184326,-0.7924363613128662,0.008410773240029812
75.39223451541079,-1.5169916,1.4427093,0,28.50435447692871,2.025228977203369,-2.5982666015625,-1.240585446357727,-0.06540929526090622,0.014286013320088387,-0.7406120896339417,-0.7849776148796082,0.02078711800277233
75.39223451541079,-1.5169916,1.4427093,0,28.495271682739258,2.025177001953125,-2.5983428955078125,-1.2457911968231201,-0.07132089883089066,0.014172738417983055,-0.7474332451820374,-0.783424437046051,0.006240792106837034
75.39223451541079,-1.5169916,1.4427093,0,28.486127853393555,2.02506947517395,-2.598419189453125,-1.2510497570037842,-0.07723522186279297,0.0139451390132308,-0.7514117360115051,-0.782673180103302,-0.00862730573862791
75.39223451541079,-1.5169916,1.4427093,0,28.4769229888916,2.024906873703003,-2.598480224609375,-1.2563331127166748,-0.08305983990430832,0.013717380352318287,-0.7519351243972778,-0.7703970670700073,-0.00920845102518797
75.39223451541079,-1.5169916,1.4427093,0,28.45844268798828,2.0244808197021484,-2.5986328125,-1.2669107913970947,-0.09465986490249634,0.01328788511455059,-0.7641406655311584,-0.7689635157585144,-0.006369780283421278
75.39223451541079,-1.5169916,1.4427093,0,28.449155807495117,2.0242185592651367,-2.5987091064453125,-1.272194266319275,-0.10035976767539978,0.013100041076540947,-0.7569266557693481,-0.7594226002693176,-0.0038146970327943563
75.39223451541079,-1.5169916,1.4427093,0,28.43980598449707,2.023902177810669,-2.5987701416015625,-1.277499794960022,-0.10603068023920059,0.012939284555613995,-0.7570541501045227,-0.7546444535255432,-0.0011287628440186381
75.49223451541079,-1.5698544,1.4208128,0,28.420997619628906,2.023167848587036,-2.5989227294921875,-1.2882521152496338,-0.11722616851329803,0.012853872030973434,-0.7676354646682739,-0.7421094179153442,0.015861352905631065
75.49223451541079,-1.5698544,1.4208128,0,28.411535263061523,2.0227508544921875,-2.5989837646484375,-1.2936207056045532,-0.12268411368131638,0.012915699742734432,-0.7656776905059814,-0.7319917678833008,0.02686586044728756
75.49223451541079,-1.5698544,1.4208128,0,28.40201187133789,2.02228045463562,-2.59906005859375,-1.298993468284607,-0.12819114327430725,0.013036473654210567,-0.7635793089866638,-0.7368990182876587,0.03368965908885002
75.49223451541079,-1.5698544,1.4208128,0,28.392427444458008,2.0217573642730713,-2.59912109375,-1.3043922185897827,-0.13365821540355682,0.013224896974861622,-0.7642616033554077,-0.7307065725326538,0.04161614552140236
75.49223451541079,-1.5698544,1.4208128,0,28.373212814331055,2.02066707611084,-2.5992584228515625,-1.3150570392608643,-0.14431102573871613,0.013681073673069477,-0.7642636895179749,-0.7081084251403809,0.050595492124557495
75.49223451541079,-1.5698544,1.4208128,0,28.36351203918457,2.0200438499450684,-2.59930419921875,-1.3204020261764526,-0.14964106678962708,0.014052256941795349,-0.7589887380599976,-0.7163482308387756,0.06432178616523743
75.49223451541079,-1.5698544,1.4208128,0,28.353750228881836,2.0193686485290527,-2.5993499755859375,-1.3258055448532104,-0.15495122969150543,0.014296996407210827,-0.7637948989868164,-0.7126120328903198,0.04800594970583916
75.49223451541079,-1.5698544,1.4208128,0,28.34392738342285,2.018641948699951,-2.599395751953125,-1.3311700820922852,-0.16024383902549744,0.014302040450274944,-0.7564980387687683,-0.7091966271400452,0.01754704676568508
75.49223451541079,-1.5698544,1.4208128,0,28.324222564697266,2.01715087890625,-2.5994873046875,-1.3418318033218384,-0.17057804763317108,0.014320282265543938,-0.7538872957229614,-0.6960789561271667,0.01788930781185627
75.49223451541079,-1.5698544,1.4208128,0,28.31427764892578,2.016328811645508,-2.599517822265625,-1.3471789360046387,-0.17571833729743958,0.014362327754497528,-0.7538942694664001,-0.6933140754699707,0.02165045402944088
75.69223451541077,-1.6728678,1.3781433,0,28.30428123474121,2.015454053878784,-2.59954833984375,-1.3525197505950928,-0.18086957931518555,0.014392063952982426,-0.7528678774833679,-0.693046510219574,0.019890720024704933
75.69223451541077,-1.6728678,1.3781433,0,28.294294357299805,2.014600992202759,-2.599609375,-1.3578134775161743,-0.1858200579881668,0.014406733214855194,-0.7520602345466614,-0.675176739692688,0.019203869625926018
75.69223451541077,-1.6728678,1.3781433,0,28.274137496948242,2.012744188308716,-2.5997314453125,-1.3682835102081299,-0.1957021951675415,0.014701616019010544,-0.7386484146118164,-0.6693987250328064,0.040900424122810364
75.69223451541077,-1.6728678,1.3781433,0,28.26396942138672,2.0117411613464355,-2.5997772216796875,-1.3735016584396362,-0.2006048560142517,0.014895959757268429,-0.7353126406669617,-0.665007472038269,0.040218230336904526
75.69223451541077,-1.6728678,1.3781433,0,28.253833770751953,2.010770320892334,-2.599822998046875,-1.3786041736602783,-0.2053338587284088,0.015102066099643707,-0.728637158870697,-0.6515903472900391,0.042261552065610886
75.69223451541077,-1.6728678,1.3781433,0,28.243637084960938,2.0097501277923584,-2.5998687744140625,-1.3836907148361206,-0.2100474089384079,0.01538166031241417,-0.7241019010543823,-0.6481103301048279,0.05097733438014984
75.69223451541077,-1.6728678,1.3781433,0,28.223066329956055,2.0075626373291016,-2.599945068359375,-1.393814206123352,-0.21946533024311066,0.015653450042009354,-0.7164301872253418,-0.6441372036933899,0.01287879329174757
75.69223451541077,-1.6728678,1.3781433,0,28.212800979614258,2.0064826011657715,-2.5999603271484375,-1.3988416194915771,-0.2240993082523346,0.015225261449813843,-0.7221666574478149,-0.6440316438674927,-0.037854067981243134
75.69223451541077,-1.6728678,1.3781433,0,28.202472686767578,2.0053532123565674,-2.5999755859375,-1.403855323791504,-0.2286846786737442,0.014726204797625542,-0.717824399471283,-0.6362881660461426,-0.04716077446937561
75.69223451541077,-1.6728678,1.3781433,0,28.19208526611328,2.0041751861572266,-2.5999908447265625,-1.4088631868362427,-0.23320646584033966,0.01427945401519537,-0.7145118117332458,-0.6267196536064148,-0.04105968028306961
75.79223451541077,-1.7253932,1.3563865,0,28.181638717651367,2.0029492378234863,-2.6000213623046875,-1.4139083623886108,-0.2376507818698883,0.013820474036037922,-0.7166598439216614,-0.6154507994651794,-0.04301499202847481
75.79223451541077,-1.7253932,1.3563865,0,28.160781860351562,2.0005249977111816,-2.6000518798828125,-1.4237643480300903,-0.2462768703699112,0.012949112802743912,-0.7097486853599548,-0.6044763922691345,-0.0408245213329792
75.79223451541077,-1.7253932,1.3563865,0,28.1502628326416,1.9992417097091675,-2.6000823974609375,-1.4287927150726318,-0.2505451738834381,0.012584538199007511,-0.7184716463088989,-0.5987750291824341,-0.03158906102180481
75.79223451541077,-1.7253932,1.3563865,0,28.13968276977539,1.997912049293518,-2.6001129150390625,-1.4338685274124146,-0.2547111511230469,0.012262295931577682,-0.7218492031097412,-0.5842960476875305,-0.026552004739642143
75.79223451541077,-1.7253932,1.3563865,0,28.129131317138672,1.9966224431991577,-2.600128173828125,-1.438935399055481,-0.2588081359863281,0.012074374593794346,-0.7275652289390564,-0.5849349498748779,-0.00929273571819067
75.79223451541077,-1.7253932,1.3563865,0,28.107858657836914,1.9939004182815552,-2.6001739501953125,-1.4492285251617432,-0.2668309211730957,0.012040919624269009,-0.7378451824188232,-0.5675332546234131,0.019233671948313713
75.79223451541077,-1.7253932,1.3563865,0,28.09712791442871,1.99247145652771,-2.6002044677734375,-1.454479694366455,-0.27081677317619324,0.01220279186964035,-0.7446597814559937,-0.5651336908340454,0.03344006463885307
75.79223451541077,-1.7253932,1.3563865,0,28.08640480041504,1.9910690784454346,-2.6002197265625,-1.4596822261810303,-0.27470558881759644,0.01242216769605875,-0.7434586882591248,-0.5601940155029297,0.04097725823521614
75.79223451541077,-1.7253932,1.3563865,0,28.064769744873047,1.9881294965744019,-2.6002349853515625,-1.4701743125915527,-0.28237786889076233,0.012923833914101124,-0.7470781207084656,-0.5503798127174377,0.03662937879562378
75.89223451541076,-1.7777315,1.3347073,0,28.053857803344727,1.9865927696228027,-2.6002349853515625,-1.4754958152770996,-0.2862427830696106,0.012936527840793133,-0.750551700592041,-0.5515348315238953,0.01393537875264883
75.89223451541076,-1.7777315,1.3347073,0,28.04294776916504,1.9850865602493286,-2.6002349853515625,-1.480808138847351,-0.28996744751930237,0.012939726002514362,-0.7535895109176636,-0.5412034392356873,0.012706032954156399
75.89223451541076,-1.7777315,1.3347073,0,28.03197479248047,1.9835360050201416,-2.6002197265625,-1.4861624240875244,-0.29364508390426636,0.012995541095733643,-0.7562268972396851,-0.5333384871482849,0.018922610208392143
75.89223451541076,-1.7777315,1.3347073,0,28.020944595336914,1.9819399118423462,-2.6002197265625,-1.4915168285369873,-0.2973448932170868,0.01308518461883068,-0.7555388808250427,-0.5338435173034668,0.02299761213362217
75.89223451541076,-1.7777315,1.3347073,0,27.998695373535156,1.9786176681518555,-2.600189208984375,-1.5023523569107056,-0.30461248755455017,0.01332036592066288,-0.7649283409118652,-0.5194247961044312,0.02430751733481884
75.89223451541076,-1.7777315,1.3347073,0,27.9875545501709,1.9769809246063232,-2.60015869140625,-1.5076960325241089,-0.3081519305706024,0.01346950326114893,-0.7549596428871155,-0.5186309814453125,0.03013247437775135
75.89223451541076,-1.7777315,1.3347073,0,27.976350784301758,1.975300908088684,-2.6001434326171875,-1.5130324363708496,-0.311646968126297,0.01366341020911932,-0.7516084313392639,-0.5110640525817871,0.035546716302633286
75.89223451541076,-1.7777315,1.3347073,0,27.9650821685791,1.9735783338546753,-2.600128173828125,-1.5184367895126343,-0.315108984708786,0.013937706127762794,-0.7577174305915833,-0.5049676299095154,0.04526739567518234
75.89223451541076,-1.7777315,1.3347073,0,27.942428588867188,1.9700875282287598,-2.600067138671875,-1.529222846031189,-0.32187986373901367,0.0143854646012187,-0.7553291320800781,-0.4951428472995758,0.0328761488199234
75.89223451541076,-1.7777315,1.3347073,0,27.931055068969727,1.968316912651062,-2.60003662109375,-1.534609317779541,-0.32526063919067383,0.014381930232048035,-0.7584065198898315,-0.4979470670223236,0.01072231587022543
75.99223451541076,-1.8299963,1.3130585,0,27.919614791870117,1.9665038585662842,-2.600006103515625,-1.5400679111480713,-0.3286770284175873,0.014310282655060291,-0.7650387287139893,-0.5004075169563293,0.0018859280971810222
75.99223451541076,-1.8299963,1.3130585,0,27.908111572265625,1.9646486043930054,-2.5999755859375,-1.5454350709915161,-0.3320547938346863,0.01434507966041565,-0.7512913346290588,-0.49364331364631653,0.014877411536872387
75.99223451541076,-1.8299963,1.3130585,0,27.8966064453125,1.9628465175628662,-2.599945068359375,-1.5507514476776123,-0.33529752492904663,0.01446141954511404,-0.7490583658218384,-0.48557689785957336,0.02560904063284397
75.99223451541076,-1.8299963,1.3130585,0,27.8734073638916,1.9591162204742432,-2.599884033203125,-1.5614327192306519,-0.341632217168808,0.014684682711958885,-0.7433174848556519,-0.46537548303604126,0.02463534288108349
75.99223451541076,-1.8299963,1.3130585,0,27.861713409423828,1.9571895599365234,-2.599853515625,-1.5666731595993042,-0.34477517008781433,0.014820745214819908,-0.7325515151023865,-0.46691620349884033,0.02717692218720913
75.99223451541076,-1.8299963,1.3130585,0,27.83823585510254,1.9533718824386597,-2.599761962890625,-1.577161431312561,-0.35085242986679077,0.015236273407936096,-0.7295083999633789,-0.4578307569026947,0.04119937866926193
75.99223451541076,-1.8299963,1.3130585,0,27.826412200927734,1.951399564743042,-2.599700927734375,-1.5824671983718872,-0.35387560725212097,0.015365751460194588,-0.7403517961502075,-0.4543420672416687,0.02583395503461361
75.99223451541076,-1.8299963,1.3130585,0,27.81452751159668,1.9493868350982666,-2.5996551513671875,-1.587786078453064,-0.35688939690589905,0.015396838076412678,-0.7397903203964233,-0.4511379301548004,0.01325178798288107
75.99223451541076,-1.8299963,1.3130585,0,27.802631378173828,1.9474096298217773,-2.5995941162109375,-1.5929815769195557,-0.3598451018333435,0.015357672236859798,-0.7274102568626404,-0.4504532217979431,0.004220753442496061
75.99223451541076,-1.8299963,1.3130585,0,27.77865219116211,1.9433343410491943,-2.599456787109375,-1.6033649444580078,-0.36562052369117737,0.015433858148753643,-0.7244505882263184,-0.44002681970596313,0.01545157190412283
76.19223451541075,-1.9312502,1.2711178,0,27.766572952270508,1.941237211227417,-2.599395751953125,-1.608547568321228,-0.3685027062892914,0.015438317321240902,-0.7192485332489014,-0.43497490882873535,0.008891801349818707
76.19223451541075,-1.9312502,1.2711178,0,27.754472732543945,1.9391981363296509,-2.5993194580078125,-1.613675594329834,-0.37126433849334717,0.015512285754084587,-0.7141364812850952,-0.42894330620765686,0.017384996637701988
76.19223451541075,-1.9312502,1.2711178,0,27.742311477661133,1.9371192455291748,-2.5992279052734375,-1.6187752485275269,-0.3740006685256958,0.015600958839058876,-0.7084531784057617,-0.42355069518089294,0.01898081786930561
76.19223451541075,-1.9312502,1.2711178,0,27.730091094970703,1.9350008964538574,-2.599151611328125,-1.6239018440246582,-0.3766997456550598,0.015763917937874794,-0.7097312211990356,-0.41672828793525696,0.028030013665556908
76.19223451541075,-1.9312502,1.2711178,0,27.70551109313965,1.930742859840393,-2.5989837646484375,-1.6340447664260864,-0.38195300102233887,0.016198156401515007,-0.7003233432769775,-0.40458694100379944,0.03603193536400795
76.19223451541075,-1.9312502,1.2711178,0,27.693143844604492,1.9286048412322998,-2.598876953125,-1.6390752792358398,-0.3845389783382416,0.016342803835868835,-0.695088803768158,-0.40662872791290283,0.02524675615131855
76.19223451541075,-1.9312502,1.2711178,0,27.68071746826172,1.9264280796051025,-2.598785400390625,-1.6442300081253052,-0.38708028197288513,0.016022849828004837,-0.7086643576622009,-0.39880701899528503,-0.03304518386721611
76.19223451541075,-1.9312502,1.2711178,0,27.668231964111328,1.9242132902145386,-2.59869384765625,-1.6493258476257324,-0.3896108567714691,0.015503554604947567,-0.6993973255157471,-0.39529022574424744,-0.05817412957549095
76.19223451541075,-1.9312502,1.2711178,0,27.64313316345215,1.9198802709579468,-2.598480224609375,-1.6595782041549683,-0.3944990932941437,0.01455357763916254,-0.6989827156066895,-0.3939579427242279,-0.04858756065368652
76.19223451541075,-1.9312502,1.2711178,0,27.630495071411133,1.9176558256149292,-2.5983734130859375,-1.6646764278411865,-0.39687931537628174,0.014109465293586254,-0.695917010307312,-0.3811371624469757,-0.050091180950403214
76.29223451541074,-1.9827303,1.249794,0,27.617799758911133,1.9153937101364136,-2.5982818603515625,-1.6697819232940674,-0.39926084876060486,0.013649423606693745,-0.6950417160987854,-0.37905153632164,-0.05232123285531998
76.29223451541074,-1.9827303,1.249794,0,27.59227180480957,1.910860300064087,-2.598052978515625,-1.68017578125,-0.40396589040756226,0.012828946113586426,-0.7062657475471497,-0.37986084818840027,-0.04322640225291252
76.29223451541074,-1.9827303,1.249794,0,27.579431533813477,1.9085901975631714,-2.5979461669921875,-1.6854075193405151,-0.4062046408653259,0.012623708695173264,-0.7091284990310669,-0.36569368839263916,-0.021378042176365852
76.29223451541074,-1.9827303,1.249794,0,27.566532135009766,1.906282901763916,-2.5978240966796875,-1.6907011270523071,-0.4084300696849823,0.012472664937376976,-0.7151888608932495,-0.36171403527259827,-0.014741904102265835
76.29223451541074,-1.9827303,1.249794,0,27.553573608398438,1.9039392471313477,-2.59771728515625,-1.6960374116897583,-0.41054609417915344,0.01245443057268858,-0.7188987731933594,-0.3457779884338379,0.0017248092917725444
76.29223451541074,-1.9827303,1.249794,0,27.540569305419922,1.9016544818878174,-2.5975799560546875,-1.7014192342758179,-0.41265028715133667,0.012536912225186825,-0.7238814830780029,-0.3524051606655121,0.013918149285018444
76.29223451541074,-1.9827303,1.249794,0,27.514385223388672,1.8969743251800537,-2.5973052978515625,-1.7122955322265625,-0.4167715311050415,0.012714595533907413,-0.7294718027114868,-0.33890798687934875,0.006661284249275923
76.29223451541074,-1.9827303,1.249794,0,27.50121307373047,1.894578218460083,-2.59716796875,-1.7177178859710693,-0.41884103417396545,0.012590532191097736,-0.7257554531097412,-0.34061911702156067,-0.012509523890912533
76.29223451541074,-1.9827303,1.249794,0,27.487979888916016,1.8922557830810547,-2.5970001220703125,-1.723263144493103,-0.4207876920700073,0.012538808397948742,-0.7391710877418518,-0.3353712856769562,-0.004163011442869902
76.29223451541074,-1.9827303,1.249794,0,27.461339950561523,1.887501835823059,-2.5966644287109375,-1.7343511581420898,-0.42465874552726746,0.012533596716821194,-0.7367535829544067,-0.32775765657424927,0.00708410469815135
76.49223451541073,-2.082669,1.2083981,0,27.44793128967285,1.8850711584091187,-2.5965118408203125,-1.7399179935455322,-0.4266384541988373,0.0125911645591259,-0.7376036643981934,-0.332224041223526,0.009252688847482204
76.49223451541073,-2.082669,1.2083981,0,27.4344539642334,1.8827028274536133,-2.5963134765625,-1.7454873323440552,-0.4285280406475067,0.012697064317762852,-0.7352872490882874,-0.32969993352890015,0.014173331670463085
76.49223451541073,-2.082669,1.2083981,0,27.42091941833496,1.880298137664795,-2.59613037109375,-1.7511003017425537,-0.4304214417934418,0.012846692465245724,-0.7394975423812866,-0.3276427686214447,0.01957220770418644
76.49223451541073,-2.082669,1.2083981,0,27.393678665161133,1.8753811120986938,-2.5957489013671875,-1.7622027397155762,-0.43413230776786804,0.013177813030779362,-0.729679524898529,-0.31674912571907043,0.019864177331328392
76.49223451541073,-2.082669,1.2083981,0,27.37995719909668,1.8729525804519653,-2.5955352783203125,-1.7678686380386353,-0.4359266459941864,0.013078521005809307,-0.7413839101791382,-0.31715038418769836,-0.012801027856767178
76.49223451541073,-2.082669,1.2083981,0,27.366178512573242,1.870488166809082,-2.5953369140625,-1.773624300956726,-0.43772709369659424,0.012544943951070309,-0.7515653371810913,-0.3153837025165558,-0.06708921492099762
76.49223451541073,-2.082669,1.2083981,0,27.352340698242188,1.8679879903793335,-2.5951385498046875,-1.7793850898742676,-0.43958112597465515,0.0119462376460433,-0.7511966228485107,-0.3196190595626831,-0.07523269951343536
76.49223451541073,-2.082669,1.2083981,0,27.324464797973633,1.8629651069641113,-2.5947265625,-1.790963053703308,-0.4430829882621765,0.010931896045804024,-0.7551268935203552,-0.304431289434433,-0.060729678720235825
76.49223451541073,-2.082669,1.2083981,0,27.310428619384766,1.8604426383972168,-2.594512939453125,-1.7968307733535767,-0.4447644352912903,0.010389503091573715,-0.7591983079910278,-0.30008643865585327,-0.06960611045360565
76.69223451541072,-2.1874185,1.1650094,0,27.29633331298828,1.8578850030899048,-2.59429931640625,-1.8027284145355225,-0.4465465247631073,0.009897904470562935,-0.7620903253555298,-0.310230016708374,-0.06322050094604492
76.69223451541072,-2.1874185,1.1650094,0,27.282180786132812,1.855292797088623,-2.5941009521484375,-1.8085932731628418,-0.4482722282409668,0.009532848373055458,-0.7571592330932617,-0.3008042275905609,-0.047367993742227554
76.69223451541072,-2.1874185,1.1650094,0,27.25362777709961,1.8501607179641724,-2.5936737060546875,-1.8205732107162476,-0.45145872235298157,0.009112575091421604,-0.7693057060241699,-0.2871898412704468,-0.023598315194249153
76.69223451541072,-2.1874185,1.1650094,0,27.23927116394043,1.8475425243377686,-2.593475341796875,-1.8265761137008667,-0.4531003534793854,0.00909887533634901,-0.7690290808677673,-0.29166844487190247,-0.0045294868759810925
76.69223451541072,-2.1874185,1.1650094,0,27.224857330322266,1.8448907136917114,-2.59326171875,-1.8326936960220337,-0.45471593737602234,0.009152811020612717,-0.7826839089393616,-0.2860564589500427,0.003987457137554884
76.69223451541072,-2.1874185,1.1650094,0,27.210351943969727,1.8422904014587402,-2.593048095703125,-1.8387788534164429,-0.4562903046607971,0.009258418343961239,-0.7743922472000122,-0.28768444061279297,0.009562353603541851
76.69223451541072,-2.1874185,1.1650094,0,27.181175231933594,1.836987853050232,-2.592620849609375,-1.8509925603866577,-0.45941096544265747,0.009293561801314354,-0.7821276783943176,-0.28016138076782227,-0.02141995169222355
76.69223451541072,-2.1874185,1.1650094,0,27.166501998901367,1.834286093711853,-2.5924224853515625,-1.8572033643722534,-0.4610636830329895,0.008761471137404442,-0.788473904132843,-0.29024383425712585,-0.06990087777376175
76.69223451541072,-2.1874185,1.1650094,0,27.151771545410156,1.8315510749816895,-2.59222412109375,-1.8635172843933105,-0.4626455307006836,0.008177102543413639,-0.8008577227592468,-0.27909544110298157,-0.07635866850614548
76.69223451541072,-2.1874185,1.1650094,0,27.136947631835938,1.8288593292236328,-2.5920257568359375,-1.8698867559432983,-0.46414968371391296,0.007622803095728159,-0.8032469153404236,-0.2753044068813324,-0.07284431904554367
76.79223451541071,-2.2379255,1.1440887,0,27.10714340209961,1.8233705759048462,-2.5916595458984375,-1.8826653957366943,-0.46725374460220337,0.0065096705220639706,-0.8099982738494873,-0.27352505922317505,-0.0746929943561554
76.79223451541071,-2.2379255,1.1440887,0,27.09215545654297,1.8205772638320923,-2.5914764404296875,-1.8891338109970093,-0.4687747359275818,0.00602424843236804,-0.815565288066864,-0.2700340151786804,-0.06410898268222809
76.79223451541071,-2.2379255,1.1440887,0,27.07708168029785,1.817827820777893,-2.59130859375,-1.8956432342529297,-0.47025877237319946,0.005613562650978565,-0.8168944716453552,-0.27114948630332947,-0.05441903695464134
76.79223451541071,-2.2379255,1.1440887,0,27.061948776245117,1.8150452375411987,-2.5911407470703125,-1.902114987373352,-0.47173231840133667,0.005369433201849461,-0.8119288682937622,-0.2674808204174042,-0.03353086858987808
76.79223451541071,-2.2379255,1.1440887,0,27.04676055908203,1.812230110168457,-2.590972900390625,-1.9086506366729736,-0.47325989603996277,0.005202836357057095,-0.8196741938591003,-0.2719382643699646,-0.023771541193127632
76.79223451541071,-2.2379255,1.1440887,0,27.016176223754883,1.8065904378890991,-2.590667724609375,-1.9217759370803833,-0.4761386811733246,0.005269741173833609,-0.8236028552055359,-0.2623591423034668,0.00934209581464529
76.79223451541071,-2.2379255,1.1440887,0,27.000789642333984,1.803762674331665,-2.5905303955078125,-1.9283992052078247,-0.47760704159736633,0.00528043182566762,-0.8269637823104858,-0.2664010226726532,-0.0009606591775082052
76.79223451541071,-2.2379255,1.1440887,0,26.98534393310547,1.800902247428894,-2.59039306640625,-1.9351352453231812,-0.4790697693824768,0.005135628394782543,-0.8409498929977417,-0.26341718435287476,-0.020265111699700356
76.79223451541071,-2.2379255,1.1440887,0,26.954256057739258,1.7951651811599731,-2.590118408203125,-1.948567271232605,-0.4818974733352661,0.0049469792284071445,-0.8341478109359741,-0.2616666853427887,-0.00858819019049406
76.79223451541071,-2.2379255,1.1440887,0,26.938613891601562,1.792287826538086,-2.589996337890625,-1.955243468284607,-0.48331180214881897,0.004939605016261339,-0.8298650979995728,-0.2591479420661926,-0.0026500781532377005
76.9922345154107,-2.3356297,1.1036183,0,26.922916412353516,1.789378046989441,-2.589874267578125,-1.9619266986846924,-0.48472294211387634,0.004919502884149551,-0.8306891322135925,-0.2564781904220581,-0.0042133028618991375
76.9922345154107,-2.3356297,1.1036183,0,26.907161712646484,1.7864365577697754,-2.5897369384765625,-1.9686708450317383,-0.4861162602901459,0.004920394159853458,-0.8382321000099182,-0.2520468533039093,-0.0015632248250767589
76.9922345154107,-2.3356297,1.1036183,0,26.87541961669922,1.7806223630905151,-2.5895233154296875,-1.982089638710022,-0.4888267517089844,0.005064550321549177,-0.8251283764839172,-0.25801363587379456,0.01272233109921217
76.9922345154107,-2.3356297,1.1036183,0,26.859474182128906,1.7776638269424438,-2.5894317626953125,-1.9886835813522339,-0.49024152755737305,0.0052732606418430805,-0.8169577717781067,-0.2562306225299835,0.02577854134142399
76.9922345154107,-2.3356297,1.1036183,0,26.84347152709961,1.7746734619140625,-2.5893402099609375,-1.9952183961868286,-0.4916378855705261,0.005458589643239975,-0.8096041679382324,-0.25172677636146545,0.022843943908810616
76.9922345154107,-2.3356297,1.1036183,0,26.8273868560791,1.771738052368164,-2.589263916015625,-2.0018346309661865,-0.4929744005203247,0.00573117658495903,-0.8163716197013855,-0.25167521834373474,0.03516720235347748
76.9922345154107,-2.3356297,1.1036183,0,26.79505729675293,1.7657712697982788,-2.5890960693359375,-2.014669179916382,-0.49559304118156433,0.0063749090768396854,-0.7867879271507263,-0.24558492004871368,0.042418014258146286
76.9922345154107,-2.3356297,1.1036183,0,26.778812408447266,1.7627407312393188,-2.589019775390625,-2.0209052562713623,-0.49687036871910095,0.0066803996451199055,-0.769324779510498,-0.23743751645088196,0.03913323953747749
76.9922345154107,-2.3356297,1.1036183,0,26.762495040893555,1.759759783744812,-2.5889434814453125,-2.027244806289673,-0.49809736013412476,0.006586304400116205,-0.7794904112815857,-0.23797598481178284,-0.009362584911286831
76.9922345154107,-2.3356297,1.1036183,0,26.746126174926758,1.7567470073699951,-2.5888824462890625,-2.0334620475769043,-0.49937400221824646,0.006145160179585218,-0.7643980979919434,-0.24183671176433563,-0.053075604140758514
77.19223451541069,-2.4319196,1.0637338,0,26.729705810546875,1.753702998161316,-2.58880615234375,-2.039579391479492,-0.5006436109542847,0.005608160048723221,-0.7520936727523804,-0.23868846893310547,-0.0651385560631752
77.19223451541069,-2.4319196,1.0637338,0,26.71324348449707,1.7506247758865356,-2.5887451171875,-2.045668840408325,-0.5018934011459351,0.005031800363212824,-0.7499535083770752,-0.23342545330524445,-0.07005547732114792
77.19223451541069,-2.4319196,1.0637338,0,26.680145263671875,1.7445405721664429,-2.5886688232421875,-2.057582139968872,-0.5040897727012634,0.004126032814383507,-0.7309673428535461,-0.212871253490448,-0.051052771508693695
77.19223451541069,-2.4319196,1.0637338,0,26.663522720336914,1.7414535284042358,-2.5886383056640625,-2.063436508178711,-0.5051971673965454,0.0037605802062898874,-0.7189409136772156,-0.21820828318595886,-0.04228995740413666
77.19223451541069,-2.4319196,1.0637338,0,26.630138397216797,1.735190987586975,-2.5885772705078125,-2.0749213695526123,-0.5074307322502136,0.0032533525954931974,-0.6997852921485901,-0.21321043372154236,-0.023943370208144188
77.19223451541069,-2.4319196,1.0637338,0,26.61336898803711,1.7320997714996338,-2.58856201171875,-2.080608606338501,-0.5083945393562317,0.0031443906482309103,-0.6971873641014099,-0.20320311188697815,-0.008595175109803677
77.19223451541069,-2.4319196,1.0637338,0,26.5965518951416,1.7289799451828003,-2.5885467529296875,-2.086296796798706,-0.509302020072937,0.002763480180874467,-0.6975143551826477,-0.19387303292751312,-0.042757946997880936
77.19223451541069,-2.4319196,1.0637338,0,26.579689025878906,1.7258318662643433,-2.5885467529296875,-2.0920190811157227,-0.5102168321609497,0.0019908659160137177,-0.7019643187522888,-0.19256053864955902,-0.09188614040613174
77.19223451541069,-2.4319196,1.0637338,0,26.545827865600586,1.7195347547531128,-2.58856201171875,-2.1033833026885986,-0.5119855403900146,0.0005363979726098478,-0.6974929571151733,-0.19070467352867126,-0.07920944690704346
77.19223451541069,-2.4319196,1.0637338,0,26.52882194519043,1.7163883447647095,-2.588592529296875,-2.10911226272583,-0.5128210783004761,-9.604808292351663e-05,-0.70268714427948,-0.18516090512275696,-0.07293838262557983
77.39223451541068,-2.5269089,1.0243878,0,26.511770248413086,1.7132141590118408,-2.588623046875,-2.114830732345581,-0.5136443376541138,-0.0006291574682109058,-0.7015290260314941,-0.18138401210308075,-0.06072688475251198
77.39223451541068,-2.5269089,1.0243878,0,26.494672775268555,1.7100132703781128,-2.58868408203125,-2.120575428009033,-0.5144088864326477,-0.001159518025815487,-0.7049451470375061,-0.1718740463256836,-0.06016157194972038
77.39223451541068,-2.5269089,1.0243878,0,26.47754669189453,1.7068787813186646,-2.5887451171875,-2.1263527870178223,-0.5150975584983826,-0.00159175181761384,-0.710359513759613,-0.1703316867351532,-0.04622619226574898
77.39223451541068,-2.5269089,1.0243878,0,26.443151473999023,1.700528621673584,-2.588897705078125,-2.137883186340332,-0.5164844989776611,-0.002065429463982582,-0.7122165560722351,-0.164006769657135,-0.018025746569037437
77.39223451541068,-2.5269089,1.0243878,0,26.425891876220703,1.697311282157898,-2.5889739990234375,-2.1436147689819336,-0.5171937346458435,-0.00211944617331028,-0.7057465314865112,-0.16559939086437225,0.00037252900074236095
77.39223451541068,-2.5269089,1.0243878,0,26.40860939025879,1.6941499710083008,-2.5890655517578125,-2.1493818759918213,-0.5178157091140747,-0.002025242429226637,-0.7128798961639404,-0.16153965890407562,0.020662786439061165
77.39223451541068,-2.5269089,1.0243878,0,26.39128303527832,1.6909620761871338,-2.5891571044921875,-2.155177593231201,-0.5184978246688843,-0.0017713935812935233,-0.716456413269043,-0.16671371459960938,0.04033417999744415
77.39223451541068,-2.5269089,1.0243878,0,26.35648536682129,1.6845070123672485,-2.58929443359375,-2.166729211807251,-0.519758939743042,-0.0010300501016899943,-0.719207227230072,-0.15143653750419617,0.06155017390847206
77.39223451541068,-2.5269089,1.0243878,0,26.33902931213379,1.6813440322875977,-2.5893707275390625,-2.1725292205810547,-0.520312488079071,-0.000991137232631445,-0.7182528972625732,-0.15544910728931427,0.013983341865241528
77.39223451541068,-2.5269089,1.0243878,0,26.321523666381836,1.678154468536377,-2.589447021484375,-2.1783459186553955,-0.5209066867828369,-0.001383575494401157,-0.7203149795532227,-0.15811902284622192,-0.0402228869497776
77.59223451541067,-2.6201434,0.98576885,0,26.303972244262695,1.6749383211135864,-2.5895233154296875,-2.1842150688171387,-0.5215221047401428,-0.0018466506153345108,-0.7268680930137634,-0.15842479467391968,-0.04933168739080429
77.59223451541067,-2.6201434,0.98576885,0,26.286373138427734,1.6716961860656738,-2.589599609375,-2.19000506401062,-0.5221459865570068,-0.002122741425409913,-0.71699059009552,-0.15720374882221222,-0.026230232790112495
77.59223451541067,-2.6201434,0.98576885,0,26.251049041748047,1.6653164625167847,-2.58978271484375,-2.2015771865844727,-0.5231999158859253,-0.002645753789693117,-0.7171773910522461,-0.1481921523809433,-0.022462567314505577
77.59223451541067,-2.6201434,0.98576885,0,26.23331642150879,1.6620874404907227,-2.58990478515625,-2.207383394241333,-0.5237926840782166,-0.0028791166841983795,-0.7198914885520935,-0.1562514454126358,-0.019406432285904884
77.59223451541067,-2.6201434,0.98576885,0,26.197702407836914,1.655640959739685,-2.59014892578125,-2.219017267227173,-0.5248605012893677,-0.003076000139117241,-0.7174043655395508,-0.14824505150318146,4.656612418330042e-06
77.59223451541067,-2.6201434,0.98576885,0,26.179821014404297,1.6524232625961304,-2.5902557373046875,-2.2248589992523193,-0.5253725647926331,-0.002988222287967801,-0.7233095765113831,-0.1488187611103058,0.02027069963514805
77.59223451541067,-2.6201434,0.98576885,0,26.16189193725586,1.649179458618164,-2.5903778076171875,-2.2307372093200684,-0.5259166359901428,-0.003091339021921158,-0.7280147671699524,-0.15045562386512756,-0.0038766299840062857
77.59223451541067,-2.6201434,0.98576885,0,26.1439151763916,1.6459100246429443,-2.590484619140625,-2.23671555519104,-0.5264559388160706,-0.0036509258206933737,-0.7406398057937622,-0.1475622057914734,-0.06121256947517395
77.59223451541067,-2.6201434,0.98576885,0,26.12587547302246,1.64271080493927,-2.5905914306640625,-2.2427144050598145,-0.5269141793251038,-0.004200494848191738,-0.7416036128997803,-0.14577923715114594,-0.060511283576488495
77.59223451541067,-2.6201434,0.98576885,0,26.107791900634766,1.6394824981689453,-2.5906982421875,-2.2487680912017822,-0.5274635553359985,-0.004562953021377325,-0.7493788003921509,-0.15427085757255554,-0.037324611097574234
77.79223451541066,-2.7123208,0.9475878,0,26.071481704711914,1.632947325706482,-2.5909271240234375,-2.260871410369873,-0.5285822749137878,-0.005104511044919491,-0.7506711483001709,-0.1554708182811737,-0.028913838788866997
77.79223451541066,-2.7123208,0.9475878,0,26.053253173828125,1.6296409368515015,-2.5910491943359375,-2.266939163208008,-0.5291534066200256,-0.0052785128355026245,-0.7514195442199707,-0.1500934213399887,-0.01428974699229002
77.79223451541066,-2.7123208,0.9475878,0,26.034984588623047,1.6263935565948486,-2.591156005859375,-2.2730698585510254,-0.5296539664268494,-0.005401165224611759,-0.7596043348312378,-0.14826452732086182,-0.007338821422308683
77.79223451541066,-2.7123208,0.9475878,0,25.99829864501953,1.619821548461914,-2.5913848876953125,-2.2854702472686768,-0.530657947063446,-0.0052751777693629265,-0.7730594873428345,-0.14725364744663239,0.02377200685441494
77.79223451541066,-2.7123208,0.9475878,0,25.97987937927246,1.616497278213501,-2.59149169921875,-2.291825532913208,-0.5311996936798096,-0.005392902996391058,-0.7878023386001587,-0.14650851488113403,-0.007462687324732542
77.79223451541066,-2.7123208,0.9475878,0,25.961400985717773,1.6132233142852783,-2.59161376953125,-2.298281192779541,-0.5316484570503235,-0.005860139150172472,-0.7986176609992981,-0.140824556350708,-0.05043157935142517
77.79223451541066,-2.7123208,0.9475878,0,25.924299240112305,1.606593370437622,-2.5918426513671875,-2.311359167098999,-0.5326733589172363,-0.006641733925789595,-0.8116602301597595,-0.14631953835487366,-0.029423272237181664
77.79223451541066,-2.7123208,0.9475878,0,25.905670166015625,1.6032403707504272,-2.5919647216796875,-2.3179831504821777,-0.5332251191139221,-0.0068590338341891766,-0.8207301497459412,-0.14640934765338898,-0.01987255923449993
77.79223451541066,-2.7123208,0.9475878,0,25.88697624206543,1.5999282598495483,-2.5920867919921875,-2.324711561203003,-0.533781111240387,-0.007088883314281702,-0.83230060338974,-0.15164794027805328,-0.02110842429101467
78.09223451541064,-2.8471262,0.8917495,0,25.868227005004883,1.596590280532837,-2.59222412109375,-2.3314836025238037,-0.5343237519264221,-0.007276575546711683,-0.8378952741622925,-0.14769738912582397,-0.016078351065516472
78.09223451541064,-2.8471262,0.8917495,0,25.83056640625,1.5898385047912598,-2.59246826171875,-2.3451976776123047,-0.5354724526405334,-0.0072411177679896355,-0.8493780493736267,-0.15146292746067047,0.01984601654112339
78.09223451541064,-2.8471262,0.8917495,0,25.811626434326172,1.5864766836166382,-2.59259033203125,-2.352102518081665,-0.5360763669013977,-0.006973990239202976,-0.8511191606521606,-0.15444639325141907,0.04096142575144768
78.09223451541064,-2.8471262,0.8917495,0,25.79263687133789,1.5830864906311035,-2.59271240234375,-2.359020233154297,-0.5366434454917908,-0.006569427903741598,-0.8536588549613953,-0.1471785008907318,0.05794642120599747
78.09223451541064,-2.8471262,0.8917495,0,25.773591995239258,1.5796711444854736,-2.59283447265625,-2.3659892082214355,-0.5372523069381714,-0.005979147739708424,-0.8603137135505676,-0.1502668857574463,0.08092819899320602
78.09223451541064,-2.8471262,0.8917495,0,25.754491806030273,1.5762308835983276,-2.5929412841796875,-2.372990369796753,-0.5379011034965515,-0.005282382480800152,-0.8645163178443909,-0.15319512784481049,0.09401421248912811
78.09223451541064,-2.8471262,0.8917495,0,25.716041564941406,1.569361925125122,-2.593170166015625,-2.3871164321899414,-0.539172887802124,-0.0043076579459011555,-0.8774377107620239,-0.15575440227985382,0.028465406969189644
78.09223451541064,-2.8471262,0.8917495,0,25.696733474731445,1.565889596939087,-2.59326171875,-2.394392251968384,-0.5399099588394165,-0.004896028898656368,-0.8946008086204529,-0.16254031658172607,-0.06654718518257141
78.09223451541064,-2.8471262,0.8917495,0,25.6773681640625,1.5623918771743774,-2.5933837890625,-2.4016568660736084,-0.540666937828064,-0.005668843165040016,-0.8935503959655762,-0.16306091845035553,-0.0898078978061676
78.09223451541064,-2.8471262,0.8917495,0,25.638408660888672,1.5554167032241821,-2.5936279296875,-2.416266441345215,-0.5420804023742676,-0.0068593379110097885,-0.8966538310050964,-0.15666308999061584,-0.06932391971349716
78.29223451541063,-2.9365723,0.8546997,0,25.618850708007812,1.5518884658813477,-2.59375,-2.423652410507202,-0.5427859425544739,-0.00740389758720994,-0.9070224761962891,-0.15508535504341125,-0.06125121936202049
78.29223451541063,-2.9365723,0.8546997,0,25.599233627319336,1.5483357906341553,-2.5938873291015625,-2.431062936782837,-0.5435212254524231,-0.007923102006316185,-0.910472571849823,-0.1569211483001709,-0.058298926800489426
78.29223451541063,-2.9365723,0.8546997,0,25.57952308654785,1.5447996854782104,-2.5940093994140625,-2.438538074493408,-0.5442033410072327,-0.008305946364998817,-0.9143057465553284,-0.15275363624095917,-0.04095257818698883
78.29223451541063,-2.9365723,0.8546997,0,25.539932250976562,1.5376543998718262,-2.5942840576171875,-2.453601837158203,-0.545621931552887,-0.008455319330096245,-0.9276622533798218,-0.15071475505828857,0.018465330824255943
78.29223451541063,-2.9365723,0.8546997,0,25.520048141479492,1.534045934677124,-2.59442138671875,-2.461219549179077,-0.5463205575942993,-0.008099369704723358,-0.9336199760437012,-0.1492537260055542,0.05079479515552521
78.29223451541063,-2.9365723,0.8546997,0,25.500059127807617,1.53045654296875,-2.59454345703125,-2.4688854217529297,-0.5470805168151855,-0.007661476265639067,-0.9348339438438416,-0.15960900485515594,0.06064027175307274
78.29223451541063,-2.9365723,0.8546997,0,25.480009078979492,1.526842713356018,-2.5946502685546875,-2.476552724838257,-0.5478485226631165,-0.00701657310128212,-0.9356030821800232,-0.15877936780452728,0.08632754534482956
78.29223451541063,-2.9365723,0.8546997,0,25.459903717041016,1.5232048034667969,-2.594757080078125,-2.4842958450317383,-0.5485976934432983,-0.006678756792098284,-0.9456785321235657,-0.15464754402637482,0.047757286578416824
78.29223451541063,-2.9365723,0.8546997,0,25.419527053833008,1.5158500671386719,-2.594970703125,-2.500080108642578,-0.5502335429191589,-0.006851875688880682,-0.9640582799911499,-0.1605672538280487,-0.011693685315549374
78.29223451541063,-2.9365723,0.8546997,0,25.39920425415039,1.5121946334838867,-2.5950775146484375,-2.508028030395508,-0.5509991645812988,-0.006843442562967539,-0.9685508608818054,-0.15695202350616455,0.006149522494524717
78.59223451541061,-3.0661948,0.80100834,0,25.378820419311523,1.5085151195526123,-2.5951690673828125,-2.5159718990325928,-0.5518052577972412,-0.006786498241126537,-0.9685860276222229,-0.16025371849536896,0.011787748895585537
78.59223451541061,-3.0661948,0.80100834,0,25.33787727355957,1.5010857582092285,-2.5953369140625,-2.5318093299865723,-0.5532635450363159,-0.006478333845734596,-0.9630208015441895,-0.14367425441741943,0.03232666850090027
78.59223451541061,-3.0661948,0.80100834,0,25.31726837158203,1.4973899126052856,-2.595428466796875,-2.5397744178771973,-0.5539562106132507,-0.006171143613755703,-0.9673054814338684,-0.14628227055072784,0.042521391063928604
78.59223451541061,-3.0661948,0.80100834,0,25.296600341796875,1.4936704635620117,-2.5955047607421875,-2.547759771347046,-0.5547334551811218,-0.005749344360083342,-0.9705053567886353,-0.15513618290424347,0.05670170858502388
78.59223451541061,-3.0661948,0.80100834,0,25.2758731842041,1.4899276494979858,-2.5955657958984375,-2.555710554122925,-0.5555335879325867,-0.005184241570532322,-0.9668244123458862,-0.15632273256778717,0.07447599619626999
78.59223451541061,-3.0661948,0.80100834,0,25.234207153320312,1.4824289083480835,-2.5956878662109375,-2.572092056274414,-0.5570376515388489,-0.005868943408131599,-1.0073564052581787,-0.14691990613937378,-0.08535803854465485
78.59223451541061,-3.0661948,0.80100834,0,25.2132568359375,1.4786772727966309,-2.59576416015625,-2.580486536026001,-0.5577008128166199,-0.006750892847776413,-1.019569754600525,-0.140083447098732,-0.10722409188747406
78.59223451541061,-3.0661948,0.80100834,0,25.192245483398438,1.474902629852295,-2.5958251953125,-2.5888984203338623,-0.558521568775177,-0.0074402038007974625,-1.0225028991699219,-0.1581157147884369,-0.08325184881687164
78.59223451541061,-3.0661948,0.80100834,0,25.171173095703125,1.4711048603057861,-2.5959014892578125,-2.5972790718078613,-0.5592706203460693,-0.00812836829572916,-1.019358515739441,-0.14753516018390656,-0.08321366459131241
78.7922345154106,-3.1516452,0.7656137,0,25.128746032714844,1.4635961055755615,-2.5960540771484375,-2.614292860031128,-0.5606550574302673,-0.009298122487962246,-1.0294184684753418,-0.14297032356262207,-0.07051414996385574
78.7922345154106,-3.1516452,0.7656137,0,25.107439041137695,1.4598073959350586,-2.5961456298828125,-2.622931480407715,-0.5613257884979248,-0.009707997553050518,-1.0485159158706665,-0.14073845744132996,-0.04883110150694847
78.7922345154106,-3.1516452,0.7656137,0,25.086076736450195,1.455991506576538,-2.596221923828125,-2.631587266921997,-0.5620676279067993,-0.009867516346275806,-1.0521503686904907,-0.14720968902111053,-0.017594078555703163
78.7922345154106,-3.1516452,0.7656137,0,25.064584732055664,1.4522229433059692,-2.5962982177734375,-2.640305280685425,-0.5626939535140991,-0.009769382886588573,-1.0527584552764893,-0.1386479288339615,0.014721880666911602
78.7922345154106,-3.1516452,0.7656137,0,25.021411895751953,1.444617509841919,-2.5964508056640625,-2.657871723175049,-0.5640004873275757,-0.008903512731194496,-1.0617419481277466,-0.13768815994262695,0.07009878009557724
78.7922345154106,-3.1516452,0.7656137,0,24.999731063842773,1.4407814741134644,-2.5965118408203125,-2.6666314601898193,-0.5646337866783142,-0.008168510161340237,-1.0605437755584717,-0.13439516723155975,0.09403889626264572
78.7922345154106,-3.1516452,0.7656137,0,24.977916717529297,1.4369781017303467,-2.5965728759765625,-2.675457000732422,-0.5652951002120972,-0.007314296439290047,-1.061171054840088,-0.14205802977085114,0.1094224825501442
78.7922345154106,-3.1516452,0.7656137,0,24.956039428710938,1.4331518411636353,-2.5966339111328125,-2.684251308441162,-0.5660062432289124,-0.006349483970552683,-1.0583460330963135,-0.1465468853712082,0.12314271926879883
78.7922345154106,-3.1516452,0.7656137,0,24.91209602355957,1.4254316091537476,-2.596710205078125,-2.702059745788574,-0.5673601627349854,-0.005530268885195255,-1.0745916366577148,-0.1373700350522995,0.02673780359327793
78.7922345154106,-3.1516452,0.7656137,0,24.88996696472168,1.4215903282165527,-2.5967559814453125,-2.710998296737671,-0.5680404901504517,-0.005440207198262215,-1.0716603994369507,-0.14315064251422882,0.013893934898078442
79.09223451541058,-3.2759528,0.7141237,0,24.867774963378906,1.4177266359329224,-2.5968017578125,-2.719893455505371,-0.5686860680580139,-0.005212543997913599,-1.0673493146896362,-0.13710054755210876,0.030984168872237206
79.09223451541058,-3.2759528,0.7141237,0,24.845518112182617,1.413840889930725,-2.5968475341796875,-2.7287957668304443,-0.5693764090538025,-0.004921916406601667,-1.0693310499191284,-0.1410396695137024,0.03874720633029938
79.09223451541058,-3.2759528,0.7141237,0,24.800762176513672,1.4060534238815308,-2.596893310546875,-2.746520757675171,-0.5706559419631958,-0.004236993845552206,-1.060738205909729,-0.13605906069278717,0.045705582946538925
79.09223451541058,-3.2759528,0.7141237,0,24.778263092041016,1.4021519422531128,-2.596893310546875,-2.755345582962036,-0.5712411403656006,-0.003834988921880722,-1.0562379360198975,-0.1284952014684677,0.05141226202249527
79.09223451541058,-3.2759528,0.7141237,0,24.75570297241211,1.3982291221618652,-2.596893310546875,-2.764050245285034,-0.5719178318977356,-0.0031967535614967346,-1.0424128770828247,-0.13829518854618073,0.08088256418704987
79.09223451541058,-3.2759528,0.7141237,0,24.733081817626953,1.394284725189209,-2.5968780517578125,-2.7726669311523438,-0.5725705027580261,-0.0024689510464668274,-1.0326334238052368,-0.13369065523147583,0.09158951789140701
79.09223451541058,-3.2759528,0.7141237,0,24.710399627685547,1.3903197050094604,-2.5968475341796875,-2.781363010406494,-0.5732112526893616,-0.0023289239034056664,-1.0437164306640625,-0.13065260648727417,0.018077434971928596
79.09223451541058,-3.2759528,0.7141237,0,24.664791107177734,1.3823829889297485,-2.596771240234375,-2.799050807952881,-0.5744702219963074,-0.00363771035335958,-1.0630744695663452,-0.1255342960357666,-0.08876341581344604
79.09223451541058,-3.2759528,0.7141237,0,24.641891479492188,1.3783842325210571,-2.59674072265625,-2.807847499847412,-0.5750903487205505,-0.00424886355176568,-1.0555707216262817,-0.12625043094158173,-0.07671582698822021
79.09223451541058,-3.2759528,0.7141237,0,24.61893081665039,1.3743656873703003,-2.596710205078125,-2.816636085510254,-0.575667679309845,-0.004886404611170292,-1.055651068687439,-0.11944475769996643,-0.08003319799900055
79.29223451541029,-3.357712,0.680258,0,24.5727481842041,1.3663502931594849,-2.59661865234375,-2.834261894226074,-0.5767898559570312,-0.0059090061113238335,-1.0554120540618896,-0.11803007125854492,-0.05928286910057068
79.29223451541029,-3.357712,0.680258,0,24.549564361572266,1.362313151359558,-2.596588134765625,-2.8430674076080322,-0.5773836374282837,-0.006226504221558571,-1.0566151142120361,-0.12132036685943604,-0.041050832718610764
79.29223451541029,-3.357712,0.680258,0,24.52631950378418,1.3582569360733032,-2.5965423583984375,-2.8518733978271484,-0.5779250264167786,-0.006252409424632788,-1.0577257871627808,-0.11336009949445724,-0.004599801730364561
79.29223451541029,-3.357712,0.680258,0,24.502962112426758,1.3542068004608154,-2.59649658203125,-2.860699415206909,-0.5784354209899902,-0.0060459622181952,-1.055172324180603,-0.11056733876466751,0.023570841178297997
79.29223451541029,-3.357712,0.680258,0,24.456077575683594,1.3460408449172974,-2.59637451171875,-2.878324508666992,-0.5794656872749329,-0.004934051539748907,-1.053072452545166,-0.10878581553697586,0.07606623321771622
79.29223451541029,-3.357712,0.680258,0,24.43254280090332,1.341930627822876,-2.5963134765625,-2.887049436569214,-0.5799981355667114,-0.004122712649405003,-1.0465035438537598,-0.10832992196083069,0.0992841050028801
79.29223451541029,-3.357712,0.680258,0,24.408912658691406,1.3378247022628784,-2.596221923828125,-2.8957464694976807,-0.5805147886276245,-0.0032585151493549347,-1.0392816066741943,-0.10740365833044052,0.10523758083581924
79.29223451541029,-3.357712,0.680258,0,24.38521957397461,1.3337010145187378,-2.5961151123046875,-2.9044089317321777,-0.5809884667396545,-0.002293709432706237,-1.036106824874878,-0.10071296989917755,0.11747656017541885
79.29223451541029,-3.357712,0.680258,0,24.337656021118164,1.3254016637802124,-2.59588623046875,-2.9214601516723633,-0.5819522738456726,-3.4468805097276345e-05,-1.0130106210708618,-0.09791135042905807,0.14370818436145782
79.29223451541029,-3.357712,0.680258,0,24.313735961914062,1.3212398290634155,-2.5957489013671875,-2.930000066757202,-0.5824255347251892,0.000742069911211729,-1.018255591392517,-0.0983477234840393,0.09320908784866333
79.69223451540998,-3.513469,0.6157413,0,24.289764404296875,1.3170561790466309,-2.5955963134765625,-2.938436985015869,-0.5828778743743896,0.0010003228671848774,-1.007124900817871,-0.09357967972755432,0.028518958017230034
79.69223451540998,-3.513469,0.6157413,0,24.265735626220703,1.3128561973571777,-2.595458984375,-2.9468138217926025,-0.5833871960639954,0.0011843838728964329,-1.0007461309432983,-0.09955226629972458,0.019311437383294106
79.69223451540998,-3.513469,0.6157413,0,24.241649627685547,1.308639645576477,-2.595306396484375,-2.9551100730895996,-0.5838887691497803,0.0014094497309997678,-0.9917336702346802,-0.09745582938194275,0.024503560736775398
79.69223451540998,-3.513469,0.6157413,0,24.193191528320312,1.3001965284347534,-2.595001220703125,-2.9714086055755615,-0.5847118496894836,0.002027928363531828,-0.9626060128211975,-0.08440163731575012,0.03588199242949486
79.69223451540998,-3.513469,0.6157413,0,24.168882369995117,1.2959519624710083,-2.5948333740234375,-2.9793612957000732,-0.585113525390625,0.0022914286237210035,-0.9459670782089233,-0.08397182077169418,0.029026063159108162
79.69223451540998,-3.513469,0.6157413,0,24.14451789855957,1.2916927337646484,-2.5946807861328125,-2.9871444702148438,-0.585474967956543,0.0026506741996854544,-0.9260493516921997,-0.0778585746884346,0.04107877239584923
79.69223451540998,-3.513469,0.6157413,0,24.09550666809082,1.2831727266311646,-2.594329833984375,-3.0026121139526367,-0.5861802101135254,0.003406213829293847,-0.9071133732795715,-0.07807442545890808,0.03207102045416832
79.69223451540998,-3.513469,0.6157413,0,24.070932388305664,1.2788859605789185,-2.594146728515625,-3.0103907585144043,-0.5865549445152283,0.002376066753640771,-0.9229952096939087,-0.07775777578353882,-0.13287411630153656
79.69223451540998,-3.513469,0.6157413,0,24.04630470275879,1.2745850086212158,-2.593994140625,-3.0182318687438965,-0.5869187712669373,0.000769216101616621,-0.932035505771637,-0.07539241760969162,-0.204874187707901
79.69223451540998,-3.513469,0.6157413,0,24.021564483642578,1.2702946662902832,-2.593841552734375,-3.0260772705078125,-0.5872345566749573,-0.000696529692504555,-0.9276033639907837,-0.07147549837827682,-0.18764612078666687
79.89223451540968,-3.589058,0.58443135,0,23.99677276611328,1.2659907341003418,-2.5937042236328125,-3.0338869094848633,-0.5874897241592407,-0.0020463464315980673,-0.9244565963745117,-0.0628724992275238,-0.17306207120418549
79.89223451540968,-3.589058,0.58443135,0,23.947036743164062,1.2573440074920654,-2.593475341796875,-3.049489736557007,-0.5880132913589478,-0.004733112640678883,-0.929790198802948,-0.0599995031952858,-0.17228396236896515
79.89223451540968,-3.589058,0.58443135,0,23.922088623046875,1.2530018091201782,-2.5933837890625,-3.057360887527466,-0.5882213711738586,-0.005857375916093588,-0.9358314871788025,-0.05408500134944916,-0.1446148306131363
79.89223451540968,-3.589058,0.58443135,0,23.897035598754883,1.2486870288848877,-2.5932769775390625,-3.065315008163452,-0.5883450508117676,-0.006750000175088644,-0.9414037466049194,-0.046861667186021805,-0.11597759276628494
79.89223451540968,-3.589058,0.58443135,0,23.871929168701172,1.2443606853485107,-2.5931854248046875,-3.0732874870300293,-0.5884345769882202,-0.007368175312876701,-0.9449203014373779,-0.0415780171751976,-0.08158943802118301
79.89223451540968,-3.589058,0.58443135,0,23.821571350097656,1.2356630563735962,-2.5930328369140625,-3.0893890857696533,-0.5887421369552612,-0.007606122177094221,-0.9603652358055115,-0.04953937977552414,-0.0015269032446667552
79.89223451540968,-3.589058,0.58443135,0,23.7962646484375,1.231337308883667,-2.59295654296875,-3.0974724292755127,-0.5889148712158203,-0.007347396109253168,-0.9576717019081116,-0.052581753581762314,0.029027460142970085
79.89223451540968,-3.589058,0.58443135,0,23.770904541015625,1.2269996404647827,-2.5928802490234375,-3.1055691242218018,-0.589029848575592,-0.006867788732051849,-0.960587739944458,-0.044361140578985214,0.056690532714128494
79.89223451540968,-3.589058,0.58443135,0,23.720020294189453,1.218290090560913,-2.59271240234375,-3.1218044757843018,-0.5892646908760071,-0.005843437742441893,-0.9698994159698486,-0.04409463703632355,0.040564216673374176
79.89223451540968,-3.589058,0.58443135,0,23.694456100463867,1.21395742893219,-2.5926361083984375,-3.130089282989502,-0.5893635749816895,-0.005892024841159582,-0.982951283454895,-0.04361014440655708,-0.008627771399915218
80.29223451540938,-3.7316391,0.52537227,0,23.668834686279297,1.20961332321167,-2.592559814453125,-3.1384027004241943,-0.5894372463226318,-0.005939938593655825,-0.9877604246139526,-0.039447057992219925,-0.00850995909422636
80.29223451540938,-3.7316391,0.52537227,0,23.643157958984375,1.2052580118179321,-2.59246826171875,-3.1466822624206543,-0.5895193219184875,-0.005834368988871574,-0.9847456216812134,-0.039513975381851196,0.010589602403342724
80.29223451540938,-3.7316391,0.52537227,0,23.617433547973633,1.2008872032165527,-2.5923919677734375,-3.1548845767974854,-0.5896317958831787,-0.005616647191345692,-0.9766008853912354,-0.041510384529829025,0.024654900655150414
80.29223451540938,-3.7316391,0.52537227,0,23.56571388244629,1.192177176475525,-2.5922088623046875,-3.171306610107422,-0.5897875428199768,-0.005194529425352812,-0.9782511591911316,-0.03953572362661362,0.031334344297647476
80.29223451540938,-3.7316391,0.52537227,0,23.539772033691406,1.1878057718276978,-2.5921173095703125,-3.179490089416504,-0.5898601412773132,-0.004868068266659975,-0.9719598293304443,-0.036688368767499924,0.03852275758981705
80.29223451540938,-3.7316391,0.52537227,0,23.513774871826172,1.1834235191345215,-2.592041015625,-3.187577247619629,-0.5899471044540405,-0.00436452217400074,-0.9612651467323303,-0.03757306560873985,0.060698945075273514
80.29223451540938,-3.7316391,0.52537227,0,23.461484909057617,1.174680233001709,-2.5918121337890625,-3.203887939453125,-0.5900732278823853,-0.0037477859295904636,-0.9687111377716064,-0.03710221126675606,-0.0164289940148592
80.29223451540938,-3.7316391,0.52537227,0,23.435258865356445,1.170292615890503,-2.591705322265625,-3.212207317352295,-0.5901486277580261,-0.004982381593436003,-0.9872520565986633,-0.03572636470198631,-0.15699723362922668
80.29223451540938,-3.7316391,0.52537227,0,23.40898323059082,1.165890097618103,-2.59161376953125,-3.2205963134765625,-0.5902200937271118,-0.006326825823634863,-0.9977110028266907,-0.033468637615442276,-0.17066484689712524
80.29223451540938,-3.7316391,0.52537227,0,23.382572174072266,1.1614800691604614,-2.5915069580078125,-3.229041814804077,-0.5902934074401855,-0.007524631917476654,-0.9978898167610168,-0.03263883292675018,-0.15336646139621735
80.59223451540907,-3.834172,0.48290178,0,23.356107711791992,1.1570602655410767,-2.5914154052734375,-3.237398624420166,-0.5903719067573547,-0.008700077421963215,-0.9883629679679871,-0.03250618651509285,-0.15048867464065552
80.59223451540907,-3.834172,0.48290178,0,23.30301284790039,1.1481910943984985,-2.591278076171875,-3.2542548179626465,-0.5905930399894714,-0.010856659151613712,-1.002315878868103,-0.03488047420978546,-0.13346131145954132
80.59223451540907,-3.834172,0.48290178,0,23.27631187438965,1.1437420845031738,-2.5912017822265625,-3.262897253036499,-0.5906806588172913,-0.011614090763032436,-1.0209702253341675,-0.03086172230541706,-0.09913834929466248
80.59223451540907,-3.834172,0.48290178,0,23.249555587768555,1.1392840147018433,-2.5911102294921875,-3.2715117931365967,-0.5907598733901978,-0.012095844373106956,-1.0190393924713135,-0.02912788651883602,-0.06495369225740433
80.59223451540907,-3.834172,0.48290178,0,23.195873260498047,1.1303406953811646,-2.590972900390625,-3.2889297008514404,-0.5908858776092529,-0.012890885584056377,-1.0483710765838623,-0.021540042012929916,-0.080830879509449
80.59223451540907,-3.834172,0.48290178,0,23.168874740600586,1.1258504390716553,-2.59088134765625,-3.2980687618255615,-0.5909711122512817,-0.014049424789845943,-1.0807082653045654,-0.026531103998422623,-0.15064094960689545
80.59223451540907,-3.834172,0.48290178,0,23.141815185546875,1.121351718902588,-2.5908203125,-3.3072385787963867,-0.5910917520523071,-0.015122984535992146,-1.0861283540725708,-0.03038414940237999,-0.13988231122493744
80.59223451540907,-3.834172,0.48290178,0,23.114694595336914,1.1168441772460938,-2.59075927734375,-3.316460371017456,-0.591260552406311,-0.01597655564546585,-1.0941611528396606,-0.03583451732993126,-0.1122504398226738
80.59223451540907,-3.834172,0.48290178,0,23.060272216796875,1.1078037023544312,-2.590667724609375,-3.335193634033203,-0.5915189385414124,-0.017419327050447464,-1.1232292652130127,-0.031828753650188446,-0.09272666275501251
80.59223451540907,-3.834172,0.48290178,0,23.032888412475586,1.103257179260254,-2.590606689453125,-3.3447425365448,-0.5917013883590698,-0.017959212884306908,-1.1308015584945679,-0.03385458141565323,-0.07415562123060226
80.89223451540877,-3.9327505,0.44206926,0,23.005443572998047,1.0987024307250977,-2.5905609130859375,-3.354375123977661,-0.5918713808059692,-0.018234020099043846,-1.142849326133728,-0.03185562044382095,-0.04086363688111305
80.89223451540877,-3.9327505,0.44206926,0,22.977933883666992,1.094139575958252,-2.59051513671875,-3.364109754562378,-0.5920841693878174,-0.018201295286417007,-1.1571376323699951,-0.03675943240523338,-0.0022710298653692007
80.89223451540877,-3.9327505,0.44206926,0,22.950359344482422,1.089568853378296,-2.5904693603515625,-3.3738861083984375,-0.592239499092102,-0.017951710149645805,-1.1638518571853638,-0.029154902324080467,0.024982726201415062
80.89223451540877,-3.9327505,0.44206926,0,22.8948974609375,1.0803862810134888,-2.5903778076171875,-3.393594980239868,-0.5926557779312134,-0.01663711853325367,-1.1712684631347656,-0.03509680926799774,0.08832243829965591
80.89223451540877,-3.9327505,0.44206926,0,22.867069244384766,1.075783610343933,-2.59033203125,-3.4034228324890137,-0.5928782224655151,-0.015707628801465034,-1.1681748628616333,-0.03476335108280182,0.11038640141487122
80.89223451540877,-3.9327505,0.44206926,0,22.839176177978516,1.0711731910705566,-2.59027099609375,-3.4131951332092285,-0.5930955410003662,-0.014590765349566936,-1.1628334522247314,-0.03376688435673714,0.1338086873292923
80.89223451540877,-3.9327505,0.44206926,0,22.78304100036621,1.0619233846664429,-2.590118408203125,-3.432868003845215,-0.5936012268066406,-0.01264441292732954,-1.1710302829742432,-0.04106128215789795,0.08440762013196945
80.89223451540877,-3.9327505,0.44206926,0,22.75487518310547,1.0572870969772339,-2.5900421142578125,-3.442887306213379,-0.5938699245452881,-0.012662204913794994,-1.190351963043213,-0.03860020264983177,-0.008008907549083233
80.89223451540877,-3.9327505,0.44206926,0,22.72664451599121,1.0526435375213623,-2.5899658203125,-3.4528536796569824,-0.5941148400306702,-0.012862536124885082,-1.1854405403137207,-0.035338882356882095,-0.030680092051625252
81.19223451540847,-4.0265565,0.4032136,0,22.698265075683594,1.0480027198791504,-2.5898895263671875,-3.4628090858459473,-0.5943158268928528,-0.012874680571258068,-1.1763238906860352,-0.030563589185476303,-0.008022877387702465
81.19223451540847,-4.0265565,0.4032136,0,22.64132308959961,1.0386905670166016,-2.5897369384765625,-3.4824118614196777,-0.5947180986404419,-0.012860347516834736,-1.1596877574920654,-0.029866898432374,-0.0014067626325413585
81.19223451540847,-4.0265565,0.4032136,0,22.61275863647461,1.034024715423584,-2.5896759033203125,-3.492084264755249,-0.5948992371559143,-0.01275688223540783,-1.1465504169464111,-0.026200102642178535,0.007225665729492903
81.19223451540847,-4.0265565,0.4032136,0,22.584033966064453,1.029357671737671,-2.5896148681640625,-3.5017569065093994,-0.5950849056243896,-0.01254038792103529,-1.1373028755187988,-0.027384106069803238,0.0207009706646204
81.19223451540847,-4.0265565,0.4032136,0,22.555246353149414,1.0246843099594116,-2.58953857421875,-3.511397123336792,-0.595291793346405,-0.012122170068323612,-1.135268211364746,-0.029752731323242188,0.04608183726668358
81.19223451540847,-4.0265565,0.4032136,0,22.49748992919922,1.0153201818466187,-2.5894012451171875,-3.5303902626037598,-0.5954810380935669,-0.010655398480594158,-1.1167376041412354,-0.011626004241406918,0.09967246651649475
81.19223451540847,-4.0265565,0.4032136,0,22.468433380126953,1.0106215476989746,-2.5893096923828125,-3.539999485015869,-0.5956472754478455,-0.010377290658652782,-1.1271734237670898,-0.02323090471327305,0.02746702916920185
81.19223451540847,-4.0265565,0.4032136,0,22.43932342529297,1.0059113502502441,-2.5892181396484375,-3.5495636463165283,-0.595748782157898,-0.010742465034127235,-1.1237750053405762,-0.013664258643984795,-0.05276593938469887
81.19223451540847,-4.0265565,0.4032136,0,22.410154342651367,1.0011965036392212,-2.5891571044921875,-3.5590505599975586,-0.5958536267280579,-0.01117938943207264,-1.1160852909088135,-0.013892829418182373,-0.06129452586174011
81.19223451540847,-4.0265565,0.4032136,0,22.35154914855957,0.9917486906051636,-2.5890045166015625,-3.577848196029663,-0.5960531830787659,-0.01165792252868414,-1.0970913171768188,-0.010902698151767254,-0.02732500247657299
81.59223451540817,-4.1439342,0.35459402,0,22.322114944458008,0.9870161414146423,-2.5889434814453125,-3.5872294902801514,-0.5961460471153259,-0.011848676949739456,-1.0990314483642578,-0.01163732260465622,-0.03131106123328209
81.59223451540817,-4.1439342,0.35459402,0,22.29262351989746,0.9822797179222107,-2.5888671875,-3.5965144634246826,-0.596177339553833,-0.01195805985480547,-1.0889004468917847,-0.003774721175432205,-0.020963603630661964
81.59223451540817,-4.1439342,0.35459402,0,22.26307487487793,0.9775396585464478,-2.58880615234375,-3.605681896209717,-0.5961571931838989,-0.011820225045084953,-1.0760141611099243,0.002816162770614028,0.01010624598711729
81.59223451540817,-4.1439342,0.35459402,0,22.20363426208496,0.9680049419403076,-2.588653564453125,-3.6239218711853027,-0.5960577130317688,-0.010966120287775993,-1.057474136352539,0.012205996550619602,0.058346424251794815
81.59223451540817,-4.1439342,0.35459402,0,22.17383575439453,0.9632278680801392,-2.5885772705078125,-3.63313889503479,-0.5960598587989807,-0.011134610511362553,-1.0787506103515625,0.004107448738068342,-0.028864478692412376
81.59223451540817,-4.1439342,0.35459402,0,22.143980026245117,0.9584484696388245,-2.5885009765625,-3.6425018310546875,-0.596015453338623,-0.012301193550229073,-1.098873496055603,0.00998716987669468,-0.1534423679113388
81.59223451540817,-4.1439342,0.35459402,0,22.11406707763672,0.9536669850349426,-2.58843994140625,-3.6518516540527344,-0.5959429740905762,-0.01362686324864626,-1.0990937948226929,0.013566569425165653,-0.1731468290090561
81.59223451540817,-4.1439342,0.35459402,0,22.053916931152344,0.9440328478813171,-2.5883331298828125,-3.6707193851470947,-0.5957851409912109,-0.015769094228744507,-1.1031370162963867,0.019081560894846916,-0.13689929246902466
81.59223451540817,-4.1439342,0.35459402,0,22.023754119873047,0.9392144083976746,-2.588287353515625,-3.680109977722168,-0.5957005023956299,-0.016727350652217865,-1.10126531124115,0.019014902412891388,-0.1278333216905594
81.59223451540817,-4.1439342,0.35459402,0,21.993532180786133,0.9343951344490051,-2.5882720947265625,-3.6895549297332764,-0.59559166431427,-0.01755131408572197,-1.109896183013916,0.021995509043335915,-0.1108548566699028
81.99223451540786,-4.252746,0.30952275,0,21.96318244934082,0.9295483231544495,-2.588226318359375,-3.6990506649017334,-0.5955040454864502,-0.018170945346355438,-1.1097958087921143,0.022512149065732956,-0.08649332076311111
81.99223451540786,-4.252746,0.30952275,0,21.902313232421875,0.9198489785194397,-2.5881805419921875,-3.718057870864868,-0.5952268838882446,-0.018470223993062973,-1.1142878532409668,0.030842535197734833,-0.008147208951413631
81.99223451540786,-4.252746,0.30952275,0,21.87179183959961,0.9149971604347229,-2.588165283203125,-3.72757887840271,-0.5950137376785278,-0.018085777759552002,-1.1187410354614258,0.03905138000845909,0.039631497114896774
81.99223451540786,-4.252746,0.30952275,0,21.841142654418945,0.9101181030273438,-2.5881195068359375,-3.737147331237793,-0.5948388576507568,-0.017448831349611282,-1.1182926893234253,0.03728635609149933,0.07060355693101883
81.99223451540786,-4.252746,0.30952275,0,21.810436248779297,0.9052403569221497,-2.5880889892578125,-3.7466647624969482,-0.594645082950592,-0.01655377633869648,-1.1139236688613892,0.03943473473191261,0.10308762639760971
81.99223451540786,-4.252746,0.30952275,0,21.74884605407715,0.8954890370368958,-2.5879974365234375,-3.765406847000122,-0.5942418575286865,-0.014199894852936268,-1.0899206399917603,0.04347815737128258,0.14848586916923523
81.99223451540786,-4.252746,0.30952275,0,21.7179012298584,0.8906046152114868,-2.58795166015625,-3.774876594543457,-0.5939881205558777,-0.013693135231733322,-1.1064852476119995,0.04705758020281792,0.05458388105034828
81.99223451540786,-4.252746,0.30952275,0,21.68689727783203,0.8857223391532898,-2.587890625,-3.7844412326812744,-0.5937488079071045,-0.014242884702980518,-1.1203480958938599,0.0450262576341629,-0.0772625133395195
81.99223451540786,-4.252746,0.30952275,0,21.655832290649414,0.8808421492576599,-2.587860107421875,-3.794032096862793,-0.5934613943099976,-0.015018938109278679,-1.1255791187286377,0.05082736909389496,-0.10534049570560455
82.29223451540756,-4.329485,0.27773646,0,21.593467712402344,0.8710685968399048,-2.5877838134765625,-3.813112497329712,-0.5929043292999268,-0.01609140820801258,-1.1155208349227905,0.04720015451312065,-0.06921728700399399
82.29223451540756,-4.329485,0.27773646,0,21.562162399291992,0.8661808371543884,-2.5877532958984375,-3.8225972652435303,-0.5926395058631897,-0.016498757526278496,-1.11000657081604,0.04904765635728836,-0.05930894613265991
82.29223451540756,-4.329485,0.27773646,0,21.530797958374023,0.8612958192825317,-2.587738037109375,-3.832084894180298,-0.5923388004302979,-0.016856513917446136,-1.1123201847076416,0.05328705906867981,-0.0529000498354435
82.29223451540756,-4.329485,0.27773646,0,21.499372482299805,0.8564133644104004,-2.5877227783203125,-3.8415329456329346,-0.5920911431312561,-0.01707059144973755,-1.1093469858169556,0.04641943424940109,-0.0346871055662632
82.29223451540756,-4.329485,0.27773646,0,21.43622589111328,0.8466489911079407,-2.587646484375,-3.860327959060669,-0.5914261341094971,-0.016606587916612625,-1.0966202020645142,0.0528021976351738,0.040679700672626495
82.29223451540756,-4.329485,0.27773646,0,21.404563903808594,0.8417711853981018,-2.587615966796875,-3.869640588760376,-0.5911539793014526,-0.01595645770430565,-1.0912634134292603,0.04904618114233017,0.07279495894908905
82.29223451540756,-4.329485,0.27773646,0,21.37285041809082,0.8368903994560242,-2.58758544921875,-3.878878116607666,-0.5907789468765259,-0.015099826268851757,-1.0838768482208252,0.06297263503074646,0.09880586713552475
82.29223451540756,-4.329485,0.27773646,0,21.341018676757812,0.8320197463035583,-2.5875091552734375,-3.888054847717285,-0.5904262661933899,-0.014064534567296505,-1.0709834098815918,0.05872977152466774,0.1197354793548584
82.29223451540756,-4.329485,0.27773646,0,21.277185440063477,0.8222890496253967,-2.587371826171875,-3.9064862728118896,-0.5896117091178894,-0.013523060828447342,-1.0796899795532227,0.06715654581785202,-0.006858724635094404
82.29223451540756,-4.329485,0.27773646,0,21.24518394470215,0.8174296021461487,-2.5872955322265625,-3.9156322479248047,-0.589156985282898,-0.01367228664457798,-1.0730797052383423,0.07083844393491745,-0.027773434296250343
82.69223451540725,-4.421118,0.23978077,0,21.213062286376953,0.8125801682472229,-2.5872039794921875,-3.9247324466705322,-0.588655948638916,-0.013639591634273529,-1.061682939529419,0.07549479603767395,-0.0059599983505904675
82.69223451540725,-4.421118,0.23978077,0,21.180883407592773,0.8077352046966553,-2.587127685546875,-3.9337825775146484,-0.5881294012069702,-0.013526761904358864,-1.0573869943618774,0.07850094139575958,0.004310626070946455
82.69223451540725,-4.421118,0.23978077,0,21.116361618041992,0.7980595231056213,-2.58697509765625,-3.9516971111297607,-0.5870444178581238,-0.013170270249247551,-1.0389761924743652,0.08196648210287094,0.01394795160740614
82.69223451540725,-4.421118,0.23978077,0,21.08402442932129,0.793222963809967,-2.5868988037109375,-3.960451602935791,-0.5864681005477905,-0.012849506922066212,-1.025847315788269,0.08551924675703049,0.030983703210949898
82.69223451540725,-4.421118,0.23978077,0,21.05158233642578,0.7884129285812378,-2.5868072509765625,-3.9691550731658936,-0.5859512090682983,-0.012311238795518875,-1.0148900747299194,0.07517175376415253,0.057042572647333145
82.69223451540725,-4.421118,0.23978077,0,21.019084930419922,0.7836073040962219,-2.5867156982421875,-3.97778058052063,-0.585374116897583,-0.01160859502851963,-1.0070915222167969,0.08257605880498886,0.07797590643167496
82.69223451540725,-4.421118,0.23978077,0,20.953935623168945,0.7740111351013184,-2.5865325927734375,-3.994755744934082,-0.5841190218925476,-0.010467201471328735,-0.992997944355011,0.09226211905479431,0.01806625910103321
82.69223451540725,-4.421118,0.23978077,0,20.921234130859375,0.7692426443099976,-2.58642578125,-4.0033698081970215,-0.5834392309188843,-0.011193525977432728,-1.005310297012329,0.09204702824354172,-0.10156630724668503
82.69223451540725,-4.421118,0.23978077,0,20.888479232788086,0.7644793391227722,-2.5863189697265625,-4.011959552764893,-0.5827600955963135,-0.012058629654347897,-1.0041643381118774,0.09192786365747452,-0.1186281368136406
82.69223451540725,-4.421118,0.23978077,0,20.85567283630371,0.7597213983535767,-2.5862274169921875,-4.020450592041016,-0.582068920135498,-0.012698153033852577,-0.9936829209327698,0.09338060021400452,-0.09015434980392456
83.09223451540694,-4.5068774,0.20425804,0,20.789838790893555,0.7502443194389343,-2.5860595703125,-4.037223815917969,-0.5804552435874939,-0.013746323063969612,-0.9697816371917725,0.10963616520166397,-0.06927549093961716
83.09223451540694,-4.5068774,0.20425804,0,20.75681495666504,0.745525598526001,-2.585968017578125,-4.0456037521362305,-0.5796067118644714,-0.014120707288384438,-0.9772574305534363,0.11096839606761932,-0.05811871588230133
83.09223451540694,-4.5068774,0.20425804,0,20.72374153137207,0.740813136100769,-2.58587646484375,-4.053875923156738,-0.5787796378135681,-0.014341252855956554,-0.9656020402908325,0.10829661786556244,-0.0385981947183609
83.09223451540694,-4.5068774,0.20425804,0,20.690616607666016,0.7361071705818176,-2.5858001708984375,-4.062112331390381,-0.5778893232345581,-0.014374738559126854,-0.9628413915634155,0.11621406674385071,-0.014934687875211239
83.09223451540694,-4.5068774,0.20425804,0,20.62407684326172,0.726753294467926,-2.585601806640625,-4.078457355499268,-0.5761390924453735,-0.013421423733234406,-0.9404071569442749,0.11551573127508163,0.061126887798309326
83.09223451540694,-4.5068774,0.20425804,0,20.59073257446289,0.7220860123634338,-2.58551025390625,-4.0867156982421875,-0.5752282738685608,-0.01345294713973999,-0.9629988074302673,0.11683761328458786,-0.014986841939389706
83.09223451540694,-4.5068774,0.20425804,0,20.55733871459961,0.717425525188446,-2.5854339599609375,-4.095083236694336,-0.574267566204071,-0.01427958719432354,-0.9784033298492432,0.12312380224466324,-0.11408747732639313
83.09223451540694,-4.5068774,0.20425804,0,20.523801803588867,0.7127907872200012,-2.5853424072265625,-4.103542327880859,-0.5733187198638916,-0.015223286114633083,-0.9820883274078369,0.11975675076246262,-0.12981145083904266
83.09223451540694,-4.5068774,0.20425804,0,20.456588745117188,0.7035312056541443,-2.5851898193359375,-4.120494365692139,-0.5713114142417908,-0.016565654426813126,-0.9899473190307617,0.12488412111997604,-0.09102141112089157
83.09223451540694,-4.5068774,0.20425804,0,20.42290496826172,0.6989119648933411,-2.5851287841796875,-4.128984451293945,-0.5703245997428894,-0.01713894121348858,-0.9915933012962341,0.12594887614250183,-0.08263438194990158
83.49223451540664,-4.5847716,0.17199327,0,20.38907814025879,0.694314181804657,-2.585052490234375,-4.137485504150391,-0.5693886280059814,-0.01759456656873226,-0.9851878881454468,0.11783468723297119,-0.06919446587562561
83.49223451540664,-4.5847716,0.17199327,0,20.355201721191406,0.6897233128547668,-2.584991455078125,-4.14595365524292,-0.5683138966560364,-0.01785138249397278,-0.982955276966095,0.13528242707252502,-0.044026874005794525
83.49223451540664,-4.5847716,0.17199327,0,20.28729820251465,0.6805644631385803,-2.584869384765625,-4.162919521331787,-0.5661592483520508,-0.017637109383940697,-0.9885858297348022,0.13867907226085663,0.021618789061903954
83.49223451540664,-4.5847716,0.17199327,0,20.253177642822266,0.6760027408599854,-2.5847930908203125,-4.171411037445068,-0.565043568611145,-0.01704961061477661,-0.981347918510437,0.1394764631986618,0.06094341725111008
83.49223451540664,-4.5847716,0.17199327,0,20.219011306762695,0.6714438796043396,-2.584716796875,-4.179869651794434,-0.5639325380325317,-0.01625831238925457,-0.9792688488960266,0.14016246795654297,0.08671450614929199
83.49223451540664,-4.5847716,0.17199327,0,20.184795379638672,0.6668927073478699,-2.584625244140625,-4.188292980194092,-0.5629199743270874,-0.015253279358148575,-0.9769007563591003,0.1279398649930954,0.11375825107097626
83.49223451540664,-4.5847716,0.17199327,0,20.116125106811523,0.6577982902526855,-2.5844268798828125,-4.204901695251465,-0.5608553886413574,-0.012744457460939884,-0.956613302230835,0.13277992606163025,0.15058600902557373
83.49223451540664,-4.5847716,0.17199327,0,20.08167266845703,0.6532556414604187,-2.5843048095703125,-4.213189601898193,-0.5598340630531311,-0.012122872285544872,-0.9565948843955994,0.13036663830280304,0.0651441439986229
83.49223451540664,-4.5847716,0.17199327,0,20.04717254638672,0.6487211585044861,-2.5841827392578125,-4.221585273742676,-0.5587466955184937,-0.012412510812282562,-0.9722137451171875,0.1386593133211136,-0.04842085391283035
83.49223451540664,-4.5847716,0.17199327,0,20.012622833251953,0.644195020198822,-2.584075927734375,-4.229830741882324,-0.5576494336128235,-0.012840417213737965,-0.9554969668388367,0.13992419838905334,-0.06522610038518906
83.99223451540632,-4.670689,0.13643877,0,19.943296432495117,0.6351357698440552,-2.5838623046875,-4.246075630187988,-0.5554771423339844,-0.013324001803994179,-0.9332559704780579,0.14147105813026428,-0.03870948776602745
83.99223451540632,-4.670689,0.13643877,0,19.908523559570312,0.6305978298187256,-2.583740234375,-4.254035472869873,-0.5544033646583557,-0.013477190397679806,-0.9160143733024597,0.14152896404266357,-0.031363215297460556
83.99223451540632,-4.670689,0.13643877,0,19.873706817626953,0.626069188117981,-2.583648681640625,-4.261944770812988,-0.5532840490341187,-0.01355316024273634,-0.9118165969848633,0.1471303552389145,-0.02138269878923893
83.99223451540632,-4.670689,0.13643877,0,19.838842391967773,0.6215500235557556,-2.5835418701171875,-4.269771099090576,-0.5521461367607117,-0.013485388830304146,-0.9035636186599731,0.1493769884109497,-0.003091990714892745
83.99223451540632,-4.670689,0.13643877,0,19.768850326538086,0.6124966144561768,-2.5833282470703125,-4.28548002243042,-0.549777090549469,-0.01372547447681427,-0.9126858115196228,0.15348730981349945,-0.0710049569606781
83.99223451540632,-4.670689,0.13643877,0,19.73378562927246,0.6079853177070618,-2.583251953125,-4.29349422454834,-0.5486346483230591,-0.015278513543307781,-0.9260432124137878,0.15186114609241486,-0.20506884157657623
83.99223451540632,-4.670689,0.13643877,0,19.69867515563965,0.6034841537475586,-2.5831756591796875,-4.301583290100098,-0.5474405884742737,-0.016992779448628426,-0.9374517798423767,0.15817292034626007,-0.2249222993850708
83.99223451540632,-4.670689,0.13643877,0,19.6634464263916,0.5989640951156616,-2.583099365234375,-4.309696197509766,-0.5462400913238525,-0.018435148522257805,-0.9351953268051147,0.16163313388824463,-0.1917034238576889
83.99223451540632,-4.670689,0.13643877,0,19.592853546142578,0.5899508595466614,-2.5830078125,-4.3258585929870605,-0.5439027547836304,-0.02095695398747921,-0.9425839781761169,0.1621684432029724,-0.16538378596305847
83.99223451540632,-4.670689,0.13643877,0,19.55748748779297,0.5854578614234924,-2.582977294921875,-4.334101676940918,-0.5427195429801941,-0.02209634520113468,-0.9573529958724976,0.16007012128829956,-0.15297996997833252
84.39223451540602,-4.731808,0.1112929,0,19.522010803222656,0.5809586048126221,-2.58294677734375,-4.342433929443359,-0.5415374040603638,-0.022916609421372414,-0.9638980031013489,0.16130338609218597,-0.11345091462135315
84.39223451540602,-4.731808,0.1112929,0,19.486486434936523,0.5764707326889038,-2.58294677734375,-4.350766181945801,-0.5403754115104675,-0.02335318736732006,-0.9658932089805603,0.15851840376853943,-0.06471852958202362
84.39223451540602,-4.731808,0.1112929,0,19.415292739868164,0.5675283074378967,-2.5829620361328125,-4.367481708526611,-0.5379935503005981,-0.02322014607489109,-0.9709981083869934,0.16388417780399323,0.02106930874288082
84.39223451540602,-4.731808,0.1112929,0,19.37954330444336,0.5630497336387634,-2.582977294921875,-4.3759002685546875,-0.5368380546569824,-0.0226421058177948,-0.9744755625724792,0.15928024053573608,0.06271525472402573
84.39223451540602,-4.731808,0.1112929,0,19.343748092651367,0.5585827231407166,-2.582977294921875,-4.384364604949951,-0.5356805920600891,-0.021735258400440216,-0.9822016954421997,0.15924975275993347,0.10406085848808289
84.39223451540602,-4.731808,0.1112929,0,19.30790138244629,0.5541271567344666,-2.5829925537109375,-4.392694473266602,-0.5344932675361633,-0.020641593262553215,-0.9673989415168762,0.1627083271741867,0.12765498459339142
84.39223451540602,-4.731808,0.1112929,0,19.23597526550293,0.5452163219451904,-2.582977294921875,-4.409224033355713,-0.5320549607276917,-0.01781318336725235,-0.9523305892944336,0.1712719351053238,0.18074502050876617
84.39223451540602,-4.731808,0.1112929,0,19.19989585876465,0.5407669544219971,-2.5829620361328125,-4.417321681976318,-0.5308555364608765,-0.016273746266961098,-0.9345129728317261,0.16717229783535004,0.18423888087272644
84.39223451540602,-4.731808,0.1112929,0,19.163768768310547,0.5363297462463379,-2.58294677734375,-4.42549991607666,-0.529654324054718,-0.015436864458024502,-0.9466648697853088,0.16705796122550964,0.09663356095552444
84.39223451540602,-4.731808,0.1112929,0,19.127593994140625,0.531904935836792,-2.5829315185546875,-4.4336838722229,-0.528380811214447,-0.015407063066959381,-0.9493659734725952,0.17574933171272278,-0.004044267814606428
84.79223451540571,-4.786146,0.08915652,0,19.05489730834961,0.5230423212051392,-2.582916259765625,-4.449962615966797,-0.5259268283843994,-0.015595154836773872,-0.9283672571182251,0.1727093905210495,-0.008072703145444393
84.79223451540571,-4.786146,0.08915652,0,19.01848030090332,0.5186300277709961,-2.582916259765625,-4.457871913909912,-0.5246877670288086,-0.015503519214689732,-0.9105014801025391,0.1733308732509613,0.004172790329903364
84.79223451540571,-4.786146,0.08915652,0,18.982023239135742,0.5142254829406738,-2.582916259765625,-4.4656548500061035,-0.5234116315841675,-0.015440637245774269,-0.8965073823928833,0.17869824171066284,0.0007310881628654897
84.79223451540571,-4.786146,0.08915652,0,18.945423126220703,0.5098006725311279,-2.582916259765625,-4.473428249359131,-0.5221956372261047,-0.015293192118406296,-0.8873382210731506,0.17481179535388947,0.010393093340098858
84.79223451540571,-4.786146,0.08915652,0,18.872098922729492,0.5009912848472595,-2.5829010009765625,-4.488747596740723,-0.5196450352668762,-0.01510454248636961,-0.8782011270523071,0.1829519271850586,-0.02780277095735073
84.79223451540571,-4.786146,0.08915652,0,18.83537483215332,0.4966069161891937,-2.582916259765625,-4.496421813964844,-0.5183725357055664,-0.015890218317508698,-0.8819131851196289,0.18044081330299377,-0.10559055209159851
84.79223451540571,-4.786146,0.08915652,0,18.798608779907227,0.4922358989715576,-2.582916259765625,-4.504120826721191,-0.517087459564209,-0.016682017594575882,-0.8871984481811523,0.18155844509601593,-0.10615074634552002
84.79223451540571,-4.786146,0.08915652,0,18.761716842651367,0.487860769033432,-2.5829315185546875,-4.511809349060059,-0.5158228278160095,-0.017282629385590553,-0.8786515593528748,0.1812085658311844,-0.08315825462341309
84.79223451540571,-4.786146,0.08915652,0,18.687808990478516,0.47915199398994446,-2.582977294921875,-4.526994228363037,-0.5131657123565674,-0.01809430681169033,-0.8651944398880005,0.1887451857328415,-0.056346409022808075
84.79223451540571,-4.786146,0.08915652,0,18.650794982910156,0.47481265664100647,-2.5830078125,-4.534525394439697,-0.5118707418441772,-0.018366578966379166,-0.8652040362358093,0.18472230434417725,-0.0417870432138443
85.2922345154054,-4.8447547,0.06564081,0,18.61366844177246,0.47046858072280884,-2.5830078125,-4.542148590087891,-0.5105642676353455,-0.018442802131175995,-0.870710551738739,0.18874764442443848,-0.01884531043469906
85.2922345154054,-4.8447547,0.06564081,0,18.576501846313477,0.4661386013031006,-2.5830230712890625,-4.549757957458496,-0.5092285871505737,-0.018261419609189034,-0.8711778521537781,0.19183850288391113,0.013598705641925335
85.2922345154054,-4.8447547,0.06564081,0,18.502046585083008,0.45752137899398804,-2.583038330078125,-4.564647674560547,-0.5065155029296875,-0.01707622781395912,-0.8503514528274536,0.19418101012706757,0.08036428689956665
85.2922345154054,-4.8447547,0.06564081,0,18.464679718017578,0.4532014727592468,-2.583038330078125,-4.572049140930176,-0.505195140838623,-0.01612534373998642,-0.8428338170051575,0.19337977468967438,0.10945740342140198
85.2922345154054,-4.8447547,0.06564081,0,18.427274703979492,0.44889625906944275,-2.583038330078125,-4.579338073730469,-0.5038155913352966,-0.014956732280552387,-0.8308553099632263,0.2001524716615677,0.13691185414791107
85.2922345154054,-4.8447547,0.06564081,0,18.389829635620117,0.44460591673851013,-2.5830078125,-4.586570739746094,-0.5024006962776184,-0.013639943674206734,-0.8258218169212341,0.20396478474140167,0.15544657409191132
85.2922345154054,-4.8447547,0.06564081,0,18.314760208129883,0.43604621291160583,-2.58294677734375,-4.601264476776123,-0.49962201714515686,-0.013871653936803341,-0.8471408486366272,0.20654596388339996,-0.09227263927459717
85.2922345154054,-4.8447547,0.06564081,0,18.277132034301758,0.43177735805511475,-2.582916259765625,-4.608638763427734,-0.4981677830219269,-0.014656600542366505,-0.8417879939079285,0.21170544624328613,-0.10808417201042175
85.2922345154054,-4.8447547,0.06564081,0,18.239465713500977,0.4275241792201996,-2.5829010009765625,-4.615866661071777,-0.4966776967048645,-0.015218990854918957,-0.8255910873413086,0.21552225947380066,-0.07999920845031738
85.69223451540509,-4.885089,0.049727127,0,18.201759338378906,0.4232865571975708,-2.5828857421875,-4.623010635375977,-0.49522313475608826,-0.01568673551082611,-0.8171564936637878,0.21042390167713165,-0.06791064143180847
85.69223451540509,-4.885089,0.049727127,0,18.126070022583008,0.4148368239402771,-2.5828399658203125,-4.6372599601745605,-0.49220919609069824,-0.016532549634575844,-0.8048579096794128,0.21943315863609314,-0.058805566281080246
85.69223451540509,-4.885089,0.049727127,0,18.088171005249023,0.41063573956489563,-2.58282470703125,-4.6443400382995605,-0.4907071888446808,-0.016633786261081696,-0.806437611579895,0.21685010194778442,-0.02320110611617565
85.69223451540509,-4.885089,0.049727127,0,18.050233840942383,0.406450480222702,-2.58282470703125,-4.651364326477051,-0.4891715347766876,-0.016466064378619194,-0.8015871047973633,0.220406174659729,0.01070788037031889
85.69223451540509,-4.885089,0.049727127,0,18.01218605041504,0.4022826552391052,-2.582794189453125,-4.658393859863281,-0.4875698983669281,-0.016005974262952805,-0.7965523600578308,0.229488343000412,0.045878343284130096
85.69223451540509,-4.885089,0.049727127,0,17.935985565185547,0.39398542046546936,-2.5827484130859375,-4.672562599182129,-0.4844295084476471,-0.016500456258654594,-0.8130974769592285,0.22494474053382874,-0.08238711953163147
85.69223451540509,-4.885089,0.049727127,0,17.897829055786133,0.3898608088493347,-2.582733154296875,-4.6796770095825195,-0.48282504081726074,-0.017121007665991783,-0.8134006857872009,0.2289077788591385,-0.08830194920301437
85.69223451540509,-4.885089,0.049727127,0,17.85956573486328,0.3857692778110504,-2.582733154296875,-4.686826229095459,-0.48117175698280334,-0.017428867518901825,-0.8123777508735657,0.23386652767658234,-0.0492241196334362
85.69223451540509,-4.885089,0.049727127,0,17.821266174316406,0.3816939890384674,-2.5827484130859375,-4.693892002105713,-0.4794647991657257,-0.017702311277389526,-0.8041601777076721,0.23996572196483612,-0.04437751695513725
85.69223451540509,-4.885089,0.049727127,0,17.744552612304688,0.3735925257205963,-2.582794189453125,-4.708016395568848,-0.4761245846748352,-0.01807665079832077,-0.8044934868812561,0.2300366461277008,-0.029437242075800896
86.19223451540478,-4.9271817,0.033378966,0,17.706071853637695,0.3695801794528961,-2.5828094482421875,-4.715123653411865,-0.47447672486305237,-0.0179834496229887,-0.8084254264831543,0.23039279878139496,0.0015725380508229136
86.19223451540478,-4.9271817,0.033378966,0,17.66755485534668,0.3655788004398346,-2.5828399658203125,-4.722211837768555,-0.4728011190891266,-0.017626697197556496,-0.8076855540275574,0.23431088030338287,0.03473600000143051
86.19223451540478,-4.9271817,0.033378966,0,17.62900161743164,0.3615932762622833,-2.582855224609375,-4.729226112365723,-0.47110235691070557,-0.01697573997080326,-0.8005229234695435,0.23666039109230042,0.07177143543958664
86.19223451540478,-4.9271817,0.033378966,0,17.55178451538086,0.3536701500415802,-2.5828857421875,-4.743040084838867,-0.46766623854637146,-0.015049765817821026,-0.7862927913665771,0.24008403718471527,0.1247418001294136
86.19223451540478,-4.9271817,0.033378966,0,17.513063430786133,0.3497524857521057,-2.5828857421875,-4.7498931884765625,-0.465939462184906,-0.013776261359453201,-0.7801185250282288,0.23771734535694122,0.14966073632240295
86.19223451540478,-4.9271817,0.033378966,0,17.474306106567383,0.34585025906562805,-2.5828704833984375,-4.756561279296875,-0.4642486274242401,-0.012378178536891937,-0.7590646743774414,0.23274977505207062,0.16549600660800934
86.19223451540478,-4.9271817,0.033378966,0,17.435516357421875,0.3419634699821472,-2.582855224609375,-4.763089179992676,-0.46251583099365234,-0.01085712295025587,-0.7435733079910278,0.23753301799297333,0.1811250001192093
86.19223451540478,-4.9271817,0.033378966,0,17.357778549194336,0.33425387740135193,-2.5828094482421875,-4.776250839233398,-0.4588421583175659,-0.010412932373583317,-0.7570832371711731,0.25459393858909607,-0.047180332243442535
86.19223451540478,-4.9271817,0.033378966,0,17.318832397460938,0.33042678236961365,-2.582794189453125,-4.78278923034668,-0.45699211955070496,-0.01094633899629116,-0.745055079460144,0.2512483596801758,-0.07575424015522003
86.19223451540478,-4.9271817,0.033378966,0,17.27985191345215,0.32661616802215576,-2.5827789306640625,-4.789196014404297,-0.45512282848358154,-0.011271174997091293,-0.7305132150650024,0.2532203495502472,-0.04943320155143738
86.69223451540446,-4.960455,0.02056236,0,17.240840911865234,0.3228219449520111,-2.5827789306640625,-4.7954583168029785,-0.4532485008239746,-0.011546283029019833,-0.7143592238426208,0.2534251809120178,-0.042661555111408234
86.69223451540446,-4.960455,0.02056236,0,17.162620544433594,0.3153148889541626,-2.5828094482421875,-4.807641506195068,-0.4493129253387451,-0.012013763189315796,-0.6824418306350708,0.2654406428337097,-0.033299900591373444
86.69223451540446,-4.960455,0.02056236,0,17.12346649169922,0.31158676743507385,-2.5828399658203125,-4.813540935516357,-0.4473203718662262,-0.0121062733232975,-0.6698492765426636,0.2665424942970276,-0.018989665433764458
86.69223451540446,-4.960455,0.02056236,0,17.08428382873535,0.3078759014606476,-2.582855224609375,-4.819361209869385,-0.44528332352638245,-0.011969235725700855,-0.661831796169281,0.2717258632183075,0.009912996552884579
86.69223451540446,-4.960455,0.02056236,0,17.04503631591797,0.30419862270355225,-2.5828857421875,-4.825106143951416,-0.4432201385498047,-0.011515592224895954,-0.6508603096008301,0.27407732605934143,0.049569640308618546
86.69223451540446,-4.960455,0.02056236,0,16.966461181640625,0.29689088463783264,-2.5829315185546875,-4.836304187774658,-0.43913036584854126,-0.009901776909828186,-0.6289522647857666,0.27114740014076233,0.10925763845443726
86.69223451540446,-4.960455,0.02056236,0,16.927133560180664,0.29326051473617554,-2.58294677734375,-4.841860294342041,-0.4370582699775696,-0.009796067140996456,-0.632350504398346,0.27512967586517334,0.006551853846758604
86.69223451540446,-4.960455,0.02056236,0,16.88772964477539,0.28967994451522827,-2.5829620361328125,-4.847450256347656,-0.43495485186576843,-0.010529423132538795,-0.634803295135498,0.27640360593795776,-0.09900330752134323
86.69223451540446,-4.960455,0.02056236,0,16.848299026489258,0.28611674904823303,-2.582977294921875,-4.853000164031982,-0.43278297781944275,-0.01137557253241539,-0.6315179467201233,0.2846835255622864,-0.11290190368890762
87.09223451540416,-4.980911,0.012566313,0,16.769357681274414,0.2790428400039673,-2.583038330078125,-4.863819599151611,-0.4284137189388275,-0.012351544573903084,-0.6096445322036743,0.2891094982624054,-0.05801859870553017
87.09223451540416,-4.980911,0.012566313,0,16.72978973388672,0.2755367159843445,-2.58306884765625,-4.869103908538818,-0.42625483870506287,-0.012766706757247448,-0.5989749431610107,0.2827124297618866,-0.05965958908200264
87.09223451540416,-4.980911,0.012566313,0,16.690196990966797,0.2720482051372528,-2.5830841064453125,-4.874334335327148,-0.42403435707092285,-0.013108262792229652,-0.5937626957893372,0.2901492118835449,-0.050253696739673615
87.09223451540416,-4.980911,0.012566313,0,16.65057945251465,0.2685774564743042,-2.5831146240234375,-4.879555702209473,-0.4218537211418152,-0.013243196532130241,-0.5942070484161377,0.284908652305603,-0.024374572560191154
87.09223451540416,-4.980911,0.012566313,0,16.571205139160156,0.26167434453964233,-2.583160400390625,-4.889841079711914,-0.4174133539199829,-0.012646353803575039,-0.5791475176811218,0.29130372405052185,0.0486946627497673
87.09223451540416,-4.980911,0.012566313,0,16.531450271606445,0.258246511220932,-2.583160400390625,-4.894956111907959,-0.4152393639087677,-0.011983102187514305,-0.580217719078064,0.2855018675327301,0.07494492083787918
87.09223451540416,-4.980911,0.012566313,0,16.491670608520508,0.2548370063304901,-2.5831756591796875,-4.900015830993652,-0.41294142603874207,-0.011281976476311684,-0.5749421715736389,0.3006971776485443,0.07990001887083054
87.09223451540416,-4.980911,0.012566313,0,16.451868057250977,0.2514462471008301,-2.5831756591796875,-4.905084609985352,-0.410682737827301,-0.011259359307587147,-0.5776894092559814,0.29550063610076904,-0.004697124939411879
87.09223451540416,-4.980911,0.012566313,0,16.3720703125,0.2446887344121933,-2.58319091796875,-4.915334701538086,-0.40610939264297485,-0.01173920277506113,-0.5779958963394165,0.30514562129974365,-0.034533437341451645
87.09223451540416,-4.980911,0.012566313,0,16.332138061523438,0.241338849067688,-2.58319091796875,-4.920302391052246,-0.4038112461566925,-0.011756106279790401,-0.5659658312797546,0.3021308183670044,-0.009621958248317242
87.09223451540416,-4.980911,0.012566313,0,16.29218101501465,0.23800420761108398,-2.5832061767578125,-4.9252824783325195,-0.4015296995639801,-0.011662760749459267,-0.5684491395950317,0.3004685640335083,0.004316214006394148
87.59223451540385,-4.998804,0.005089352,0,16.2522029876709,0.23468898236751556,-2.583221435546875,-4.9301652908325195,-0.3991907835006714,-0.011499134823679924,-0.5577635765075684,0.3072926700115204,0.013304407708346844
87.59223451540385,-4.998804,0.005089352,0,16.172082901000977,0.22811906039714813,-2.583251953125,-4.939967155456543,-0.3947523832321167,-0.010912633500993252,-0.555950403213501,0.2907072603702545,0.038900408893823624
87.59223451540385,-4.998804,0.005089352,0,16.131988525390625,0.2248622626066208,-2.583251953125,-4.944754600524902,-0.3924269378185272,-0.01032312773168087,-0.5470886826515198,0.3053096532821655,0.0670822262763977
87.59223451540385,-4.998804,0.005089352,0,16.091875076293945,0.22162467241287231,-2.5832672119140625,-4.9494099617004395,-0.3901567757129669,-0.009569566696882248,-0.5319713354110718,0.2980687916278839,0.08777341991662979
87.59223451540385,-4.998804,0.005089352,0,16.051679611206055,0.21840636432170868,-2.5832672119140625,-4.953962802886963,-0.3878844678401947,-0.00857026968151331,-0.5162263512611389,0.2986595332622528,0.11838319897651672
87.59223451540385,-4.998804,0.005089352,0,15.971230506896973,0.21202631294727325,-2.5832672119140625,-4.962735176086426,-0.3833234906196594,-0.006310208234935999,-0.48346200585365295,0.30278918147087097,0.143056720495224
87.59223451540385,-4.998804,0.005089352,0,15.93097972869873,0.20886173844337463,-2.583251953125,-4.967065811157227,-0.3809692859649658,-0.005816719960421324,-0.49236127734184265,0.30857881903648376,0.05565490201115608
87.59223451540385,-4.998804,0.005089352,0,15.890646934509277,0.2057182639837265,-2.5832366943359375,-4.971452713012695,-0.37867018580436707,-0.0061713275499641895,-0.49615544080734253,0.3021635413169861,-0.050568483769893646
87.59223451540385,-4.998804,0.005089352,0,15.850296020507812,0.20259422063827515,-2.5832366943359375,-4.975715160369873,-0.37629055976867676,-0.006737053859978914,-0.48213183879852295,0.3118829131126404,-0.07677869498729706
88.09223451540353,-5.0082483,1.0626445e-05,0,15.769545555114746,0.19640547037124634,-2.5832366943359375,-4.983799457550049,-0.3715643286705017,-0.007262910716235638,-0.4529036283493042,0.30568206310272217,-0.030387191101908684
88.09223451540353,-5.0082483,1.0626445e-05,0,15.729080200195312,0.1933394819498062,-2.5832366943359375,-4.987687110900879,-0.36919263005256653,-0.007416550535708666,-0.43470627069473267,0.31104576587677,-0.02522626705467701
88.09223451540353,-5.0082483,1.0626445e-05,0,15.68860149383545,0.19029365479946136,-2.583251953125,-4.991512775421143,-0.3667348623275757,-0.0076020038686692715,-0.4283759593963623,0.32146528363227844,-0.029033513739705086
88.09223451540353,-5.0082483,1.0626445e-05,0,15.64810848236084,0.18726766109466553,-2.583251953125,-4.995273590087891,-0.3643915057182312,-0.007620752323418856,-0.42174801230430603,0.30683043599128723,-0.008029862307012081
88.09223451540353,-5.0082483,1.0626445e-05,0,15.567007064819336,0.18127311766147614,-2.583282470703125,-5.002630233764648,-0.3596267104148865,-0.006970866583287716,-0.40518686175346375,0.3100038468837738,0.04820245876908302
88.09223451540353,-5.0082483,1.0626445e-05,0,15.526399612426758,0.1783042550086975,-2.583282470703125,-5.006136417388916,-0.3572789132595062,-0.006347095128148794,-0.38832640647888184,0.307899534702301,0.07240613549947739
88.09223451540353,-5.0082483,1.0626445e-05,0,15.4857816696167,0.17535500228405,-2.583282470703125,-5.009513854980469,-0.3549122214317322,-0.005501071456819773,-0.3736390471458435,0.309923380613327,0.1003490686416626
88.09223451540353,-5.0082483,1.0626445e-05,0,15.445155143737793,0.1724255234003067,-2.583282470703125,-5.012734889984131,-0.35250768065452576,-0.0044828541576862335,-0.35555145144462585,0.314323753118515,0.12213968485593796
88.09223451540353,-5.0082483,1.0626445e-05,0,15.363723754882812,0.16657795011997223,-2.5832672119140625,-5.019165992736816,-0.3477391302585602,-0.004575998988002539,-0.35194501280784607,0.3183417022228241,-0.06680655479431152
88.09223451540353,-5.0082483,1.0626445e-05,0,15.322997093200684,0.16368459165096283,-2.5832672119140625,-5.022310256958008,-0.3453550338745117,-0.005191844888031483,-0.34520092606544495,0.31449073553085327,-0.0820876955986023
88.59223451540322,-5.00993,-0.0018097874,0,15.282261848449707,0.16081169247627258,-2.583282470703125,-5.025406837463379,-0.34292227029800415,-0.00549405487254262,-0.34049898386001587,0.3201761543750763,-0.042739786207675934
88.59223451540322,-5.00993,-0.0018097874,0,15.241437911987305,0.15793751180171967,-2.583282470703125,-5.028367042541504,-0.34046587347984314,-0.005683788564056158,-0.31880491971969604,0.3258852958679199,-0.029352957382798195
88.59223451540322,-5.00993,-0.0018097874,0,15.159774780273438,0.15224744379520416,-2.583282470703125,-5.034071445465088,-0.335580438375473,-0.0060258968733251095,-0.30250856280326843,0.32039403915405273,-0.02125510759651661
88.59223451540322,-5.00993,-0.0018097874,0,15.118936538696289,0.14943388104438782,-2.58331298828125,-5.036810874938965,-0.33317846059799194,-0.00607098825275898,-0.29465505480766296,0.31822606921195984,-0.010208691470324993
88.59223451540322,-5.00993,-0.0018097874,0,15.078006744384766,0.14663271605968475,-2.5833282470703125,-5.039547443389893,-0.33074939250946045,-0.005914886947721243,-0.2888436019420624,0.32244718074798584,0.013850628398358822
88.59223451540322,-5.00993,-0.0018097874,0,15.037074089050293,0.1438525915145874,-2.583343505859375,-5.042292594909668,-0.3283444941043854,-0.005535421427339315,-0.2914406955242157,0.31897538900375366,0.041932329535484314
88.59223451540322,-5.00993,-0.0018097874,0,14.9552001953125,0.13835588097572327,-2.5833740234375,-5.047393321990967,-0.32343387603759766,-0.004082206171005964,-0.263278603553772,0.3254196345806122,0.09502982348203659
88.59223451540322,-5.00993,-0.0018097874,0,14.91425895690918,0.13563932478427887,-2.5833740234375,-5.049856185913086,-0.32101258635520935,-0.003906155936419964,-0.26029589772224426,0.3197307586669922,0.016969626769423485
88.59223451540322,-5.00993,-0.0018097874,0,14.87326431274414,0.13291524350643158,-2.5833587646484375,-5.052412509918213,-0.3185882866382599,-0.0044566611759364605,-0.2690805494785309,0.3233599066734314,-0.07479171454906464
88.59223451540322,-5.00993,-0.0018097874,0,14.832266807556152,0.13021275401115417,-2.583343505859375,-5.054869651794434,-0.31615111231803894,-0.005062720738351345,-0.2580186128616333,0.32448118925094604,-0.08199642598628998
89.09223451540291,-5.0031815,-0.0035011529,0,14.750266075134277,0.12487306445837021,-2.58331298828125,-5.059628963470459,-0.31122395396232605,-0.005578286480158567,-0.24941332638263702,0.3269198536872864,-0.0312514565885067
89.09223451540291,-5.0031815,-0.0035011529,0,14.709185600280762,0.12221460044384003,-2.583282470703125,-5.061995029449463,-0.3087386190891266,-0.005844550207257271,-0.24424336850643158,0.33194485306739807,-0.04053208604454994
89.09223451540291,-5.0031815,-0.0035011529,0,14.66810417175293,0.11957850307226181,-2.5832672119140625,-5.064300537109375,-0.30628541111946106,-0.00597397843375802,-0.23794905841350555,0.3274039030075073,-0.023220663890242577
89.09223451540291,-5.0031815,-0.0035011529,0,14.627023696899414,0.11696416139602661,-2.5832366943359375,-5.0665082931518555,-0.3038679361343384,-0.0060446434654295444,-0.2270635962486267,0.3224281072616577,-0.015674622729420662
89.09223451540291,-5.0031815,-0.0035011529,0,14.54478645324707,0.11177998781204224,-2.58319091796875,-5.071009159088135,-0.2990000247955322,-0.005454033147543669,-0.22792582213878632,0.32584720849990845,0.04611489921808243
89.09223451540291,-5.0031815,-0.0035011529,0,14.503631591796875,0.10920853167772293,-2.5831451416015625,-5.073244571685791,-0.29657676815986633,-0.004776639863848686,-0.22787334024906158,0.3249768912792206,0.07752840965986252
89.09223451540291,-5.0031815,-0.0035011529,0,14.46247673034668,0.10665939003229141,-2.583099365234375,-5.075446128845215,-0.2941169738769531,-0.004601748660206795,-0.2250349074602127,0.3289984166622162,0.014924908988177776
89.09223451540291,-5.0031815,-0.0035011529,0,14.421319961547852,0.10413255542516708,-2.58306884765625,-5.077764511108398,-0.29165178537368774,-0.0051636239513754845,-0.241118386387825,0.32914644479751587,-0.07696682214736938
89.09223451540291,-5.0031815,-0.0035011529,0,14.338885307312012,0.09910476952791214,-2.5829925537109375,-5.082381725311279,-0.2866796553134918,-0.006144951097667217,-0.23538577556610107,0.33391451835632324,-0.05173775926232338
89.09223451540291,-5.0031815,-0.0035011529,0,14.297667503356934,0.09662523120641708,-2.582977294921875,-5.084667205810547,-0.2842019498348236,-0.0064562545157969,-0.23627996444702148,0.33180779218673706,-0.04566693305969238
89.69223451540259,-4.9836254,-0.0040390664,0,14.256447792053223,0.09416859596967697,-2.58294677734375,-5.08693790435791,-0.28166672587394714,-0.006740852724760771,-0.2357940673828125,0.3384530544281006,-0.04213070124387741
89.69223451540259,-4.9836254,-0.0040390664,0,14.21515941619873,0.09172176569700241,-2.582916259765625,-5.089198589324951,-0.2791740894317627,-0.00692790886387229,-0.22996969521045685,0.33422166109085083,-0.030883120372891426
89.69223451540259,-4.9836254,-0.0040390664,0,14.173871040344238,0.08929812163114548,-2.5828704833984375,-5.091489315032959,-0.276652067899704,-0.007034153211861849,-0.23523582518100739,0.3373349905014038,-0.02056313492357731
89.69223451540259,-4.9836254,-0.0040390664,0,14.091288566589355,0.08451687544584274,-2.5828094482421875,-5.096067905426025,-0.27173131704330444,-0.006420177407562733,-0.23710885643959045,0.328723669052124,0.05134055018424988
89.69223451540259,-4.9836254,-0.0040390664,0,14.049930572509766,0.08214818686246872,-2.582763671875,-5.098398685455322,-0.26929977536201477,-0.005764157976955175,-0.23800837993621826,0.32592448592185974,0.07433024793863297
89.69223451540259,-4.9836254,-0.0040390664,0,14.00857162475586,0.07980231195688248,-2.58270263671875,-5.100645065307617,-0.2668341398239136,-0.004939657635986805,-0.22893266379833221,0.3296416699886322,0.09561655670404434
89.69223451540259,-4.9836254,-0.0040390664,0,13.92585277557373,0.075179323554039,-2.5825958251953125,-5.104955196380615,-0.26182523369789124,-0.0038183184806257486,-0.22281411290168762,0.33832263946533203,0.015119089744985104
89.69223451540259,-4.9836254,-0.0040390664,0,13.884430885314941,0.07289819419384003,-2.5825347900390625,-5.107256889343262,-0.25932300090789795,-0.004554495215415955,-0.23419499397277832,0.3328602612018585,-0.09946291893720627
89.69223451540259,-4.9836254,-0.0040390664,0,13.843008041381836,0.0706404447555542,-2.582489013671875,-5.109564304351807,-0.2567524015903473,-0.005380799528211355,-0.2364416867494583,0.3409114181995392,-0.11050793528556824
89.69223451540259,-4.9836254,-0.0040390664,0,13.801584243774414,0.06840638816356659,-2.58245849609375,-5.111781120300293,-0.254182368516922,-0.005927758757025003,-0.2266261875629425,0.3403621315956116,-0.07537565380334854
90.19223451540228,-4.9574285,-0.0036687176,0,13.71867561340332,0.06398673355579376,-2.5823974609375,-5.116125106811523,-0.24904786050319672,-0.006922729313373566,-0.22173020243644714,0.34065234661102295,-0.07160938531160355
90.19223451540228,-4.9574285,-0.0036687176,0,13.677191734313965,0.06180309131741524,-2.582366943359375,-5.1183366775512695,-0.24644216895103455,-0.007269875146448612,-0.22467917203903198,0.34514161944389343,-0.050480008125305176
90.19223451540228,-4.9574285,-0.0036687176,0,13.63570785522461,0.059643376618623734,-2.5823516845703125,-5.12050724029541,-0.24387826025485992,-0.007497576531022787,-0.2210286557674408,0.33943983912467957,-0.03534042835235596
90.19223451540228,-4.9574285,-0.0036687176,0,13.594222068786621,0.057507362216711044,-2.5823516845703125,-5.122745990753174,-0.24134470522403717,-0.0075144050642848015,-0.2309764176607132,0.3351752758026123,-0.008572823368012905
90.19223451540228,-4.9574285,-0.0036687176,0,13.552734375,0.05539489537477493,-2.58233642578125,-5.124866008758545,-0.23880420625209808,-0.007249897345900536,-0.2175612449645996,0.3355875313282013,0.02678762935101986
90.19223451540228,-4.9574285,-0.0036687176,0,13.469679832458496,0.05122678354382515,-2.5823211669921875,-5.129123210906982,-0.23374035954475403,-0.006062059197574854,-0.21632517874240875,0.3367844820022583,0.08161319047212601
90.19223451540228,-4.9574285,-0.0036687176,0,13.42814826965332,0.049176666885614395,-2.5823211669921875,-5.131299018859863,-0.23123234510421753,-0.005859242286533117,-0.22494541108608246,0.3305237293243408,0.019344964995980263
90.19223451540228,-4.9574285,-0.0036687176,0,13.386615753173828,0.04715036600828171,-2.582305908203125,-5.133520126342773,-0.2286335974931717,-0.006345981266349554,-0.2319847196340561,0.34144723415374756,-0.06666871905326843
90.19223451540228,-4.9574285,-0.0036687176,0,13.303451538085938,0.04318922385573387,-2.582305908203125,-5.138037204742432,-0.22345751523971558,-0.007092565298080444,-0.2312120497226715,0.3371364176273346,-0.04098796844482422
90.19223451540228,-4.9574285,-0.0036687176,0,13.261866569519043,0.04124431312084198,-2.582305908203125,-5.140203475952148,-0.22079810500144958,-0.007195301353931427,-0.2246941328048706,0.3459320664405823,-0.01850118674337864
90.69223451540196,-4.9218903,-0.0028881377,0,13.2202787399292,0.03932351619005203,-2.582305908203125,-5.142332553863525,-0.21816861629486084,-0.007307077292352915,-0.22128073871135712,0.3418622612953186,-0.01946324296295643
90.69223451540196,-4.9218903,-0.0028881377,0,13.178657531738281,0.03743075579404831,-2.582305908203125,-5.144476890563965,-0.2156083881855011,-0.007390466518700123,-0.22123123705387115,0.3313458561897278,-0.016026197001338005
90.69223451540196,-4.9218903,-0.0028881377,0,13.095407485961914,0.03371543064713478,-2.582305908203125,-5.1487298011779785,-0.21043626964092255,-0.007062311749905348,-0.21708568930625916,0.33234965801239014,0.025635117664933205
90.69223451540196,-4.9218903,-0.0028881377,0,13.053778648376465,0.03189173713326454,-2.582305908203125,-5.150826930999756,-0.20782575011253357,-0.006617778446525335,-0.2186286896467209,0.3369954526424408,0.05040969327092171
90.69223451540196,-4.9218903,-0.0028881377,0,13.01209831237793,0.03008352406322956,-2.582305908203125,-5.15296745300293,-0.20521607995033264,-0.006613376550376415,-0.22067567706108093,0.3367942273616791,-0.005028210114687681
90.69223451540196,-4.9218903,-0.0028881377,0,12.970416069030762,0.02829923667013645,-2.5823211669921875,-5.155206680297852,-0.20256958901882172,-0.007188329007476568,-0.23439271748065948,0.34113988280296326,-0.07712607830762863
90.69223451540196,-4.9218903,-0.0028881377,0,12.887041091918945,0.024802951142191887,-2.5823516845703125,-5.159656524658203,-0.19726882874965668,-0.007998092100024223,-0.23327864706516266,0.3360745310783386,-0.03777443990111351
90.69223451540196,-4.9218903,-0.0028881377,0,12.845290184020996,0.0230801310390234,-2.582366943359375,-5.161816120147705,-0.19467240571975708,-0.008111621253192425,-0.22330954670906067,0.33450132608413696,-0.019549855962395668
90.69223451540196,-4.9218903,-0.0028881377,0,12.803537368774414,0.021381067112088203,-2.5823974609375,-5.16398811340332,-0.19208291172981262,-0.008305501192808151,-0.22617420554161072,0.33339112997055054,-0.02943211980164051
91.19223451540165,-4.8766036,-0.001966424,0,12.761781692504883,0.01970558613538742,-2.5824127197265625,-5.166212558746338,-0.18948179483413696,-0.00835732463747263,-0.23405884206295013,0.3346071243286133,-0.011518596671521664
91.19223451540165,-4.8766036,-0.001966424,0,12.678200721740723,0.016391513869166374,-2.58245849609375,-5.170741081237793,-0.18432451784610748,-0.008003059774637222,-0.23690521717071533,0.32934898138046265,0.029236076399683952
91.19223451540165,-4.8766036,-0.001966424,0,12.63637638092041,0.014753056690096855,-2.582489013671875,-5.17291784286499,-0.18177631497383118,-0.007494127843528986,-0.22644883394241333,0.3303520977497101,0.058572735637426376
91.19223451540165,-4.8766036,-0.001966424,0,12.594549179077148,0.013138432055711746,-2.5825042724609375,-5.175093173980713,-0.17922334372997284,-0.006773118395358324,-0.2275342494249344,0.33064982295036316,0.08523277193307877
91.19223451540165,-4.8766036,-0.001966424,0,12.552719116210938,0.011547849513590336,-2.58251953125,-5.177242279052734,-0.17663133144378662,-0.0058664376847445965,-0.22548392415046692,0.33523985743522644,0.10858847945928574
91.19223451540165,-4.8766036,-0.001966424,0,12.51083755493164,0.009950604289770126,-2.58251953125,-5.179320812225342,-0.17410387098789215,-0.00489329919219017,-0.21403077244758606,0.3298380672931671,0.11667608469724655
91.19223451540165,-4.8766036,-0.001966424,0,12.468955039978027,0.00837756134569645,-2.58251953125,-5.181279182434082,-0.17157597839832306,-0.0038034042809158564,-0.20034341514110565,0.32953813672065735,0.1314212530851364
91.19223451540165,-4.8766036,-0.001966424,0,12.385189056396484,0.005303317215293646,-2.582489013671875,-5.1848249435424805,-0.16658639907836914,-0.0021223167423158884,-0.17737974226474762,0.3215637803077698,0.06694811582565308
91.19223451540165,-4.8766036,-0.001966424,0,12.343253135681152,0.0037707234732806683,-2.5824737548828125,-5.186519622802734,-0.1641375571489334,-0.0022655620705336332,-0.1663549542427063,0.3218826651573181,-0.0223075021058321
91.19223451540165,-4.8766036,-0.001966424,0,12.259382247924805,0.0007756554405204952,-2.5824737548828125,-5.189681053161621,-0.1591561883687973,-0.002546807983890176,-0.1498519480228424,0.3255191445350647,-0.007608904968947172
91.69223451540134,-4.821092,-0.0011156399,0,12.217450141906738,-0.0006858985288999975,-2.5824737548828125,-5.1910481452941895,-0.15668635070323944,-0.0024571605026721954,-0.12882466614246368,0.32345378398895264,0.007161404471844435
91.69223451540134,-4.821092,-0.0011156399,0,12.175521850585938,-0.0021235754247754812,-2.5824737548828125,-5.192198753356934,-0.15419237315654755,-0.002394992858171463,-0.102936752140522,0.3260956108570099,0.003849155968055129
91.69223451540134,-4.821092,-0.0011156399,0,12.13357162475586,-0.0035766062792390585,-2.5824737548828125,-5.193301200866699,-0.15171454846858978,-0.00233712000772357,-0.0956936776638031,0.3280344307422638,0.0030966473277658224
91.69223451540134,-4.821092,-0.0011156399,0,12.049689292907715,-0.006409788969904184,-2.58245849609375,-5.195096969604492,-0.14685457944869995,-0.0018173063872382045,-0.0650923103094101,0.3179508447647095,0.04137120768427849
91.69223451540134,-4.821092,-0.0011156399,0,12.007758140563965,-0.007790945935994387,-2.5824432373046875,-5.195786952972412,-0.14447732269763947,-0.0012598874745890498,-0.04777061566710472,0.3140953779220581,0.06538721919059753
91.69223451540134,-4.821092,-0.0011156399,0,11.965808868408203,-0.009170292876660824,-2.5823974609375,-5.196372032165527,-0.1420648843050003,-0.0005550298374146223,-0.03334920480847359,0.32081034779548645,0.08356011658906937
91.69223451540134,-4.821092,-0.0011156399,0,11.923868179321289,-0.01052597351372242,-2.5823516845703125,-5.196808338165283,-0.13972608745098114,0.0003118885215371847,-0.01595349609851837,0.3111112713813782,0.10395748168230057
91.69223451540134,-4.821092,-0.0011156399,0,11.840019226074219,-0.013166340067982674,-2.5822601318359375,-5.197309494018555,-0.13488663733005524,0.000345020234817639,0.010363174602389336,0.32016846537590027,-0.04352535679936409
91.69223451540134,-4.821092,-0.0011156399,0,11.798091888427734,-0.014470290392637253,-2.5821990966796875,-5.197452545166016,-0.13255244493484497,2.384305844316259e-06,0.018681224435567856,0.3113425076007843,-0.04756450280547142
91.69223451540134,-4.821092,-0.0011156399,0,11.756176948547363,-0.015750955790281296,-2.5821380615234375,-5.197448253631592,-0.13022391498088837,-5.124201197759248e-05,0.03606266900897026,0.31013232469558716,-0.011295544914901257
92.19223451540103,-4.7551093,-0.0004786391,0,11.714274406433105,-0.017008550465106964,-2.5820770263671875,-5.197329998016357,-0.12790387868881226,-9.352593042422086e-05,0.04935217648744583,0.30858489871025085,-0.010041519068181515
92.19223451540103,-4.7551093,-0.0004786391,0,11.63048267364502,-0.019484547898173332,-2.5819549560546875,-5.196770191192627,-0.12325432151556015,-0.0002012696349993348,0.0798945501446724,0.3090593218803406,-0.005958601366728544
92.19223451540103,-4.7551093,-0.0004786391,0,11.588593482971191,-0.020703651010990143,-2.5818939208984375,-5.196375370025635,-0.1209767609834671,-0.0001269454078283161,0.08380334079265594,0.3056432008743286,0.004361848812550306
92.19223451540103,-4.7551093,-0.0004786391,0,11.546719551086426,-0.021899867802858353,-2.581817626953125,-5.195876121520996,-0.11871161311864853,0.00010769570508273318,0.09606018662452698,0.3035530149936676,0.02454872988164425
92.19223451540103,-4.7551093,-0.0004786391,0,11.504862785339355,-0.02307325229048729,-2.581756591796875,-5.195218086242676,-0.11644551157951355,0.0005522356950677931,0.11500459164381027,0.30314889550209045,0.05092983692884445
92.19223451540103,-4.7551093,-0.0004786391,0,11.462980270385742,-0.02424873225390911,-2.5816802978515625,-5.194513320922852,-0.11416298151016235,0.0011382477823644876,0.1230652779340744,0.3079785108566284,0.06817653030157089
92.19223451540103,-4.7551093,-0.0004786391,0,11.37926959991455,-0.026530729606747627,-2.581512451171875,-5.192866325378418,-0.10965961217880249,0.002062283456325531,0.140012726187706,0.3041945695877075,0.020506789907813072
92.19223451540103,-4.7551093,-0.0004786391,0,11.337441444396973,-0.02763749100267887,-2.5814361572265625,-5.191948890686035,-0.10742007941007614,0.0017282721819356084,0.14686137437820435,0.30089738965034485,-0.046440862119197845
92.19223451540103,-4.7551093,-0.0004786391,0,11.295591354370117,-0.028758488595485687,-2.58135986328125,-5.190979480743408,-0.10520771890878677,0.001384943607263267,0.1554754376411438,0.3015996217727661,-0.04796217754483223
92.19223451540103,-4.7551093,-0.0004786391,0,11.21195125579834,-0.030931759625673294,-2.581207275390625,-5.188755512237549,-0.10083543509244919,0.0011686973739415407,0.17891374230384827,0.29399430751800537,-0.011410563252866268
92.79223451540071,-4.6612096,-7.971274e-05,0,11.170161247253418,-0.03198475390672684,-2.5811309814453125,-5.187457084655762,-0.09867651015520096,0.0011452820617705584,0.19414475560188293,0.2930384874343872,-0.0075423154048621655
92.79223451540071,-4.6612096,-7.971274e-05,0,11.128372192382812,-0.03304501622915268,-2.5810394287109375,-5.186092853546143,-0.09649563580751419,0.0011180784786120057,0.2027248591184616,0.2991796135902405,-0.008916481398046017
92.79223451540071,-4.6612096,-7.971274e-05,0,11.086605072021484,-0.03408228978514671,-2.5809478759765625,-5.1846818923950195,-0.09432103484869003,0.0011772442376241088,0.2077794075012207,0.29771068692207336,0.0017546116141602397
92.79223451540071,-4.6612096,-7.971274e-05,0,11.003140449523926,-0.03609010949730873,-2.58074951171875,-5.181639194488525,-0.09013719111680984,0.0018051652004942298,0.22562332451343536,0.2830846309661865,0.04013673961162567
92.79223451540071,-4.6612096,-7.971274e-05,0,10.961419105529785,-0.03708909451961517,-2.58062744140625,-5.180001258850098,-0.08806871622800827,0.002308286027982831,0.23511703312397003,0.2857864201068878,0.056348737329244614
92.79223451540071,-4.6612096,-7.971274e-05,0,10.919722557067871,-0.038066089153289795,-2.5805206298828125,-5.178257942199707,-0.08600221574306488,0.002855124184861779,0.24741606414318085,0.284836083650589,0.06201350688934326
92.79223451540071,-4.6612096,-7.971274e-05,0,10.878050804138184,-0.03902093321084976,-2.5803985595703125,-5.176494121551514,-0.08390787988901138,0.0028847067151218653,0.24910397827625275,0.2876312732696533,-0.002448912477120757
92.79223451540071,-4.6612096,-7.971274e-05,0,10.794779777526855,-0.0408630445599556,-2.5801849365234375,-5.172859191894531,-0.07968979328870773,0.0016088273841887712,0.25816771388053894,0.289289265871048,-0.08311494439840317
92.79223451540071,-4.6612096,-7.971274e-05,0,10.753183364868164,-0.041784822940826416,-2.580078125,-5.170912265777588,-0.07766478508710861,0.001269517233595252,0.26941391825675964,0.28126347064971924,-0.04874216020107269
92.79223451540071,-4.6612096,-7.971274e-05,0,10.711612701416016,-0.04268445819616318,-2.579986572265625,-5.168923854827881,-0.07557015866041183,0.0010472817812114954,0.2738998532295227,0.28924036026000977,-0.03391271084547043
93.2922345154004,-4.5698004,-9.932555e-07,0,10.67006778717041,-0.04356200993061066,-2.57989501953125,-5.166909217834473,-0.07353150844573975,0.0007496636826545,0.276437908411026,0.28153756260871887,-0.04314584285020828
93.2922345154004,-4.5698004,-9.932555e-07,0,10.628548622131348,-0.04441797360777855,-2.579803466796875,-5.164824485778809,-0.07150474190711975,0.00040460022864863276,0.28454405069351196,0.27936384081840515,-0.048892103135585785
93.2922345154004,-4.5698004,-9.932555e-07,0,10.545598983764648,-0.04614777863025665,-2.579620361328125,-5.160623073577881,-0.06749001145362854,0.00023990610498003662,0.28547903895378113,0.2842409014701843,-0.008615664206445217
93.2922345154004,-4.5698004,-9.932555e-07,0,10.50416088104248,-0.04697832465171814,-2.57952880859375,-5.158486843109131,-0.0655071958899498,0.0004333466349635273,0.2883933484554291,0.276621013879776,0.018402932211756706
93.2922345154004,-4.5698004,-9.932555e-07,0,10.462748527526855,-0.04778740555047989,-2.579437255859375,-5.1563639640808105,-0.06356436759233475,0.0007982783135958016,0.28617462515830994,0.2708856463432312,0.03974837809801102
93.2922345154004,-4.5698004,-9.932555e-07,0,10.380023956298828,-0.04940323159098625,-2.579193115234375,-5.151893615722656,-0.059767499566078186,0.001899870578199625,0.30145764350891113,0.2654220759868622,0.06667477637529373
93.2922345154004,-4.5698004,-9.932555e-07,0,10.338700294494629,-0.050179190933704376,-2.5790863037109375,-5.149623394012451,-0.05783507972955704,0.0020528666209429502,0.3014901578426361,0.27097219228744507,0.012910923920571804
93.2922345154004,-4.5698004,-9.932555e-07,0,10.297402381896973,-0.05093379691243172,-2.5789642333984375,-5.147341251373291,-0.05590555816888809,0.0017237120773643255,0.3024146854877472,0.2698538303375244,-0.04716543108224869
93.2922345154004,-4.5698004,-9.932555e-07,0,10.25614070892334,-0.051695551723241806,-2.5788421630859375,-5.144979476928711,-0.05399870127439499,0.0014258598675951362,0.3104081153869629,0.2698410451412201,-0.044024545699357986
93.69223451540009,-4.487437,0.0,0,10.17369556427002,-0.05315539240837097,-2.5785980224609375,-5.140031814575195,-0.05023680254817009,0.0013125174446031451,0.32924485206604004,0.2688244879245758,-0.010775401256978512
93.69223451540009,-4.487437,0.0,0,10.132513046264648,-0.0538516491651535,-2.5784912109375,-5.1374430656433105,-0.048284344375133514,0.001253369846381247,0.33751580119132996,0.273084819316864,-0.013732816092669964
93.69223451540009,-4.487437,0.0,0,10.091382026672363,-0.05454821139574051,-2.5783538818359375,-5.1347880363464355,-0.04642351344227791,0.0012186876265332103,0.3412001430988312,0.2632964551448822,-0.011560040526092052
93.69223451540009,-4.487437,0.0,0,10.05027961730957,-0.055223945528268814,-2.578216552734375,-5.1320953369140625,-0.04461345449090004,0.0012813752982765436,0.3456314206123352,0.25616300106048584,0.0008339993073605001
93.69223451540009,-4.487437,0.0,0,9.968155860900879,-0.05651271343231201,-2.5779571533203125,-5.12658166885376,-0.040856022387742996,0.0016947697149589658,0.35867178440093994,0.2628932595252991,0.028828157112002373
93.69223451540009,-4.487437,0.0,0,9.92715835571289,-0.057162463665008545,-2.5778045654296875,-5.1237287521362305,-0.03906531631946564,0.0021365475840866566,0.3609045743942261,0.255649209022522,0.04776892811059952
93.69223451540009,-4.487437,0.0,0,9.886189460754395,-0.05779128894209862,-2.5776519775390625,-5.120813369750977,-0.037274401634931564,0.002630064729601145,0.36841872334480286,0.25485798716545105,0.05446327477693558
93.69223451540009,-4.487437,0.0,0,9.84524917602539,-0.05839938297867775,-2.5775146484375,-5.117747783660889,-0.035464294254779816,0.003146042814478278,0.3869859576225281,0.25645941495895386,0.0577499121427536
93.69223451540009,-4.487437,0.0,0,9.763474464416504,-0.05958132445812225,-2.5772247314453125,-5.111339569091797,-0.03186674788594246,0.003208677051588893,0.4084074795246124,0.25350627303123474,-0.026511026546359062
93.69223451540009,-4.487437,0.0,0,9.72264289855957,-0.060155343264341354,-2.5770721435546875,-5.107990741729736,-0.030160972848534584,0.0030601739417761564,0.418342262506485,0.24410973489284515,-0.025771556422114372
94.19223451539978,-4.3723426,0.0,0,9.681841850280762,-0.06070934236049652,-2.5769195556640625,-5.10451602935791,-0.028460005298256874,0.003076813416555524,0.4340355396270752,0.24271641671657562,-0.0049080695025622845
94.19223451539978,-4.3723426,0.0,0,9.641074180603027,-0.061243489384651184,-2.5767822265625,-5.100892543792725,-0.026756281033158302,0.003153793979436159,0.4525509774684906,0.24228931963443756,0.002849381184205413
94.19223451539978,-4.3723426,0.0,0,9.559666633605957,-0.06229989230632782,-2.57647705078125,-5.093196868896484,-0.02330973744392395,0.003195785218849778,0.4815931022167206,0.24362121522426605,-0.008529516868293285
94.19223451539978,-4.3723426,0.0,0,9.519015312194824,-0.06279762834310532,-2.57635498046875,-5.089202404022217,-0.02156766690313816,0.0032294418197125196,0.4961698651313782,0.247236967086792,-0.0023660247679799795
94.19223451539978,-4.3723426,0.0,0,9.478400230407715,-0.0632752925157547,-2.5762176513671875,-5.085076808929443,-0.019886285066604614,0.0033645126968622208,0.5126358866691589,0.23889385163784027,0.010513699613511562
94.19223451539978,-4.3723426,0.0,0,9.437822341918945,-0.06373331695795059,-2.576080322265625,-5.080789566040039,-0.018208211287856102,0.0035881942603737116,0.5327585935592651,0.23774148523807526,0.02178642712533474
94.19223451539978,-4.3723426,0.0,0,9.35683822631836,-0.06462377309799194,-2.5757904052734375,-5.071774959564209,-0.014833941124379635,0.004172831308096647,0.5651695132255554,0.23863227665424347,0.03461306542158127
94.19223451539978,-4.3723426,0.0,0,9.316405296325684,-0.06503935158252716,-2.575653076171875,-5.06702184677124,-0.013147300109267235,0.004521187860518694,0.5873486995697021,0.2383933663368225,0.037278976291418076
94.19223451539978,-4.3723426,0.0,0,9.27601432800293,-0.0654354840517044,-2.5755157470703125,-5.062117099761963,-0.011484003625810146,0.004859128501266241,0.6063336730003357,0.2347687929868698,0.03616977110505104
94.19223451539978,-4.3723426,0.0,0,9.235699653625488,-0.06581912934780121,-2.575347900390625,-5.056946277618408,-0.009842241182923317,0.005174323916435242,0.6353541016578674,0.2317049652338028,0.032310836017131805
94.69223451539946,-4.2436666,0.0,0,9.155202865600586,-0.06652869284152985,-2.5750274658203125,-5.045996189117432,-0.0065668192692101,0.0044935764744877815,0.68776935338974,0.22479824721813202,-0.0787968710064888
94.69223451539946,-4.2436666,0.0,0,9.11502456665039,-0.06685540080070496,-2.57489013671875,-5.040297031402588,-0.004974674433469772,0.003921112976968288,0.7021452188491821,0.22351154685020447,-0.07801222801208496
94.69223451539946,-4.2436666,0.0,0,9.074918746948242,-0.06719573587179184,-2.574737548828125,-5.034397125244141,-0.0033862986601889133,0.0036506641190499067,0.7235015034675598,0.22588886320590973,-0.04075560346245766
94.69223451539946,-4.2436666,0.0,0,9.034860610961914,-0.06751695275306702,-2.5745849609375,-5.028319835662842,-0.001772437826730311,0.0034108893014490604,0.7460620999336243,0.22837209701538086,-0.03670574724674225
94.69223451539946,-4.2436666,0.0,0,8.994853973388672,-0.06781905889511108,-2.5744476318359375,-5.022058963775635,-0.00016284125740639865,0.003130007069557905,0.7694420218467712,0.22715573012828827,-0.04163477197289467
94.69223451539946,-4.2436666,0.0,0,8.954899787902832,-0.06810235232114792,-2.574310302734375,-5.015695571899414,0.0014299110043793917,0.002888523740693927,0.7825742363929749,0.2243826538324356,-0.036506909877061844
94.69223451539946,-4.2436666,0.0,0,8.875231742858887,-0.06869420409202576,-2.5739898681640625,-5.002474784851074,0.004453687928617001,0.0025231707841157913,0.8161668181419373,0.22068481147289276,-0.024234408512711525
94.69223451539946,-4.2436666,0.0,0,8.835477828979492,-0.06896185874938965,-2.5738525390625,-4.995699405670166,0.00598107697442174,0.002229495672509074,0.8296785354614258,0.21809561550617218,-0.04345876723527908
94.69223451539946,-4.2436666,0.0,0,8.75616455078125,-0.06948265433311462,-2.5735626220703125,-4.9818549156188965,0.008971469476819038,0.001199520891532302,0.8492466807365417,0.21385625004768372,-0.06752879917621613
94.69223451539946,-4.2436666,0.0,0,8.716604232788086,-0.06973268836736679,-2.57342529296875,-4.9748687744140625,0.010412534698843956,0.0010535813635215163,0.8522313237190247,0.2090260535478592,-0.025099607184529305
95.29223451539914,-4.0687757,0.0,0,8.677099227905273,-0.06996400654315948,-2.5732879638671875,-4.96784782409668,0.011922184377908707,0.0008762416546232998,0.8571711182594299,0.2168564349412918,-0.028811393305659294
95.29223451539914,-4.0687757,0.0,0,8.637651443481445,-0.07017649710178375,-2.5731658935546875,-4.960740566253662,0.01341333519667387,0.0007871764246374369,0.8684967756271362,0.21382009983062744,-0.017296520993113518
95.29223451539914,-4.0687757,0.0,0,8.598292350769043,-0.07041554152965546,-2.573028564453125,-4.953543663024902,0.014757564291357994,0.00059020787011832,0.8749265074729919,0.1991661787033081,-0.03175343945622444
95.29223451539914,-4.0687757,0.0,0,8.519744873046875,-0.07083918154239655,-2.5727691650390625,-4.939098834991455,0.017428625375032425,0.0004648297908715904,0.875928521156311,0.19395120441913605,-0.00779889477416873
95.29223451539914,-4.0687757,0.0,0,8.48055648803711,-0.07102413475513458,-2.5726470947265625,-4.931909561157227,0.01877550408244133,0.0005851462483406067,0.8761276006698608,0.19715559482574463,0.008563044480979443
95.29223451539914,-4.0687757,0.0,0,8.441458702087402,-0.07123518735170364,-2.5724945068359375,-4.924606800079346,0.020070616155862808,0.0007369992090389132,0.8849130868911743,0.1942404806613922,0.011304392479360104
95.29223451539914,-4.0687757,0.0,0,8.402419090270996,-0.07142788916826248,-2.572357177734375,-4.917270183563232,0.021389497444033623,0.0009035657276399434,0.8899629712104797,0.19638113677501678,0.01338543277233839
95.29223451539914,-4.0687757,0.0,0,8.363435745239258,-0.0715985894203186,-2.57220458984375,-4.9098992347717285,0.02270207367837429,0.001183787826448679,0.8946526646614075,0.19488930702209473,0.027859115973114967
95.29223451539914,-4.0687757,0.0,0,8.285682678222656,-0.07193068414926529,-2.5718841552734375,-4.894916534423828,0.0252581387758255,0.001373732229694724,0.9114711284637451,0.18780744075775146,-0.023808328434824944
95.29223451539914,-4.0687757,0.0,0,8.246912956237793,-0.07209187000989914,-2.57171630859375,-4.887413024902344,0.02653534524142742,0.0008211174281314015,0.9066282510757446,0.1921922117471695,-0.07695471495389938
95.69223451539884,-3.9441195,0.0,0,8.20820140838623,-0.0722348615527153,-2.571563720703125,-4.87979793548584,0.027834465727210045,0.00030865168082527816,0.9214057326316833,0.19410854578018188,-0.07169506698846817
95.69223451539884,-3.9441195,0.0,0,8.130955696105957,-0.07246782630681992,-2.571258544921875,-4.8644537925720215,0.030289053916931152,-0.00017856810882221907,0.9316412806510925,0.18194857239723206,-0.038457565009593964
95.69223451539884,-3.9441195,0.0,0,8.092473983764648,-0.07259011268615723,-2.57110595703125,-4.856657981872559,0.0315277986228466,-0.00041304941987618804,0.9391695857048035,0.18671312928199768,-0.03760773316025734
95.69223451539884,-3.9441195,0.0,0,8.054051399230957,-0.07269443571567535,-2.570953369140625,-4.848846912384033,0.03277081251144409,-0.0006642790976911783,0.9420790076255798,0.18644234538078308,-0.03965757414698601
95.69223451539884,-3.9441195,0.0,0,7.977383136749268,-0.07284232974052429,-2.570648193359375,-4.833359241485596,0.035192035138607025,-0.001077000517398119,0.9333322048187256,0.178829625248909,-0.03853439912199974
95.69223451539884,-3.9441195,0.0,0,7.939190864562988,-0.07292554527521133,-2.5704803466796875,-4.825637340545654,0.03637659177184105,-0.0013730432838201523,0.9253276586532593,0.18001766502857208,-0.04646274819970131
95.69223451539884,-3.9441195,0.0,0,7.901055812835693,-0.0729917585849762,-2.5703125,-4.817951679229736,0.03748365491628647,-0.0015001756837591529,0.9217398166656494,0.16953690350055695,-0.025072598829865456
95.69223451539884,-3.9441195,0.0,0,7.862978458404541,-0.07304105907678604,-2.5701446533203125,-4.810340881347656,0.038656361401081085,-0.0014273572014644742,0.9133034348487854,0.1769675463438034,0.0001890584680950269
95.69223451539884,-3.9441195,0.0,0,7.787048816680908,-0.07311137765645981,-2.5698089599609375,-4.795223236083984,0.04097749665379524,-0.001293526729568839,0.9021613001823425,0.17625059187412262,-0.003919004928320646
95.69223451539884,-3.9441195,0.0,0,7.7491960525512695,-0.0731324627995491,-2.56964111328125,-4.787628173828125,0.042071547359228134,-0.0012909019133076072,0.9060530066490173,0.1667569875717163,-0.009460373781621456
96.19223451539852,-3.7754765,0.0,0,7.711400032043457,-0.07313288748264313,-2.5694732666015625,-4.780004978179932,0.04315784201025963,-0.0012295023771002889,0.9101907014846802,0.1653842180967331,-0.0017802229849621654
96.19223451539852,-3.7754765,0.0,0,7.673659801483154,-0.07311727851629257,-2.5693206787109375,-4.772458553314209,0.04426024109125137,-0.0012150417314842343,0.9016269445419312,0.1666741967201233,-0.007367692422121763
96.19223451539852,-3.7754765,0.0,0,7.5984721183776855,-0.07307566702365875,-2.5689849853515625,-4.757308006286621,0.04641352966427803,-0.0009209854761138558,0.8961663842201233,0.1640581637620926,0.014448071829974651
96.19223451539852,-3.7754765,0.0,0,7.560960292816162,-0.07303112000226974,-2.5688323974609375,-4.749680042266846,0.047446854412555695,-0.0006990517140366137,0.9066367149353027,0.15743516385555267,0.018478835001587868
96.19223451539852,-3.7754765,0.0,0,7.523504257202148,-0.07297112792730331,-2.56866455078125,-4.742015838623047,0.04847157374024391,-0.0005277856253087521,0.9124747514724731,0.15566931664943695,0.01242151390761137
96.19223451539852,-3.7754765,0.0,0,7.4861555099487305,-0.07290306687355042,-2.568511962890625,-4.734283447265625,0.04954368621110916,-0.0003059277660213411,0.9144678115844727,0.16123966872692108,0.018624121323227882
96.19223451539852,-3.7754765,0.0,0,7.411625385284424,-0.07272006571292877,-2.5682220458984375,-4.718686103820801,0.05168620124459267,-0.000976579962298274,0.9284629225730896,0.1586153656244278,-0.07301009446382523
96.19223451539852,-3.7754765,0.0,0,7.374445915222168,-0.07260127365589142,-2.568084716796875,-4.710795879364014,0.05274414271116257,-0.0014458000659942627,0.9374843835830688,0.15800346434116364,-0.06694206595420837
96.19223451539852,-3.7754765,0.0,0,7.3373703956604,-0.07248309999704361,-2.5679473876953125,-4.702863693237305,0.05377887561917305,-0.001737439539283514,0.9369685649871826,0.15549236536026,-0.04517053812742233
96.19223451539852,-3.7754765,0.0,0,7.300351619720459,-0.07235001027584076,-2.56781005859375,-4.694869041442871,0.054786719381809235,-0.0019180678064003587,0.9460817575454712,0.15150600671768188,-0.031043773517012596
96.69223451539821,-3.5928185,0.0,0,7.226487159729004,-0.07203976064920425,-2.56756591796875,-4.678598880767822,0.056813959032297134,-0.002349288435652852,0.9721883535385132,0.14788682758808136,-0.03842543438076973
96.69223451539821,-3.5928185,0.0,0,7.189691066741943,-0.07189473509788513,-2.56744384765625,-4.670340061187744,0.05776406079530716,-0.002596270991489291,0.9762431383132935,0.14573104679584503,-0.0388747975230217
96.69223451539821,-3.5928185,0.0,0,7.152953624725342,-0.0717349424958229,-2.56732177734375,-4.662106513977051,0.05876902863383293,-0.002843882655724883,0.9744473099708557,0.15193255245685577,-0.03872578591108322
96.69223451539821,-3.5928185,0.0,0,7.116274833679199,-0.07156055420637131,-2.5672149658203125,-4.6538519859313965,0.05972633510828018,-0.0029496727511286736,0.9784205555915833,0.14533314108848572,-0.02077733911573887
96.69223451539821,-3.5928185,0.0,0,7.043132781982422,-0.0712081789970398,-2.5670166015625,-4.63714075088501,0.0616176538169384,-0.0037935851141810417,0.9925965666770935,0.14715972542762756,-0.07358332723379135
96.69223451539821,-3.5928185,0.0,0,7.006669521331787,-0.07102994620800018,-2.5669403076171875,-4.628719806671143,0.06250804662704468,-0.004316423088312149,0.9971665740013123,0.1403568834066391,-0.0722808688879013
96.69223451539821,-3.5928185,0.0,0,6.970266342163086,-0.07083731144666672,-2.5668487548828125,-4.620256423950195,0.06348010897636414,-0.004569895565509796,1.0038458108901978,0.14985686540603638,-0.03841099888086319
96.69223451539821,-3.5928185,0.0,0,6.933924198150635,-0.0706302672624588,-2.5667877197265625,-4.61180305480957,0.06439492106437683,-0.0047387974336743355,1.0039689540863037,0.14200825989246368,-0.02743862383067608
96.69223451539821,-3.5928185,0.0,0,6.897642135620117,-0.07040927559137344,-2.5667266845703125,-4.603316783905029,0.06531059741973877,-0.004930081311613321,1.0093703269958496,0.14143866300582886,-0.03005051799118519
97.0922345153979,-3.4376278,0.0,0,6.825342178344727,-0.06999686360359192,-2.56658935546875,-4.5862345695495605,0.06707952171564102,-0.005304973106831312,1.0167442560195923,0.13773055374622345,-0.0318894125521183
97.0922345153979,-3.4376278,0.0,0,6.789283275604248,-0.06976976990699768,-2.5665283203125,-4.577645778656006,0.06790223717689514,-0.005456194747239351,1.021116852760315,0.13146448135375977,-0.025352926924824715
97.0922345153979,-3.4376278,0.0,0,6.7532854080200195,-0.06952910870313644,-2.56646728515625,-4.568991661071777,0.06875389814376831,-0.00551277631893754,1.0306662321090698,0.13437342643737793,-0.013326759450137615
97.0922345153979,-3.4376278,0.0,0,6.681585311889648,-0.06906823813915253,-2.5663909912109375,-4.551545143127441,0.07036095857620239,-0.005522893741726875,1.041711688041687,0.1264784038066864,-0.008292495273053646
97.0922345153979,-3.4376278,0.0,0,6.645827293395996,-0.06881783902645111,-2.5663299560546875,-4.542771816253662,0.07114997506141663,-0.005417847540229559,1.0428467988967896,0.1288730651140213,0.007547903340309858
97.0922345153979,-3.4376278,0.0,0,6.61013126373291,-0.06855440884828568,-2.5662689208984375,-4.533947467803955,0.0718977227807045,-0.00535455672070384,1.0506647825241089,0.12297167629003525,0.002495478605851531
97.0922345153979,-3.4376278,0.0,0,6.574554920196533,-0.06832772493362427,-2.56622314453125,-4.524910926818848,0.07263513654470444,-0.005302992183715105,1.0721203088760376,0.12654925882816315,0.0011571681825444102
97.0922345153979,-3.4376278,0.0,0,6.539041996002197,-0.06808771193027496,-2.5661773681640625,-4.515825271606445,0.07331794500350952,-0.0054458738304674625,1.0797079801559448,0.1188717633485794,-0.02299155853688717
97.0922345153979,-3.4376278,0.0,0,6.468208312988281,-0.06756894290447235,-2.56610107421875,-4.497406959533691,0.07468657940626144,-0.006128773558884859,1.1051135063171387,0.1146155595779419,-0.04757335036993027
97.0922345153979,-3.4376278,0.0,0,6.432941913604736,-0.06732863187789917,-2.566070556640625,-4.488067150115967,0.0752968043088913,-0.006373223382979631,1.1096057891845703,0.11285100132226944,-0.035206783562898636
97.4922345153976,-3.2749999,0.0,0,6.397740364074707,-0.06707566231489182,-2.5660247802734375,-4.47859525680542,0.07593903690576553,-0.00652828486636281,1.1276490688323975,0.1159529983997345,-0.02433871664106846
97.4922345153976,-3.2749999,0.0,0,6.32753849029541,-0.066532202064991,-2.565948486328125,-4.459407329559326,0.07718092948198318,-0.006846095900982618,1.1518023014068604,0.11200857162475586,-0.02490915171802044
97.4922345153976,-3.2749999,0.0,0,6.29257345199585,-0.06628931313753128,-2.56591796875,-4.449612140655518,0.0776991918683052,-0.007027522660791874,1.1677253246307373,0.10329536348581314,-0.02722441963851452
97.4922345153976,-3.2749999,0.0,0,6.25767707824707,-0.06603401899337769,-2.5659027099609375,-4.439751625061035,0.07826205343008041,-0.007114117499440908,1.1773260831832886,0.1079137772321701,-0.015235970728099346
97.4922345153976,-3.2749999,0.0,0,6.222850799560547,-0.06576627492904663,-2.565887451171875,-4.429758548736572,0.07885892689228058,-0.0071227955631911755,1.195285677909851,0.11123435199260712,-0.0053662802092731
97.4922345153976,-3.2749999,0.0,0,6.153439998626709,-0.06524106115102768,-2.5658721923828125,-4.409476280212402,0.08001784235239029,-0.0071427603252232075,1.2181248664855957,0.10829354077577591,-0.0062808389775455
97.4922345153976,-3.2749999,0.0,0,6.118858337402344,-0.06497976183891296,-2.5658721923828125,-4.3991875648498535,0.08049770444631577,-0.007351894397288561,1.2318331003189087,0.10052383691072464,-0.029551329091191292
97.4922345153976,-3.2749999,0.0,0,6.084350109100342,-0.06470654159784317,-2.5658721923828125,-4.388758659362793,0.08101684600114822,-0.007713703904300928,1.2507221698760986,0.10443586856126785,-0.04853121563792229
97.4922345153976,-3.2749999,0.0,0,6.0499162673950195,-0.06442131102085114,-2.5658721923828125,-4.3782548904418945,0.08155570179224014,-0.008029520511627197,1.2614949941635132,0.10592631250619888,-0.04267878457903862
97.4922345153976,-3.2749999,0.0,0,5.981324195861816,-0.06391071528196335,-2.565948486328125,-4.356866836547852,0.08250405639410019,-0.008321637287735939,1.2879332304000854,0.10162653028964996,-0.016659030690789223
97.99223451539729,-3.059892,0.0,0,5.947143077850342,-0.06363732367753983,-2.5659942626953125,-4.346118927001953,0.08295651525259018,-0.008365102112293243,1.2927112579345703,0.09787540882825851,-0.0075921411626040936
97.99223451539729,-3.059892,0.0,0,5.913038730621338,-0.06335244327783585,-2.5660247802734375,-4.335231304168701,0.08337567001581192,-0.00857861153781414,1.311579942703247,0.09269064664840698,-0.028770415112376213
97.99223451539729,-3.059892,0.0,0,5.879056453704834,-0.06309759616851807,-2.56610107421875,-4.324212074279785,0.08373571932315826,-0.008742868900299072,1.323764443397522,0.08904571086168289,-0.021954530850052834
97.99223451539729,-3.059892,0.0,0,5.845152378082275,-0.06283114850521088,-2.566162109375,-4.3131208419799805,0.0841246023774147,-0.008847053162753582,1.3343372344970703,0.09155628085136414,-0.014388932846486568
97.99223451539729,-3.059892,0.0,0,5.777586936950684,-0.062255848199129105,-2.5662994384765625,-4.290664196014404,0.08494935184717178,-0.008941780775785446,1.3579648733139038,0.09473004937171936,-0.003947875928133726
97.99223451539729,-3.059892,0.0,0,5.743924617767334,-0.06195158511400223,-2.566375732421875,-4.27935791015625,0.08528320491313934,-0.008946281857788563,1.36503005027771,0.08271261304616928,-0.0017043201951310039
97.99223451539729,-3.059892,0.0,0,5.710404872894287,-0.06167072802782059,-2.5664520263671875,-4.2678093910217285,0.0856538936495781,-0.009020536206662655,1.3896574974060059,0.09017850458621979,-0.011118127964437008
97.99223451539729,-3.059892,0.0,0,5.676967144012451,-0.06137853488326073,-2.5665130615234375,-4.25616979598999,0.08602552115917206,-0.009255756624042988,1.4025250673294067,0.08922197669744492,-0.031173693016171455
97.99223451539729,-3.059892,0.0,0,5.610341548919678,-0.060761552304029465,-2.5666656494140625,-4.232711315155029,0.08673164993524551,-0.009971126914024353,1.416041374206543,0.08562534302473068,-0.03321608155965805
97.99223451539729,-3.059892,0.0,0,5.57720422744751,-0.060473475605249405,-2.566741943359375,-4.220827579498291,0.08699480444192886,-0.010043702088296413,1.4315026998519897,0.0768299475312233,-0.011932103894650936
98.39223451539698,-2.8804297,0.0,0,5.544151306152344,-0.0601748563349247,-2.5668182373046875,-4.208903789520264,0.08728498965501785,-0.010036274790763855,1.4381071329116821,0.07913092523813248,-0.0018333083717152476
98.39223451539698,-2.8804297,0.0,0,5.478304862976074,-0.059538066387176514,-2.56695556640625,-4.1848578453063965,0.08790729194879532,-0.010175772942602634,1.4603323936462402,0.08098629117012024,-0.012306961230933666
98.39223451539698,-2.8804297,0.0,0,5.445550441741943,-0.05924754589796066,-2.5670318603515625,-4.1727399826049805,0.0881931483745575,-0.01022558007389307,1.4611083269119263,0.08163334429264069,-0.009463167749345303
98.39223451539698,-2.8804297,0.0,0,5.412882328033447,-0.058945998549461365,-2.567108154296875,-4.160590648651123,0.08851783722639084,-0.010195930488407612,1.4665664434432983,0.08537507057189941,0.000578816921915859
98.39223451539698,-2.8804297,0.0,0,5.380300998687744,-0.05863387510180473,-2.56719970703125,-4.14839506149292,0.08876728266477585,-0.010144569911062717,1.4737533330917358,0.07488600164651871,0.0037970019038766623
98.39223451539698,-2.8804297,0.0,0,5.315446376800537,-0.058030858635902405,-2.5673675537109375,-4.1238813400268555,0.08925977349281311,-0.009916860610246658,1.478484034538269,0.08054082840681076,0.013991723768413067
98.39223451539698,-2.8804297,0.0,0,5.283173561096191,-0.05773882195353508,-2.567474365234375,-4.111539363861084,0.0895305797457695,-0.009957979433238506,1.4904576539993286,0.07996130734682083,-0.007976311258971691
98.39223451539698,-2.8804297,0.0,0,5.250990867614746,-0.05743210017681122,-2.56756591796875,-4.099139213562012,0.08974821865558624,-0.010061345063149929,1.4986711740493774,0.07387718558311462,-0.015572643838822842
98.39223451539698,-2.8804297,0.0,0,5.218896865844727,-0.057115547358989716,-2.567657470703125,-4.086739540100098,0.08992490917444229,-0.010121574625372887,1.5000053644180298,0.0676422044634819,-0.010090413503348827
98.39223451539698,-2.8804297,0.0,0,5.155068874359131,-0.05654282867908478,-2.567840576171875,-4.0616912841796875,0.09030982851982117,-0.009926559403538704,1.515597939491272,0.07378175854682922,0.015007331036031246
98.79223451539667,-2.694696,0.0,0,5.123288631439209,-0.056240878999233246,-2.5679168701171875,-4.049135208129883,0.09048230201005936,-0.00984469335526228,1.517528772354126,0.06870990246534348,0.006771645974367857
98.79223451539667,-2.694696,0.0,0,5.091597557067871,-0.05592910945415497,-2.5679931640625,-4.036611080169678,0.09064437448978424,-0.009777133353054523,1.5150151252746582,0.06627701222896576,0.0051008532755076885
98.79223451539667,-2.694696,0.0,0,5.060039520263672,-0.055650413036346436,-2.5680389404296875,-4.023953437805176,0.0908215120434761,-0.009723459370434284,1.5265806913375854,0.07212185114622116,0.002054031705483794
98.79223451539667,-2.694696,0.0,0,4.997194290161133,-0.05506168678402901,-2.5681610107421875,-3.998566150665283,0.09114239364862442,-0.009411629289388657,1.5360925197601318,0.06609131395816803,0.01641269586980343
98.79223451539667,-2.694696,0.0,0,4.965909957885742,-0.05474855378270149,-2.5682220458984375,-3.9858291149139404,0.09125283360481262,-0.009235529229044914,1.540596842765808,0.062231969088315964,0.01788697950541973
98.79223451539667,-2.694696,0.0,0,4.9347734451293945,-0.0544867068529129,-2.568267822265625,-3.972989797592163,0.09129692614078522,-0.00912161823362112,1.546618938446045,0.06014460325241089,0.008880159817636013
98.79223451539667,-2.694696,0.0,0,4.9037275314331055,-0.05421487241983414,-2.568328857421875,-3.960130214691162,0.09137172251939774,-0.009029889479279518,1.5507211685180664,0.06267324835062027,0.006820074748247862
98.79223451539667,-2.694696,0.0,0,4.841911792755127,-0.05364198982715607,-2.5684661865234375,-3.9341728687286377,0.09152164310216904,-0.00890252087265253,1.5775049924850464,0.06343547254800797,0.0052009704522788525
98.79223451539667,-2.694696,0.0,0,4.811190605163574,-0.05338301882147789,-2.56854248046875,-3.9210169315338135,0.09165187180042267,-0.008959688246250153,1.5850069522857666,0.07066451758146286,-0.012591480277478695
98.79223451539667,-2.694696,0.0,0,4.780562877655029,-0.053113605827093124,-2.568603515625,-3.907867908477783,0.0917302742600441,-0.009151752106845379,1.58578360080719,0.06287659704685211,-0.02929242141544819
99.19223451539636,-2.5056586,0.0,0,4.75002908706665,-0.05283413082361221,-2.56866455078125,-3.894603967666626,0.09180249273777008,-0.009309292770922184,1.6017149686813354,0.060825467109680176,-0.024819279089570045
99.19223451539636,-2.5056586,0.0,0,4.689249038696289,-0.05224214121699333,-2.5688018798828125,-3.867985963821411,0.09196602553129196,-0.009236493147909641,1.6145085096359253,0.05925659462809563,0.003962777089327574
99.19223451539636,-2.5056586,0.0,0,4.659066200256348,-0.05197075754404068,-2.56884765625,-3.8544962406158447,0.09200237691402435,-0.009191482327878475,1.6264828443527222,0.05918743088841438,-0.00046519559691660106
99.19223451539636,-2.5056586,0.0,0,4.628979682922363,-0.05168972536921501,-2.56890869140625,-3.840946674346924,0.09202612936496735,-0.009130609221756458,1.6355966329574585,0.056313008069992065,0.0016978009371086955
99.19223451539636,-2.5056586,0.0,0,4.598989486694336,-0.051399555057287216,-2.5689544677734375,-3.8274412155151367,0.09202272444963455,-0.009158268570899963,1.6316461563110352,0.05164860934019089,-0.009195412509143353
99.19223451539636,-2.5056586,0.0,0,4.569096088409424,-0.05110016092658043,-2.569000244140625,-3.8138582706451416,0.09208502620458603,-0.009173940867185593,1.642859697341919,0.05862131714820862,-0.0075297425501048565
99.19223451539636,-2.5056586,0.0,0,4.539355754852295,-0.05082845315337181,-2.5690460205078125,-3.8001492023468018,0.09211353212594986,-0.009127759374678135,1.6532310247421265,0.05691217631101608,-0.0007683410658501089
99.19223451539636,-2.5056586,0.0,0,4.48016881942749,-0.05025674030184746,-2.5691375732421875,-3.7725837230682373,0.09214499592781067,-0.009203558787703514,1.666645884513855,0.05824894458055496,-0.017095820978283882
99.19223451539636,-2.5056586,0.0,0,4.450723171234131,-0.049956660717725754,-2.5691680908203125,-3.758772373199463,0.09218485653400421,-0.009167867712676525,1.670778512954712,0.054584164172410965,-0.0016605480341240764
99.49223451539606,-2.359471,0.0,0,4.3922648429870605,-0.04942113533616066,-2.56927490234375,-3.7310216426849365,0.09212365001440048,-0.008988874964416027,1.6719744205474854,0.04997456073760986,0.014262738637626171
99.49223451539606,-2.359471,0.0,0,4.36318302154541,-0.049139562994241714,-2.5693206787109375,-3.7171764373779297,0.09211985021829605,-0.008851713500916958,1.6714047193527222,0.053018659353256226,0.011211260221898556
99.49223451539606,-2.359471,0.0,0,4.33419942855835,-0.048848509788513184,-2.569366455078125,-3.703280210494995,0.09219607710838318,-0.008704650215804577,1.6794252395629883,0.06174825504422188,0.012626870535314083
99.49223451539606,-2.359471,0.0,0,4.305370807647705,-0.04860037565231323,-2.5694122314453125,-3.6893205642700195,0.09218655526638031,-0.008692174218595028,1.6820521354675293,0.055515605956315994,-0.004287808667868376
99.49223451539606,-2.359471,0.0,0,4.24800968170166,-0.0480751134455204,-2.56951904296875,-3.6613965034484863,0.09213484823703766,-0.008483055047690868,1.687293291091919,0.05187326669692993,0.0030449589248746634
99.49223451539606,-2.359471,0.0,0,4.219477653503418,-0.04779836907982826,-2.5695648193359375,-3.647470712661743,0.09208640456199646,-0.008381063118577003,1.6830192804336548,0.046658482402563095,0.007379333954304457
99.49223451539606,-2.359471,0.0,0,4.191110134124756,-0.04753590747714043,-2.5696258544921875,-3.633422374725342,0.09198372811079025,-0.008299256674945354,1.6911530494689941,0.043923165649175644,0.005428678821772337
99.49223451539606,-2.359471,0.0,0,4.162841320037842,-0.04726428911089897,-2.5697021484375,-3.6193270683288574,0.09197459369897842,-0.008211709558963776,1.6988471746444702,0.054268307983875275,0.006288755219429731
99.49223451539606,-2.359471,0.0,0,4.134672164916992,-0.04698341339826584,-2.56976318359375,-3.605306386947632,0.09195969253778458,-0.008096450939774513,1.6912422180175781,0.052233099937438965,0.009889713488519192
99.49223451539606,-2.359471,0.0,0,4.078672885894775,-0.046423815190792084,-2.569915771484375,-3.577077627182007,0.09191081672906876,-0.008184102363884449,1.7064541578292847,0.047627344727516174,-0.016131902113556862
99.89223451539576,-2.1577995,0.0,0,4.050843238830566,-0.046145353466272354,-2.5699920654296875,-3.5628931522369385,0.09181050211191177,-0.008286180905997753,1.7110487222671509,0.04053584858775139,-0.016319097951054573
99.89223451539576,-2.1577995,0.0,0,4.0231146812438965,-0.04585820809006691,-2.5700836181640625,-3.5486252307891846,0.09175674617290497,-0.008392696268856525,1.7232187986373901,0.04508746787905693,-0.01649092696607113
99.89223451539576,-2.1577995,0.0,0,3.995487928390503,-0.0455622635781765,-2.5701751708984375,-3.5343220233917236,0.09173436462879181,-0.008418538607656956,1.7293097972869873,0.047771818935871124,-0.006312038283795118
99.89223451539576,-2.1577995,0.0,0,3.9406213760375977,-0.045016705989837646,-2.5703887939453125,-3.5055952072143555,0.09169577807188034,-0.008406408131122589,1.7326135635375977,0.047437138855457306,-0.0002649612433742732
99.89223451539576,-2.1577995,0.0,0,3.9133412837982178,-0.044729866087436676,-2.57049560546875,-3.4911935329437256,0.09170714020729065,-0.008423750288784504,1.7406092882156372,0.051896315068006516,-0.004875007551163435
99.89223451539576,-2.1577995,0.0,0,3.8861637115478516,-0.04443368315696716,-2.5706024169921875,-3.4767584800720215,0.09171810001134872,-0.008519814349710941,1.7464548349380493,0.05062755569815636,-0.01463992428034544
99.89223451539576,-2.1577995,0.0,0,3.832167625427246,-0.04388995096087456,-2.5708465576171875,-3.4478321075439453,0.09168785065412521,-0.008565840311348438,1.7475608587265015,0.04864933341741562,0.0007790512754581869
99.89223451539576,-2.1577995,0.0,0,3.8053243160247803,-0.04360367730259895,-2.57098388671875,-3.4334323406219482,0.09169337898492813,-0.008476241491734982,1.7423489093780518,0.05001724511384964,0.009947455488145351
99.89223451539576,-2.1577995,0.0,0,3.7785840034484863,-0.04330796003341675,-2.5711212158203125,-3.419057846069336,0.09169157594442368,-0.00829530693590641,1.7407459020614624,0.047894127666950226,0.021394340321421623
99.89223451539576,-2.1577995,0.0,0,3.7519466876983643,-0.043003059923648834,-2.571258544921875,-3.404623508453369,0.09170352667570114,-0.008171932771801949,1.7497411966323853,0.048433080315589905,0.014229676686227322
100.19223451539546,-2.0045328,0.0,0,3.6990303993225098,-0.04242406412959099,-2.5715179443359375,-3.3757448196411133,0.09171334654092789,-0.00790521502494812,1.748383641242981,0.049268342554569244,0.014468095265328884
100.19223451539546,-2.0045328,0.0,0,3.672727346420288,-0.04212023317813873,-2.5716400146484375,-3.3613693714141846,0.0917372927069664,-0.0077889724634587765,1.7431340217590332,0.0492587611079216,0.013473442755639553
100.19223451539546,-2.0045328,0.0,0,3.6465277671813965,-0.04180700704455376,-2.5717620849609375,-3.347058057785034,0.09176630526781082,-0.007647313177585602,1.7365765571594238,0.048741165548563004,0.016681382432579994
100.19223451539546,-2.0045328,0.0,0,3.6204593181610107,-0.04151232913136482,-2.571868896484375,-3.3327229022979736,0.09175480902194977,-0.0075045679695904255,1.736611247062683,0.04523741453886032,0.016289761289954185
100.19223451539546,-2.0045328,0.0,0,3.568631172180176,-0.04089473932981491,-2.5720672607421875,-3.304072856903076,0.0917828232049942,-0.0072184158489108086,1.7444095611572266,0.04799124598503113,0.014728865586221218
100.19223451539546,-2.0045328,0.0,0,3.542872190475464,-0.040571872144937515,-2.572174072265625,-3.2897696495056152,0.09179717302322388,-0.007135533727705479,1.737097144126892,0.045027654618024826,0.008947680704295635
100.19223451539546,-2.0045328,0.0,0,3.5172383785247803,-0.04024754464626312,-2.572265625,-3.2754359245300293,0.09178049117326736,-0.007080498151481152,1.738234519958496,0.04013264551758766,0.004984437953680754
100.19223451539546,-2.0045328,0.0,0,3.4917078018188477,-0.039914004504680634,-2.5723419189453125,-3.2611210346221924,0.09182912856340408,-0.00715536717325449,1.7373759746551514,0.04722215235233307,-0.011197756044566631
100.19223451539546,-2.0045328,0.0,0,3.440957546234131,-0.039219215512275696,-2.5725250244140625,-3.2324893474578857,0.09193215519189835,-0.007050705142319202,1.7376869916915894,0.045267898589372635,0.013054347597062588
100.19223451539546,-2.0045328,0.0,0,3.4157626628875732,-0.03885262832045555,-2.5725860595703125,-3.218092441558838,0.09201516956090927,-0.006931384559720755,1.747494101524353,0.047019295394420624,0.01243594940751791
100.59223451539515,-1.7937406,0.0,0,3.390672206878662,-0.03847707808017731,-2.5726470947265625,-3.203707456588745,0.09207037836313248,-0.00679955305531621,1.7474775314331055,0.042595215141773224,0.01407135184854269
100.59223451539515,-1.7937406,0.0,0,3.3656857013702393,-0.03809311240911484,-2.5727081298828125,-3.189361810684204,0.09208959341049194,-0.006784939672797918,1.7439547777175903,0.03716641291975975,-0.0005122273578308523
100.59223451539515,-1.7937406,0.0,0,3.31604266166687,-0.037299372255802155,-2.57281494140625,-3.1605350971221924,0.0922584980726242,-0.006677145604044199,1.7516950368881226,0.04297129437327385,0.00610575033351779
100.59223451539515,-1.7937406,0.0,0,3.291386604309082,-0.03688928112387657,-2.572845458984375,-3.1461052894592285,0.0924043208360672,-0.006576343905180693,1.755078911781311,0.049488961696624756,0.009421723894774914
100.59223451539515,-1.7937406,0.0,0,3.2668356895446777,-0.03647049888968468,-2.5728912353515625,-3.131679058074951,0.09247671067714691,-0.006583838257938623,1.7559329271316528,0.03947575390338898,-0.004031694959849119
100.59223451539515,-1.7937406,0.0,0,3.2423899173736572,-0.03604395315051079,-2.572906494140625,-3.1172609329223633,0.09251987189054489,-0.006590736098587513,1.7561925649642944,0.03500569984316826,-0.004228669684380293
100.59223451539515,-1.7937406,0.0,0,3.193847179412842,-0.035123709589242935,-2.572906494140625,-3.0883235931396484,0.09269001334905624,-0.006608118303120136,1.7610633373260498,0.034915491938591,-0.013707204721868038
100.59223451539515,-1.7937406,0.0,0,3.1697347164154053,-0.03465228155255318,-2.572906494140625,-3.0738227367401123,0.09279672801494598,-0.006827537436038256,1.7668282985687256,0.037514232099056244,-0.03173481300473213
100.59223451539515,-1.7937406,0.0,0,3.145728826522827,-0.03417319804430008,-2.572906494140625,-3.0593249797821045,0.09293416887521744,-0.00690473522990942,1.767694115638733,0.0406840518116951,-0.013837589882314205
100.59223451539515,-1.7937406,0.0,0,3.1218464374542236,-0.03367191553115845,-2.5728912353515625,-3.0448460578918457,0.09307755529880524,-0.006927644368261099,1.7628281116485596,0.03802504763007164,-0.007996334694325924
100.79223451539485,-1.6902851,0.0,0,3.074401378631592,-0.03264794498682022,-2.5728607177734375,-3.0158746242523193,0.09328445047140121,-0.006836590822786093,1.760610580444336,0.03196873888373375,0.0034286638256162405
100.79223451539485,-1.6902851,0.0,0,3.0508384704589844,-0.03212575241923332,-2.572845458984375,-3.001356601715088,0.09336564689874649,-0.006862702313810587,1.771493673324585,0.028560679405927658,-0.008166301064193249
100.79223451539485,-1.6902851,0.0,0,3.0273983478546143,-0.031593207269907,-2.5727996826171875,-2.9868085384368896,0.09346915781497955,-0.006862304639071226,1.7723766565322876,0.02935178391635418,-0.006192363332957029
100.79223451539485,-1.6902851,0.0,0,3.00406551361084,-0.031053878366947174,-2.57275390625,-2.972297430038452,0.0936037227511406,-0.006783470045775175,1.7690584659576416,0.03273912891745567,0.0037909483071416616
100.79223451539485,-1.6902851,0.0,0,2.980839252471924,-0.03050749935209751,-2.572723388671875,-2.9577865600585938,0.0937897264957428,-0.00683122081682086,1.7702131271362305,0.038684479892253876,-0.011858995072543621
100.79223451539485,-1.6902851,0.0,0,2.934708595275879,-0.029394606128335,-2.5726470947265625,-2.928826093673706,0.09402991831302643,-0.006771158427000046,1.7689160108566284,0.032389745116233826,0.00193994480650872
100.79223451539485,-1.6902851,0.0,0,2.911818742752075,-0.028830045834183693,-2.5725860595703125,-2.914289951324463,0.09416962414979935,-0.006768128834664822,1.773529052734375,0.03044823184609413,-0.006626359652727842
100.79223451539485,-1.6902851,0.0,0,2.889035940170288,-0.02825901284813881,-2.572509765625,-2.8998098373413086,0.09426188468933105,-0.0067443763837218285,1.7677319049835205,0.024094874039292336,-0.004060565959662199
100.79223451539485,-1.6902851,0.0,0,2.8437931537628174,-0.027098383754491806,-2.5723724365234375,-2.8708696365356445,0.09448733180761337,-0.006649435497820377,1.7652095556259155,0.026781976222991943,0.0029425134416669607
100.79223451539485,-1.6902851,0.0,0,2.8213510513305664,-0.02650035358965397,-2.572296142578125,-2.8564014434814453,0.09463679790496826,-0.0065643503330647945,1.7657819986343384,0.02745419181883335,0.0026905906852334738
101.09223451539455,-1.5374256,0.0,0,2.7990164756774902,-0.02589571662247181,-2.57220458984375,-2.841898202896118,0.09486701339483261,-0.006549648940563202,1.771355390548706,0.037226103246212006,-0.005875713657587767
101.09223451539455,-1.5374256,0.0,0,2.776789665222168,-0.025284558534622192,-2.572113037109375,-2.827406167984009,0.09502090513706207,-0.006534314248710871,1.7711586952209473,0.027368832379579544,-0.005569774191826582
101.09223451539455,-1.5374256,0.0,0,2.7326717376708984,-0.024038095027208328,-2.5719451904296875,-2.798434019088745,0.09543175995349884,-0.006558916065841913,1.7743666172027588,0.03326403722167015,-0.006355810444802046
101.09223451539455,-1.5374256,0.0,0,2.7107813358306885,-0.023403069004416466,-2.571868896484375,-2.7838706970214844,0.09556501358747482,-0.00654993811622262,1.7804442644119263,0.022194957360625267,-0.006461049895733595
101.09223451539455,-1.5374256,0.0,0,2.688999652862549,-0.022762252017855644,-2.5717926025390625,-2.7693355083465576,0.09572354704141617,-0.0065513183362782,1.7779985666275024,0.025108393281698227,-0.007536727469414473
101.09223451539455,-1.5374256,0.0,0,2.6673262119293213,-0.022115837782621384,-2.57171630859375,-2.754857063293457,0.09584341198205948,-0.006629439536482096,1.7719851732254028,0.0200329776853323,-0.016917938366532326
101.09223451539455,-1.5374256,0.0,0,2.624319553375244,-0.020807260647416115,-2.571533203125,-2.7256674766540527,0.09612631797790527,-0.007007436361163855,1.7880626916885376,0.01836444064974785,-0.031390223652124405
101.09223451539455,-1.5374256,0.0,0,2.602979898452759,-0.02014485001564026,-2.5714569091796875,-2.7111473083496094,0.09626462310552597,-0.007141285575926304,1.7780888080596924,0.020868973806500435,-0.02455897442996502
101.09223451539455,-1.5374256,0.0,0,2.581749439239502,-0.019477320834994316,-2.571380615234375,-2.696559190750122,0.09634556621313095,-0.007234188728034496,1.7875746488571167,0.013497753068804741,-0.019216442480683327
101.39223451539425,-1.3738749,0.0,0,2.5606274604797363,-0.018801534548401833,-2.5712890625,-2.6819489002227783,0.09642846882343292,-0.007292973343282938,1.789100170135498,0.012651186436414719,-0.015834344550967216
101.39223451539425,-1.3738749,0.0,0,2.518712282180786,-0.017435705289244652,-2.57110595703125,-2.652801990509033,0.09664992243051529,-0.007395797409117222,1.7892504930496216,0.01695234142243862,-0.01828698255121708
101.39223451539425,-1.3738749,0.0,0,2.4979195594787598,-0.01674560457468033,-2.571014404296875,-2.63826584815979,0.0967651754617691,-0.0074620675295591354,1.782876968383789,0.01620543748140335,-0.016053205356001854
101.39223451539425,-1.3738749,0.0,0,2.4772355556488037,-0.016042206436395645,-2.5709228515625,-2.623701810836792,0.09685297310352325,-0.0075818635523319244,1.7851704359054565,0.011262797750532627,-0.023142898455262184
101.39223451539425,-1.3738749,0.0,0,2.4566614627838135,-0.015334543772041798,-2.5708465576171875,-2.60918927192688,0.09697069972753525,-0.00763568514958024,1.7797191143035889,0.014888393692672253,-0.01465855073183775
101.39223451539425,-1.3738749,0.0,0,2.436197280883789,-0.014622748829424381,-2.5707550048828125,-2.5946850776672363,0.09700091928243637,-0.007746757939457893,1.7796106338500977,0.0038373388815671206,-0.02158433012664318
101.39223451539425,-1.3738749,0.0,0,2.4158427715301514,-0.013907627202570438,-2.5706787109375,-2.580173969268799,0.09699532389640808,-0.007836420089006424,1.7814239263534546,-0.0007482721703127027,-0.018683725968003273
101.39223451539425,-1.3738749,0.0,0,2.375452995300293,-0.01245872676372528,-2.570526123046875,-2.5512194633483887,0.0970592275261879,-0.007976214401423931,1.7771055698394775,0.004194600973278284,-0.013930256478488445
101.39223451539425,-1.3738749,0.0,0,2.3554234504699707,-0.011729222722351551,-2.5704498291015625,-2.5367228984832764,0.09707804769277573,-0.008033503778278828,1.7811530828475952,0.0012491217348724604,-0.014066229574382305
101.39223451539425,-1.3738749,0.0,0,2.315675735473633,-0.010264146141707897,-2.5703277587890625,-2.507769823074341,0.0971408411860466,-0.008371332660317421,1.7773497104644775,-0.0012701029190793633,-0.03175157681107521
101.69223451539395,-1.2097001,0.0,0,2.2959582805633545,-0.009528689086437225,-2.5702667236328125,-2.4932937622070312,0.09720956534147263,-0.008603408932685852,1.7815165519714355,0.00710840430110693,-0.03538326919078827
101.69223451539395,-1.2097001,0.0,0,2.2763514518737793,-0.008789929561316967,-2.570220947265625,-2.478870391845703,0.09721951931715012,-0.008698994293808937,1.77573561668396,-0.00030377847724594176,-0.018129123374819756
101.69223451539395,-1.2097001,0.0,0,2.256855010986328,-0.008048269897699356,-2.5701751708984375,-2.4644505977630615,0.09724339842796326,-0.008808620274066925,1.776102066040039,0.0013756334083154798,-0.019521916285157204
101.69223451539395,-1.2097001,0.0,0,2.218154191970825,-0.006554675754159689,-2.570098876953125,-2.435629367828369,0.09729651361703873,-0.009013278409838676,1.7777671813964844,-0.001998613588511944,-0.01851329393684864
101.69223451539395,-1.2097001,0.0,0,2.1989502906799316,-0.005803222768008709,-2.570068359375,-2.4212327003479004,0.09730503708124161,-0.009189181961119175,1.7782118320465088,-0.001392912003211677,-0.027410684153437614
101.69223451539395,-1.2097001,0.0,0,2.1798579692840576,-0.005048980005085468,-2.570037841796875,-2.406893730163574,0.09734455496072769,-0.009278478100895882,1.7715692520141602,0.0024479967541992664,-0.016421077772974968
101.69223451539395,-1.2097001,0.0,0,2.1608760356903076,-0.004292094614356756,-2.57000732421875,-2.392660140991211,0.09734857082366943,-0.009295489639043808,1.7589905261993408,-0.0020207352936267853,-0.007227062713354826
101.69223451539395,-1.2097001,0.0,0,2.1231768131256104,-0.002775367349386215,-2.5699615478515625,-2.3644137382507324,0.09725414961576462,-0.009170466102659702,1.7443979978561401,-0.012218296527862549,0.004014931153506041
101.69223451539395,-1.2097001,0.0,0,2.1044921875,-0.002014285186305642,-2.5699462890625,-2.3503310680389404,0.09715976566076279,-0.009132452309131622,1.7437275648117065,-0.014862538315355778,-0.00021699814533349127
101.69223451539395,-1.2097001,0.0,0,2.0859172344207764,-0.0012516130227595568,-2.569915771484375,-2.336273670196533,0.09709993004798889,-0.009128685109317303,1.7410361766815186,-0.01055548433214426,-0.004345085006207228
101.89223451539365,-1.1014245,0.0,0,2.067427158355713,-0.0004724010650534183,-2.5699005126953125,-2.322359085083008,0.097093366086483,-0.009109927341341972,1.7247415781021118,-0.006529988721013069,-0.002768821781501174
101.89223451539365,-1.1014245,0.0,0,2.030773401260376,0.001090562785975635,-2.5698699951171875,-2.294694662094116,0.09695421159267426,-0.009045933373272419,1.715356707572937,-0.014676102437078953,-0.0011208466021344066
101.89223451539365,-1.1014245,0.0,0,2.012608528137207,0.0018737661885097623,-2.569854736328125,-2.281007766723633,0.09684165567159653,-0.008997549302875996,1.6975960731506348,-0.019601067528128624,0.001402106019668281
101.89223451539365,-1.1014245,0.0,0,1.9945273399353027,0.002660513622686267,-2.56982421875,-2.2673962116241455,0.09671187400817871,-0.008976127952337265,1.6899868249893188,-0.022740673273801804,-0.002408399945124984
101.89223451539365,-1.1014245,0.0,0,1.9765533208847046,0.003447860712185502,-2.5698089599609375,-2.253791570663452,0.0965813621878624,-0.009003876708447933,1.689483880996704,-0.022745270282030106,-0.008500645868480206
101.89223451539365,-1.1014245,0.0,0,1.9409267902374268,0.005025006830692291,-2.5697784423828125,-2.2266414165496826,0.09639899432659149,-0.00911857932806015,1.6839978694915771,-0.016977820545434952,-0.012551899068057537
101.89223451539365,-1.1014245,0.0,0,1.9232560396194458,0.0058242701925337315,-2.5697479248046875,-2.21313738822937,0.09628014266490936,-0.009119747206568718,1.6785142421722412,-0.02261918969452381,-0.005117617081850767
101.89223451539365,-1.1014245,0.0,0,1.9056918621063232,0.006623582448810339,-2.569732666015625,-2.19970440864563,0.0960802510380745,-0.009125422686338425,1.6699050664901733,-0.032625678926706314,-0.005525070708245039
101.89223451539365,-1.1014245,0.0,0,1.8882337808609009,0.007422709371894598,-2.5697174072265625,-2.1863231658935547,0.09592430293560028,-0.009104754775762558,1.6637096405029297,-0.027010831981897354,-0.002081505721434951
101.89223451539365,-1.1014245,0.0,0,1.8708813190460205,0.008221985772252083,-2.5697174072265625,-2.173015832901001,0.09579598158597946,-0.009176831692457199,1.6547513008117676,-0.02343779057264328,-0.013528390787541866
102.09223451539336,-0.9920727,0.0,0,1.8364969491958618,0.00982858706265688,-2.5697021484375,-2.1464715003967285,0.0953965112566948,-0.009306508116424084,1.6566119194030762,-0.03604049235582352,-0.014078336767852306
102.09223451539336,-0.9920727,0.0,0,1.8194624185562134,0.010631079785525799,-2.5696868896484375,-2.1332199573516846,0.09521311521530151,-0.009349568746984005,1.6471614837646484,-0.03085143305361271,-0.009821261279284954
102.09223451539336,-0.9920727,0.0,0,1.8025321960449219,0.011432839557528496,-2.5696868896484375,-2.120041847229004,0.09496362507343292,-0.009454072453081608,1.6382561922073364,-0.038978517055511475,-0.01736637018620968
102.09223451539336,-0.9920727,0.0,0,1.7690306901931763,0.013063105754554272,-2.5696868896484375,-2.093595027923584,0.09460176527500153,-0.009683115407824516,1.6337634325027466,-0.030900532379746437,-0.015008262358605862
102.09223451539336,-0.9920727,0.0,0,1.7524358034133911,0.01387731172144413,-2.5696868896484375,-2.080366611480713,0.09444873780012131,-0.00984916090965271,1.6423707008361816,-0.028561120852828026,-0.025216953828930855
102.09223451539336,-0.9920727,0.0,0,1.7359447479248047,0.01469071302562952,-2.5697021484375,-2.0672125816345215,0.09426121413707733,-0.010002500377595425,1.6333515644073486,-0.03269468992948532,-0.02349586971104145
102.09223451539336,-0.9920727,0.0,0,1.719558596611023,0.015518587082624435,-2.5697021484375,-2.0540921688079834,0.09404021501541138,-0.010141842998564243,1.6282932758331299,-0.03890300542116165,-0.021935438737273216
102.09223451539336,-0.9920727,0.0,0,1.687097430229187,0.017169605940580368,-2.5697174072265625,-2.0277106761932373,0.09358696639537811,-0.010567479766905308,1.6398245096206665,-0.03608866408467293,-0.032105013728141785
102.09223451539336,-0.9920727,0.0,0,1.671022653579712,0.017992911860346794,-2.569732666015625,-2.014565944671631,0.0933760553598404,-0.010737331584095955,1.6322808265686035,-0.03697298839688301,-0.0253519956022501
102.09223451539336,-0.9920727,0.0,0,1.6550512313842773,0.01881455071270466,-2.5697479248046875,-2.001436233520508,0.09311001002788544,-0.010813940316438675,1.6307001113891602,-0.043649978935718536,-0.013569834642112255
102.29223451539306,-0.882498,0.0,0,1.6391843557357788,0.019660986959934235,-2.56976318359375,-1.9883352518081665,0.09288642555475235,-0.010931449010968208,1.626879096031189,-0.04147814214229584,-0.01941993646323681
102.29223451539306,-0.882498,0.0,0,1.6077605485916138,0.02134697325527668,-2.569793701171875,-1.9621357917785645,0.09237760305404663,-0.011136016808450222,1.62472403049469,-0.04507960379123688,-0.015627125278115273
102.29223451539306,-0.882498,0.0,0,1.5922036170959473,0.02218618243932724,-2.56982421875,-1.9490138292312622,0.09209789335727692,-0.011237042024731636,1.6303737163543701,-0.04763864725828171,-0.016731208190321922
102.29223451539306,-0.882498,0.0,0,1.5767359733581543,0.023041801527142525,-2.5698394775390625,-1.9359886646270752,0.09182905405759811,-0.011346290819346905,1.6190736293792725,-0.048155203461647034,-0.01790141500532627
102.29223451539306,-0.882498,0.0,0,1.5613714456558228,0.023894386366009712,-2.5698699951171875,-1.922979474067688,0.09154041111469269,-0.011421505361795425,1.6173350811004639,-0.05030959099531174,-0.013516283594071865
102.29223451539306,-0.882498,0.0,0,1.5309513807296753,0.02559082768857479,-2.5699462890625,-1.8969491720199585,0.09104654937982559,-0.011625292710959911,1.616574764251709,-0.044099126011133194,-0.01410860475152731
102.29223451539306,-0.882498,0.0,0,1.5158789157867432,0.02645162306725979,-2.5699920654296875,-1.8839470148086548,0.09079094976186752,-0.011709683574736118,1.6183031797409058,-0.0466122105717659,-0.013880896382033825
102.29223451539306,-0.882498,0.0,0,1.500909686088562,0.02730923891067505,-2.5700531005859375,-1.8710103034973145,0.0905407965183258,-0.011824124492704868,1.6103153228759766,-0.0456031896173954,-0.017529817298054695
102.29223451539306,-0.882498,0.0,0,1.4860432147979736,0.028163529932498932,-2.5701141357421875,-1.8580577373504639,0.09022264927625656,-0.011936419643461704,1.61250901222229,-0.05378138646483421,-0.016922129318118095
102.29223451539306,-0.882498,0.0,0,1.4712797403335571,0.029013918712735176,-2.5701751708984375,-1.8451288938522339,0.08986736088991165,-0.012007437646389008,1.6097742319107056,-0.05811155587434769,-0.011666211299598217
102.49223451539277,-0.7716558,0.0,0,1.4420589208602905,0.0307393167167902,-2.5703582763671875,-1.8193387985229492,0.08933986723423004,-0.012110181152820587,1.60532808303833,-0.04757058247923851,-0.007994006387889385
102.49223451539277,-0.7716558,0.0,0,1.427601933479309,0.03159637376666069,-2.5704498291015625,-1.8065162897109985,0.08901068568229675,-0.012170814909040928,1.5966397523880005,-0.05542956292629242,-0.008956062607467175
102.49223451539277,-0.7716558,0.0,0,1.4132471084594727,0.03244943544268608,-2.570556640625,-1.7936564683914185,0.08872529119253159,-0.012169049121439457,1.6015084981918335,-0.04963420704007149,-0.0011008231667801738
102.49223451539277,-0.7716558,0.0,0,1.384825587272644,0.034196898341178894,-2.5707855224609375,-1.768169641494751,0.08810198307037354,-0.012195318937301636,1.587841510772705,-0.057050347328186035,0.0002020969841396436
102.49223451539277,-0.7716558,0.0,0,1.3707669973373413,0.03506365045905113,-2.5709228515625,-1.755428671836853,0.08776935935020447,-0.012218281626701355,1.5874660015106201,-0.056734830141067505,-0.002685002749785781
102.49223451539277,-0.7716558,0.0,0,1.3568096160888672,0.035925719887018204,-2.5710601806640625,-1.742755651473999,0.08744939416646957,-0.012285206466913223,1.5791553258895874,-0.05480271950364113,-0.008171888999640942
102.49223451539277,-0.7716558,0.0,0,1.3429534435272217,0.03679410740733147,-2.57122802734375,-1.7301157712936401,0.0871117040514946,-0.012272318825125694,1.5743986368179321,-0.0571892112493515,0.0030640510376542807
102.49223451539277,-0.7716558,0.0,0,1.3291977643966675,0.03765714541077614,-2.571380615234375,-1.7175191640853882,0.08670812845230103,-0.01220678724348545,1.5691760778427124,-0.0650801956653595,0.009615438990294933
102.49223451539277,-0.7716558,0.0,0,1.3019860982894897,0.039368581026792526,-2.571685791015625,-1.6924641132354736,0.08604629337787628,-0.012082772329449654,1.559045433998108,-0.05902343615889549,0.010669696144759655
102.69223451539247,-0.6696732,0.0,0,1.28852379322052,0.0402267687022686,-2.5718536376953125,-1.6799793243408203,0.0857623815536499,-0.011997440829873085,1.5553200244903564,-0.04993078485131264,0.01318985503166914
102.69223451539247,-0.6696732,0.0,0,1.2751609086990356,0.041080161929130554,-2.5720367431640625,-1.6675177812576294,0.08541687577962875,-0.011964384466409683,1.552601933479309,-0.05729503184556961,0.006814021151512861
102.69223451539247,-0.6696732,0.0,0,1.2487313747406006,0.04277150332927704,-2.5723876953125,-1.6428169012069702,0.08464572578668594,-0.011849225498735905,1.5400182008743286,-0.06410800665616989,0.01219101157039404
102.69223451539247,-0.6696732,0.0,0,1.2356398105621338,0.04362105578184128,-2.5725860595703125,-1.6305184364318848,0.08423232287168503,-0.011779867112636566,1.5342779159545898,-0.06619098037481308,0.012626404874026775
102.69223451539247,-0.6696732,0.0,0,1.2226468324661255,0.04446480795741081,-2.572784423828125,-1.6182310581207275,0.08379128575325012,-0.011720404960215092,1.5330110788345337,-0.06930617243051529,0.01128855999559164
102.69223451539247,-0.6696732,0.0,0,1.2097523212432861,0.045302677899599075,-2.5729827880859375,-1.6059768199920654,0.08335234969854355,-0.011616767384111881,1.528980016708374,-0.06871223449707031,0.016711650416254997
102.69223451539247,-0.6696732,0.0,0,1.1842553615570068,0.04696032777428627,-2.5733489990234375,-1.5817673206329346,0.0823667049407959,-0.011414813809096813,1.5097097158432007,-0.07844368368387222,0.012642703019082546
102.69223451539247,-0.6696732,0.0,0,1.1716145277023315,0.04779638722538948,-2.57354736328125,-1.569715142250061,0.08191066980361938,-0.011389958672225475,1.5076731443405151,-0.0721520408987999,0.007915309630334377
102.69223451539247,-0.6696732,0.0,0,1.159070611000061,0.048626672476530075,-2.5737457275390625,-1.5577528476715088,0.08153394609689713,-0.011360140517354012,1.4964284896850586,-0.061879128217697144,0.008408910594880581
102.69223451539247,-0.6696732,0.0,0,1.1466234922409058,0.04945112019777298,-2.573944091796875,-1.5457504987716675,0.08108449727296829,-0.011302833445370197,1.5014197826385498,-0.0706196129322052,0.011722090654075146
102.79223451539218,-0.61719775,0.0,0,1.1342731714248657,0.050269532948732376,-2.5741424560546875,-1.5338177680969238,0.08064582198858261,-0.011199861764907837,1.4927221536636353,-0.06893078982830048,0.017310956493020058
102.79223451539218,-0.61719775,0.0,0,1.1097601652145386,0.05191141366958618,-2.5745697021484375,-1.5101730823516846,0.07974816113710403,-0.010949445888400078,1.4794955253601074,-0.0736994743347168,0.024764331057667732
102.79223451539218,-0.61719775,0.0,0,1.0976479053497314,0.05272288620471954,-2.57476806640625,-1.4984307289123535,0.0792633444070816,-0.010807434096932411,1.4736262559890747,-0.07545772939920425,0.023202503100037575
102.79223451539218,-0.61719775,0.0,0,1.0856313705444336,0.053527895361185074,-2.574951171875,-1.48672616481781,0.07877295464277267,-0.010682718828320503,1.4687461853027344,-0.07580336183309555,0.020435543730854988
102.79223451539218,-0.61719775,0.0,0,1.0736557245254517,0.054346829652786255,-2.5751495361328125,-1.4751607179641724,0.07829636335372925,-0.010548374615609646,1.4561376571655273,-0.07662110030651093,0.023257451131939888
102.79223451539218,-0.61719775,0.0,0,1.0499908924102783,0.055965349078178406,-2.5755615234375,-1.4520548582077026,0.07742764055728912,-0.01012435182929039,1.4491093158721924,-0.06859945505857468,0.0316607728600502
102.79223451539218,-0.61719775,0.0,0,1.0383007526397705,0.05676523223519325,-2.57574462890625,-1.440598726272583,0.0769890546798706,-0.009968562051653862,1.4416698217391968,-0.07066038250923157,0.025429295375943184
102.79223451539218,-0.61719775,0.0,0,1.0266408920288086,0.05759827047586441,-2.575958251953125,-1.4292725324630737,0.07661052793264389,-0.009749314747750759,1.4311665296554565,-0.06831628084182739,0.03420421481132507
102.79223451539218,-0.61719775,0.0,0,1.0036039352416992,0.05924458056688309,-2.5763397216796875,-1.406684160232544,0.07577180117368698,-0.009425370953977108,1.4265822172164917,-0.0737273171544075,0.02693803794682026
102.79223451539218,-0.61719775,0.0,0,0.992226779460907,0.06005753576755524,-2.5765380859375,-1.3953986167907715,0.07531809061765671,-0.009288557805120945,1.4249035120010376,-0.07620049268007278,0.02329377271234989
102.99223451539189,-0.5051799,0.0,0,0.9808705449104309,0.060884881764650345,-2.576751708984375,-1.3842564821243286,0.0749133750796318,-0.00917974952608347,1.4135842323303223,-0.0730087161064148,0.02121785469353199
102.99223451539189,-0.5051799,0.0,0,0.9696085453033447,0.06170543655753136,-2.5769500732421875,-1.3731447458267212,0.07450145483016968,-0.008977776393294334,1.409257173538208,-0.07335396111011505,0.03266147896647453
102.99223451539189,-0.5051799,0.0,0,0.9473655223846436,0.06332557648420334,-2.5773468017578125,-1.3509942293167114,0.07355315238237381,-0.008649840019643307,1.401381492614746,-0.08139487355947495,0.023997386917471886
102.99223451539189,-0.5051799,0.0,0,0.9362878799438477,0.06414429098367691,-2.5775604248046875,-1.3400592803955078,0.07305785268545151,-0.008520819246768951,1.395688533782959,-0.08494303375482559,0.024475155398249626
102.99223451539189,-0.5051799,0.0,0,0.9253045320510864,0.06495563685894012,-2.5777740478515625,-1.3291312456130981,0.07261545956134796,-0.008407827466726303,1.3940659761428833,-0.07775895297527313,0.022251157090067863
102.99223451539189,-0.5051799,0.0,0,0.9144144654273987,0.06575975567102432,-2.5779876708984375,-1.3183189630508423,0.07215708494186401,-0.008301456458866596,1.3788617849349976,-0.07919955253601074,0.021416692063212395
102.99223451539189,-0.5051799,0.0,0,0.8928316235542297,0.06737108528614044,-2.5784149169921875,-1.2967379093170166,0.07127909362316132,-0.00798781681805849,1.3794171810150146,-0.0799250677227974,0.024668870493769646
102.99223451539189,-0.5051799,0.0,0,0.8821398019790649,0.06817757338285446,-2.578643798828125,-1.2859981060028076,0.07075449079275131,-0.007902886718511581,1.3759475946426392,-0.08900275081396103,0.019537748768925667
102.99223451539189,-0.5051799,0.0,0,0.8715412020683289,0.06897611171007156,-2.578857421875,-1.2753221988677979,0.07024428248405457,-0.007816210389137268,1.367055058479309,-0.08662204444408417,0.01951865665614605
102.99223451539189,-0.5051799,0.0,0,0.8610352277755737,0.0697668194770813,-2.5790863037109375,-1.2646397352218628,0.06971108168363571,-0.007657191716134548,1.367039442062378,-0.08893059194087982,0.028330830857157707
103.0922345153916,-0.45169052,0.0,0,0.8505407571792603,0.07057706266641617,-2.5792999267578125,-1.2540587186813354,0.06924600154161453,-0.0074982596561312675,1.362337589263916,-0.08333605527877808,0.02935621701180935
103.0922345153916,-0.45169052,0.0,0,0.8401395678520203,0.07137931883335114,-2.57952880859375,-1.2435160875320435,0.06873106956481934,-0.007296429015696049,1.3564938306808472,-0.08893892914056778,0.034467779099941254
103.0922345153916,-0.45169052,0.0,0,0.8196138739585876,0.07295942306518555,-2.5799713134765625,-1.222628116607666,0.06769012659788132,-0.007015306036919355,1.3390920162200928,-0.08822312206029892,0.02125510759651661
103.0922345153916,-0.45169052,0.0,0,0.8094882965087891,0.07373736798763275,-2.5801849365234375,-1.2122248411178589,0.06716249883174896,-0.006865222007036209,1.3361546993255615,-0.08873914927244186,0.02747308276593685
103.0922345153916,-0.45169052,0.0,0,0.7993726134300232,0.07452744990587234,-2.580413818359375,-1.2019281387329102,0.06664521247148514,-0.006706731393933296,1.3305985927581787,-0.08978717029094696,0.02937484346330166
103.0922345153916,-0.45169052,0.0,0,0.7893485426902771,0.07530952990055084,-2.58062744140625,-1.191677212715149,0.06620605289936066,-0.0065644849091768265,1.3237441778182983,-0.07939359545707703,0.02709450013935566
103.0922345153916,-0.45169052,0.0,0,0.7695732712745667,0.07685026526451111,-2.5810546875,-1.1712229251861572,0.06514840573072433,-0.006119417957961559,1.3174315690994263,-0.09543532133102417,0.03751925751566887
103.0922345153916,-0.45169052,0.0,0,0.7597481608390808,0.07762796431779861,-2.581268310546875,-1.1611415147781372,0.06461265683174133,-0.005880748387426138,1.3069462776184082,-0.09239783138036728,0.03906571865081787
103.0922345153916,-0.45169052,0.0,0,0.7500135898590088,0.07839728146791458,-2.58148193359375,-1.1511057615280151,0.06410827487707138,-0.005719657987356186,1.3000417947769165,-0.0878407210111618,0.029128974303603172
103.0922345153916,-0.45169052,0.0,0,0.7308139204978943,0.07991126924753189,-2.5818939208984375,-1.1311266422271729,0.06308650970458984,-0.005226674489676952,1.2903944253921509,-0.0848211720585823,0.03813532739877701
103.1922345153913,-0.39826596,0.0,0,0.7212798595428467,0.08068031817674637,-2.58209228515625,-1.1212607622146606,0.06260751932859421,-0.004993676673620939,1.282236933708191,-0.08590593934059143,0.03789737448096275
103.1922345153913,-0.39826596,0.0,0,0.7118352651596069,0.08144082129001617,-2.5822906494140625,-1.1114346981048584,0.06205344200134277,-0.004756235517561436,1.2759907245635986,-0.09463869780302048,0.03822799399495125
103.1922345153913,-0.39826596,0.0,0,0.7024796009063721,0.08219239860773087,-2.5824737548828125,-1.10160493850708,0.06147044152021408,-0.004537779837846756,1.275241732597351,-0.09761781990528107,0.03563612326979637
103.1922345153913,-0.39826596,0.0,0,0.6839789748191833,0.08369309455156326,-2.5828704833984375,-1.082149863243103,0.06046383082866669,-0.004150638822466135,1.2588117122650146,-0.08772796392440796,0.032071951776742935
103.1922345153913,-0.39826596,0.0,0,0.6748334169387817,0.08444225043058395,-2.58306884765625,-1.0725091695785522,0.05995836481451988,-0.004007257521152496,1.2534664869308472,-0.08908691257238388,0.027110332623124123
103.1922345153913,-0.39826596,0.0,0,0.6657754778862,0.08518272638320923,-2.5832672119140625,-1.0629377365112305,0.05941794067621231,-0.003840967081487179,1.2435442209243774,-0.09280409663915634,0.029734333977103233
103.1922345153913,-0.39826596,0.0,0,0.6478531360626221,0.08665557205677032,-2.58367919921875,-1.0438567399978638,0.05833606794476509,-0.003450492164120078,1.236842155456543,-0.09588978439569473,0.032848674803972244
103.1922345153913,-0.39826596,0.0,0,0.6389890313148499,0.08738715946674347,-2.583892822265625,-1.0343718528747559,0.057711292058229446,-0.0032451499719172716,1.2357624769210815,-0.10391656309366226,0.03593926876783371
103.1922345153913,-0.39826596,0.0,0,0.6302120089530945,0.08810927718877792,-2.5841064453125,-1.0249183177947998,0.05708848685026169,-0.0030415854416787624,1.2305335998535156,-0.10301771014928818,0.0354452021420002
103.1922345153913,-0.39826596,0.0,0,0.6215214133262634,0.08882221579551697,-2.584320068359375,-1.0154832601547241,0.05652996152639389,-0.0029292318504303694,1.226950764656067,-0.094345822930336,0.02401089109480381
103.29223451539102,-0.34393442,0.0,0,0.6042650938034058,0.09024471789598465,-2.5847930908203125,-0.9967749714851379,0.055494848638772964,-0.0025502124335616827,1.2183688879013062,-0.08946564048528671,0.035328786820173264
103.29223451539102,-0.34393442,0.0,0,0.5957662463188171,0.09094280749559402,-2.58502197265625,-0.9875504970550537,0.05488964542746544,-0.0023577550891786814,1.2038631439208984,-0.09993000328540802,0.03544753044843674
103.29223451539102,-0.34393442,0.0,0,0.5873525142669678,0.09163161367177963,-2.5852508544921875,-0.9783537983894348,0.05426438897848129,-0.0021797434892505407,1.199051856994629,-0.10182175040245056,0.03333761915564537
103.29223451539102,-0.34393442,0.0,0,0.5789487361907959,0.09233324229717255,-2.58551025390625,-0.9692030549049377,0.05367862433195114,-0.002002399880439043,1.200097680091858,-0.0992027297616005,0.03582751005887985
103.29223451539102,-0.34393442,0.0,0,0.5623979568481445,0.09370876103639603,-2.5860137939453125,-0.9509343504905701,0.05251218378543854,-0.0016379142180085182,1.1952441930770874,-0.09755495935678482,0.034994907677173615
103.29223451539102,-0.34393442,0.0,0,0.5542503595352173,0.09438292682170868,-2.5862579345703125,-0.9418231844902039,0.05196848511695862,-0.0014690713724121451,1.1908262968063354,-0.09200949221849442,0.03383680805563927
103.29223451539102,-0.34393442,0.0,0,0.5460988879203796,0.09506741911172867,-2.5865325927734375,-0.9328044652938843,0.051393669098615646,-0.001315627247095108,1.1874381303787231,-0.09802381694316864,0.03387312963604927
103.29223451539102,-0.34393442,0.0,0,0.5380328297615051,0.09574232250452042,-2.5868072509765625,-0.9238315224647522,0.050755929201841354,-0.0011260805185884237,1.1801292896270752,-0.10522022843360901,0.037987712770700455
103.29223451539102,-0.34393442,0.0,0,0.5300518870353699,0.09640758484601974,-2.587066650390625,-0.9148356914520264,0.05015471950173378,-0.0008544136653654277,1.1814591884613037,-0.10000208020210266,0.04786531999707222
103.39223451539073,-0.28884056,0.0,0,0.5143430233001709,0.09771005809307098,-2.587554931640625,-0.8970156311988831,0.04889264702796936,-0.0005160160944797099,1.1676411628723145,-0.10456088930368423,0.03352947160601616
103.39223451539073,-0.28884056,0.0,0,0.5065250396728516,0.09835518896579742,-2.5878448486328125,-0.888260543346405,0.04825641214847565,-0.0003697086067404598,1.1570146083831787,-0.10356881469488144,0.03340327739715576
103.39223451539073,-0.28884056,0.0,0,0.49879124760627747,0.09899091720581055,-2.588104248046875,-0.8794746398925781,0.047666408121585846,-0.00019271888595540076,1.1592183113098145,-0.09717365354299545,0.03673042729496956
103.39223451539073,-0.28884056,0.0,0,0.49114134907722473,0.09961764514446259,-2.5883636474609375,-0.8707188963890076,0.04708535224199295,4.587425792124122e-06,1.1538333892822266,-0.09545420110225677,0.03887293487787247
103.39223451539073,-0.28884056,0.0,0,0.48357465863227844,0.100235216319561,-2.588623046875,-0.8619924187660217,0.046440497040748596,0.00021364205167628825,1.1486150026321411,-0.10284283012151718,0.03995513170957565
103.39223451539073,-0.28884056,0.0,0,0.46852803230285645,0.10145139694213867,-2.58917236328125,-0.8446800112724304,0.045121148228645325,0.0004818949964828789,1.1474534273147583,-0.10627199709415436,0.030471941456198692
103.39223451539073,-0.28884056,0.0,0,0.4611300528049469,0.10204491764307022,-2.5894317626953125,-0.8360669016838074,0.0443974994122982,0.0006361808627843857,1.1389052867889404,-0.11167038977146149,0.03417627513408661
103.39223451539073,-0.28884056,0.0,0,0.44650259613990784,0.10320687294006348,-2.5899810791015625,-0.8191809058189392,0.04310263693332672,0.0009426615433767438,1.1163244247436523,-0.10288087278604507,0.033635642379522324
103.39223451539073,-0.28884056,0.0,0,0.43927282094955444,0.10377548635005951,-2.590240478515625,-0.8107987642288208,0.04245877265930176,0.001205936656333506,1.1139451265335083,-0.10051372647285461,0.04880828410387039
103.39223451539073,-0.28884056,0.0,0,0.4321250021457672,0.10433509945869446,-2.5904998779296875,-0.8023532032966614,0.041833870112895966,0.0014845135156065226,1.1201380491256714,-0.0976257398724556,0.050286758691072464
103.49223451539044,-0.23427126,0.0,0,0.42505916953086853,0.1048855409026146,-2.59075927734375,-0.7938905954360962,0.04112068936228752,0.0016423794440925121,1.1205710172653198,-0.10815683007240295,0.03477558121085167
103.49223451539044,-0.23427126,0.0,0,0.411058247089386,0.10598157346248627,-2.59130859375,-0.7772945165634155,0.039656609296798706,0.0021054542157799006,1.1041303873062134,-0.10863392800092697,0.049903519451618195
103.49223451539044,-0.23427126,0.0,0,0.4041792154312134,0.10651517659425735,-2.5915679931640625,-0.7690483927726746,0.03901029750704765,0.0023532367777079344,1.09490168094635,-0.09967370331287384,0.046632714569568634
103.49223451539044,-0.23427126,0.0,0,0.3973803222179413,0.10703978687524796,-2.591827392578125,-0.760816752910614,0.038384728133678436,0.002644994528964162,1.0913909673690796,-0.09658942371606827,0.05170004069805145
103.49223451539044,-0.23427126,0.0,0,0.39060094952583313,0.10757290571928024,-2.5920867919921875,-0.7526391744613647,0.03776172548532486,0.0029131595510989428,1.089805245399475,-0.09771038591861725,0.050025057047605515
103.49223451539044,-0.23427126,0.0,0,0.383901983499527,0.10809652507305145,-2.5923614501953125,-0.7444478273391724,0.03706242889165878,0.0032268499489873648,1.089733600616455,-0.10672858357429504,0.05526188388466835
103.49223451539044,-0.23427126,0.0,0,0.37074407935142517,0.10911501199007034,-2.5928497314453125,-0.7281033396720886,0.03571774810552597,0.00371026829816401,1.0840240716934204,-0.09924101829528809,0.04604179039597511
103.49223451539044,-0.23427126,0.0,0,0.3642135262489319,0.1096203401684761,-2.593109130859375,-0.7200937271118164,0.035032209008932114,0.0039354003965854645,1.0699127912521362,-0.10411202162504196,0.0448618046939373
103.49223451539044,-0.23427126,0.0,0,0.3577621281147003,0.11011603474617004,-2.5933685302734375,-0.7121261954307556,0.03433610871434212,0.004162281285971403,1.0628371238708496,-0.10494529455900192,0.04461966082453728
103.49223451539044,-0.23427126,0.0,0,0.35138946771621704,0.11060205101966858,-2.593597412109375,-0.7041592001914978,0.033635109663009644,0.004383433610200882,1.0609983205795288,-0.1050831750035286,0.04345550760626793
103.59223451539015,-0.18895142,0.0,0,0.34509485960006714,0.11107849329710007,-2.593841552734375,-0.6962475776672363,0.032967228442430496,0.00466997129842639,1.0523444414138794,-0.10048051923513412,0.051192935556173325
103.59223451539015,-0.18895142,0.0,0,0.33256393671035767,0.11203083395957947,-2.59429931640625,-0.680582582950592,0.03156650438904762,0.005206636618822813,1.047249436378479,-0.10662992298603058,0.0472925566136837
103.59223451539015,-0.18895142,0.0,0,0.3264157176017761,0.11249227821826935,-2.5945281982421875,-0.6728366613388062,0.030871843919157982,0.005478842183947563,1.0359938144683838,-0.10339484363794327,0.04970701038837433
103.59223451539015,-0.18895142,0.0,0,0.3142617642879486,0.11338905990123749,-2.5949554443359375,-0.6574690341949463,0.029524104669690132,0.006014605052769184,1.0282644033432007,-0.10181627422571182,0.05268118903040886
103.59223451539015,-0.18895142,0.0,0,0.30825647711753845,0.11382438242435455,-2.5951690673828125,-0.6498478055000305,0.028877930715680122,0.006280762143433094,1.0249742269515991,-0.09519092738628387,0.04942295700311661
103.59223451539015,-0.18895142,0.0,0,0.30232834815979004,0.11425045132637024,-2.5953826904296875,-0.6422346234321594,0.028178410604596138,0.006543941330164671,1.0220338106155396,-0.10147163271903992,0.048603858798742294
103.59223451539015,-0.18895142,0.0,0,0.29647672176361084,0.11466698348522186,-2.5955810546875,-0.6346889138221741,0.02748006582260132,0.006733343005180359,1.0117087364196777,-0.10094726830720901,0.03888317942619324
103.59223451539015,-0.18895142,0.0,0,0.28490304946899414,0.11546232551336288,-2.595947265625,-0.6196996569633484,0.026122435927391052,0.00716573977842927,1.0057337284088135,-0.09767471998929977,0.04259775951504707
103.59223451539015,-0.18895142,0.0,0,0.2791811227798462,0.11584103852510452,-2.59613037109375,-0.6123408079147339,0.025372227653861046,0.007392318919301033,0.9942878484725952,-0.10414337366819382,0.04349834844470024
103.59223451539015,-0.18895142,0.0,0,0.27353453636169434,0.1162104606628418,-2.5963134765625,-0.6050248146057129,0.02467517741024494,0.007663599215447903,0.9869386553764343,-0.09721504151821136,0.04866672307252884
103.69223451538986,-0.13371494,0.0,0,0.2679630517959595,0.11657096445560455,-2.5964813232421875,-0.5976364016532898,0.02397424355149269,0.007920301519334316,0.9940478801727295,-0.09742353856563568,0.046436671167612076
103.69223451538986,-0.13371494,0.0,0,0.25687509775161743,0.11724570393562317,-2.5968017578125,-0.5833187103271484,0.022426657378673553,0.008369408547878265,0.9675067067146301,-0.10389943420886993,0.04194490239024162
103.69223451538986,-0.13371494,0.0,0,0.2514423727989197,0.11756929010152817,-2.5969696044921875,-0.5761873126029968,0.021690964698791504,0.008594190701842308,0.966058611869812,-0.09915252029895782,0.042275987565517426
103.69223451538986,-0.13371494,0.0,0,0.24608300626277924,0.11788390576839447,-2.5971221923828125,-0.5691509246826172,0.020928192883729935,0.00882235448807478,0.9521771669387817,-0.10233458131551743,0.042306721210479736
103.69223451538986,-0.13371494,0.0,0,0.2407287210226059,0.11816087365150452,-2.5972747802734375,-0.5621309876441956,0.020170800387859344,0.009090025909245014,0.9561841487884521,-0.09727660566568375,0.04771863669157028
103.69223451538986,-0.13371494,0.0,0,0.23544801771640778,0.11842946708202362,-2.5974273681640625,-0.5551102161407471,0.01941182278096676,0.009365370497107506,0.9541718363761902,-0.09739191830158234,0.04828348383307457
103.69223451538986,-0.13371494,0.0,0,0.2251034677028656,0.11894162744283676,-2.5977020263671875,-0.5413554310798645,0.017904389649629593,0.009854890406131744,0.9304644465446472,-0.09902378171682358,0.04044407606124878
103.69223451538986,-0.13371494,0.0,0,0.2199796438217163,0.11917249858379364,-2.59783935546875,-0.534541666507721,0.01712931878864765,0.010040316730737686,0.9289817214012146,-0.0970296785235405,0.03689899668097496
103.69223451538986,-0.13371494,0.0,0,0.2149272859096527,0.11939498782157898,-2.5979766845703125,-0.5278022289276123,0.016320938244462013,0.010354339145123959,0.9176033139228821,-0.101170614361763,0.05259271338582039
103.79223451538957,-0.0774129,0.0,0,0.20503395795822144,0.11981512606143951,-2.59820556640625,-0.5143997669219971,0.014767193235456944,0.010857236571609974,0.9060138463973999,-0.09624868631362915,0.04333769530057907
103.79223451538957,-0.0774129,0.0,0,0.20014873147010803,0.11999548226594925,-2.59832763671875,-0.5078253746032715,0.013911258429288864,0.01108188834041357,0.8962308168411255,-0.10412175208330154,0.04072766378521919
103.79223451538957,-0.0774129,0.0,0,0.19533273577690125,0.12016763538122177,-2.5984344482421875,-0.5012701749801636,0.013110127300024033,0.01140384841710329,0.8918266892433167,-0.09732542932033539,0.05254055932164192
103.79223451538957,-0.0774129,0.0,0,0.19058513641357422,0.12033195048570633,-2.598541259765625,-0.49482792615890503,0.012356900610029697,0.011712554842233658,0.8757485151290894,-0.09138904511928558,0.05054240673780441
103.79223451538957,-0.0774129,0.0,0,0.18590527772903442,0.12048887461423874,-2.5986328125,-0.48833605647087097,0.01165771670639515,0.01200175378471613,0.8800410032272339,-0.08468359708786011,0.047771256417036057
103.79223451538957,-0.0774129,0.0,0,0.17663607001304626,0.12078089267015457,-2.5987701416015625,-0.4756201505661011,0.01012793742120266,0.012462452054023743,0.862982451915741,-0.09180287271738052,0.03971205651760101
103.79223451538957,-0.0774129,0.0,0,0.172102153301239,0.12091538310050964,-2.5988311767578125,-0.46926793456077576,0.009374475106596947,0.012766963802278042,0.8633783459663391,-0.09079603105783463,0.04841712862253189
103.79223451538957,-0.0774129,0.0,0,0.1676347702741623,0.12104230374097824,-2.598876953125,-0.46296781301498413,0.008629140444099903,0.013053066097199917,0.8549730181694031,-0.08984456956386566,0.045827120542526245
103.79223451538957,-0.0774129,0.0,0,0.1587686687707901,0.12127431482076645,-2.598968505859375,-0.4505292475223541,0.007085783407092094,0.01357107050716877,0.8450717926025391,-0.09240064769983292,0.041798219084739685
103.79223451538957,-0.0774129,0.0,0,0.15443427860736847,0.12137869000434875,-2.5989990234375,-0.4444471597671509,0.006318578962236643,0.013750419951975346,0.8297363519668579,-0.09189891815185547,0.03219442069530487
103.79223451538928,-0.0813821,0.0,0,0.15016458928585052,0.12147562205791473,-2.599029541015625,-0.43835073709487915,0.005597625859081745,0.013898860663175583,0.8296257257461548,-0.08619667589664459,0.028057953342795372
103.79223451538928,-0.0813821,0.0,0,0.14588265120983124,0.1215735673904419,-2.59906005859375,-0.4323287308216095,0.0049231876619160175,0.014026175253093243,0.8275731801986694,-0.08042652159929276,0.02586887963116169
103.79223451538928,-0.0813821,0.0,0,0.1375134140253067,0.12174826860427856,-2.5991058349609375,-0.4203893542289734,0.003565907943993807,0.014286587946116924,0.8152704238891602,-0.08097852021455765,0.02484908141195774
103.79223451538928,-0.0813821,0.0,0,0.1334250122308731,0.12182503193616867,-2.59912109375,-0.4144591987133026,0.002902563661336899,0.0143971536308527,0.8101048469543457,-0.07926031202077866,0.02296455018222332
103.79223451538928,-0.0813821,0.0,0,0.12939989566802979,0.12189488112926483,-2.5991363525390625,-0.4085504710674286,0.002224703086540103,0.014582407660782337,0.8055316805839539,-0.08114462345838547,0.03204401209950447
103.79223451538928,-0.0813821,0.0,0,0.1253548115491867,0.12196250259876251,-2.5991363525390625,-0.4027654826641083,0.0015668859705328941,0.014748816378414631,0.7975749373435974,-0.0782519280910492,0.02981722168624401
103.79223451538928,-0.0813821,0.0,0,0.1213730201125145,0.12202347069978714,-2.5991363525390625,-0.3970092535018921,0.0009448513155803084,0.01487602386623621,0.7919287085533142,-0.07385704666376114,0.024664679542183876
103.79223451538928,-0.0813821,0.0,0,0.1135975643992424,0.12212475389242172,-2.599151611328125,-0.38553524017333984,-0.0003745076828636229,0.0151898805052042,0.7850326299667358,-0.07565701752901077,0.023236030712723732
103.79223451538928,-0.0813821,0.0,0,0.10971688479185104,0.12216263264417648,-2.599151611328125,-0.379947304725647,-0.001045889570377767,0.015219621360301971,0.7749397158622742,-0.07944897562265396,0.011890660040080547
103.79223451538928,-0.0813821,0.0,0,0.10589846968650818,0.12219392508268356,-2.5991363525390625,-0.37437713146209717,-0.0016655281651765108,0.015304590575397015,0.7706174850463867,-0.07307355850934982,0.018566379323601723
103.89223451538899,-0.02471691,0.0,0,0.0984458327293396,0.12223735451698303,-2.5991058349609375,-0.36341556906700134,-0.002906158799305558,0.015463844873011112,0.7514394521713257,-0.07194752246141434,0.01662643440067768
103.89223451538899,-0.02471691,0.0,0,0.09472984820604324,0.12225942313671112,-2.599090576171875,-0.3579603433609009,-0.0035287297796458006,0.015584109351038933,0.7592819929122925,-0.07409841567277908,0.022224148735404015
103.89223451538899,-0.02471691,0.0,0,0.09107529371976852,0.12227503210306168,-2.59906005859375,-0.3525742292404175,-0.004120775032788515,0.01567721739411354,0.7485252022743225,-0.07035680115222931,0.018630174919962883
103.89223451538899,-0.02471691,0.0,0,0.08748151361942291,0.12228449434041977,-2.5989990234375,-0.3471836447715759,-0.004705972969532013,0.015758056193590164,0.7470043897628784,-0.06957392394542694,0.016516538336873055
103.89223451538899,-0.02471691,0.0,0,0.08394812792539597,0.12228770554065704,-2.5989532470703125,-0.3418010473251343,-0.005328156985342503,0.015797102823853493,0.744002640247345,-0.07426806539297104,0.011114868335425854
103.89223451538899,-0.02471691,0.0,0,0.07690270990133286,0.12228099256753922,-2.5988311767578125,-0.3312474489212036,-0.006472878623753786,0.015888655558228493,0.7341960072517395,-0.07226879149675369,0.00700168265029788
103.89223451538899,-0.02471691,0.0,0,0.07346998155117035,0.1222686842083931,-2.5987701416015625,-0.3260549008846283,-0.007003758568316698,0.01586492732167244,0.7227040529251099,-0.06305272877216339,0.002924352651461959
103.89223451538899,-0.02471691,0.0,0,0.07009639590978622,0.12225081026554108,-2.5987091064453125,-0.32084837555885315,-0.007549962494522333,0.015914704650640488,0.7224245667457581,-0.0650353729724884,0.011949333362281322
103.89223451538899,-0.02471691,0.0,0,0.06335723400115967,0.12216342985630035,-2.5985565185546875,-0.3106040060520172,-0.008622696623206139,0.015975546091794968,0.717662513256073,-0.06351007521152496,0.011630821041762829
103.89223451538899,-0.02471691,0.0,0,0.06007646396756172,0.12211191654205322,-2.5984954833984375,-0.3055315315723419,-0.009176835417747498,0.01605280674993992,0.708759605884552,-0.06411942839622498,0.015172640793025494
103.89223451538871,-0.027980708,0.0,0,0.056854262948036194,0.12205509096384048,-2.5984344482421875,-0.30042681097984314,-0.00974314846098423,0.016088373959064484,0.710732638835907,-0.06576114147901535,0.00980775710195303
103.89223451538871,-0.027980708,0.0,0,0.053599465638399124,0.12198247015476227,-2.598358154296875,-0.2955343425273895,-0.010266209952533245,0.016055375337600708,0.692269504070282,-0.05900692939758301,0.001580919953994453
103.89223451538871,-0.027980708,0.0,0,0.05040302500128746,0.12190521508455276,-2.598297119140625,-0.2906031310558319,-0.01076503749936819,0.016018399968743324,0.694893479347229,-0.056130778044462204,0.0009262002422474325
103.89223451538871,-0.027980708,0.0,0,0.04418389871716499,0.12173651903867722,-2.5981597900390625,-0.2807956039905548,-0.011840719729661942,0.015994414687156677,0.6841025948524475,-0.060265690088272095,0.007214489858597517
103.89223451538871,-0.027980708,0.0,0,0.04106714203953743,0.12163596600294113,-2.59808349609375,-0.2760174572467804,-0.012316261418163776,0.01597542315721512,0.6797471642494202,-0.05229392647743225,0.003134831553325057
103.89223451538871,-0.027980708,0.0,0,0.03800814226269722,0.12153131514787674,-2.5980072021484375,-0.2712608575820923,-0.012807304970920086,0.015953289344906807,0.6747875809669495,-0.05440788343548775,0.0024568287190049887
103.89223451538871,-0.027980708,0.0,0,0.03500602766871452,0.12142246961593628,-2.597930908203125,-0.26654723286628723,-0.01327359490096569,0.015967953950166702,0.6672154068946838,-0.051485639065504074,0.006912741344422102
103.89223451538871,-0.027980708,0.0,0,0.029082024469971657,0.12120434641838074,-2.5977630615234375,-0.2571800947189331,-0.01413796003907919,0.015935653820633888,0.6663674712181091,-0.05082939937710762,0.004129949491471052
103.89223451538871,-0.027980708,0.0,0,0.026161031797528267,0.12109469622373581,-2.5976715087890625,-0.2524997591972351,-0.01457307580858469,0.01599046215415001,0.6662717461585999,-0.04883309826254845,0.011588445864617825
103.89223451538871,-0.027980708,0.0,0,0.023296652361750603,0.12098083645105362,-2.5975799560546875,-0.24789993464946747,-0.015071026980876923,0.01596914976835251,0.6539884805679321,-0.05682433024048805,0.0019441357580944896
103.89223451538842,-0.030703012,0.0,0,0.01773359440267086,0.12074024230241776,-2.5973968505859375,-0.23884020745754242,-0.01599930040538311,0.01585250534117222,0.6401292681694031,-0.0498233325779438,-0.001852400484494865
103.89223451538842,-0.030703012,0.0,0,0.014944024384021759,0.12062688916921616,-2.5972747802734375,-0.234406977891922,-0.01639447920024395,0.015872767195105553,0.6368021368980408,-0.04540800303220749,0.006228684913367033
103.89223451538842,-0.030703012,0.0,0,0.012209750711917877,0.12050985544919968,-2.597137451171875,-0.22995732724666595,-0.016762053593993187,0.015843631699681282,0.6365901231765747,-0.04205465316772461,-4.563480251817964e-05
103.89223451538842,-0.030703012,0.0,0,0.009530378505587578,0.12038920819759369,-2.597015380859375,-0.22550874948501587,-0.0171384084969759,0.015806159004569054,0.6342509984970093,-0.043248195201158524,-0.0011851078597828746
103.89223451538842,-0.030703012,0.0,0,0.006905663758516312,0.12026472389698029,-2.596893310546875,-0.2210448980331421,-0.017542146146297455,0.015820829197764397,0.6340097784996033,-0.0467650480568409,0.005237757693976164
103.89223451538842,-0.030703012,0.0,0,0.0016161957755684853,0.1200186237692833,-2.596649169921875,-0.21248270571231842,-0.01827702671289444,0.015710078179836273,0.6190664768218994,-0.03804565966129303,-0.0006319023086689413
103.89223451538842,-0.030703012,0.0,0,-0.0009468163480050862,0.11989021301269531,-2.596527099609375,-0.20814248919487,-0.01863250322639942,0.015650900080800056,0.6231344938278198,-0.04107404500246048,-0.0037970019038766623
103.89223451538842,-0.030703012,0.0,0,-0.0034555683378130198,0.11975817382335663,-2.5963897705078125,-0.20381443202495575,-0.01899849809706211,0.015694625675678253,0.6193867921829224,-0.04247378930449486,0.008780973963439465
103.89223451538842,-0.030703012,0.0,0,-0.006021380424499512,0.11963140964508057,-2.5962677001953125,-0.1996496617794037,-0.019301027059555054,0.01573701575398445,0.6088747978210449,-0.0349549762904644,0.008947215043008327
103.89223451538842,-0.030703012,0.0,0,-0.010989376343786716,0.11936689168214798,-2.59600830078125,-0.19119730591773987,-0.019982721656560898,0.015660561621189117,0.6143200993537903,-0.03373948857188225,-0.005153473000973463
103.99223451538813,0.026631339,0.0,0,-0.013392206281423569,0.11922959983348846,-2.59588623046875,-0.18701480329036713,-0.020316191017627716,0.015649156644940376,0.6040109395980835,-0.03903381526470184,0.0019348225323483348
103.99223451538813,0.026631339,0.0,0,-0.015848886221647263,0.11909345537424088,-2.59576416015625,-0.18292412161827087,-0.020668206736445427,0.015600265935063362,0.602199912071228,-0.04156741872429848,-0.002393498783931136
103.99223451538813,0.026631339,0.0,0,-0.020599668845534325,0.11881069839000702,-2.59552001953125,-0.17474068701267242,-0.0213029645383358,0.015348450280725956,0.5986312031745911,-0.03743403032422066,-0.011765397153794765
103.99223451538813,0.026631339,0.0,0,-0.022894330322742462,0.11866445094347,-2.5953826904296875,-0.170591339468956,-0.021588312461972237,0.015235967934131622,0.6022642850875854,-0.03342225402593613,-0.01066876482218504
103.99223451538813,0.026631339,0.0,0,-0.02524048276245594,0.1185164824128151,-2.59527587890625,-0.1665806919336319,-0.021896572783589363,0.015087722800672054,0.594120442867279,-0.036279838532209396,-0.014669726602733135
103.99223451538813,0.026631339,0.0,0,-0.027532503008842468,0.11836545914411545,-2.59515380859375,-0.16259077191352844,-0.022191807627677917,0.014965865761041641,0.5889930129051208,-0.034712791442871094,-0.011475290171802044
103.99223451538813,0.026631339,0.0,0,-0.029770463705062866,0.11821135878562927,-2.59503173828125,-0.15849287807941437,-0.02244866080582142,0.014434624463319778,0.6000221371650696,-0.029974661767482758,-0.0627497136592865
103.99223451538813,0.026631339,0.0,0,-0.03419993072748184,0.11788972467184067,-2.5948486328125,-0.15033408999443054,-0.02298836037516594,0.009326537139713764,0.6037160754203796,-0.031176269054412842,-0.411264568567276
103.99223451538813,0.026631339,0.0,0,-0.03638972342014313,0.11772231757640839,-2.594818115234375,-0.1461872011423111,-0.023229524493217468,0.0042915623635053635,0.6118316054344177,-0.02752726338803768,-0.6248400807380676
103.99223451538813,0.026631339,0.0,0,-0.038523733615875244,0.11755254119634628,-2.594818115234375,-0.14192737638950348,-0.023467708379030228,-0.0024165583308786154,0.6234081983566284,-0.02722587063908577,-0.8338665962219238
